####
#
# OBJ File Generated by Meshlab
#
####
# Object dino2.obj
#
# Vertices: 5002
# Faces: 10000
#
####
vn -0.038121 -0.999072 0.020054
v -0.102994 -0.379478 -0.081456 0.584314 0.584314 0.584314
vn -0.472062 -0.874116 -0.114360
v -0.111351 -0.378119 -0.069479 0.584314 0.584314 0.584314
vn 0.009370 -0.999799 0.017741
v -0.096453 -0.379783 -0.061897 0.584314 0.584314 0.584314
vn -0.190306 -0.978251 0.082512
v -0.118069 -0.378543 -0.050496 0.584314 0.584314 0.584314
vn -0.013310 -0.521728 0.853008
v -0.111330 -0.376402 -0.042378 0.584314 0.584314 0.584314
vn -0.051666 -0.997639 0.045240
v -0.116024 -0.379047 -0.087410 0.584314 0.584314 0.584314
vn -0.067740 -0.963814 -0.257824
v -0.104870 -0.378485 -0.097718 0.584314 0.584314 0.584314
vn -0.231736 -0.960928 0.151383
v 0.002001 -0.379081 0.147384 0.584314 0.584314 0.584314
vn -0.288838 -0.891401 0.349252
v -0.115339 -0.377831 -0.082374 0.584314 0.584314 0.584314
vn 0.204206 -0.961749 0.182591
v 0.025058 -0.376889 0.134697 0.584314 0.584314 0.584314
vn -0.268121 -0.905230 -0.329651
v -0.125885 -0.378958 -0.094497 0.584314 0.584314 0.584314
vn -0.083804 -0.680161 -0.728256
v -0.118447 -0.377013 -0.101147 0.584314 0.584314 0.584314
vn 0.334598 -0.637835 0.693693
v 0.014422 -0.376501 0.151842 0.584314 0.584314 0.584314
vn -0.006106 -0.998341 -0.057258
v -0.086823 -0.377837 -0.103901 0.584314 0.584314 0.584314
vn -0.651994 -0.705524 -0.277741
v -0.098507 -0.375423 -0.108205 0.584314 0.584314 0.584314
vn -0.381851 -0.904736 -0.188792
v 0.003207 -0.377283 0.125532 0.584314 0.584314 0.584314
vn -0.891402 -0.453208 0.002001
v -0.004129 -0.374597 0.140520 0.584314 0.584314 0.584314
vn -0.903686 -0.204514 -0.376199
v -0.003254 -0.371793 0.125769 0.584314 0.584314 0.584314
vn 0.118567 -0.988461 0.094275
v -0.070912 -0.377582 -0.060400 0.584314 0.584314 0.584314
vn 0.125434 -0.990980 -0.047171
v -0.060540 -0.374732 -0.105185 0.584314 0.584314 0.584314
vn 0.155606 -0.987682 -0.016465
v -0.042333 -0.372661 -0.084821 0.584314 0.584314 0.584314
vn -0.669090 -0.584695 -0.458749
v -0.137336 -0.375213 -0.091074 0.584314 0.584314 0.584314
vn -0.084304 -0.996391 -0.009915
v 0.047315 -0.378262 0.154206 0.584314 0.584314 0.584314
vn -0.258204 -0.941340 0.217280
v 0.045318 -0.377874 0.160243 0.584314 0.584314 0.584314
vn -0.733406 -0.507606 -0.452163
v -0.123904 -0.374937 -0.058800 0.584314 0.584314 0.584314
vn 0.139879 -0.986794 0.081675
v 0.065010 -0.374301 0.146864 0.584314 0.584314 0.584314
vn -0.535345 -0.820578 0.200145
v 0.036650 -0.374952 0.146549 0.584314 0.584314 0.584314
vn 0.244113 -0.955918 0.163185
v 0.016844 -0.378780 0.144315 0.584314 0.584314 0.584314
vn -0.269467 -0.900256 0.341945
v -0.130958 -0.377315 -0.085895 0.584314 0.584314 0.584314
vn -0.160463 -0.986988 -0.010265
v 0.045735 -0.377146 0.135641 0.584314 0.584314 0.584314
vn -0.314036 -0.904706 -0.287903
v 0.011328 -0.377570 0.116532 0.584314 0.584314 0.584314
vn -0.067521 -0.993797 -0.088369
v 0.017469 -0.377096 0.110386 0.584314 0.584314 0.584314
vn -0.216228 -0.909194 0.355825
v -0.064682 -0.374128 -0.048235 0.584314 0.584314 0.584314
vn -0.962932 0.029120 0.268167
v -0.101782 -0.369821 -0.111607 0.584314 0.584314 0.584314
vn -0.422599 -0.888303 0.179800
v -0.096999 -0.377132 -0.116251 0.584314 0.584314 0.584314
vn 0.113558 -0.993528 0.002608
v 0.057515 -0.377062 0.130745 0.584314 0.584314 0.584314
vn 0.037406 -0.837774 0.544734
v -0.074556 -0.376817 -0.055396 0.584314 0.584314 0.584314
vn -0.275811 -0.508270 0.815837
v -0.072448 -0.369986 -0.049788 0.584314 0.584314 0.584314
vn 0.200055 -0.787875 0.582435
v -0.098431 -0.378529 -0.048606 0.584314 0.584314 0.584314
vn 0.155643 -0.878180 0.452300
v -0.083317 -0.378219 -0.053683 0.584314 0.584314 0.584314
vn -0.302471 -0.945943 0.117057
v -0.107656 -0.377393 -0.128976 0.584314 0.584314 0.584314
vn 0.003672 -0.999424 0.033751
v 0.066854 -0.374954 0.135903 0.584314 0.584314 0.584314
vn -0.317810 -0.375802 -0.870499
v -0.105216 -0.375414 -0.101683 0.584314 0.584314 0.584314
vn 0.325251 -0.886507 0.329115
v 0.055760 -0.377427 0.159313 0.584314 0.584314 0.584314
vn 0.057460 -0.995350 0.077304
v 0.032824 -0.374905 0.131073 0.584314 0.584314 0.584314
vn -0.809919 -0.152380 0.566403
v -0.109867 -0.370036 -0.123522 0.584314 0.584314 0.584314
vn 0.079269 -0.994056 -0.074622
v 0.078816 -0.374991 0.117440 0.584314 0.584314 0.584314
vn 0.018706 -0.998650 -0.048454
v 0.038606 -0.375768 0.103288 0.584314 0.584314 0.584314
vn 0.110832 -0.488916 0.865262
v 0.047744 -0.375147 0.167671 0.584314 0.584314 0.584314
vn 0.256278 -0.809575 -0.528119
v -0.090582 -0.374214 -0.142416 0.584314 0.584314 0.584314
vn 0.096144 -0.990652 -0.096771
v -0.082708 -0.376220 -0.121796 0.584314 0.584314 0.584314
vn -0.065479 -0.997712 0.016831
v 0.076880 -0.376682 0.138891 0.584314 0.584314 0.584314
vn -0.537719 -0.691768 0.481991
v -0.128516 -0.374014 -0.045335 0.584314 0.584314 0.584314
vn -0.835771 -0.290877 0.465701
v -0.115920 -0.372966 -0.075078 0.584314 0.584314 0.584314
vn 0.542051 -0.828646 -0.139736
v 0.093420 -0.374179 0.124329 0.584314 0.584314 0.584314
vn 0.352499 -0.922584 0.156792
v 0.093463 -0.376118 0.153147 0.584314 0.584314 0.584314
vn 0.357791 -0.928715 -0.097337
v 0.091664 -0.375695 0.135353 0.584314 0.584314 0.584314
vn 0.037593 -0.992138 -0.119365
v 0.036362 -0.373179 0.070153 0.584314 0.584314 0.584314
vn -0.076959 -0.985973 -0.148102
v 0.027819 -0.375164 0.087238 0.584314 0.584314 0.584314
vn 0.320973 -0.704565 -0.632902
v -0.083111 -0.373783 -0.137661 0.584314 0.584314 0.584314
vn -0.436619 -0.862942 -0.254352
v 0.015207 -0.375580 0.098712 0.584314 0.584314 0.584314
vn -0.699247 -0.681336 -0.216413
v 0.010389 -0.373093 0.106740 0.584314 0.584314 0.584314
vn -0.737787 -0.205732 0.642919
v 0.039485 -0.372192 0.164206 0.584314 0.584314 0.584314
vn -0.968710 -0.241579 0.056920
v -0.115001 -0.372517 -0.132607 0.584314 0.584314 0.584314
vn 0.033741 -0.592733 0.804692
v 0.084205 -0.374185 0.168391 0.584314 0.584314 0.584314
vn -0.008840 -0.770033 0.637943
v 0.066211 -0.372709 0.156307 0.584314 0.584314 0.584314
vn 0.513490 -0.028098 0.857636
v 0.057588 -0.367511 0.162703 0.584314 0.584314 0.584314
vn 0.145953 -0.845247 -0.514058
v 0.466934 -0.371953 0.008739 0.584314 0.584314 0.584314
vn -0.210774 -0.738649 0.640291
v 0.459630 -0.375989 0.013807 0.584314 0.584314 0.584314
vn -0.036079 -0.993062 -0.111916
v 0.451681 -0.373289 0.009542 0.584314 0.584314 0.584314
vn -0.435893 -0.648040 0.624533
v 0.028901 -0.372604 0.143493 0.584314 0.584314 0.584314
vn -0.425406 -0.115689 -0.897577
v -0.125264 -0.370402 -0.101448 0.584314 0.584314 0.584314
vn 0.286825 -0.200222 0.936826
v -0.101958 -0.374625 -0.043181 0.584314 0.584314 0.584314
vn 0.183430 -0.937184 -0.296715
v -0.067355 -0.373988 -0.126268 0.584314 0.584314 0.584314
vn -0.038099 -0.989742 0.137691
v 0.085842 -0.376338 0.158861 0.584314 0.584314 0.584314
vn 0.390542 -0.906684 -0.159377
v 0.090585 -0.372615 0.113160 0.584314 0.584314 0.584314
vn 0.374375 -0.922181 -0.097084
v 0.088739 -0.372316 0.102684 0.584314 0.584314 0.584314
vn 0.401511 -0.530030 -0.746898
v -0.064708 -0.370669 -0.132157 0.584314 0.584314 0.584314
vn -0.102971 0.162858 -0.981262
v -0.114816 -0.364550 -0.101734 0.584314 0.584314 0.584314
vn -0.763782 -0.527015 -0.372683
v 0.010266 -0.372002 0.098183 0.584314 0.584314 0.584314
vn -0.035313 0.216794 0.975578
v -0.087807 -0.354282 -0.048494 0.584314 0.584314 0.584314
vn 0.246819 -0.066102 0.966805
v -0.092726 -0.368347 -0.046682 0.584314 0.584314 0.584314
vn -0.440910 -0.858380 -0.262264
v 0.022905 -0.373202 0.083680 0.584314 0.584314 0.584314
vn -0.851756 -0.010703 -0.523830
v -0.119287 -0.371168 -0.064637 0.584314 0.584314 0.584314
vn 0.209989 -0.644685 -0.735042
v 0.458745 -0.362134 0.001468 0.584314 0.584314 0.584314
vn 0.129910 -0.987345 -0.090962
v 0.080369 -0.372834 0.094918 0.584314 0.584314 0.584314
vn 0.216338 -0.921848 -0.321550
v -0.047203 -0.371882 -0.120049 0.584314 0.584314 0.584314
vn -0.413221 -0.420913 0.807515
v 0.475916 -0.371356 0.019464 0.584314 0.584314 0.584314
vn 0.050074 -0.995141 -0.084775
v 0.058452 -0.373524 0.087325 0.584314 0.584314 0.584314
vn -0.807725 0.516294 0.284641
v -0.098489 -0.355712 -0.117177 0.584314 0.584314 0.584314
vn -0.715002 0.529784 -0.456181
v -0.098653 -0.365853 -0.101680 0.584314 0.584314 0.584314
vn -0.462157 -0.715330 -0.524132
v -0.108909 -0.375129 -0.141770 0.584314 0.584314 0.584314
vn -0.763361 0.357926 -0.537744
v -0.118133 -0.365746 -0.064501 0.584314 0.584314 0.584314
vn 0.119819 -0.205180 0.971362
v -0.080559 -0.367053 -0.048407 0.584314 0.584314 0.584314
vn 0.246145 -0.920767 -0.302655
v 0.485913 -0.374042 0.018003 0.584314 0.584314 0.584314
vn -0.531889 0.266719 -0.803713
v -0.101899 -0.368769 -0.103932 0.584314 0.584314 0.584314
vn -0.923019 -0.214450 0.319449
v -0.141086 -0.371065 -0.085351 0.584314 0.584314 0.584314
vn 0.208639 -0.970818 -0.118243
v -0.030488 -0.369918 -0.112522 0.584314 0.584314 0.584314
vn -0.197182 -0.980049 -0.024958
v 0.029373 -0.373783 0.068428 0.584314 0.584314 0.584314
vn 0.314992 0.313173 0.895937
v 0.013266 -0.368608 0.153247 0.584314 0.584314 0.584314
vn 0.200588 -0.970690 0.132382
v -0.048511 -0.374102 -0.053516 0.584314 0.584314 0.584314
vn 0.022421 -0.990184 -0.137962
v 0.055518 -0.369641 0.051601 0.584314 0.584314 0.584314
vn 0.029276 -0.994883 -0.096699
v 0.068375 -0.371367 0.069032 0.584314 0.584314 0.584314
vn -0.326597 -0.343078 0.880699
v -0.128602 -0.372509 -0.079746 0.584314 0.584314 0.584314
vn 0.165522 -0.960914 -0.221916
v -0.058901 -0.373265 -0.123651 0.584314 0.584314 0.584314
vn 0.493463 -0.862876 -0.109265
v 0.090724 -0.371022 0.098801 0.584314 0.584314 0.584314
vn -0.749053 0.327163 -0.576093
v -0.111454 -0.367083 -0.140755 0.584314 0.584314 0.584314
vn 0.835909 -0.541137 -0.091797
v 0.093744 -0.369210 0.102943 0.584314 0.584314 0.584314
vn -0.536161 -0.149302 0.830807
v -0.001293 -0.375024 0.155369 0.584314 0.584314 0.584314
vn 0.341819 -0.656543 -0.672393
v -0.058980 -0.370806 -0.128719 0.584314 0.584314 0.584314
vn -0.800760 -0.598407 0.026321
v 0.022297 -0.368347 0.074727 0.584314 0.584314 0.584314
vn 0.273159 -0.890127 0.364771
v -0.029109 -0.370771 -0.062631 0.584314 0.584314 0.584314
vn 0.216121 -0.975720 0.035515
v -0.022832 -0.369900 -0.072482 0.584314 0.584314 0.584314
vn -0.232507 0.219205 0.947570
v -0.121692 -0.370243 -0.042125 0.584314 0.584314 0.584314
vn -0.159542 -0.889511 -0.428154
v 0.029289 -0.371530 0.052649 0.584314 0.584314 0.584314
vn -0.348806 -0.202714 0.915009
v 0.451464 -0.357345 0.014041 0.584314 0.584314 0.584314
vn 0.380766 0.059114 -0.922780
v -0.084105 -0.366762 -0.140275 0.584314 0.584314 0.584314
vn 0.269407 -0.846249 -0.459656
v 0.498638 -0.370642 0.025077 0.584314 0.584314 0.584314
vn 0.201635 -0.978673 -0.039267
v -0.023091 -0.369296 -0.083095 0.584314 0.584314 0.584314
vn 0.765882 -0.622991 -0.159083
v 0.094363 -0.370129 0.114925 0.584314 0.584314 0.584314
vn 0.057299 -0.995446 -0.076185
v 0.074243 -0.371885 0.076280 0.584314 0.584314 0.584314
vn -0.187357 -0.640392 0.744846
v 0.492051 -0.369796 0.027065 0.584314 0.584314 0.584314
vn 0.021006 -0.802199 0.596688
v -0.058798 -0.373339 -0.038094 0.584314 0.584314 0.584314
vn -0.070293 -0.048506 -0.996346
v -0.100413 -0.369788 -0.148900 0.584314 0.584314 0.584314
vn 0.370506 -0.849269 -0.376122
v 0.077858 -0.369959 0.053393 0.584314 0.584314 0.584314
vn 0.348280 -0.890748 0.292008
v -0.036552 -0.370936 -0.059021 0.584314 0.584314 0.584314
vn 0.506619 -0.740378 0.441789
v -0.041942 -0.369964 -0.047123 0.584314 0.584314 0.584314
vn -0.764786 0.300414 -0.569959
v -0.134830 -0.369462 -0.093621 0.584314 0.584314 0.584314
vn -0.961828 -0.090043 -0.258417
v 0.018673 -0.356698 0.078696 0.584314 0.584314 0.584314
vn -0.752321 -0.448539 -0.482521
v 0.016119 -0.368628 0.088378 0.584314 0.584314 0.584314
vn 0.160134 -0.920489 0.356449
v 0.506859 -0.372330 0.033008 0.584314 0.584314 0.584314
vn -0.682071 -0.208671 0.700882
v -0.068803 -0.369339 -0.042967 0.584314 0.584314 0.584314
vn 0.490471 -0.863811 -0.115187
v 0.088474 -0.371112 0.084059 0.584314 0.584314 0.584314
vn -0.942359 -0.228735 -0.244213
v 0.006602 -0.365535 0.101438 0.584314 0.584314 0.584314
vn -0.176147 -0.613278 0.769975
v 0.469112 -0.370218 0.017881 0.584314 0.584314 0.584314
vn 0.175156 0.185701 0.966869
v 0.065269 -0.367225 0.158082 0.584314 0.584314 0.584314
vn -0.335521 -0.284105 0.898170
v 0.504089 -0.361166 0.034564 0.584314 0.584314 0.584314
vn -0.176792 -0.898491 -0.401819
v 0.432946 -0.371530 -0.001132 0.584314 0.584314 0.584314
vn 0.001759 -0.986867 -0.161523
v 0.443055 -0.372992 0.003132 0.584314 0.584314 0.584314
vn 0.031665 0.302579 0.952598
v 0.050709 -0.367513 0.166385 0.584314 0.584314 0.584314
vn 0.562243 -0.729583 0.389348
v 0.511267 -0.367359 0.034004 0.584314 0.584314 0.584314
vn -0.489903 0.192373 0.850287
v 0.073503 -0.367573 0.161469 0.584314 0.584314 0.584314
vn -0.653358 -0.756502 -0.028790
v 0.019455 -0.372635 0.062823 0.584314 0.584314 0.584314
vn -0.855281 0.472163 0.213441
v -0.001596 -0.365108 0.144591 0.584314 0.584314 0.584314
vn 0.284744 -0.706753 -0.647627
v -0.033473 -0.369006 -0.119895 0.584314 0.584314 0.584314
vn 0.067722 0.304289 0.950170
v -0.101184 -0.362399 -0.046350 0.584314 0.584314 0.584314
vn -0.313034 -0.619836 0.719592
v 0.483941 -0.372819 0.024592 0.584314 0.584314 0.584314
vn -0.366160 -0.199884 0.908831
v 0.483459 -0.351435 0.029616 0.584314 0.584314 0.584314
vn -0.922189 0.372962 0.102309
v -0.131667 -0.370378 -0.048984 0.584314 0.584314 0.584314
vn -0.147800 -0.026980 0.988649
v -0.060032 -0.366232 -0.035317 0.584314 0.584314 0.584314
vn 0.018343 -0.845477 -0.533697
v 0.051577 -0.368236 0.041260 0.584314 0.584314 0.584314
vn 0.277309 -0.949653 -0.145803
v 0.082696 -0.370781 0.065709 0.584314 0.584314 0.584314
vn 0.887681 -0.448702 -0.103385
v 0.094838 -0.365133 0.091443 0.584314 0.584314 0.584314
vn 0.553042 -0.035983 0.832376
v 0.025799 -0.370698 0.145063 0.584314 0.584314 0.584314
vn 0.265068 -0.622008 -0.736780
v 0.444913 -0.366351 -0.001842 0.584314 0.584314 0.584314
vn -0.887059 -0.053547 -0.458541
v 0.010067 -0.359365 0.093179 0.584314 0.584314 0.584314
vn 0.984107 -0.169452 -0.053105
v 0.097353 -0.362249 0.115759 0.584314 0.584314 0.584314
vn -0.909906 0.414038 -0.025377
v -0.112670 -0.366778 -0.071781 0.584314 0.584314 0.584314
vn -0.838689 -0.243492 -0.487147
v 0.002321 -0.369555 0.118173 0.584314 0.584314 0.584314
vn -0.954476 -0.212709 0.209120
v 0.018155 -0.366794 0.067737 0.584314 0.584314 0.584314
vn 0.299030 -0.388605 -0.871532
v -0.046602 -0.365812 -0.125737 0.584314 0.584314 0.584314
vn -0.384538 0.559709 -0.734068
v -0.124939 -0.361173 -0.098477 0.584314 0.584314 0.584314
vn 0.411400 -0.262984 0.872691
v -0.043016 -0.363356 -0.040147 0.584314 0.584314 0.584314
vn -0.545864 -0.395387 -0.738717
v 0.018519 -0.364755 0.052524 0.584314 0.584314 0.584314
vn -0.972067 0.016846 -0.234097
v 0.005103 -0.365459 0.111855 0.584314 0.584314 0.584314
vn -0.356612 0.440964 0.823638
v -0.120952 -0.360484 -0.079876 0.584314 0.584314 0.584314
vn -0.902255 0.100496 0.419329
v 0.035635 -0.365462 0.151980 0.584314 0.584314 0.584314
vn -0.352210 -0.375365 -0.857350
v 0.028680 -0.365890 0.047946 0.584314 0.584314 0.584314
vn -0.377535 -0.186435 0.907033
v 0.474986 -0.357831 0.022319 0.584314 0.584314 0.584314
vn 0.800630 -0.515310 -0.305693
v 0.089668 -0.365221 0.065442 0.584314 0.584314 0.584314
vn -0.009553 0.360420 0.932741
v 0.083882 -0.364833 0.167534 0.584314 0.584314 0.584314
vn 0.967041 -0.185717 -0.174188
v 0.093501 -0.363886 0.078635 0.584314 0.584314 0.584314
vn 0.351957 -0.008462 -0.935978
v -0.058556 -0.353246 -0.131676 0.584314 0.584314 0.584314
vn -0.180167 -0.972395 0.148281
v 0.426938 -0.368113 -0.001190 0.584314 0.584314 0.584314
vn 0.962039 -0.272120 -0.020776
v 0.101362 -0.371914 0.144139 0.584314 0.584314 0.584314
vn 0.350123 -0.925824 -0.142355
v -0.011274 -0.366754 -0.099746 0.584314 0.584314 0.584314
vn -0.992442 0.110141 0.054104
v 0.019361 -0.355358 0.072273 0.584314 0.584314 0.584314
vn -0.368790 0.730510 0.574759
v 0.079044 -0.354271 0.157934 0.584314 0.584314 0.584314
vn 0.823135 -0.027568 0.567177
v 0.099252 -0.369104 0.156088 0.584314 0.584314 0.584314
vn -0.836236 0.507715 -0.207208
v 0.001335 -0.362191 0.123213 0.584314 0.584314 0.584314
vn 0.971329 -0.220173 -0.089683
v 0.098306 -0.367218 0.127085 0.584314 0.584314 0.584314
vn 0.404894 0.780166 0.476866
v 0.023246 -0.360322 0.134352 0.584314 0.584314 0.584314
vn 0.484547 -0.639508 0.596862
v -0.017337 -0.367113 -0.065592 0.584314 0.584314 0.584314
vn 0.571137 -0.636729 -0.518053
v 0.509164 -0.366789 0.025797 0.584314 0.584314 0.584314
vn -0.069396 -0.994582 -0.077399
v 0.476219 -0.373809 0.017488 0.584314 0.584314 0.584314
vn 0.490097 -0.376506 -0.786161
v 0.509873 -0.355609 0.019290 0.584314 0.584314 0.584314
vn 0.455915 -0.886388 0.080362
v -0.006916 -0.366734 -0.079455 0.584314 0.584314 0.584314
vn -0.626295 0.593597 0.505368
v -0.133023 -0.362804 -0.082230 0.584314 0.584314 0.584314
vn 0.286407 0.145792 -0.946951
v -0.046839 -0.330836 -0.126332 0.584314 0.584314 0.584314
vn 0.183437 -0.741959 -0.644862
v 0.062273 -0.367930 0.041374 0.584314 0.584314 0.584314
vn -0.389877 -0.528290 0.754259
v 0.437135 -0.367097 0.009243 0.584314 0.584314 0.584314
vn -0.276249 -0.870124 0.408130
v 0.412150 -0.368097 -0.001257 0.584314 0.584314 0.584314
vn 0.269832 -0.758633 -0.593015
v 0.420261 -0.364205 -0.008887 0.584314 0.584314 0.584314
vn -0.262007 -0.870491 -0.416651
v 0.411220 -0.368087 -0.008202 0.584314 0.584314 0.584314
vn 0.788470 -0.590952 -0.170558
v -0.002136 -0.363312 -0.095667 0.584314 0.584314 0.584314
vn -0.424853 0.474672 0.770835
v -0.059684 -0.356493 -0.038371 0.584314 0.584314 0.584314
vn -0.281722 0.352530 0.892388
v -0.066875 -0.353889 -0.048032 0.584314 0.584314 0.584314
vn -0.187497 -0.415231 0.890184
v 0.416155 -0.364355 0.002792 0.584314 0.584314 0.584314
vn 0.480747 -0.620508 -0.619557
v -0.017608 -0.365525 -0.115129 0.584314 0.584314 0.584314
vn -0.051412 0.578480 -0.814075
v -0.101206 -0.365407 -0.146335 0.584314 0.584314 0.584314
vn 0.188623 -0.209789 -0.959380
v 0.056552 -0.359070 0.037235 0.584314 0.584314 0.584314
vn 0.198304 0.197392 -0.960058
v -0.069583 -0.352152 -0.135892 0.584314 0.584314 0.584314
vn 0.310527 -0.063686 -0.948429
v -0.070068 -0.362964 -0.136748 0.584314 0.584314 0.584314
vn 0.099162 0.334640 -0.937114
v -0.084270 -0.360754 -0.138665 0.584314 0.584314 0.584314
vn 0.473699 -0.413847 -0.777393
v 0.494383 -0.356957 0.010873 0.584314 0.584314 0.584314
vn -0.230864 0.701296 0.674452
v -0.116417 -0.359226 -0.046687 0.584314 0.584314 0.584314
vn -0.237210 -0.703932 -0.669486
v 0.038490 -0.368631 0.045960 0.584314 0.584314 0.584314
vn 0.369527 -0.132190 -0.919769
v -0.029304 -0.357906 -0.122184 0.584314 0.584314 0.584314
vn 0.745685 -0.330063 -0.578803
v 0.085991 -0.359842 0.053645 0.584314 0.584314 0.584314
vn 0.398736 0.715580 0.573545
v 0.016748 -0.361623 0.145203 0.584314 0.584314 0.584314
vn -0.361815 -0.251999 0.897545
v 0.493027 -0.356530 0.030408 0.584314 0.584314 0.584314
vn 0.633577 -0.376209 0.676053
v -0.032493 -0.358366 -0.045370 0.584314 0.584314 0.584314
vn -0.157507 -0.679681 -0.716398
v 0.412037 -0.358303 -0.015965 0.584314 0.584314 0.584314
vn 0.446192 -0.503863 -0.739618
v 0.471828 -0.358140 0.000440 0.584314 0.584314 0.584314
vn 0.383783 -0.389831 -0.837104
v 0.480749 -0.349622 0.002417 0.584314 0.584314 0.584314
vn 0.350690 0.691329 0.631728
v 0.086565 -0.355545 0.161063 0.584314 0.584314 0.584314
vn -0.099775 -0.719739 0.687038
v 0.515208 -0.361954 0.038563 0.584314 0.584314 0.584314
vn 0.638648 -0.599532 -0.482380
v 0.515178 -0.361358 0.028562 0.584314 0.584314 0.584314
vn 0.763203 -0.440626 0.472619
v -0.004802 -0.363398 -0.073567 0.584314 0.584314 0.584314
vn -0.316330 -0.149460 0.936802
v 0.462148 -0.353941 0.020677 0.584314 0.584314 0.584314
vn -0.153425 0.558772 -0.815006
v -0.111105 -0.355921 -0.097506 0.584314 0.584314 0.584314
vn -0.356621 -0.060578 -0.932283
v 0.033487 -0.350754 0.043310 0.584314 0.584314 0.584314
vn -0.304602 -0.056809 0.950784
v 0.421955 -0.344899 0.007300 0.584314 0.584314 0.584314
vn 0.167184 -0.615924 -0.769862
v 0.461161 -0.349708 -0.006298 0.584314 0.584314 0.584314
vn 0.577652 -0.529243 0.621466
v -0.027277 -0.362427 -0.057191 0.584314 0.584314 0.584314
vn 0.681035 -0.236770 0.692915
v -0.019563 -0.354248 -0.061532 0.584314 0.584314 0.584314
vn 0.712532 -0.116400 0.691917
v -0.028142 -0.350788 -0.046556 0.584314 0.584314 0.584314
vn -0.424219 0.813801 -0.397198
v -0.105264 -0.358471 -0.136848 0.584314 0.584314 0.584314
vn -0.763672 0.607267 0.219159
v -0.100775 -0.350114 -0.079474 0.584314 0.584314 0.584314
vn -0.705563 0.686473 -0.175888
v -0.103598 -0.354282 -0.070238 0.584314 0.584314 0.584314
vn -0.356883 -0.029444 -0.933685
v 0.042920 -0.352470 0.040297 0.584314 0.584314 0.584314
vn 0.625164 -0.095795 0.774592
v -0.010046 -0.360740 -0.068068 0.584314 0.584314 0.584314
vn 0.980242 0.097272 -0.172230
v 0.091846 -0.346947 0.072138 0.584314 0.584314 0.584314
vn 0.908728 0.196731 -0.368117
v 0.086952 -0.334563 0.056847 0.584314 0.584314 0.584314
vn -0.717324 0.550600 0.426950
v -0.104166 -0.361039 -0.121861 0.584314 0.584314 0.584314
vn -0.967977 0.145862 -0.204316
v 0.020053 -0.347292 0.075072 0.584314 0.584314 0.584314
vn 0.764366 -0.332929 -0.552181
v -0.006953 -0.361901 -0.106933 0.584314 0.584314 0.584314
vn 0.979364 0.033520 -0.199306
v 0.093830 -0.350399 0.086635 0.584314 0.584314 0.584314
vn -0.459170 -0.181674 0.869573
v 0.407880 -0.358023 0.000322 0.584314 0.584314 0.584314
vn -0.632812 -0.745110 0.210619
v 0.404388 -0.361589 -0.003348 0.584314 0.584314 0.584314
vn 0.579664 0.009903 -0.814795
v -0.012909 -0.351489 -0.113660 0.584314 0.584314 0.584314
vn -0.797021 0.603943 0.003200
v -0.092102 -0.353729 -0.107362 0.584314 0.584314 0.584314
vn -0.815478 0.546297 0.191196
v 0.036615 -0.359063 0.143692 0.584314 0.584314 0.584314
vn -0.593818 0.762686 0.256301
v 0.043549 -0.350029 0.141813 0.584314 0.584314 0.584314
vn -0.180447 0.673414 0.716905
v 0.005829 -0.362722 0.149859 0.584314 0.584314 0.584314
vn -0.196064 -0.283957 -0.938577
v 0.048900 -0.364037 0.037785 0.584314 0.584314 0.584314
vn -0.692559 0.664992 -0.279549
v -0.131739 -0.359443 -0.091338 0.584314 0.584314 0.584314
vn -0.346682 0.874835 0.338342
v 0.004815 -0.356869 0.142436 0.584314 0.584314 0.584314
vn 0.494183 -0.382356 -0.780761
v 0.504565 -0.346430 0.013893 0.584314 0.584314 0.584314
vn 0.945168 -0.302791 0.122371
v -0.001307 -0.360653 -0.083225 0.584314 0.584314 0.584314
vn -0.609785 0.507872 0.608463
v 0.040556 -0.361106 0.160862 0.584314 0.584314 0.584314
vn -0.763821 0.623073 0.168394
v -0.109945 -0.360909 -0.129555 0.584314 0.584314 0.584314
vn -0.979857 -0.082808 -0.181724
v 0.015235 -0.360994 0.054424 0.584314 0.584314 0.584314
vn -0.014832 0.710433 0.703609
v 0.067835 -0.360702 0.154100 0.584314 0.584314 0.584314
vn -0.177820 0.649325 0.739430
v -0.102149 -0.357117 -0.049383 0.584314 0.584314 0.584314
vn -0.235506 0.778613 0.581635
v 0.032826 -0.360974 0.127355 0.584314 0.584314 0.584314
vn -0.487143 0.758513 0.432839
v 0.033419 -0.363029 0.137609 0.584314 0.584314 0.584314
vn 0.264318 -0.530244 -0.805592
v 0.447624 -0.354706 -0.010915 0.584314 0.584314 0.584314
vn -0.966179 0.241723 -0.089822
v 0.006938 -0.353622 0.102794 0.584314 0.584314 0.584314
vn 0.305229 -0.021644 -0.952033
v 0.066132 -0.349795 0.039693 0.584314 0.584314 0.584314
vn -0.158918 -0.941000 -0.298770
v 0.400587 -0.359545 -0.009923 0.584314 0.584314 0.584314
vn 0.120992 -0.866759 0.483828
v 0.522642 -0.360885 0.042755 0.584314 0.584314 0.584314
vn 0.788857 0.574277 0.218884
v 0.094719 -0.355315 0.150331 0.584314 0.584314 0.584314
vn -0.349480 0.934664 0.065326
v 0.007782 -0.354546 0.127536 0.584314 0.584314 0.584314
vn 0.278746 -0.558184 -0.781493
v 0.469746 -0.357225 -0.002529 0.584314 0.584314 0.584314
vn -0.357146 -0.059427 0.932156
v 0.412468 -0.341530 0.001658 0.584314 0.584314 0.584314
vn 0.288105 -0.008171 -0.957564
v -0.041056 -0.358528 -0.125876 0.584314 0.584314 0.584314
vn 0.112565 0.765550 0.633452
v 0.020349 -0.353544 0.127276 0.584314 0.584314 0.584314
vn 0.252387 0.896971 0.362966
v 0.015951 -0.355420 0.135394 0.584314 0.584314 0.584314
vn -0.417797 -0.514814 0.748607
v 0.397992 -0.356218 -0.004225 0.584314 0.584314 0.584314
vn 0.436289 -0.865681 -0.245454
v 0.525299 -0.359610 0.037157 0.584314 0.584314 0.584314
vn -0.911475 0.342818 -0.227351
v 0.010734 -0.347379 0.095867 0.584314 0.584314 0.584314
vn -0.118227 0.749496 -0.651366
v -0.095245 -0.357020 -0.137553 0.584314 0.584314 0.584314
vn 0.868468 -0.021154 -0.495294
v 0.087363 -0.349765 0.053355 0.584314 0.584314 0.584314
vn 0.362806 -0.368269 -0.856008
v 0.487641 -0.354850 0.006143 0.584314 0.584314 0.584314
vn 0.918559 0.197434 0.342445
v 0.094779 -0.353074 0.127880 0.584314 0.584314 0.584314
vn -0.095954 -0.946810 0.307155
v 0.389801 -0.358596 -0.010699 0.584314 0.584314 0.584314
vn -0.134427 -0.988303 -0.072016
v 0.385603 -0.359883 -0.013238 0.584314 0.584314 0.584314
vn -0.618803 0.743907 0.252359
v -0.109693 -0.362072 -0.074452 0.584314 0.584314 0.584314
vn -0.379475 0.642230 -0.665987
v -0.091536 -0.351515 -0.133991 0.584314 0.584314 0.584314
vn -0.465283 0.800422 0.377937
v 0.044949 -0.352537 0.153458 0.584314 0.584314 0.584314
vn -0.899946 0.116337 -0.420195
v 0.012978 -0.349622 0.088447 0.584314 0.584314 0.584314
vn -0.762357 0.509144 0.399480
v 0.041022 -0.348846 0.133489 0.584314 0.584314 0.584314
vn -0.244293 0.836548 -0.490417
v -0.115466 -0.353110 -0.093527 0.584314 0.584314 0.584314
vn -0.315761 -0.393463 0.863413
v 0.392779 -0.353904 -0.005087 0.584314 0.584314 0.584314
vn -0.593959 0.737499 0.321416
v 0.012115 -0.352556 0.121064 0.584314 0.584314 0.584314
vn 0.499459 -0.248349 -0.829978
v 0.073760 -0.362799 0.044074 0.584314 0.584314 0.584314
vn 0.211703 -0.808196 -0.549546
v 0.396876 -0.355576 -0.016739 0.584314 0.584314 0.584314
vn -0.197637 0.063497 0.978217
v -0.073165 -0.357716 -0.048301 0.584314 0.584314 0.584314
vn 0.089508 0.262510 0.960769
v -0.047338 -0.353505 -0.039261 0.584314 0.584314 0.584314
vn 0.754142 0.106899 -0.647953
v -0.009463 -0.342093 -0.109236 0.584314 0.584314 0.584314
vn -0.342426 0.925189 0.163616
v -0.119706 -0.353080 -0.088335 0.584314 0.584314 0.584314
vn -0.172745 0.483084 -0.858364
v -0.082953 -0.348601 -0.135508 0.584314 0.584314 0.584314
vn -0.566203 0.819807 -0.085615
v -0.101096 -0.355835 -0.130986 0.584314 0.584314 0.584314
vn 0.531516 -0.512910 -0.674102
v 0.470992 -0.346746 -0.006117 0.584314 0.584314 0.584314
vn 0.371319 -0.436911 -0.819287
v 0.478555 -0.343836 -0.001891 0.584314 0.584314 0.584314
vn 0.613129 -0.749747 -0.248903
v 0.532608 -0.355662 0.041419 0.584314 0.584314 0.584314
vn -0.500407 0.796945 0.338337
v -0.103943 -0.352383 -0.055656 0.584314 0.584314 0.584314
vn -0.495277 0.868640 0.012862
v -0.115284 -0.355847 -0.056642 0.584314 0.584314 0.584314
vn 0.888421 0.031949 0.457917
v -0.002651 -0.351918 -0.075602 0.584314 0.584314 0.584314
vn -0.013904 -0.695831 -0.718071
v 0.388218 -0.353990 -0.020377 0.584314 0.584314 0.584314
vn 0.067417 -0.626823 -0.776239
v 0.405218 -0.346315 -0.022372 0.584314 0.584314 0.584314
vn -0.375412 -0.105258 0.920862
v 0.441380 -0.350197 0.013563 0.584314 0.584314 0.584314
vn -0.302765 -0.268127 0.914572
v 0.427385 -0.359404 0.005101 0.584314 0.584314 0.584314
vn -0.714722 0.696385 -0.064962
v -0.097516 -0.351420 -0.123951 0.584314 0.584314 0.584314
vn 0.188157 0.627552 0.755497
v 0.052057 -0.354994 0.159776 0.584314 0.584314 0.584314
vn 0.379056 -0.831684 -0.405732
v 0.538792 -0.353558 0.044270 0.584314 0.584314 0.584314
vn -0.546932 0.836277 -0.038808
v -0.105539 -0.349838 -0.089587 0.584314 0.584314 0.584314
vn 0.560470 -0.263356 -0.785186
v 0.510460 -0.352309 0.018306 0.584314 0.584314 0.584314
vn 0.028423 -0.720510 0.692861
v 0.530742 -0.355062 0.047135 0.584314 0.584314 0.584314
vn -0.226485 0.537966 0.811971
v -0.051858 -0.348886 -0.041865 0.584314 0.584314 0.584314
vn -0.031194 0.033306 -0.998958
v 0.053792 -0.346947 0.037277 0.584314 0.584314 0.584314
vn 0.835999 0.547138 0.041786
v 0.093788 -0.353671 0.137296 0.584314 0.584314 0.584314
vn -0.373876 -0.263946 0.889129
v 0.517680 -0.344963 0.047028 0.584314 0.584314 0.584314
vn -0.454738 -0.046844 0.889393
v 0.381948 -0.349622 -0.008628 0.584314 0.584314 0.584314
vn -0.290157 0.244940 -0.925102
v 0.043968 -0.328321 0.043170 0.584314 0.584314 0.584314
vn 0.137814 0.898264 0.417288
v 0.052874 -0.348443 0.146573 0.584314 0.584314 0.584314
vn -0.615441 -0.704642 0.353147
v 0.377468 -0.355687 -0.013345 0.584314 0.584314 0.584314
vn -0.403924 0.582125 0.705674
v -0.057827 -0.347023 -0.048101 0.584314 0.584314 0.584314
vn 0.490809 0.771114 0.405574
v 0.087272 -0.347379 0.134611 0.584314 0.584314 0.584314
vn -0.417115 0.532859 0.736258
v -0.093915 -0.349169 -0.051553 0.584314 0.584314 0.584314
vn -0.867929 0.480676 0.125102
v 0.008996 -0.354831 0.113724 0.584314 0.584314 0.584314
vn 0.155887 -0.551730 -0.819325
v 0.419204 -0.348492 -0.023006 0.584314 0.584314 0.584314
vn 0.168040 -0.681718 -0.712055
v 0.436914 -0.341597 -0.019673 0.584314 0.584314 0.584314
vn 0.163060 -0.573525 -0.802795
v 0.433066 -0.350798 -0.013795 0.584314 0.584314 0.584314
vn -0.206119 0.640748 0.739566
v 0.052467 -0.344659 0.138839 0.584314 0.584314 0.584314
vn -0.140402 0.932386 0.333082
v 0.078212 -0.346343 0.138839 0.584314 0.584314 0.584314
vn -0.128171 0.861574 0.491185
v 0.069201 -0.353602 0.141382 0.584314 0.584314 0.584314
vn 0.147034 -0.595687 -0.789645
v 0.396125 -0.340528 -0.031726 0.584314 0.584314 0.584314
vn 0.949619 0.194014 -0.246136
v 0.089084 -0.327532 0.077402 0.584314 0.584314 0.584314
vn -0.316634 -0.652071 -0.688873
v 0.378180 -0.352916 -0.019622 0.584314 0.584314 0.584314
vn -0.565883 0.226445 -0.792780
v 0.025302 -0.340818 0.045874 0.584314 0.584314 0.584314
vn 0.340124 0.909481 0.239081
v 0.087237 -0.348031 0.144404 0.584314 0.584314 0.584314
vn 0.674254 -0.410356 -0.613995
v 0.527919 -0.352912 0.031728 0.584314 0.584314 0.584314
vn 0.573857 -0.166792 -0.801791
v 0.543481 -0.342115 0.040815 0.584314 0.584314 0.584314
vn 0.340151 0.094756 -0.935585
v -0.039587 -0.342803 -0.122766 0.584314 0.584314 0.584314
vn -0.520511 0.337037 -0.784521
v -0.098135 -0.359251 -0.101177 0.584314 0.584314 0.584314
vn -0.487975 0.535337 -0.689416
v -0.100320 -0.349364 -0.097057 0.584314 0.584314 0.584314
vn -0.577925 0.745711 -0.331538
v -0.086080 -0.342491 -0.128234 0.584314 0.584314 0.584314
vn 0.331858 0.625943 0.705738
v 0.064120 -0.349196 0.136439 0.584314 0.584314 0.584314
vn 0.986562 -0.087673 -0.137872
v 0.095777 -0.352169 0.100834 0.584314 0.584314 0.584314
vn 0.317587 0.153164 0.935777
v -0.034859 -0.345801 -0.042739 0.584314 0.584314 0.584314
vn -0.319955 -0.167395 0.932528
v 0.373665 -0.335385 -0.013633 0.584314 0.584314 0.584314
vn 0.240013 -0.628633 -0.739740
v 0.448980 -0.343118 -0.015978 0.584314 0.584314 0.584314
vn 0.572046 0.071994 -0.817056
v 0.077071 -0.340771 0.044244 0.584314 0.584314 0.584314
vn 0.904459 0.059012 -0.422459
v -0.004280 -0.344445 -0.101993 0.584314 0.584314 0.584314
vn -0.511320 0.628869 -0.585726
v -0.088926 -0.335545 -0.095723 0.584314 0.584314 0.584314
vn 0.445054 -0.379970 -0.810894
v 0.494574 -0.346869 0.008585 0.584314 0.584314 0.584314
vn -0.301690 -0.650153 0.697340
v 0.537386 -0.351234 0.051421 0.584314 0.584314 0.584314
vn 0.558535 -0.808767 -0.184215
v 0.556509 -0.348488 0.054872 0.584314 0.584314 0.584314
vn 0.543137 -0.617872 -0.568539
v 0.546626 -0.350683 0.046753 0.584314 0.584314 0.584314
vn -0.686921 0.703427 0.182564
v -0.093990 -0.348359 -0.120522 0.584314 0.584314 0.584314
vn -0.146424 -0.652714 0.743320
v 0.553922 -0.343237 0.060662 0.584314 0.584314 0.584314
vn -0.812092 0.570408 0.123053
v 0.011958 -0.343472 0.105874 0.584314 0.584314 0.584314
vn 0.774205 0.072031 0.628824
v -0.011323 -0.335701 -0.068190 0.584314 0.584314 0.584314
vn 0.758297 -0.062289 0.648927
v -0.016762 -0.342762 -0.062447 0.584314 0.584314 0.584314
vn -0.020238 -0.870893 0.491055
v 0.543778 -0.352936 0.054128 0.584314 0.584314 0.584314
vn -0.514504 0.524097 0.678681
v 0.036891 -0.345475 0.121079 0.584314 0.584314 0.584314
vn 0.620510 0.384977 0.683198
v 0.095353 -0.338749 0.125890 0.584314 0.584314 0.584314
vn -0.076455 -0.766251 -0.637977
v 0.369173 -0.344191 -0.022391 0.584314 0.584314 0.584314
vn 0.985803 0.120816 -0.116606
v 0.098736 -0.332150 0.102695 0.584314 0.584314 0.584314
vn 0.144601 -0.672354 -0.725969
v 0.423805 -0.335812 -0.028659 0.584314 0.584314 0.584314
vn -0.697824 0.061730 -0.713604
v 0.019820 -0.348135 0.049749 0.584314 0.584314 0.584314
vn -0.043350 -0.989403 0.138572
v 0.365223 -0.346220 -0.019132 0.584314 0.584314 0.584314
vn -0.674476 0.730305 0.108334
v -0.095893 -0.342142 -0.063142 0.584314 0.584314 0.584314
vn -0.410290 -0.238514 0.880212
v 0.492225 -0.340044 0.034775 0.584314 0.584314 0.584314
vn -0.230632 -0.938853 -0.255662
v 0.351839 -0.347795 -0.024121 0.584314 0.584314 0.584314
vn -0.665085 0.594180 -0.452341
v -0.085490 -0.343860 -0.104064 0.584314 0.584314 0.584314
vn -0.756362 0.653896 0.018314
v -0.076174 -0.335754 -0.107127 0.584314 0.584314 0.584314
vn 0.589754 -0.276131 -0.758908
v 0.512928 -0.340947 0.018690 0.584314 0.584314 0.584314
vn 0.046140 -0.587385 -0.807992
v 0.413961 -0.334263 -0.029942 0.584314 0.584314 0.584314
vn 0.057272 0.500059 0.864096
v -0.036078 -0.334897 -0.046149 0.584314 0.584314 0.584314
vn 0.620952 -0.247508 -0.743746
v 0.525301 -0.348020 0.027867 0.584314 0.584314 0.584314
vn -0.106753 -0.395522 -0.912232
v 0.352870 -0.340165 -0.030770 0.584314 0.584314 0.584314
vn -0.403583 -0.295353 0.865960
v 0.502876 -0.348155 0.038983 0.584314 0.584314 0.584314
vn -0.838488 0.544542 0.020298
v 0.016367 -0.338182 0.095150 0.584314 0.584314 0.584314
vn -0.908688 0.309108 -0.280603
v 0.017353 -0.338691 0.085411 0.584314 0.584314 0.584314
vn 0.986145 -0.002545 0.165868
v 0.100499 -0.346654 0.118311 0.584314 0.584314 0.584314
vn -0.295613 -0.170138 0.940035
v 0.461310 -0.342185 0.020426 0.584314 0.584314 0.584314
vn 0.241120 0.109762 -0.964268
v 0.062119 -0.338058 0.038615 0.584314 0.584314 0.584314
vn 0.005588 0.403093 -0.915142
v -0.066190 -0.337860 -0.130466 0.584314 0.584314 0.584314
vn 0.287525 0.452859 0.843948
v 0.059185 -0.335021 0.135171 0.584314 0.584314 0.584314
vn -0.161013 0.361120 0.918514
v -0.077943 -0.342401 -0.050359 0.584314 0.584314 0.584314
vn 0.443076 0.270288 -0.854768
v 0.073648 -0.328066 0.044620 0.584314 0.584314 0.584314
vn 0.993314 0.100939 -0.056033
v -0.000901 -0.339478 -0.089090 0.584314 0.584314 0.584314
vn -0.373878 -0.135964 0.917458
v 0.434647 -0.338401 0.009579 0.584314 0.584314 0.584314
vn -0.355007 -0.124834 0.926491
v 0.443191 -0.334629 0.014896 0.584314 0.584314 0.584314
vn -0.119216 0.677726 0.725586
v 0.025555 -0.342583 0.121228 0.584314 0.584314 0.584314
vn 0.215413 -0.726824 -0.652169
v 0.361067 -0.344657 -0.026603 0.584314 0.584314 0.584314
vn 0.176773 -0.357580 -0.916999
v 0.437087 -0.335039 -0.027008 0.584314 0.584314 0.584314
vn -0.464333 0.073697 0.882589
v 0.516772 -0.329102 0.050906 0.584314 0.584314 0.584314
vn 0.103527 0.707570 0.699019
v 0.082302 -0.344627 0.132695 0.584314 0.584314 0.584314
vn 0.031151 0.655650 0.754422
v 0.071029 -0.346755 0.132742 0.584314 0.584314 0.584314
vn -0.325781 0.650521 0.686068
v 0.037005 -0.336408 0.111160 0.584314 0.584314 0.584314
vn 0.080115 0.285268 -0.955094
v -0.055946 -0.337544 -0.129936 0.584314 0.584314 0.584314
vn 0.679616 0.085840 -0.728528
v 0.545177 -0.329515 0.043843 0.584314 0.584314 0.584314
vn -0.719072 0.692468 0.058514
v -0.099633 -0.337856 -0.087280 0.584314 0.584314 0.584314
vn 0.529862 -0.131055 -0.837897
v 0.505746 -0.334943 0.003320 0.584314 0.584314 0.584314
vn -0.517971 -0.627681 -0.581139
v 0.341743 -0.336975 -0.028639 0.584314 0.584314 0.584314
vn -0.469011 -0.241370 0.849570
v 0.474101 -0.342779 0.025493 0.584314 0.584314 0.584314
vn -0.710926 0.621098 0.329883
v 0.014632 -0.341783 0.108922 0.584314 0.584314 0.584314
vn 0.915470 0.184828 0.357427
v -0.003288 -0.332324 -0.080690 0.584314 0.584314 0.584314
vn -0.255049 -0.222096 0.941076
v 0.370741 -0.341695 -0.015367 0.584314 0.584314 0.584314
vn -0.152518 -0.648822 0.745499
v 0.354591 -0.344868 -0.016290 0.584314 0.584314 0.584314
vn -0.316961 -0.219318 0.922732
v 0.503788 -0.333659 0.043404 0.584314 0.584314 0.584314
vn 0.924344 0.230147 -0.304336
v 0.095729 -0.328999 0.093796 0.584314 0.584314 0.584314
vn 0.389722 -0.759290 0.521148
v 0.562846 -0.344483 0.061857 0.584314 0.584314 0.584314
vn -0.130810 -0.612997 0.779181
v 0.557915 -0.338292 0.066872 0.584314 0.584314 0.584314
vn 0.338923 0.119660 -0.933173
v -0.026033 -0.341897 -0.119547 0.584314 0.584314 0.584314
vn -0.263099 -0.117470 0.957591
v 0.362016 -0.329172 -0.015014 0.584314 0.584314 0.584314
vn 0.053191 -0.444580 -0.894158
v 0.394805 -0.333486 -0.035378 0.584314 0.584314 0.584314
vn -0.516150 0.627624 0.582819
v -0.092350 -0.341647 -0.056032 0.584314 0.584314 0.584314
vn -0.017132 0.347826 0.937403
v -0.046329 -0.328996 -0.056061 0.584314 0.584314 0.584314
vn -0.134668 0.368223 0.919933
v -0.057464 -0.340542 -0.051445 0.584314 0.584314 0.584314
vn -0.705012 0.700475 0.110874
v -0.084956 -0.341140 -0.118682 0.584314 0.584314 0.584314
vn -0.683744 -0.502049 0.529567
v 0.343326 -0.341415 -0.020133 0.584314 0.584314 0.584314
vn -0.313794 -0.058539 0.947685
v 0.399842 -0.338586 -0.000969 0.584314 0.584314 0.584314
vn -0.013372 -0.497441 -0.867395
v 0.357011 -0.338577 -0.030804 0.584314 0.584314 0.584314
vn -0.058988 0.215575 -0.974704
v 0.052864 -0.333409 0.038267 0.584314 0.584314 0.584314
vn 0.392698 -0.243741 -0.886780
v 0.488954 -0.339392 -0.003399 0.584314 0.584314 0.584314
vn -0.192398 -0.033455 0.980747
v 0.355795 -0.339597 -0.014681 0.584314 0.584314 0.584314
vn -0.412938 -0.361417 0.835978
v 0.541682 -0.338578 0.059577 0.584314 0.584314 0.584314
vn -0.362601 0.054017 0.930378
v 0.459527 -0.331227 0.024414 0.584314 0.584314 0.584314
vn -0.437458 0.732628 0.521428
v -0.081051 -0.334171 -0.057440 0.584314 0.584314 0.584314
vn -0.454381 0.179446 0.872546
v 0.509915 -0.330725 0.045475 0.584314 0.584314 0.584314
vn 0.567161 -0.697273 0.438336
v 0.564386 -0.335637 0.067503 0.584314 0.584314 0.584314
vn 0.477051 -0.464134 -0.746326
v 0.470945 -0.342406 -0.014284 0.584314 0.584314 0.584314
vn -0.382427 -0.161049 0.909842
v 0.417154 -0.328481 0.004660 0.584314 0.584314 0.584314
vn 0.311542 0.585154 0.748690
v 0.068738 -0.333348 0.125446 0.584314 0.584314 0.584314
vn 0.255206 -0.131259 -0.957936
v 0.463589 -0.339482 -0.016979 0.584314 0.584314 0.584314
vn -0.680185 0.451391 0.577577
v 0.042622 -0.338577 0.129878 0.584314 0.584314 0.584314
vn 0.319412 0.328635 -0.888806
v 0.497031 -0.335215 0.003060 0.584314 0.584314 0.584314
vn -0.612780 0.714658 0.337290
v 0.022359 -0.334284 0.106207 0.584314 0.584314 0.584314
vn 0.806082 -0.352904 -0.475070
v 0.566660 -0.335767 0.058353 0.584314 0.584314 0.584314
vn -0.576027 -0.685717 0.444955
v 0.337972 -0.333570 -0.025264 0.584314 0.584314 0.584314
vn -0.227187 -0.430262 -0.873648
v 0.387884 -0.337300 -0.033215 0.584314 0.584314 0.584314
vn 0.757270 0.230623 -0.611028
v 0.082850 -0.324947 0.053576 0.584314 0.584314 0.584314
vn -0.092600 -0.508247 -0.856218
v 0.384238 -0.329608 -0.034182 0.584314 0.584314 0.584314
vn 0.543004 0.146157 -0.826913
v 0.480220 -0.335846 -0.005165 0.584314 0.584314 0.584314
vn -0.491926 0.715027 0.496734
v 0.021248 -0.340092 0.115786 0.584314 0.584314 0.584314
vn -0.176100 0.367485 0.913205
v -0.058639 -0.326403 -0.053970 0.584314 0.584314 0.584314
vn -0.442603 0.033361 0.896097
v 0.394738 -0.331202 -0.003397 0.584314 0.584314 0.584314
vn 0.388954 0.605517 -0.694308
v 0.489291 -0.332710 -0.000086 0.584314 0.584314 0.584314
vn 0.512686 0.184277 -0.838567
v 0.530451 -0.331415 0.030374 0.584314 0.584314 0.584314
vn 0.517754 0.578074 -0.630683
v 0.457020 -0.329258 -0.015186 0.584314 0.584314 0.584314
vn -0.160496 0.405595 0.899852
v -0.066581 -0.332695 -0.053205 0.584314 0.584314 0.584314
vn 0.759657 0.139892 0.635100
v -0.017091 -0.330007 -0.060651 0.584314 0.584314 0.584314
vn -0.217493 0.164344 0.962127
v 0.467806 -0.331243 0.024248 0.584314 0.584314 0.584314
vn -0.402522 -0.066656 0.912980
v 0.523138 -0.330412 0.052834 0.584314 0.584314 0.584314
vn 0.632011 -0.019302 -0.774719
v 0.559962 -0.335034 0.053420 0.584314 0.584314 0.584314
vn -0.518662 0.098269 0.849313
v 0.477162 -0.333280 0.033153 0.584314 0.584314 0.584314
vn -0.529248 0.817600 0.226775
v -0.087919 -0.339918 -0.076344 0.584314 0.584314 0.584314
vn 0.460656 0.422306 -0.780675
v 0.470353 -0.334548 -0.013638 0.584314 0.584314 0.584314
vn -0.553933 0.438670 -0.707621
v 0.034137 -0.323165 0.047596 0.584314 0.584314 0.584314
vn -0.012075 -0.595155 -0.803520
v 0.375575 -0.337758 -0.026259 0.584314 0.584314 0.584314
vn -0.931661 0.326012 -0.160388
v 0.019286 -0.343416 0.055348 0.584314 0.584314 0.584314
vn -0.476082 0.707877 -0.521782
v -0.075292 -0.331611 -0.122942 0.584314 0.584314 0.584314
vn 0.428883 -0.376139 -0.821328
v 0.405932 -0.317766 -0.043926 0.584314 0.584314 0.584314
vn -0.152688 -0.475472 -0.866379
v 0.389628 -0.325807 -0.036758 0.584314 0.584314 0.584314
vn 0.525536 -0.352474 -0.774321
v 0.457232 -0.335962 -0.019719 0.584314 0.584314 0.584314
vn 0.606409 0.198923 0.769869
v -0.024220 -0.338222 -0.051121 0.584314 0.584314 0.584314
vn -0.263545 0.677321 0.686863
v 0.029773 -0.329217 0.105410 0.584314 0.584314 0.584314
vn 0.332819 0.650483 0.682718
v 0.061250 -0.326678 0.126648 0.584314 0.584314 0.584314
vn -0.682822 0.687543 -0.247059
v -0.073305 -0.332422 -0.103057 0.584314 0.584314 0.584314
vn 0.617161 -0.236007 -0.750608
v 0.530772 -0.338718 0.031920 0.584314 0.584314 0.584314
vn 0.224361 0.777115 -0.588009
v 0.504072 -0.329799 0.007646 0.584314 0.584314 0.584314
vn 0.618704 -0.264452 -0.739778
v 0.432686 -0.329690 -0.032703 0.584314 0.584314 0.584314
vn -0.459094 0.837463 0.296458
v -0.086493 -0.331301 -0.086193 0.584314 0.584314 0.584314
vn -0.941448 0.292709 -0.167325
v 0.024127 -0.334524 0.069582 0.584314 0.584314 0.584314
vn -0.181884 -0.213229 0.959923
v 0.343636 -0.325203 -0.019414 0.584314 0.584314 0.584314
vn -0.196850 -0.215119 0.956542
v 0.377781 -0.325003 -0.007838 0.584314 0.584314 0.584314
vn -0.469339 -0.000470 0.883018
v 0.410510 -0.318731 0.004660 0.584314 0.584314 0.584314
vn 0.193630 -0.629196 -0.752742
v 0.374241 -0.329311 -0.037329 0.584314 0.584314 0.584314
vn 0.603259 0.110035 -0.789919
v 0.522985 -0.333210 0.020777 0.584314 0.584314 0.584314
vn -0.401986 -0.343555 -0.848750
v 0.358737 -0.325548 -0.037966 0.584314 0.584314 0.584314
vn -0.168251 -0.435501 -0.884325
v 0.349575 -0.322155 -0.033840 0.584314 0.584314 0.584314
vn -0.238487 0.324454 0.915344
v 0.437827 -0.321586 0.016248 0.584314 0.584314 0.584314
vn 0.619619 0.085450 -0.780237
v 0.567038 -0.326065 0.058763 0.584314 0.584314 0.584314
vn -0.017466 -0.571102 -0.820693
v 0.421337 -0.330490 -0.036632 0.584314 0.584314 0.584314
vn 0.106189 -0.500272 -0.859332
v 0.410078 -0.324512 -0.037017 0.584314 0.584314 0.584314
vn -0.246165 -0.053561 0.967747
v 0.356494 -0.320882 -0.017632 0.584314 0.584314 0.584314
vn 0.558882 0.156360 -0.814373
v -0.015842 -0.336882 -0.114022 0.584314 0.584314 0.584314
vn 0.399158 0.216902 -0.890857
v -0.031551 -0.322522 -0.118031 0.584314 0.584314 0.584314
vn -0.963517 0.104037 -0.246598
v 0.027587 -0.317759 0.073556 0.584314 0.584314 0.584314
vn 0.817766 0.483719 0.311891
v 0.097596 -0.333539 0.116715 0.584314 0.584314 0.584314
vn 0.427359 0.686989 -0.587716
v 0.470204 -0.329398 -0.006680 0.584314 0.584314 0.584314
vn 0.356574 0.773499 -0.523979
v 0.469979 -0.321844 0.000762 0.584314 0.584314 0.584314
vn 0.181498 0.860962 -0.475188
v 0.493223 -0.324054 0.014832 0.584314 0.584314 0.584314
vn 0.219523 -0.611701 -0.760021
v 0.448654 -0.335735 -0.027590 0.584314 0.584314 0.584314
vn -0.328650 -0.077844 0.941238
v 0.382238 -0.333779 -0.010894 0.584314 0.584314 0.584314
vn 0.406533 -0.276726 -0.870720
v 0.534560 -0.333216 0.031824 0.584314 0.584314 0.584314
vn 0.546061 0.400980 -0.735549
v 0.566038 -0.318601 0.058802 0.584314 0.584314 0.584314
vn -0.936997 0.329052 -0.117310
v 0.021866 -0.327877 0.083269 0.584314 0.584314 0.584314
vn -0.588324 0.738560 0.329247
v -0.072390 -0.331752 -0.078410 0.584314 0.584314 0.584314
vn 0.525715 0.516131 -0.676190
v 0.514599 -0.331267 0.016405 0.584314 0.584314 0.584314
vn 0.895664 0.151934 -0.417974
v -0.007005 -0.328420 -0.102732 0.584314 0.584314 0.584314
vn -0.482011 0.084788 0.872053
v 0.496744 -0.330440 0.042169 0.584314 0.584314 0.584314
vn -0.879559 0.291794 -0.375808
v 0.030872 -0.318780 0.056089 0.584314 0.584314 0.584314
vn 0.413386 0.330184 -0.848581
v 0.451085 -0.332312 -0.027533 0.584314 0.584314 0.584314
vn 0.073432 0.600629 0.796149
v 0.084952 -0.331737 0.127407 0.584314 0.584314 0.584314
vn 0.056496 0.578207 0.813932
v -0.031911 -0.327775 -0.051963 0.584314 0.584314 0.584314
vn -0.329063 0.603116 0.726614
v -0.045780 -0.334109 -0.051234 0.584314 0.584314 0.584314
vn 0.232273 -0.452335 0.861070
v 0.567698 -0.330615 0.073713 0.584314 0.584314 0.584314
vn -0.486321 0.711674 0.506963
v 0.502578 -0.322352 0.035472 0.584314 0.584314 0.584314
vn -0.386935 -0.892420 -0.232096
v 0.325427 -0.332727 -0.030407 0.584314 0.584314 0.584314
vn -0.584871 0.446696 0.677044
v 0.040119 -0.322513 0.103245 0.584314 0.584314 0.584314
vn -0.105446 -0.905699 -0.410597
v 0.333361 -0.331735 -0.028712 0.584314 0.584314 0.584314
vn -0.362925 -0.163200 0.917415
v 0.553621 -0.322710 0.072241 0.584314 0.584314 0.584314
vn -0.578089 -0.006429 0.815948
v 0.546328 -0.321578 0.067910 0.584314 0.584314 0.584314
vn 0.191547 0.288065 -0.938258
v 0.416378 -0.321578 -0.036845 0.584314 0.584314 0.584314
vn 0.490481 0.329850 -0.806615
v 0.536807 -0.327565 0.031621 0.584314 0.584314 0.584314
vn 0.380812 0.753187 -0.536369
v 0.520442 -0.322959 0.029511 0.584314 0.584314 0.584314
vn -0.141474 -0.649244 0.747307
v 0.331894 -0.326938 -0.019265 0.584314 0.584314 0.584314
vn -0.599116 0.337678 0.725971
v 0.533243 -0.322722 0.059113 0.584314 0.584314 0.584314
vn -0.352033 -0.212986 0.911433
v 0.391127 -0.320521 -0.006784 0.584314 0.584314 0.584314
vn 0.005401 -0.485315 -0.874323
v 0.330703 -0.323547 -0.036530 0.584314 0.584314 0.584314
vn 0.961820 -0.213137 -0.171683
v 0.576592 -0.326030 0.066140 0.584314 0.584314 0.584314
vn 0.641620 0.225892 -0.733005
v 0.552895 -0.323578 0.048408 0.584314 0.584314 0.584314
vn 0.597715 0.428772 -0.677415
v 0.553835 -0.320974 0.052464 0.584314 0.584314 0.584314
vn -0.059262 -0.420346 -0.905426
v 0.343372 -0.326160 -0.030752 0.584314 0.584314 0.584314
vn -0.420231 -0.093523 0.902585
v 0.430097 -0.327964 0.010873 0.584314 0.584314 0.584314
vn -0.146464 0.654323 0.741896
v 0.458755 -0.325251 0.023104 0.584314 0.584314 0.584314
vn -0.494560 0.537170 0.683271
v 0.491150 -0.331643 0.036540 0.584314 0.584314 0.584314
vn 0.404389 0.406531 0.819269
v -0.024693 -0.322274 -0.057045 0.584314 0.584314 0.584314
vn 0.742902 0.165737 -0.648559
v -0.009802 -0.324512 -0.105013 0.584314 0.584314 0.584314
vn -0.531714 -0.297966 0.792778
v 0.318661 -0.324528 -0.020915 0.584314 0.584314 0.584314
vn 0.962311 0.155243 -0.223287
v 0.083648 -0.315624 0.069204 0.584314 0.584314 0.584314
vn -0.328962 0.614324 -0.717210
v -0.061223 -0.324015 -0.123152 0.584314 0.584314 0.584314
vn 0.588759 0.041593 -0.807238
v 0.075623 -0.316401 0.051946 0.584314 0.584314 0.584314
vn -0.629030 0.142500 0.764209
v 0.046544 -0.313036 0.107344 0.584314 0.584314 0.584314
vn -0.728718 0.516623 0.449523
v 0.046154 -0.323594 0.116405 0.584314 0.584314 0.584314
vn -0.482741 0.495881 0.721847
v 0.518487 -0.323599 0.049231 0.584314 0.584314 0.584314
vn 0.230633 0.740635 -0.631086
v 0.423971 -0.321147 -0.036500 0.584314 0.584314 0.584314
vn -0.223362 0.833091 0.506032
v 0.455322 -0.323073 0.014407 0.584314 0.584314 0.584314
vn -0.012966 0.574845 0.818159
v 0.444445 -0.323559 0.015339 0.584314 0.584314 0.584314
vn 0.339462 0.184886 -0.922271
v 0.426680 -0.325516 -0.039283 0.584314 0.584314 0.584314
vn -0.301057 0.589377 0.749666
v 0.480720 -0.327798 0.033212 0.584314 0.584314 0.584314
vn 0.468954 0.774384 0.424749
v 0.088476 -0.320769 0.109270 0.584314 0.584314 0.584314
vn -0.192283 -0.163497 0.967624
v -0.052735 -0.313001 -0.057910 0.584314 0.584314 0.584314
vn 0.521557 0.683688 -0.510440
v 0.458593 -0.320587 -0.004136 0.584314 0.584314 0.584314
vn 0.457402 0.580279 -0.673839
v 0.447720 -0.322506 -0.016830 0.584314 0.584314 0.584314
vn 0.889709 -0.276620 -0.363179
v -0.006006 -0.315970 -0.096729 0.584314 0.584314 0.584314
vn -0.067070 0.443453 -0.893785
v -0.051911 -0.318041 -0.121666 0.584314 0.584314 0.584314
vn 0.448088 0.715447 0.536053
v 0.089501 -0.328094 0.120966 0.584314 0.584314 0.584314
vn -0.687776 0.718267 -0.105152
v -0.071893 -0.326410 -0.117653 0.584314 0.584314 0.584314
vn 0.191192 0.360503 -0.912953
v -0.043350 -0.321174 -0.123529 0.584314 0.584314 0.584314
vn -0.619052 0.785334 0.005081
v -0.081048 -0.332579 -0.063517 0.584314 0.584314 0.584314
vn -0.536727 0.552158 0.638001
v 0.527690 -0.319680 0.052033 0.584314 0.584314 0.584314
vn -0.007457 0.983877 -0.178689
v 0.526223 -0.316142 0.044267 0.584314 0.584314 0.584314
vn 0.365916 0.676097 -0.639530
v 0.547950 -0.317834 0.047462 0.584314 0.584314 0.584314
vn 0.119382 0.887972 -0.444132
v 0.502484 -0.322458 0.022342 0.584314 0.584314 0.584314
vn -0.727359 0.436356 0.529662
v 0.027474 -0.321492 0.096385 0.584314 0.584314 0.584314
vn 0.247054 0.914220 -0.321194
v 0.487068 -0.325428 0.008620 0.584314 0.584314 0.584314
vn -0.111049 0.966259 0.232403
v 0.479450 -0.322867 0.019945 0.584314 0.584314 0.584314
vn 0.042958 -0.605152 -0.794950
v 0.342510 -0.316528 -0.041021 0.584314 0.584314 0.584314
vn -0.218276 0.768983 0.600851
v 0.470556 -0.325910 0.018813 0.584314 0.584314 0.584314
vn 0.851004 0.168117 0.497523
v -0.008477 -0.322788 -0.075329 0.584314 0.584314 0.584314
vn -0.395891 0.008531 0.918258
v 0.370556 -0.320134 -0.009315 0.584314 0.584314 0.584314
vn 0.798977 -0.231994 0.554810
v -0.007199 -0.315743 -0.079040 0.584314 0.584314 0.584314
vn -0.480124 0.867503 0.130072
v 0.499215 -0.321751 0.027527 0.584314 0.584314 0.584314
vn -0.389599 0.268560 -0.880959
v 0.045336 -0.316315 0.047977 0.584314 0.584314 0.584314
vn -0.853406 0.512291 0.096210
v -0.069790 -0.318698 -0.087107 0.584314 0.584314 0.584314
vn 0.213617 0.744836 0.632130
v 0.070051 -0.321504 0.113179 0.584314 0.584314 0.584314
vn 0.763209 0.032494 0.645334
v -0.016177 -0.315707 -0.067831 0.584314 0.584314 0.584314
vn 0.570837 0.570516 -0.590471
v 0.429839 -0.321061 -0.031063 0.584314 0.584314 0.584314
vn -0.089796 0.725970 0.681839
v 0.433118 -0.319076 0.009492 0.584314 0.584314 0.584314
vn 0.246175 0.822227 0.513167
v 0.430016 -0.314842 -0.002544 0.584314 0.584314 0.584314
vn 0.484912 0.769763 -0.415121
v 0.558709 -0.314690 0.059325 0.584314 0.584314 0.584314
vn -0.157169 0.036382 0.986901
v 0.330626 -0.320700 -0.018022 0.584314 0.584314 0.584314
vn 0.926320 0.261868 -0.270844
v 0.088826 -0.323390 0.079731 0.584314 0.584314 0.584314
vn 0.629905 0.682294 0.371073
v 0.571917 -0.318388 0.073813 0.584314 0.584314 0.584314
vn -0.821977 -0.568775 0.029131
v 0.314295 -0.316951 -0.026753 0.584314 0.584314 0.584314
vn 0.321321 0.016512 -0.946827
v 0.066538 -0.316221 0.045325 0.584314 0.584314 0.584314
vn -0.379207 0.100403 0.919849
v 0.414919 -0.318538 0.008194 0.584314 0.584314 0.584314
vn -0.035401 0.996652 0.073695
v 0.490421 -0.321994 0.021279 0.584314 0.584314 0.584314
vn 0.521770 0.437683 -0.732249
v 0.437285 -0.327093 -0.025231 0.584314 0.584314 0.584314
vn 0.672377 0.594654 -0.440790
v 0.434153 -0.311310 -0.017602 0.584314 0.584314 0.584314
vn -0.578509 0.812773 -0.068747
v -0.077728 -0.324705 -0.089064 0.584314 0.584314 0.584314
vn 0.793095 0.603773 0.080368
v 0.094384 -0.321152 0.099802 0.584314 0.584314 0.584314
vn -0.252971 0.596729 0.761525
v 0.052387 -0.334262 0.133700 0.584314 0.584314 0.584314
vn -0.089947 -0.413949 -0.905845
v 0.368547 -0.324073 -0.042080 0.584314 0.584314 0.584314
vn 0.994205 0.052527 0.093792
v -0.004527 -0.323307 -0.086292 0.584314 0.584314 0.584314
vn -0.443744 0.603759 0.662244
v -0.065126 -0.321501 -0.061058 0.584314 0.584314 0.584314
vn -0.090342 -0.250428 -0.963911
v 0.387368 -0.313002 -0.045770 0.584314 0.584314 0.584314
vn 0.304119 0.784856 -0.539919
v 0.512350 -0.320836 0.029096 0.584314 0.584314 0.584314
vn -0.780435 0.553733 -0.290347
v -0.065973 -0.320717 -0.096462 0.584314 0.584314 0.584314
vn -0.909035 0.386386 0.156080
v -0.064810 -0.321847 -0.076287 0.584314 0.584314 0.584314
vn -0.114106 -0.115182 0.986769
v 0.346823 -0.314279 -0.015335 0.584314 0.584314 0.584314
vn -0.966062 -0.257966 -0.013335
v 0.025318 -0.313091 0.081772 0.584314 0.584314 0.584314
vn 0.091266 0.815598 0.571377
v 0.079576 -0.322444 0.116009 0.584314 0.584314 0.584314
vn -0.504056 0.643479 0.576075
v 0.049517 -0.326673 0.124733 0.584314 0.584314 0.584314
vn 0.477667 0.205391 -0.854195
v -0.015447 -0.321479 -0.110040 0.584314 0.584314 0.584314
vn 0.237835 0.770527 -0.591373
v 0.520959 -0.317609 0.038227 0.584314 0.584314 0.584314
vn -0.511635 -0.373628 -0.773713
v 0.321248 -0.322186 -0.036312 0.584314 0.584314 0.584314
vn 0.097129 -0.484648 -0.869300
v 0.380568 -0.311741 -0.044611 0.584314 0.584314 0.584314
vn 0.407738 0.712904 -0.570541
v 0.447924 -0.313528 -0.012117 0.584314 0.584314 0.584314
vn 0.506338 0.455727 -0.732076
v 0.540633 -0.322736 0.039902 0.584314 0.584314 0.584314
vn 0.408499 0.650163 -0.640638
v 0.439527 -0.315081 -0.015614 0.584314 0.584314 0.584314
vn -0.202526 0.670996 0.713266
v 0.057327 -0.314711 0.115977 0.584314 0.584314 0.584314
vn -0.327278 0.930403 -0.165047
v 0.539140 -0.313575 0.051746 0.584314 0.584314 0.584314
vn -0.296385 -0.204028 -0.933021
v 0.325774 -0.315452 -0.038225 0.584314 0.584314 0.584314
vn 0.227188 0.969522 0.091720
v 0.458989 -0.317407 0.002757 0.584314 0.584314 0.584314
vn 0.530493 0.435516 0.727257
v 0.061356 -0.310230 0.109787 0.584314 0.584314 0.584314
vn -0.705981 0.676712 -0.208928
v -0.063855 -0.319393 -0.115062 0.584314 0.584314 0.584314
vn -0.372477 -0.122370 0.919938
v 0.378856 -0.305987 -0.008283 0.584314 0.584314 0.584314
vn -0.025602 0.334391 0.942087
v 0.562594 -0.315970 0.073950 0.584314 0.584314 0.584314
vn 0.832727 -0.160346 -0.529957
v 0.080110 -0.310102 0.054621 0.584314 0.584314 0.584314
vn 0.960837 -0.235312 -0.146360
v 0.083734 -0.309929 0.067910 0.584314 0.584314 0.584314
vn 0.147561 -0.164062 -0.975351
v 0.397661 -0.313779 -0.049590 0.584314 0.584314 0.584314
vn -0.836998 0.188985 0.513536
v -0.062637 -0.313374 -0.064937 0.584314 0.584314 0.584314
vn -0.081023 -0.029109 0.996287
v 0.052843 -0.307254 0.109415 0.584314 0.584314 0.584314
vn -0.110933 0.401938 0.908922
v -0.037077 -0.321751 -0.058033 0.584314 0.584314 0.584314
vn 0.888764 0.458042 0.017183
v 0.088875 -0.315683 0.089755 0.584314 0.584314 0.584314
vn 0.456816 -0.052431 -0.888014
v -0.035517 -0.310102 -0.114763 0.584314 0.584314 0.584314
vn 0.037544 0.864721 0.500847
v 0.446052 -0.316147 0.002128 0.584314 0.584314 0.584314
vn 0.229095 0.957884 0.173128
v 0.446951 -0.310563 -0.004152 0.584314 0.584314 0.584314
vn 0.085616 0.975708 0.201653
v 0.467169 -0.318656 0.008228 0.584314 0.584314 0.584314
vn 0.657792 0.605326 -0.448208
v 0.569565 -0.319824 0.062530 0.584314 0.584314 0.584314
vn -0.178099 -0.026333 -0.983660
v 0.055588 -0.315630 0.044474 0.584314 0.584314 0.584314
vn 0.337036 0.649690 -0.681403
v 0.421210 -0.315711 -0.028820 0.584314 0.584314 0.584314
vn 0.041502 -0.178465 0.983071
v -0.029217 -0.314503 -0.058331 0.584314 0.584314 0.584314
vn 0.457546 -0.105268 0.882933
v -0.024968 -0.318382 -0.059415 0.584314 0.584314 0.584314
vn -0.786087 0.433112 -0.441001
v -0.059496 -0.312719 -0.111390 0.584314 0.584314 0.584314
vn 0.337386 0.630473 0.699052
v 0.070877 -0.312605 0.100916 0.584314 0.584314 0.584314
vn 0.034314 -0.233516 -0.971747
v -0.020761 -0.310620 -0.109500 0.584314 0.584314 0.584314
vn -0.155100 0.006461 0.987878
v 0.323775 -0.305455 -0.023002 0.584314 0.584314 0.584314
vn -0.431060 -0.419677 0.798786
v 0.031364 -0.313391 0.095990 0.584314 0.584314 0.584314
vn -0.790172 -0.420869 0.445530
v 0.027618 -0.312864 0.092566 0.584314 0.584314 0.584314
vn -0.368378 -0.236959 0.898971
v 0.387557 -0.311655 -0.005004 0.584314 0.584314 0.584314
vn -0.165305 -0.101508 0.981005
v 0.398861 -0.314158 -0.000431 0.584314 0.584314 0.584314
vn 0.533345 0.672844 -0.512664
v 0.552455 -0.310533 0.057987 0.584314 0.584314 0.584314
vn -0.266795 0.951402 0.153800
v 0.531569 -0.313779 0.048576 0.584314 0.584314 0.584314
vn -0.177121 0.356449 0.917373
v 0.406972 -0.312777 0.000087 0.584314 0.584314 0.584314
vn -0.221174 0.955806 -0.193694
v 0.504038 -0.317341 0.028095 0.584314 0.584314 0.584314
vn -0.137341 0.984730 -0.106978
v 0.513685 -0.317852 0.036283 0.584314 0.584314 0.584314
vn 0.317611 0.794099 0.518200
v 0.080666 -0.312329 0.100403 0.584314 0.584314 0.584314
vn -0.947251 -0.313761 0.065345
v -0.066857 -0.310361 -0.083153 0.584314 0.584314 0.584314
vn -0.539520 -0.318112 -0.779566
v 0.317094 -0.316421 -0.033830 0.584314 0.584314 0.584314
vn -0.529488 0.336054 -0.778916
v 0.035489 -0.314575 0.053425 0.584314 0.584314 0.584314
vn -0.492322 -0.074419 -0.867226
v 0.041552 -0.308145 0.051788 0.584314 0.584314 0.584314
vn 0.849451 -0.502758 0.160212
v -0.001864 -0.312087 -0.086288 0.584314 0.584314 0.584314
vn 0.663260 0.020619 0.748105
v 0.080462 -0.304215 0.093586 0.584314 0.584314 0.584314
vn 0.992785 0.089832 -0.079419
v 0.085374 -0.310188 0.082579 0.584314 0.584314 0.584314
vn -0.287843 -0.791024 -0.539841
v 0.312572 -0.312432 -0.032616 0.584314 0.584314 0.584314
vn 0.022893 -0.146417 0.988958
v -0.042728 -0.315113 -0.058763 0.584314 0.584314 0.584314
vn 0.325853 0.830112 0.452476
v 0.420347 -0.308376 0.000259 0.584314 0.584314 0.584314
vn 0.783787 -0.037583 -0.619891
v 0.408094 -0.312777 -0.042971 0.584314 0.584314 0.584314
vn -0.148923 -0.785761 0.600335
v 0.306424 -0.312998 -0.026662 0.584314 0.584314 0.584314
vn -0.607959 0.682930 0.404960
v 0.542715 -0.309345 0.061198 0.584314 0.584314 0.584314
vn -0.889174 -0.328240 -0.318793
v 0.028655 -0.313285 0.066316 0.584314 0.584314 0.584314
vn -0.108364 -0.318072 -0.941853
v 0.058974 -0.303465 0.037927 0.584314 0.584314 0.584314
vn 0.059301 -0.368148 0.927874
v -0.027276 -0.306219 -0.052808 0.584314 0.584314 0.584314
vn -0.212416 0.974940 0.066122
v 0.517206 -0.314208 0.042017 0.584314 0.584314 0.584314
vn 0.013997 -0.584329 -0.811396
v 0.318785 -0.305960 -0.037880 0.584314 0.584314 0.584314
vn -0.652925 -0.052053 -0.755632
v 0.034121 -0.310534 0.055324 0.584314 0.584314 0.584314
vn -0.337744 0.280534 -0.898460
v -0.050749 -0.309885 -0.116336 0.584314 0.584314 0.584314
vn -0.871214 -0.430841 0.235294
v -0.064159 -0.312498 -0.078014 0.584314 0.584314 0.584314
vn -0.294858 -0.120637 0.947895
v 0.360836 -0.299343 -0.012420 0.584314 0.584314 0.584314
vn 0.987352 -0.081175 -0.136186
v 0.083993 -0.309671 0.072828 0.584314 0.584314 0.584314
vn -0.397327 0.396769 0.827469
v 0.551152 -0.311138 0.070253 0.584314 0.584314 0.584314
vn 0.465688 0.780208 -0.417625
v 0.419398 -0.308031 -0.024851 0.584314 0.584314 0.584314
vn 0.384201 0.923235 -0.005140
v 0.434335 -0.310395 -0.009843 0.584314 0.584314 0.584314
vn -0.488100 0.013768 0.872679
v 0.037682 -0.313918 0.097343 0.584314 0.584314 0.584314
vn 0.964472 -0.134050 0.227649
v 0.084597 -0.303803 0.087238 0.584314 0.584314 0.584314
vn 0.620026 0.459592 -0.635880
v 0.404771 -0.308601 -0.045794 0.584314 0.584314 0.584314
vn -0.243996 -0.105926 0.963974
v 0.361153 -0.313726 -0.015531 0.584314 0.584314 0.584314
vn -0.017470 -0.532999 -0.845935
v 0.356148 -0.305874 -0.047890 0.584314 0.584314 0.584314
vn -0.076148 -0.608502 -0.789890
v 0.368325 -0.306126 -0.047631 0.584314 0.584314 0.584314
vn -0.015210 -0.741088 -0.671236
v 0.303615 -0.311508 -0.038348 0.584314 0.584314 0.584314
vn -0.110500 -0.249461 0.962060
v 0.301390 -0.307631 -0.023856 0.584314 0.584314 0.584314
vn -0.531829 -0.794789 -0.292348
v 0.293104 -0.311594 -0.035311 0.584314 0.584314 0.584314
vn -0.534945 -0.283625 -0.795859
v 0.047062 -0.308376 0.047114 0.584314 0.584314 0.584314
vn 0.640447 -0.166313 0.749778
v 0.068271 -0.305614 0.098297 0.584314 0.584314 0.584314
vn -0.332074 -0.282742 -0.899880
v 0.337555 -0.310382 -0.044064 0.584314 0.584314 0.584314
vn 0.718095 -0.297433 0.629184
v -0.012132 -0.307945 -0.069979 0.584314 0.584314 0.584314
vn -0.101759 -0.404243 0.908973
v -0.048880 -0.305084 -0.052363 0.584314 0.584314 0.584314
vn -0.563839 -0.456663 0.688146
v -0.069251 -0.302072 -0.058107 0.584314 0.584314 0.584314
vn 0.534950 -0.319494 -0.782146
v -0.012029 -0.315651 -0.105876 0.584314 0.584314 0.584314
vn -0.392027 -0.165894 0.904872
v 0.393491 -0.306385 0.001780 0.584314 0.584314 0.584314
vn -0.489259 -0.455943 0.743466
v 0.026565 -0.300367 0.109553 0.584314 0.584314 0.584314
vn 0.715701 0.398750 -0.573385
v 0.411842 -0.310209 -0.031045 0.584314 0.584314 0.584314
vn -0.139681 -0.520029 -0.842650
v 0.357367 -0.311833 -0.041811 0.584314 0.584314 0.584314
vn 0.027717 0.941783 -0.335077
v 0.547717 -0.307278 0.059503 0.584314 0.584314 0.584314
vn -0.703069 -0.416110 -0.576668
v -0.059253 -0.304720 -0.110186 0.584314 0.584314 0.584314
vn 0.703020 -0.552543 -0.447727
v -0.003421 -0.307850 -0.107015 0.584314 0.584314 0.584314
vn 0.041233 -0.500938 -0.864500
v -0.022401 -0.302595 -0.112865 0.584314 0.584314 0.584314
vn 0.603434 -0.134767 -0.785943
v 0.382921 -0.300239 -0.050058 0.584314 0.584314 0.584314
vn -0.891960 -0.300643 -0.337671
v -0.062691 -0.308391 -0.093446 0.584314 0.584314 0.584314
vn 0.498127 0.580336 -0.644267
v 0.403520 -0.301301 -0.034429 0.584314 0.584314 0.584314
vn -0.369434 -0.176572 0.912327
v 0.372901 -0.303352 -0.010542 0.584314 0.584314 0.584314
vn 0.913540 -0.317738 0.253944
v 0.004267 -0.303621 -0.080954 0.584314 0.584314 0.584314
vn 0.276012 0.766107 -0.580429
v 0.424431 -0.307509 -0.021433 0.584314 0.584314 0.584314
vn -0.377035 0.258709 0.889334
v 0.335958 -0.315032 -0.017856 0.584314 0.584314 0.584314
vn -0.154404 -0.425672 -0.891607
v 0.326856 -0.302695 -0.039822 0.584314 0.584314 0.584314
vn 0.020089 0.709329 0.704592
v 0.419938 -0.312181 0.005942 0.584314 0.584314 0.584314
vn -0.262061 -0.624807 0.735486
v 0.040128 -0.307376 0.107239 0.584314 0.584314 0.584314
vn -0.781812 -0.558449 -0.277318
v -0.076790 -0.296899 -0.096407 0.584314 0.584314 0.584314
vn 0.596171 -0.405213 0.693096
v -0.002910 -0.304187 -0.072124 0.584314 0.584314 0.584314
vn 0.041824 -0.174270 -0.983809
v -0.040961 -0.306893 -0.116837 0.584314 0.584314 0.584314
vn 0.451598 -0.253011 -0.855596
v 0.069434 -0.304277 0.040445 0.584314 0.584314 0.584314
vn 0.480173 0.389939 -0.785736
v 0.389369 -0.301646 -0.043748 0.584314 0.584314 0.584314
vn 0.123739 0.624002 -0.771564
v 0.396714 -0.303930 -0.045561 0.584314 0.584314 0.584314
vn -0.592380 -0.318330 -0.740103
v 0.289750 -0.297660 -0.039332 0.584314 0.584314 0.584314
vn 0.206654 0.950800 0.230809
v 0.552976 -0.308170 0.067155 0.584314 0.584314 0.584314
vn -0.653637 -0.318322 -0.686607
v 0.042168 -0.296674 0.047684 0.584314 0.584314 0.584314
vn -0.046770 -0.416068 -0.908130
v 0.352696 -0.295174 -0.051600 0.584314 0.584314 0.584314
vn -0.142348 -0.349892 -0.925912
v 0.357011 -0.292844 -0.052463 0.584314 0.584314 0.584314
vn 0.601320 0.754809 0.262065
v 0.432351 -0.307369 -0.011787 0.584314 0.584314 0.584314
vn -0.776727 -0.606961 -0.168205
v 0.017170 -0.302883 0.071844 0.584314 0.584314 0.584314
vn -0.859098 -0.493469 -0.135792
v -0.080244 -0.298167 -0.083441 0.584314 0.584314 0.584314
vn 0.612961 -0.465563 0.638380
v 0.065830 -0.303761 0.103662 0.584314 0.584314 0.584314
vn 0.230461 0.784048 0.576330
v 0.405246 -0.306996 -0.002415 0.584314 0.584314 0.584314
vn 0.850948 -0.143106 -0.505379
v 0.083820 -0.301770 0.052628 0.584314 0.584314 0.584314
vn 0.980578 -0.147340 -0.129449
v 0.087963 -0.296210 0.069204 0.584314 0.584314 0.584314
vn 0.954756 -0.296019 -0.028525
v 0.088998 -0.296037 0.079214 0.584314 0.584314 0.584314
vn 0.428680 -0.530123 -0.731576
v -0.029994 -0.304666 -0.112779 0.584314 0.584314 0.584314
vn 0.238533 -0.057557 -0.969427
v -0.025583 -0.308791 -0.109591 0.584314 0.584314 0.584314
vn -0.521489 -0.726545 -0.447417
v -0.066842 -0.300184 -0.111813 0.584314 0.584314 0.584314
vn -0.725123 -0.661492 0.191378
v -0.074959 -0.303145 -0.069555 0.584314 0.584314 0.584314
vn 0.284155 0.948034 -0.143136
v 0.429705 -0.305918 -0.016619 0.584314 0.584314 0.584314
vn -0.579169 -0.452655 -0.677987
v 0.027167 -0.304690 0.056038 0.584314 0.584314 0.584314
vn 0.000006 0.968026 0.250848
v 0.415256 -0.305270 -0.004486 0.584314 0.584314 0.584314
vn 0.551710 -0.215497 0.805715
v -0.018708 -0.302365 -0.054258 0.584314 0.584314 0.584314
vn -0.365969 -0.198090 -0.909300
v 0.365640 -0.298194 -0.055742 0.584314 0.584314 0.584314
vn -0.211682 -0.622307 -0.753608
v 0.365381 -0.301128 -0.053498 0.584314 0.584314 0.584314
vn 0.938841 -0.301132 -0.167024
v 0.003777 -0.303868 -0.094978 0.584314 0.584314 0.584314
vn -0.201059 -0.336718 -0.919889
v 0.307434 -0.301074 -0.043192 0.584314 0.584314 0.584314
vn 0.135946 0.990705 -0.004667
v 0.414738 -0.306392 -0.013460 0.584314 0.584314 0.584314
vn 0.634449 0.675609 0.375536
v 0.410682 -0.302791 -0.015448 0.584314 0.584314 0.584314
vn 0.273408 -0.372019 0.887045
v 0.057968 -0.301479 0.110025 0.584314 0.584314 0.584314
vn -0.957471 -0.288482 0.005156
v 0.289040 -0.305279 -0.033086 0.584314 0.584314 0.584314
vn -0.575545 -0.441103 0.688604
v 0.293477 -0.309720 -0.026380 0.584314 0.584314 0.584314
vn 0.838633 0.484162 -0.249562
v 0.412168 -0.303808 -0.026095 0.584314 0.584314 0.584314
vn 0.915418 -0.099682 -0.389966
v 0.000863 -0.299705 -0.106584 0.584314 0.584314 0.584314
vn 0.237289 -0.508038 -0.828005
v -0.033887 -0.296666 -0.125442 0.584314 0.584314 0.584314
vn -0.060411 -0.451161 0.890396
v 0.042837 -0.297214 0.116246 0.584314 0.584314 0.584314
vn -0.275715 -0.614974 -0.738775
v -0.052169 -0.302881 -0.118428 0.584314 0.584314 0.584314
vn -0.199661 -0.286395 -0.937077
v 0.346930 -0.300821 -0.050678 0.584314 0.584314 0.584314
vn -0.031149 -0.613812 -0.788837
v 0.327027 -0.290755 -0.051547 0.584314 0.584314 0.584314
vn -0.277941 -0.410425 -0.868505
v 0.334812 -0.296828 -0.044477 0.584314 0.584314 0.584314
vn -0.178228 0.020041 0.983785
v 0.311796 -0.296382 -0.021744 0.584314 0.584314 0.584314
vn 0.246866 -0.594125 -0.765554
v 0.378560 -0.304133 -0.051338 0.584314 0.584314 0.584314
vn -0.096667 0.897820 0.429622
v 0.391613 -0.296382 -0.005349 0.584314 0.584314 0.584314
vn 0.144987 0.863897 0.482349
v 0.388938 -0.295778 -0.009146 0.584314 0.584314 0.584314
vn -0.211012 0.346404 0.914045
v 0.382811 -0.300179 -0.006126 0.584314 0.584314 0.584314
vn -0.507532 -0.334241 -0.794163
v 0.051283 -0.303207 0.039257 0.584314 0.584314 0.584314
vn -0.033908 -0.051163 0.998115
v 0.333361 -0.300845 -0.024273 0.584314 0.584314 0.584314
vn -0.055481 -0.164001 0.984899
v 0.317404 -0.298884 -0.020968 0.584314 0.584314 0.584314
vn 0.082660 -0.043672 0.995620
v -0.034209 -0.296231 -0.050409 0.584314 0.584314 0.584314
vn -0.073030 -0.430004 -0.899869
v -0.012078 -0.300994 -0.116607 0.584314 0.584314 0.584314
vn 0.240987 -0.003853 -0.970521
v -0.019661 -0.290231 -0.118345 0.584314 0.584314 0.584314
vn -0.856233 -0.493928 0.151327
v 0.014663 -0.300499 0.087902 0.584314 0.584314 0.584314
vn 0.667695 0.023667 0.744058
v -0.010665 -0.292154 -0.067046 0.584314 0.584314 0.584314
vn -0.333748 0.171966 0.926844
v 0.296954 -0.299429 -0.024583 0.584314 0.584314 0.584314
vn 0.245692 0.517807 0.819458
v 0.397234 -0.301231 0.001625 0.584314 0.584314 0.584314
vn 0.120410 0.130596 -0.984097
v 0.364173 -0.287149 -0.053239 0.584314 0.584314 0.584314
vn -0.759665 -0.430547 0.487379
v 0.020635 -0.299344 0.102800 0.584314 0.584314 0.584314
vn 0.642023 0.229507 -0.731528
v 0.379664 -0.295542 -0.054676 0.584314 0.584314 0.584314
vn -0.830436 -0.407610 -0.379776
v 0.016296 -0.300164 0.066383 0.584314 0.584314 0.584314
vn 0.518943 -0.213843 -0.827629
v -0.005117 -0.298395 -0.116992 0.584314 0.584314 0.584314
vn -0.186763 -0.137340 0.972758
v 0.293934 -0.290514 -0.028820 0.584314 0.584314 0.584314
vn -0.169557 0.009387 0.985476
v 0.327483 -0.287302 -0.018362 0.584314 0.584314 0.584314
vn 0.798894 0.426808 0.423796
v 0.410098 -0.296109 -0.018520 0.584314 0.584314 0.584314
vn -0.306433 -0.028993 0.951451
v 0.348156 -0.290910 -0.017734 0.584314 0.584314 0.584314
vn -0.414318 -0.179422 -0.892271
v 0.310223 -0.293053 -0.047471 0.584314 0.584314 0.584314
vn -0.188502 -0.047696 0.980914
v -0.052950 -0.298055 -0.051445 0.584314 0.584314 0.584314
vn 0.756551 0.290576 -0.585830
v 0.384995 -0.291053 -0.043220 0.584314 0.584314 0.584314
vn 0.902527 -0.392847 0.176400
v 0.089536 -0.296785 0.087471 0.584314 0.584314 0.584314
vn -0.473646 -0.528419 0.704580
v 0.288664 -0.293679 -0.030777 0.584314 0.584314 0.584314
vn 0.452245 0.577571 0.679622
v 0.384387 -0.292833 -0.008681 0.584314 0.584314 0.584314
vn 0.058036 -0.126330 -0.990289
v 0.372863 -0.296470 -0.058478 0.584314 0.584314 0.584314
vn 0.419840 -0.252980 -0.871628
v -0.029618 -0.293663 -0.124487 0.584314 0.584314 0.584314
vn 0.375625 0.161806 0.912538
v -0.024886 -0.288649 -0.052766 0.584314 0.584314 0.584314
vn 0.017798 0.141618 0.989761
v -0.041632 -0.276267 -0.052256 0.584314 0.584314 0.584314
vn -0.312919 0.101211 -0.944372
v -0.052429 -0.286890 -0.124687 0.584314 0.584314 0.584314
vn -0.290301 0.191909 0.937495
v 0.316024 -0.289565 -0.021485 0.584314 0.584314 0.584314
vn 0.172738 0.787188 0.592028
v 0.401277 -0.295519 -0.016135 0.584314 0.584314 0.584314
vn -0.042383 -0.574824 -0.817179
v 0.317175 -0.297881 -0.046788 0.584314 0.584314 0.584314
vn 0.759809 0.078672 0.645369
v 0.002603 -0.294024 -0.074757 0.584314 0.584314 0.584314
vn -0.259429 -0.588640 -0.765637
v 0.341266 -0.291636 -0.049641 0.584314 0.584314 0.584314
vn 0.086113 -0.644396 -0.759828
v 0.348296 -0.289134 -0.056950 0.584314 0.584314 0.584314
vn -0.502883 -0.111108 -0.857184
v 0.030606 -0.285595 0.050607 0.584314 0.584314 0.584314
vn -0.305125 -0.070383 0.949708
v 0.338973 -0.296516 -0.023434 0.584314 0.584314 0.584314
vn -0.163038 -0.325363 -0.931428
v -0.044803 -0.296593 -0.126942 0.584314 0.584314 0.584314
vn -0.477972 -0.301923 -0.824855
v -0.063046 -0.294023 -0.120068 0.584314 0.584314 0.584314
vn 0.976084 -0.023479 -0.216123
v 0.087359 -0.295692 0.064199 0.584314 0.584314 0.584314
vn -0.137833 -0.250946 -0.958138
v 0.294193 -0.292413 -0.040210 0.584314 0.584314 0.584314
vn -0.268520 -0.072066 0.960575
v 0.039551 -0.286404 0.118104 0.584314 0.584314 0.584314
vn 0.052598 0.121168 -0.991238
v -0.042243 -0.286971 -0.126992 0.584314 0.584314 0.584314
vn -0.386516 0.045724 0.921148
v -0.065467 -0.289454 -0.055029 0.584314 0.584314 0.584314
vn 0.509091 0.506638 -0.695805
v 0.393902 -0.292096 -0.033663 0.584314 0.584314 0.584314
vn -0.895098 -0.043525 -0.443740
v 0.013999 -0.288333 0.065128 0.584314 0.584314 0.584314
vn 0.565736 0.281589 0.775017
v -0.008681 -0.287235 -0.069807 0.584314 0.584314 0.584314
vn -0.730986 -0.079527 0.677742
v 0.022243 -0.287678 0.108601 0.584314 0.584314 0.584314
vn 0.587344 0.198877 -0.784522
v 0.071567 -0.283303 0.043884 0.584314 0.584314 0.584314
vn -0.339633 -0.248610 -0.907107
v 0.317353 -0.287426 -0.051329 0.584314 0.584314 0.584314
vn 0.491688 0.567023 -0.660854
v 0.393425 -0.297569 -0.036234 0.584314 0.584314 0.584314
vn -0.896243 -0.142204 0.420151
v 0.013876 -0.291450 0.096495 0.584314 0.584314 0.584314
vn -0.869353 -0.145435 0.472307
v -0.079903 -0.292966 -0.065881 0.584314 0.584314 0.584314
vn -0.171648 0.016327 0.985023
v 0.313504 -0.278643 -0.027382 0.584314 0.584314 0.584314
vn -0.258319 -0.850428 -0.458305
v 0.284701 -0.294225 -0.037708 0.584314 0.584314 0.584314
vn 0.763814 0.056282 0.642978
v -0.016695 -0.296809 -0.055560 0.584314 0.584314 0.584314
vn -0.205445 0.101645 0.973376
v 0.303253 -0.290256 -0.027094 0.584314 0.584314 0.584314
vn 0.164890 0.137645 -0.976660
v 0.059656 -0.291191 0.037199 0.584314 0.584314 0.584314
vn -0.987105 -0.091309 0.131480
v 0.010817 -0.287271 0.087933 0.584314 0.584314 0.584314
vn -0.963306 -0.246531 -0.106130
v 0.011617 -0.292456 0.076662 0.584314 0.584314 0.584314
vn -0.074264 -0.224263 0.971695
v 0.337682 -0.284819 -0.017516 0.584314 0.584314 0.584314
vn 0.872558 0.157177 -0.462534
v 0.082872 -0.290256 0.054449 0.584314 0.584314 0.584314
vn 0.994038 -0.024183 -0.106322
v 0.090379 -0.290169 0.080249 0.584314 0.584314 0.584314
vn 0.951349 0.191671 -0.241243
v 0.087359 -0.284129 0.073001 0.584314 0.584314 0.584314
vn 0.671154 -0.506126 0.541654
v 0.085256 -0.293828 0.100920 0.584314 0.584314 0.584314
vn 0.958080 0.009375 0.286348
v 0.089926 -0.287984 0.093144 0.584314 0.584314 0.584314
vn 0.118652 0.969263 -0.215525
v 0.400673 -0.288357 -0.027957 0.584314 0.584314 0.584314
vn 0.696409 0.515998 -0.498759
v 0.407612 -0.291763 -0.027784 0.584314 0.584314 0.584314
vn -0.176101 0.003533 0.984366
v 0.372073 -0.292735 -0.005147 0.584314 0.584314 0.584314
vn 0.846542 0.220855 -0.484345
v -0.002641 -0.283385 -0.109609 0.584314 0.584314 0.584314
vn 0.446439 -0.413538 0.793523
v 0.075215 -0.290676 0.112712 0.584314 0.584314 0.584314
vn -0.210612 -0.494992 -0.842986
v 0.275245 -0.289016 -0.042976 0.584314 0.584314 0.584314
vn -0.681510 -0.144397 -0.717421
v 0.019629 -0.291406 0.058137 0.584314 0.584314 0.584314
vn -0.615140 -0.229770 -0.754194
v 0.044042 -0.291636 0.042368 0.584314 0.584314 0.584314
vn -0.577201 -0.565668 0.588948
v 0.271019 -0.288312 -0.027037 0.584314 0.584314 0.584314
vn 0.729579 0.614469 -0.300237
v 0.388766 -0.278604 -0.032070 0.584314 0.584314 0.584314
vn 0.459946 0.287299 -0.840184
v -0.008015 -0.283909 -0.115695 0.584314 0.584314 0.584314
vn -0.904801 0.151620 -0.397927
v -0.074981 -0.270596 -0.102230 0.584314 0.584314 0.584314
vn 0.962627 0.189269 -0.193717
v 0.001319 -0.286689 -0.099316 0.584314 0.584314 0.584314
vn -0.125614 0.836433 0.533480
v 0.400846 -0.290601 -0.021140 0.584314 0.584314 0.584314
vn -0.009873 -0.498066 -0.867083
v 0.295746 -0.286373 -0.042453 0.584314 0.584314 0.584314
vn -0.969174 -0.189316 0.157673
v -0.081500 -0.292999 -0.071725 0.584314 0.584314 0.584314
vn -0.992269 0.041977 -0.116793
v 0.010993 -0.279124 0.077488 0.584314 0.584314 0.584314
vn 0.034352 -0.248180 0.968105
v 0.050929 -0.288702 0.119672 0.584314 0.584314 0.584314
vn -0.960644 -0.053313 -0.272620
v -0.081240 -0.286699 -0.090223 0.584314 0.584314 0.584314
vn 0.968952 0.246512 0.019080
v 0.089765 -0.278265 0.087150 0.584314 0.584314 0.584314
vn -0.217845 0.143593 0.965362
v -0.058210 -0.272566 -0.055224 0.584314 0.584314 0.584314
vn 0.714403 0.290276 0.636686
v -0.000680 -0.278549 -0.076448 0.584314 0.584314 0.584314
vn -0.585436 -0.781591 -0.215362
v 0.272150 -0.292453 -0.038124 0.584314 0.584314 0.584314
vn -0.951380 -0.308020 -0.000701
v 0.267289 -0.283973 -0.033402 0.584314 0.584314 0.584314
vn -0.084684 -0.063349 0.994392
v 0.290418 -0.276917 -0.023171 0.584314 0.584314 0.584314
vn -0.630125 0.025340 0.776080
v -0.075121 -0.292558 -0.060305 0.584314 0.584314 0.584314
vn 0.827699 0.266345 -0.493939
v 0.082302 -0.279716 0.056147 0.584314 0.584314 0.584314
vn 0.323670 0.761860 0.561077
v 0.389754 -0.291464 -0.021227 0.584314 0.584314 0.584314
vn -0.284886 0.100463 0.953282
v 0.329518 -0.280247 -0.019200 0.584314 0.584314 0.584314
vn -0.312671 -0.198222 -0.928948
v 0.301691 -0.287297 -0.042630 0.584314 0.584314 0.584314
vn 0.421197 0.862360 0.280941
v 0.393757 -0.287710 -0.026089 0.584314 0.584314 0.584314
vn 0.210704 0.737057 0.642146
v 0.374520 -0.285055 -0.009265 0.584314 0.584314 0.584314
vn -0.263215 -0.234259 -0.935864
v 0.277813 -0.281309 -0.045931 0.584314 0.584314 0.584314
vn 0.247150 0.874233 0.417893
v 0.406098 -0.288727 -0.020663 0.584314 0.584314 0.584314
vn -0.267744 0.035335 0.962842
v 0.040504 -0.272653 0.117526 0.584314 0.584314 0.584314
vn -0.803341 -0.221078 -0.552963
v -0.072444 -0.293537 -0.112904 0.584314 0.584314 0.584314
vn -0.489921 0.198683 -0.848824
v 0.040763 -0.276622 0.046855 0.584314 0.584314 0.584314
vn 0.297118 0.604635 -0.739011
v 0.373431 -0.289663 -0.054847 0.584314 0.584314 0.584314
vn 0.666346 0.280902 -0.690708
v 0.368142 -0.275500 -0.043403 0.584314 0.584314 0.584314
vn 0.418506 0.644408 -0.639994
v 0.375736 -0.283525 -0.044179 0.584314 0.584314 0.584314
vn -0.590181 0.121875 -0.798018
v -0.065610 -0.280185 -0.117552 0.584314 0.584314 0.584314
vn -0.889770 0.027471 0.455581
v 0.015308 -0.272782 0.098456 0.584314 0.584314 0.584314
vn -0.973348 0.062411 0.220678
v 0.012374 -0.278175 0.091725 0.584314 0.584314 0.584314
vn 0.400188 0.804693 0.438542
v 0.384917 -0.276940 -0.028656 0.584314 0.584314 0.584314
vn -0.299648 -0.358768 -0.884023
v 0.284469 -0.276688 -0.049301 0.584314 0.584314 0.584314
vn -0.885502 0.104079 -0.452828
v 0.014962 -0.273861 0.065753 0.584314 0.584314 0.584314
vn 0.731232 0.297305 0.613929
v -0.015615 -0.284524 -0.062319 0.584314 0.584314 0.584314
vn -0.500458 -0.001540 0.865759
v 0.028179 -0.282207 0.112945 0.584314 0.584314 0.584314
vn 0.217559 -0.168367 0.961416
v 0.062230 -0.286317 0.118662 0.584314 0.584314 0.584314
vn -0.180495 -0.416475 -0.891050
v 0.305585 -0.281219 -0.045052 0.584314 0.584314 0.584314
vn 0.561099 0.494160 -0.664058
v 0.365661 -0.281347 -0.048720 0.584314 0.584314 0.584314
vn 0.985593 0.158931 0.057851
v 0.003813 -0.290559 -0.082670 0.584314 0.584314 0.584314
vn -0.305566 -0.125066 0.943922
v 0.342162 -0.277245 -0.016245 0.584314 0.584314 0.584314
vn 0.301926 0.328982 -0.894769
v 0.064366 -0.273044 0.043772 0.584314 0.584314 0.584314
vn -0.623392 0.107975 -0.774419
v 0.023518 -0.278667 0.054468 0.584314 0.584314 0.584314
vn 0.386568 0.221854 0.895179
v -0.008767 -0.275241 -0.074467 0.584314 0.584314 0.584314
vn -0.994693 0.062641 -0.081616
v -0.082357 -0.282525 -0.084070 0.584314 0.584314 0.584314
vn -0.279698 -0.299174 -0.912285
v 0.339581 -0.281282 -0.060315 0.584314 0.584314 0.584314
vn 0.481235 0.679399 -0.553922
v 0.384440 -0.279337 -0.037333 0.584314 0.584314 0.584314
vn -0.122487 -0.108140 0.986561
v 0.275379 -0.287038 -0.025381 0.584314 0.584314 0.584314
vn -0.213731 0.217680 0.952331
v 0.348969 -0.271796 -0.009836 0.584314 0.584314 0.584314
vn -0.010754 -0.016191 0.999811
v 0.304135 -0.283860 -0.026956 0.584314 0.584314 0.584314
vn -0.192960 -0.211803 0.958074
v 0.325193 -0.264315 -0.021811 0.584314 0.584314 0.584314
vn -0.145526 0.052553 0.987958
v 0.358932 -0.283083 -0.013961 0.584314 0.584314 0.584314
vn 0.007904 0.061519 0.998075
v 0.053706 -0.273084 0.119079 0.584314 0.584314 0.584314
vn -0.855967 0.127213 -0.501135
v -0.074747 -0.280153 -0.106851 0.584314 0.584314 0.584314
vn 0.916490 0.393332 -0.073043
v 0.087336 -0.272501 0.084619 0.584314 0.584314 0.584314
vn -0.276501 -0.212784 -0.937161
v 0.327704 -0.281813 -0.056828 0.584314 0.584314 0.584314
vn -0.365480 0.162040 -0.916607
v -0.057089 -0.266699 -0.119509 0.584314 0.584314 0.584314
vn -0.092844 -0.328923 -0.939782
v 0.348228 -0.282593 -0.065066 0.584314 0.584314 0.584314
vn -0.366223 0.078338 -0.927224
v 0.049068 -0.284805 0.038898 0.584314 0.584314 0.584314
vn -0.057621 -0.639876 -0.766315
v 0.294093 -0.277870 -0.051263 0.584314 0.584314 0.584314
vn 0.466882 0.743856 0.478226
v 0.380583 -0.285042 -0.018962 0.584314 0.584314 0.584314
vn 0.570397 0.397309 -0.718883
v 0.069110 -0.262304 0.051229 0.584314 0.584314 0.584314
vn 0.876718 0.324515 0.355043
v 0.085379 -0.274835 0.096595 0.584314 0.584314 0.584314
vn 0.803845 0.314814 0.504704
v 0.078902 -0.269546 0.103979 0.584314 0.584314 0.584314
vn -0.109425 -0.172912 -0.978840
v 0.333812 -0.270442 -0.058113 0.584314 0.584314 0.584314
vn 0.684526 0.019067 -0.728739
v 0.359573 -0.280278 -0.057815 0.584314 0.584314 0.584314
vn -0.475131 -0.466035 -0.746365
v 0.267106 -0.272483 -0.041692 0.584314 0.584314 0.584314
vn 0.942902 0.325922 -0.068640
v -0.005402 -0.261263 -0.094140 0.584314 0.584314 0.584314
vn 0.922146 0.282191 0.264603
v -0.009032 -0.249482 -0.083004 0.584314 0.584314 0.584314
vn 0.781024 0.312479 0.540701
v -0.007481 -0.258336 -0.079287 0.584314 0.584314 0.584314
vn -0.728039 0.054499 0.683366
v 0.020826 -0.267942 0.106531 0.584314 0.584314 0.584314
vn -0.068281 0.232222 -0.970263
v -0.047630 -0.269150 -0.122027 0.584314 0.584314 0.584314
vn 0.897167 0.360825 -0.254748
v 0.081232 -0.270495 0.063509 0.584314 0.584314 0.584314
vn 0.463687 0.270594 0.843667
v -0.026196 -0.277383 -0.054605 0.584314 0.584314 0.584314
vn -0.271671 -0.455660 -0.847684
v 0.321539 -0.270521 -0.055337 0.584314 0.584314 0.584314
vn -0.238783 0.104005 -0.965487
v 0.339322 -0.269719 -0.058935 0.584314 0.584314 0.584314
vn -0.086601 0.029151 0.995817
v 0.279610 -0.270064 -0.027871 0.584314 0.584314 0.584314
vn -0.057327 0.007635 0.998326
v 0.299370 -0.271186 -0.022952 0.584314 0.584314 0.584314
vn -0.243204 -0.425593 -0.871621
v 0.313197 -0.277505 -0.049203 0.584314 0.584314 0.584314
vn 0.568596 0.267636 0.777862
v -0.007494 -0.266025 -0.075734 0.584314 0.584314 0.584314
vn -0.514700 -0.493320 0.701227
v 0.266235 -0.275414 -0.030114 0.584314 0.584314 0.584314
vn -0.125024 -0.798128 0.589373
v 0.259195 -0.272718 -0.029911 0.584314 0.584314 0.584314
vn -0.172653 -0.938800 -0.298070
v 0.258068 -0.274378 -0.038211 0.584314 0.584314 0.584314
vn 0.584705 0.434365 -0.685163
v 0.358764 -0.269494 -0.050065 0.584314 0.584314 0.584314
vn 0.592918 0.344153 -0.728016
v 0.365755 -0.264262 -0.045564 0.584314 0.584314 0.584314
vn 0.483399 0.132865 0.865258
v 0.069358 -0.278300 0.116370 0.584314 0.584314 0.584314
vn 0.430493 0.694992 0.575902
v 0.370329 -0.277721 -0.025201 0.584314 0.584314 0.584314
vn -0.052858 -0.187850 0.980774
v 0.282295 -0.282751 -0.025622 0.584314 0.584314 0.584314
vn 0.340295 0.531017 0.776029
v 0.363389 -0.279716 -0.015650 0.584314 0.584314 0.584314
vn 0.581034 0.582850 0.568055
v 0.368574 -0.272739 -0.027957 0.584314 0.584314 0.584314
vn 0.890116 0.421763 -0.172655
v 0.077435 -0.258156 0.077574 0.584314 0.584314 0.584314
vn 0.930234 0.358443 0.078630
v 0.079765 -0.256085 0.089827 0.584314 0.584314 0.584314
vn 0.899312 0.416400 0.133600
v 0.083389 -0.264369 0.089914 0.584314 0.584314 0.584314
vn -0.177213 0.324909 -0.928994
v 0.048551 -0.265101 0.044341 0.584314 0.584314 0.584314
vn 0.763010 0.083301 0.640996
v 0.081241 -0.284227 0.109558 0.584314 0.584314 0.584314
vn 0.876871 0.317799 -0.360694
v -0.004255 -0.270674 -0.103549 0.584314 0.584314 0.584314
vn -0.138864 -0.062472 0.988339
v 0.311544 -0.262927 -0.021059 0.584314 0.584314 0.584314
vn 0.557944 0.778340 -0.287900
v 0.374800 -0.272620 -0.034443 0.584314 0.584314 0.584314
vn 0.502350 0.544184 0.671943
v 0.355666 -0.269315 -0.012238 0.584314 0.584314 0.584314
vn 0.333710 0.269317 -0.903386
v -0.033749 -0.276382 -0.122534 0.584314 0.584314 0.584314
vn -0.472699 0.302227 -0.827777
v 0.026777 -0.266583 0.055688 0.584314 0.584314 0.584314
vn 0.197401 0.247223 -0.948638
v -0.039658 -0.261263 -0.119337 0.584314 0.584314 0.584314
vn 0.105916 -0.698585 -0.707644
v 0.326551 -0.266267 -0.062300 0.584314 0.584314 0.584314
vn 0.732218 0.344042 0.587786
v -0.023609 -0.269546 -0.061868 0.584314 0.584314 0.584314
vn 0.526367 0.332868 0.782392
v -0.028959 -0.266958 -0.057295 0.584314 0.584314 0.584314
vn 0.670865 0.346123 0.655850
v -0.015037 -0.276727 -0.070226 0.584314 0.584314 0.584314
vn -0.389308 -0.312807 -0.866367
v 0.252264 -0.264145 -0.045170 0.584314 0.584314 0.584314
vn -0.034173 0.099907 0.994410
v 0.287494 -0.263315 -0.028184 0.584314 0.584314 0.584314
vn -0.377553 -0.187697 -0.906765
v 0.297041 -0.269122 -0.055979 0.584314 0.584314 0.584314
vn 0.924126 0.339832 -0.174660
v 0.370903 -0.267734 -0.037708 0.584314 0.584314 0.584314
vn -0.583842 -0.793300 -0.172639
v 0.249257 -0.272947 -0.036608 0.584314 0.584314 0.584314
vn 0.359816 0.454106 -0.815059
v 0.350743 -0.270267 -0.061418 0.584314 0.584314 0.584314
vn 0.294242 0.121672 0.947954
v 0.061345 -0.270147 0.117616 0.584314 0.584314 0.584314
vn 0.113070 -0.246097 0.962627
v 0.263819 -0.264887 -0.026231 0.584314 0.584314 0.584314
vn 0.110709 0.194853 0.974565
v -0.041643 -0.264196 -0.054361 0.584314 0.584314 0.584314
vn -0.057492 -0.171435 0.983517
v 0.271326 -0.266958 -0.028043 0.584314 0.584314 0.584314
vn -0.083155 -0.033970 0.995957
v 0.295156 -0.257229 -0.028673 0.584314 0.584314 0.584314
vn 0.847823 0.433177 -0.305866
v 0.074805 -0.254506 0.064430 0.584314 0.584314 0.584314
vn 0.772378 0.250277 0.583776
v 0.369436 -0.263851 -0.031667 0.584314 0.584314 0.584314
vn -0.988080 0.050070 0.145575
v 0.012460 -0.264369 0.089051 0.584314 0.584314 0.584314
vn 0.534904 0.249598 0.807204
v -0.017062 -0.264203 -0.072812 0.584314 0.584314 0.584314
vn -0.284844 -0.277897 -0.917408
v 0.279819 -0.264696 -0.046610 0.584314 0.584314 0.584314
vn -0.939795 0.157042 0.303517
v -0.078861 -0.265827 -0.075161 0.584314 0.584314 0.584314
vn 0.507013 0.060525 -0.859811
v 0.339581 -0.261435 -0.059021 0.584314 0.584314 0.584314
vn -0.119955 0.151508 0.981150
v -0.050186 -0.258329 -0.055656 0.584314 0.584314 0.584314
vn -0.607386 0.010025 0.794344
v 0.026007 -0.258415 0.109932 0.584314 0.584314 0.584314
vn -0.992161 0.073308 -0.101203
v 0.011511 -0.272739 0.076280 0.584314 0.584314 0.584314
vn 0.918431 0.251974 0.304950
v 0.075786 -0.249438 0.097783 0.584314 0.584314 0.584314
vn 0.719349 0.150961 0.678047
v 0.070461 -0.251910 0.108045 0.584314 0.584314 0.584314
vn 0.698647 0.305218 0.647096
v -0.026456 -0.256948 -0.065838 0.584314 0.584314 0.584314
vn 0.944346 0.314740 0.095654
v -0.001422 -0.270805 -0.084619 0.584314 0.584314 0.584314
vn 0.540922 0.363894 -0.758277
v -0.010463 -0.265130 -0.109282 0.584314 0.584314 0.584314
vn 0.077208 0.077316 0.994013
v 0.053188 -0.258156 0.117871 0.584314 0.584314 0.584314
vn -0.211665 0.117445 0.970260
v 0.341497 -0.265299 -0.018036 0.584314 0.584314 0.584314
vn -0.611084 -0.345514 0.712177
v 0.247556 -0.265826 -0.025533 0.584314 0.584314 0.584314
vn -0.454190 -0.584976 -0.671948
v 0.322150 -0.261004 -0.066183 0.584314 0.584314 0.584314
vn -0.709960 0.167600 -0.684008
v -0.067331 -0.266704 -0.113244 0.584314 0.584314 0.584314
vn 0.084658 -0.276105 0.957392
v 0.256978 -0.267359 -0.024558 0.584314 0.584314 0.584314
vn 0.330873 0.280251 -0.901101
v -0.024786 -0.261149 -0.110503 0.584314 0.584314 0.584314
vn -0.249749 0.094710 0.963668
v -0.052226 -0.242107 -0.057970 0.584314 0.584314 0.584314
vn -0.516625 0.061645 0.853990
v -0.063129 -0.240898 -0.062990 0.584314 0.584314 0.584314
vn -0.481887 0.174850 0.858611
v -0.067029 -0.261241 -0.061037 0.584314 0.584314 0.584314
vn -0.959561 0.084667 -0.268465
v 0.013538 -0.258446 0.074250 0.584314 0.584314 0.584314
vn -0.833311 0.120575 -0.539494
v -0.070722 -0.261090 -0.107170 0.584314 0.584314 0.584314
vn -0.799724 0.035411 -0.599323
v -0.067702 -0.249614 -0.109413 0.584314 0.584314 0.584314
vn -0.165943 0.187110 -0.968221
v -0.053033 -0.261263 -0.119682 0.584314 0.584314 0.584314
vn -0.023089 -0.472703 -0.880919
v 0.308618 -0.266374 -0.060198 0.584314 0.584314 0.584314
vn -0.930505 -0.195536 -0.309720
v 0.246069 -0.261238 -0.040798 0.584314 0.584314 0.584314
vn -0.089236 -0.084291 0.992437
v 0.269342 -0.256776 -0.025023 0.584314 0.584314 0.584314
vn -0.369370 -0.121411 -0.921317
v 0.303536 -0.263023 -0.060559 0.584314 0.584314 0.584314
vn -0.314158 -0.174529 -0.933190
v 0.314298 -0.255654 -0.062731 0.584314 0.584314 0.584314
vn 0.426870 0.556906 0.712487
v 0.346391 -0.260735 -0.021122 0.584314 0.584314 0.584314
vn -0.097870 0.176322 0.979455
v 0.256398 -0.257034 -0.026317 0.584314 0.584314 0.584314
vn -0.225424 -0.009552 0.974214
v 0.321179 -0.256331 -0.019933 0.584314 0.584314 0.584314
vn 0.651131 0.674181 0.348581
v 0.367598 -0.257186 -0.032909 0.584314 0.584314 0.584314
vn 0.565985 0.758778 -0.322363
v 0.364630 -0.257711 -0.040740 0.584314 0.584314 0.584314
vn -0.264489 -0.409478 -0.873140
v 0.267184 -0.258659 -0.050644 0.584314 0.584314 0.584314
vn -0.693936 0.141395 0.706017
v 0.245982 -0.255679 -0.028589 0.584314 0.584314 0.584314
vn 0.585367 0.475434 0.656740
v 0.341134 -0.255395 -0.019242 0.584314 0.584314 0.584314
vn -0.785330 0.180504 0.592179
v -0.072668 -0.261193 -0.065606 0.584314 0.584314 0.584314
vn -0.084180 -0.054349 0.994967
v 0.044646 -0.249786 0.118044 0.584314 0.584314 0.584314
vn -0.452172 -0.042289 0.890928
v 0.032738 -0.252375 0.114074 0.584314 0.584314 0.584314
vn -0.979740 0.133341 0.149430
v -0.077953 -0.253731 -0.079211 0.584314 0.584314 0.584314
vn 0.348060 0.573937 0.741249
v 0.359522 -0.263700 -0.027380 0.584314 0.584314 0.584314
vn -0.489667 0.016494 -0.871754
v 0.261013 -0.253531 -0.048503 0.584314 0.584314 0.584314
vn -0.300083 -0.421387 -0.855794
v 0.290077 -0.259192 -0.051004 0.584314 0.584314 0.584314
vn 0.440853 0.261252 0.858718
v -0.033043 -0.261227 -0.057238 0.584314 0.584314 0.584314
vn -0.493318 0.271057 -0.826538
v 0.036718 -0.254400 0.056566 0.584314 0.584314 0.584314
vn -0.175064 -0.553563 -0.814200
v 0.275108 -0.254753 -0.056122 0.584314 0.584314 0.584314
vn -0.777131 -0.541583 0.320555
v 0.243541 -0.252461 -0.033134 0.584314 0.584314 0.584314
vn 0.207033 0.202929 0.957056
v -0.038596 -0.257047 -0.056468 0.584314 0.584314 0.584314
vn 0.417528 0.675164 0.608132
v 0.351055 -0.260863 -0.027787 0.584314 0.584314 0.584314
vn 0.376626 0.730856 0.569212
v 0.356407 -0.255654 -0.032444 0.584314 0.584314 0.584314
vn -0.381654 0.319282 -0.867409
v 0.045349 -0.257566 0.049084 0.584314 0.584314 0.584314
vn -0.266149 -0.328727 -0.906148
v 0.326783 -0.260175 -0.069513 0.584314 0.584314 0.584314
vn -0.554023 0.158821 -0.817211
v 0.020270 -0.240873 0.067730 0.584314 0.584314 0.584314
vn -0.955784 0.099931 -0.276568
v -0.075100 -0.251533 -0.093968 0.584314 0.584314 0.584314
vn -0.474778 0.157550 -0.865889
v 0.032910 -0.236239 0.063336 0.584314 0.584314 0.584314
vn 0.718357 0.450573 -0.530045
v 0.335685 -0.252443 -0.063378 0.584314 0.584314 0.584314
vn 0.406590 0.218113 -0.887193
v -0.026974 -0.249096 -0.108033 0.584314 0.584314 0.584314
vn -0.066522 -0.094065 0.993341
v 0.289965 -0.247370 -0.024333 0.584314 0.584314 0.584314
vn 0.511537 0.195024 0.836836
v -0.014290 -0.252720 -0.075588 0.584314 0.584314 0.584314
vn -0.126836 -0.107515 0.986080
v 0.309045 -0.248197 -0.024377 0.584314 0.584314 0.584314
vn 0.154399 0.371039 -0.915692
v 0.056950 -0.254621 0.049286 0.584314 0.584314 0.584314
vn 0.597901 0.455939 -0.659268
v 0.346949 -0.260526 -0.050280 0.584314 0.584314 0.584314
vn 0.561858 0.525085 -0.639219
v 0.347876 -0.244345 -0.046388 0.584314 0.584314 0.584314
vn 0.855633 0.348050 -0.383084
v -0.009180 -0.254074 -0.099240 0.584314 0.584314 0.584314
vn -0.345886 0.099654 -0.932969
v 0.042492 -0.227578 0.058056 0.584314 0.584314 0.584314
vn -0.321184 0.155488 -0.934165
v 0.318095 -0.252634 -0.064457 0.584314 0.584314 0.584314
vn -0.719326 -0.110193 0.685877
v 0.019104 -0.241071 0.105445 0.584314 0.584314 0.584314
vn -0.433530 -0.160134 0.886797
v 0.032220 -0.243832 0.114851 0.584314 0.584314 0.584314
vn 0.934373 0.330894 -0.132124
v 0.072517 -0.247198 0.076884 0.584314 0.584314 0.584314
vn 0.409609 0.308111 -0.858655
v -0.016356 -0.255032 -0.107699 0.584314 0.584314 0.584314
vn 0.354085 -0.001134 -0.935213
v 0.330823 -0.255986 -0.070232 0.584314 0.584314 0.584314
vn 0.492690 0.482233 0.724367
v 0.345276 -0.249872 -0.030546 0.584314 0.584314 0.584314
vn -0.472878 -0.114030 -0.873718
v 0.270951 -0.247835 -0.056131 0.584314 0.584314 0.584314
vn 0.010120 -0.071279 0.997405
v 0.276490 -0.253881 -0.023274 0.584314 0.584314 0.584314
vn -0.130590 -0.523551 -0.841927
v 0.285810 -0.251758 -0.059973 0.584314 0.584314 0.584314
vn 0.744202 0.421082 -0.518510
v 0.074126 -0.261974 0.056405 0.584314 0.584314 0.584314
vn 0.704226 0.573198 -0.418940
v 0.353908 -0.253027 -0.041052 0.584314 0.584314 0.584314
vn 0.632223 0.468078 -0.617412
v 0.338875 -0.249511 -0.053204 0.584314 0.584314 0.584314
vn 0.617507 0.329207 -0.714359
v -0.014579 -0.247643 -0.104040 0.584314 0.584314 0.584314
vn -0.151125 0.311382 0.938191
v 0.272282 -0.246548 -0.025620 0.584314 0.584314 0.584314
vn -0.591440 -0.112531 -0.798458
v 0.247113 -0.253325 -0.040882 0.584314 0.584314 0.584314
vn -0.998783 -0.048761 -0.007457
v 0.012607 -0.243688 0.084682 0.584314 0.584314 0.584314
vn -0.900908 -0.026429 0.433204
v 0.015184 -0.250250 0.096729 0.584314 0.584314 0.584314
vn 0.459725 0.473788 0.751118
v 0.348494 -0.245545 -0.033179 0.584314 0.584314 0.584314
vn 0.126135 -0.010967 0.991952
v 0.338169 -0.260294 -0.016509 0.584314 0.584314 0.584314
vn -0.164072 -0.426096 -0.889676
v 0.303572 -0.248552 -0.060188 0.584314 0.584314 0.584314
vn -0.125296 0.239121 0.962872
v 0.329141 -0.249200 -0.017690 0.584314 0.584314 0.584314
vn 0.114523 -0.075255 0.990566
v 0.264078 -0.237878 -0.030718 0.584314 0.584314 0.584314
vn -0.147581 -0.474669 -0.867704
v 0.292726 -0.245989 -0.063767 0.584314 0.584314 0.584314
vn -0.235000 0.252537 0.938616
v 0.282026 -0.237619 -0.028733 0.584314 0.584314 0.584314
vn -0.524005 0.124827 -0.842519
v -0.060537 -0.254665 -0.115960 0.584314 0.584314 0.584314
vn -0.188992 -0.468158 -0.863198
v 0.296499 -0.254407 -0.056645 0.584314 0.584314 0.584314
vn -0.166834 0.110686 -0.979753
v -0.054106 -0.248796 -0.117577 0.584314 0.584314 0.584314
vn 0.421599 0.672027 0.608797
v 0.338041 -0.244953 -0.030363 0.584314 0.584314 0.584314
vn 0.550953 0.204376 0.809124
v -0.023514 -0.248881 -0.073877 0.584314 0.584314 0.584314
vn -0.385146 -0.395613 -0.833758
v 0.265186 -0.237630 -0.049384 0.584314 0.584314 0.584314
vn -0.064965 -0.049989 0.996635
v 0.254507 -0.244752 -0.030762 0.584314 0.584314 0.584314
vn 0.328972 0.161108 -0.930495
v -0.040625 -0.249911 -0.117267 0.584314 0.584314 0.584314
vn 0.949953 0.305241 -0.066466
v 0.069583 -0.238741 0.076884 0.584314 0.584314 0.584314
vn 0.448919 0.069209 -0.890888
v -0.040230 -0.232420 -0.114720 0.584314 0.584314 0.584314
vn -0.683977 0.204734 -0.700185
v 0.019605 -0.255118 0.065032 0.584314 0.584314 0.584314
vn 0.499585 0.200105 0.842836
v -0.035166 -0.248261 -0.059951 0.584314 0.584314 0.584314
vn -0.204620 0.081492 0.975443
v 0.293083 -0.241305 -0.023380 0.584314 0.584314 0.584314
vn 0.309505 0.569678 -0.761363
v 0.326551 -0.246939 -0.064457 0.584314 0.584314 0.584314
vn 0.497312 0.116880 -0.859663
v -0.031202 -0.237792 -0.108637 0.584314 0.584314 0.584314
vn -0.925471 0.063352 -0.373485
v -0.073915 -0.243573 -0.096815 0.584314 0.584314 0.584314
vn 0.010337 -0.686429 0.727123
v 0.239658 -0.244350 -0.029251 0.584314 0.584314 0.584314
vn -0.975786 0.054109 0.211931
v -0.075582 -0.234103 -0.080247 0.584314 0.584314 0.584314
vn -0.259930 -0.623438 -0.737402
v 0.240476 -0.248301 -0.040997 0.584314 0.584314 0.584314
vn 0.015663 -0.218981 -0.975603
v 0.317613 -0.246530 -0.064081 0.584314 0.584314 0.584314
vn 0.725463 0.640520 0.251868
v 0.350637 -0.240680 -0.036050 0.584314 0.584314 0.584314
vn -0.980574 0.052187 -0.189081
v -0.075209 -0.232442 -0.089308 0.584314 0.584314 0.584314
vn -0.142603 -0.181432 0.973009
v 0.044312 -0.238256 0.119420 0.584314 0.584314 0.584314
vn 0.380105 0.622314 0.684285
v 0.334299 -0.246699 -0.019240 0.584314 0.584314 0.584314
vn -0.339174 -0.915116 -0.217999
v 0.233258 -0.248816 -0.037229 0.584314 0.584314 0.584314
vn 0.718543 0.194477 0.667738
v -0.032238 -0.247523 -0.062483 0.584314 0.584314 0.584314
vn -0.252746 -0.452534 0.855180
v 0.229668 -0.242915 -0.024501 0.584314 0.584314 0.584314
vn -0.303898 -0.126858 -0.944221
v 0.285973 -0.240393 -0.064122 0.584314 0.584314 0.584314
vn -0.125058 -0.627307 -0.768665
v 0.304698 -0.241918 -0.070034 0.584314 0.584314 0.584314
vn 0.623177 0.210028 -0.753351
v -0.018741 -0.238625 -0.103135 0.584314 0.584314 0.584314
vn 0.967851 0.192181 0.162271
v 0.070052 -0.230078 0.103440 0.584314 0.584314 0.584314
vn -0.241367 -0.335612 -0.910553
v 0.235992 -0.236708 -0.046604 0.584314 0.584314 0.584314
vn 0.926480 0.360611 -0.107681
v 0.074635 -0.243319 0.091470 0.584314 0.584314 0.584314
vn -0.682705 -0.691970 0.234714
v 0.226521 -0.245947 -0.032070 0.584314 0.584314 0.584314
vn 0.558335 0.645436 -0.521225
v 0.331672 -0.241968 -0.051731 0.584314 0.584314 0.584314
vn 0.165886 0.115707 0.979333
v -0.045604 -0.240082 -0.057820 0.584314 0.584314 0.584314
vn -0.207773 -0.415156 -0.885706
v 0.251608 -0.242966 -0.042821 0.584314 0.584314 0.584314
vn -0.657908 -0.416437 -0.627485
v 0.226259 -0.243740 -0.040320 0.584314 0.584314 0.584314
vn 0.721257 0.276400 -0.635131
v 0.323790 -0.238137 -0.059280 0.584314 0.584314 0.584314
vn -0.797756 0.130329 0.588727
v -0.073275 -0.242569 -0.071338 0.584314 0.584314 0.584314
vn 0.606891 0.025836 -0.794365
v -0.023440 -0.221967 -0.103340 0.584314 0.584314 0.584314
vn -0.173442 0.293225 -0.940179
v 0.047801 -0.245342 0.051493 0.584314 0.584314 0.584314
vn -0.344196 0.005278 -0.938883
v 0.292418 -0.236489 -0.065874 0.584314 0.584314 0.584314
vn 0.533917 0.698353 0.476692
v 0.332505 -0.240294 -0.033652 0.584314 0.584314 0.584314
vn -0.048031 -0.577906 -0.814689
v 0.276047 -0.227945 -0.063180 0.584314 0.584314 0.584314
vn -0.696656 -0.649861 -0.303893
v 0.222027 -0.227088 -0.036316 0.584314 0.584314 0.584314
vn 0.170703 0.240034 0.955638
v 0.321191 -0.240875 -0.023242 0.584314 0.584314 0.584314
vn 0.640190 0.759020 -0.118509
v 0.333234 -0.238579 -0.042039 0.584314 0.584314 0.584314
vn 0.314549 0.311701 -0.896605
v 0.055102 -0.235694 0.056699 0.584314 0.584314 0.584314
vn 0.781871 0.322445 -0.533579
v 0.068012 -0.240205 0.064337 0.584314 0.584314 0.584314
vn -0.170957 0.015274 0.985160
v -0.052515 -0.223813 -0.058762 0.584314 0.584314 0.584314
vn -0.535322 -0.093982 0.839403
v -0.063302 -0.220966 -0.063076 0.584314 0.584314 0.584314
vn 0.370694 0.019414 0.928552
v 0.060029 -0.249516 0.115591 0.584314 0.584314 0.584314
vn 0.741306 -0.054954 0.668914
v 0.064677 -0.228347 0.113541 0.584314 0.584314 0.584314
vn 0.153360 0.962993 0.221641
v 0.340779 -0.237915 -0.038042 0.584314 0.584314 0.584314
vn 0.289029 0.025904 -0.956970
v 0.313634 -0.236468 -0.074374 0.584314 0.584314 0.584314
vn 0.678669 0.517200 -0.521453
v 0.315752 -0.230420 -0.068747 0.584314 0.584314 0.584314
vn 0.346325 0.048101 0.936881
v -0.042247 -0.224590 -0.059797 0.584314 0.584314 0.584314
vn 0.578068 0.140439 0.803812
v -0.037073 -0.234391 -0.061708 0.584314 0.584314 0.584314
vn 0.720333 0.081267 0.688851
v -0.034309 -0.224762 -0.065579 0.584314 0.584314 0.584314
vn -0.694129 0.033383 -0.719076
v 0.016269 -0.231751 0.072513 0.584314 0.584314 0.584314
vn -0.400707 -0.399902 -0.824325
v 0.245871 -0.235462 -0.049357 0.584314 0.584314 0.584314
vn 0.093260 -0.237115 0.966995
v 0.254129 -0.230199 -0.024581 0.584314 0.584314 0.584314
vn -0.413217 -0.245968 -0.876785
v 0.230504 -0.226340 -0.044287 0.584314 0.584314 0.584314
vn 0.927960 0.283185 -0.242272
v -0.013407 -0.237234 -0.092266 0.584314 0.584314 0.584314
vn 0.117471 -0.006762 0.993053
v 0.312964 -0.231340 -0.017896 0.584314 0.584314 0.584314
vn -0.751768 0.011992 0.659318
v -0.069142 -0.226822 -0.067468 0.584314 0.584314 0.584314
vn 0.695170 0.217026 0.685301
v 0.321672 -0.231412 -0.023281 0.584314 0.584314 0.584314
vn -0.903193 0.045232 -0.426845
v -0.070291 -0.239647 -0.104667 0.584314 0.584314 0.584314
vn 0.996400 0.061670 -0.058166
v 0.065990 -0.221405 0.086090 0.584314 0.584314 0.584314
vn 0.993118 0.058562 0.101422
v 0.068586 -0.218167 0.105393 0.584314 0.584314 0.584314
vn -0.688457 -0.269790 0.673231
v 0.021434 -0.235376 0.109070 0.584314 0.584314 0.584314
vn 0.522376 0.052215 0.851115
v -0.027060 -0.227006 -0.074208 0.584314 0.584314 0.584314
vn 0.585053 -0.073387 0.807668
v -0.028959 -0.222778 -0.073258 0.584314 0.584314 0.584314
vn -0.897786 0.040754 -0.438543
v 0.014016 -0.238038 0.075567 0.584314 0.584314 0.584314
vn 0.963860 0.257795 -0.067197
v 0.067512 -0.229336 0.085254 0.584314 0.584314 0.584314
vn -0.376666 -0.108459 -0.919978
v 0.301370 -0.236800 -0.070620 0.584314 0.584314 0.584314
vn -0.282227 0.010447 0.959291
v 0.302013 -0.236371 -0.022924 0.584314 0.584314 0.584314
vn -0.321135 0.004002 -0.947025
v -0.057325 -0.227053 -0.115782 0.584314 0.584314 0.584314
vn -0.713389 0.027721 -0.700220
v -0.066047 -0.236199 -0.110903 0.584314 0.584314 0.584314
vn -0.948228 -0.224841 0.224300
v 0.011511 -0.228818 0.094832 0.584314 0.584314 0.584314
vn 0.954424 0.265108 -0.137086
v 0.069068 -0.234599 0.069532 0.584314 0.584314 0.584314
vn 0.524818 -0.026452 -0.850803
v -0.032452 -0.220779 -0.107598 0.584314 0.584314 0.584314
vn 0.933747 0.179207 -0.309841
v 0.329918 -0.235939 -0.049663 0.584314 0.584314 0.584314
vn 0.581584 0.535198 -0.612636
v 0.316541 -0.227265 -0.061868 0.584314 0.584314 0.584314
vn 0.878242 0.363478 0.310765
v 0.330607 -0.232701 -0.038916 0.584314 0.584314 0.584314
vn 0.527555 0.165580 0.833228
v -0.015609 -0.237033 -0.077742 0.584314 0.584314 0.584314
vn 0.981756 0.186228 -0.038404
v -0.015498 -0.226402 -0.088704 0.584314 0.584314 0.584314
vn -0.021495 0.033453 0.999209
v 0.239819 -0.231958 -0.025982 0.584314 0.584314 0.584314
vn 0.646742 0.122937 0.752736
v -0.025642 -0.238120 -0.073818 0.584314 0.584314 0.584314
vn 0.005619 -0.039851 0.999190
v 0.272808 -0.235180 -0.032075 0.584314 0.584314 0.584314
vn -0.964883 -0.107773 -0.239553
v 0.011511 -0.232183 0.083269 0.584314 0.584314 0.584314
vn -0.521680 -0.488786 0.699241
v 0.222220 -0.225894 -0.029982 0.584314 0.584314 0.584314
vn 0.208799 -0.192319 0.958862
v 0.053213 -0.233096 0.119720 0.584314 0.584314 0.584314
vn 0.518264 0.567465 0.639832
v 0.320739 -0.222908 -0.034641 0.584314 0.584314 0.584314
vn 0.571783 0.574775 0.585404
v 0.317166 -0.225295 -0.021534 0.584314 0.584314 0.584314
vn -0.228045 0.241881 -0.943127
v 0.305497 -0.229681 -0.071188 0.584314 0.584314 0.584314
vn -0.857930 -0.406883 0.313691
v 0.008434 -0.216189 0.102200 0.584314 0.584314 0.584314
vn -0.917740 -0.306750 -0.252305
v 0.007887 -0.216306 0.083787 0.584314 0.584314 0.584314
vn -0.198421 -0.545830 -0.814063
v 0.266851 -0.228239 -0.062616 0.584314 0.584314 0.584314
vn -0.017494 -0.131874 0.991112
v 0.232842 -0.239319 -0.024174 0.584314 0.584314 0.584314
vn -0.262679 -0.605102 -0.751566
v 0.253140 -0.231821 -0.056127 0.584314 0.584314 0.584314
vn 0.867974 0.240007 0.434763
v -0.013483 -0.234372 -0.080767 0.584314 0.584314 0.584314
vn -0.510900 0.034739 -0.858938
v 0.028855 -0.224504 0.066788 0.584314 0.584314 0.584314
vn 0.816398 0.243804 0.523502
v 0.331566 -0.225650 -0.039804 0.584314 0.584314 0.584314
vn -0.288136 -0.263930 -0.920499
v 0.291749 -0.226609 -0.064613 0.584314 0.584314 0.584314
vn -0.984975 -0.076619 -0.154772
v -0.074864 -0.223986 -0.092501 0.584314 0.584314 0.584314
vn -0.922794 -0.140945 -0.358589
v -0.074692 -0.215702 -0.097074 0.584314 0.584314 0.584314
vn -0.431846 -0.346893 0.832571
v 0.026180 -0.220793 0.118044 0.584314 0.584314 0.584314
vn 0.172253 0.096271 -0.980337
v 0.043179 -0.214753 0.058245 0.584314 0.584314 0.584314
vn 0.621064 0.044339 -0.782504
v 0.057934 -0.206987 0.064372 0.584314 0.584314 0.584314
vn 0.657878 0.199657 -0.726177
v 0.061645 -0.220621 0.065925 0.584314 0.584314 0.584314
vn 0.822183 0.038536 0.567918
v -0.016907 -0.225921 -0.078485 0.584314 0.584314 0.584314
vn 0.542923 -0.132003 0.829343
v -0.039473 -0.215442 -0.061386 0.584314 0.584314 0.584314
vn 0.116528 -0.163948 0.979562
v 0.263219 -0.226367 -0.025405 0.584314 0.584314 0.584314
vn 0.087662 0.048258 -0.994981
v -0.047006 -0.230718 -0.116369 0.584314 0.584314 0.584314
vn -0.007364 -0.144220 0.989518
v 0.224847 -0.221229 -0.028336 0.584314 0.584314 0.584314
vn 0.859172 0.262182 -0.439413
v 0.065873 -0.227006 0.068773 0.584314 0.584314 0.584314
vn 0.503077 -0.286337 0.815429
v 0.055863 -0.212596 0.124256 0.584314 0.584314 0.584314
vn -0.004214 -0.396886 0.917858
v 0.044559 -0.214926 0.126500 0.584314 0.584314 0.584314
vn -0.375790 -0.244384 0.893901
v 0.035926 -0.234015 0.118498 0.584314 0.584314 0.584314
vn -0.198521 -0.248432 0.948088
v 0.037915 -0.227006 0.121064 0.584314 0.584314 0.584314
vn -0.981644 -0.186772 0.038607
v -0.077539 -0.211733 -0.084217 0.584314 0.584314 0.584314
vn 0.578723 -0.163712 0.798923
v -0.020611 -0.216013 -0.074159 0.584314 0.584314 0.584314
vn -0.711835 -0.191894 -0.675624
v 0.013516 -0.217939 0.073821 0.584314 0.584314 0.584314
vn 0.595079 -0.140339 0.791319
v -0.031394 -0.215709 -0.069452 0.584314 0.584314 0.584314
vn 0.690114 0.343925 -0.636756
v 0.328229 -0.222404 -0.052403 0.584314 0.584314 0.584314
vn 0.033186 -0.421059 0.906426
v 0.220761 -0.218550 -0.026231 0.584314 0.584314 0.584314
vn 0.095199 -0.179228 0.979191
v 0.237879 -0.204679 -0.023371 0.584314 0.584314 0.584314
vn -0.065980 0.046881 0.996719
v 0.217482 -0.210697 -0.024160 0.584314 0.584314 0.584314
vn 0.421850 0.532787 -0.733608
v 0.308969 -0.224431 -0.067545 0.584314 0.584314 0.584314
vn -0.232086 0.285070 0.929984
v 0.309293 -0.224158 -0.020536 0.584314 0.584314 0.584314
vn 0.169042 -0.188845 -0.967348
v 0.299085 -0.221193 -0.068072 0.584314 0.584314 0.584314
vn -0.530125 -0.091931 -0.842921
v 0.251894 -0.227650 -0.056772 0.584314 0.584314 0.584314
vn -0.031829 -0.114594 0.992902
v -0.051998 -0.214408 -0.058244 0.584314 0.584314 0.584314
vn -0.190743 -0.278412 0.941331
v 0.296350 -0.220621 -0.027267 0.584314 0.584314 0.584314
vn 0.568757 0.276032 -0.774805
v 0.058977 -0.227450 0.061498 0.584314 0.584314 0.584314
vn 0.026897 -0.096622 0.994958
v 0.273712 -0.219068 -0.023681 0.584314 0.584314 0.584314
vn -0.105818 -0.296015 -0.949304
v 0.283671 -0.225443 -0.062305 0.584314 0.584314 0.584314
vn -0.053195 0.167030 0.984516
v 0.252650 -0.223160 -0.024607 0.584314 0.584314 0.584314
vn 0.596653 0.319017 0.736365
v 0.306285 -0.212598 -0.027101 0.584314 0.584314 0.584314
vn -0.684519 -0.058919 -0.726610
v -0.064989 -0.221163 -0.111358 0.584314 0.584314 0.584314
vn -0.416351 -0.125405 -0.900514
v 0.036448 -0.213027 0.059367 0.584314 0.584314 0.584314
vn 0.865493 -0.140816 0.480721
v 0.065417 -0.209643 0.115853 0.584314 0.584314 0.584314
vn -0.202206 -0.136715 -0.969753
v -0.053551 -0.206383 -0.117266 0.584314 0.584314 0.584314
vn -0.014591 -0.038575 -0.999149
v -0.049409 -0.212768 -0.116834 0.584314 0.584314 0.584314
vn -0.476141 -0.062407 -0.877152
v -0.061317 -0.217859 -0.114159 0.584314 0.584314 0.584314
vn 0.382419 0.760553 -0.524704
v 0.321755 -0.219004 -0.052792 0.584314 0.584314 0.584314
vn -0.485183 -0.837734 -0.250599
v 0.209771 -0.223913 -0.039350 0.584314 0.584314 0.584314
vn -0.644214 -0.332436 0.688821
v 0.205658 -0.217233 -0.024995 0.584314 0.584314 0.584314
vn -0.113179 -0.566610 -0.816176
v 0.284728 -0.218886 -0.071479 0.584314 0.584314 0.584314
vn 0.925746 0.066958 -0.372171
v -0.018248 -0.219979 -0.096315 0.584314 0.584314 0.584314
vn -0.457377 -0.050238 -0.887853
v 0.265589 -0.216258 -0.065864 0.584314 0.584314 0.584314
vn -0.240741 0.044996 0.969546
v 0.293594 -0.223369 -0.028336 0.584314 0.584314 0.584314
vn -0.092476 -0.065552 0.993555
v 0.284852 -0.226997 -0.029130 0.584314 0.584314 0.584314
vn -0.264908 -0.796695 0.543232
v 0.215155 -0.224041 -0.031225 0.584314 0.584314 0.584314
vn -0.299746 -0.313244 -0.901127
v 0.244232 -0.215702 -0.050737 0.584314 0.584314 0.584314
vn 0.722901 0.441585 -0.531429
v 0.310888 -0.215759 -0.056479 0.584314 0.584314 0.584314
vn 0.175085 -0.262047 0.949040
v -0.044398 -0.205944 -0.056838 0.584314 0.584314 0.584314
vn -0.487274 -0.149794 -0.860306
v 0.026747 -0.213498 0.067724 0.584314 0.584314 0.584314
vn -0.891546 -0.091593 0.443572
v -0.074346 -0.221052 -0.073431 0.584314 0.584314 0.584314
vn -0.550241 -0.454813 0.700271
v 0.015998 -0.200947 0.121754 0.584314 0.584314 0.584314
vn -0.501378 -0.425582 0.753326
v 0.019795 -0.209317 0.119856 0.584314 0.584314 0.584314
vn 0.945935 0.127260 -0.298347
v 0.065889 -0.216620 0.073990 0.584314 0.584314 0.584314
vn 0.626754 0.604605 0.491562
v 0.311928 -0.216696 -0.036858 0.584314 0.584314 0.584314
vn -0.874277 -0.159252 -0.458561
v 0.203851 -0.218171 -0.037765 0.584314 0.584314 0.584314
vn -0.356707 -0.347870 -0.867033
v 0.251929 -0.211893 -0.053421 0.584314 0.584314 0.584314
vn -0.089946 -0.235024 0.967819
v 0.287117 -0.212941 -0.026317 0.584314 0.584314 0.584314
vn -0.325831 -0.247008 0.912590
v -0.060109 -0.207677 -0.058589 0.584314 0.584314 0.584314
vn -0.753524 -0.229715 0.615981
v -0.073661 -0.204900 -0.066995 0.584314 0.584314 0.584314
vn -0.292607 -0.226893 -0.928925
v 0.238336 -0.219545 -0.046322 0.584314 0.584314 0.584314
vn -0.817116 -0.141056 -0.558950
v -0.073052 -0.207332 -0.104668 0.584314 0.584314 0.584314
vn -0.160132 0.247221 0.955635
v 0.260540 -0.214753 -0.027267 0.584314 0.584314 0.584314
vn -0.907112 -0.198752 0.371005
v -0.075504 -0.217211 -0.073643 0.584314 0.584314 0.584314
vn 0.823670 0.272288 0.497420
v 0.308075 -0.209259 -0.031987 0.584314 0.584314 0.584314
vn -0.275083 -0.008750 0.961381
v 0.295609 -0.208629 -0.019511 0.584314 0.584314 0.584314
vn -0.688776 -0.407671 0.599493
v 0.010977 -0.213289 0.109829 0.584314 0.584314 0.584314
vn -0.449170 -0.026153 -0.893063
v 0.275554 -0.209835 -0.069203 0.584314 0.584314 0.584314
vn 0.028515 0.038585 0.998848
v 0.243316 -0.216774 -0.028670 0.584314 0.584314 0.584314
vn -0.230946 -0.516969 -0.824262
v 0.217128 -0.221299 -0.044705 0.584314 0.584314 0.584314
vn 0.787590 0.593775 -0.164719
v 0.330321 -0.217742 -0.044431 0.584314 0.584314 0.584314
vn 0.926575 -0.048417 -0.372981
v 0.313119 -0.209594 -0.050863 0.584314 0.584314 0.584314
vn 0.748904 0.180327 -0.637672
v 0.304567 -0.213754 -0.065384 0.584314 0.584314 0.584314
vn -0.929648 -0.210328 -0.302516
v -0.076935 -0.203708 -0.097247 0.584314 0.584314 0.584314
vn -0.379973 -0.035758 -0.924306
v 0.216799 -0.213533 -0.046331 0.584314 0.584314 0.584314
vn 0.925483 -0.019938 -0.378263
v 0.066390 -0.201119 0.076970 0.584314 0.584314 0.584314
vn -0.940426 -0.043012 -0.337266
v 0.206006 -0.212251 -0.038225 0.584314 0.584314 0.584314
vn -0.235790 -0.535290 -0.811091
v 0.237174 -0.209742 -0.055725 0.584314 0.584314 0.584314
vn -0.476800 -0.217090 -0.851783
v 0.015609 -0.204364 0.068807 0.584314 0.584314 0.584314
vn 0.381991 0.823573 0.419296
v 0.321996 -0.214829 -0.041591 0.584314 0.584314 0.584314
vn -0.089307 0.139203 0.986229
v 0.236410 -0.197338 -0.024409 0.584314 0.584314 0.584314
vn 0.613978 -0.272233 0.740892
v -0.031116 -0.201335 -0.065752 0.584314 0.584314 0.584314
vn 0.991589 -0.050593 0.119124
v -0.016206 -0.212125 -0.084290 0.584314 0.584314 0.584314
vn -0.335772 -0.508347 -0.792994
v 0.258297 -0.206728 -0.060919 0.584314 0.584314 0.584314
vn -0.701059 0.044886 0.711689
v 0.207731 -0.211301 -0.025886 0.584314 0.584314 0.584314
vn -0.399051 -0.532817 0.746233
v 0.203590 -0.203535 -0.026921 0.584314 0.584314 0.584314
vn 0.541129 -0.119763 -0.832368
v 0.298501 -0.213152 -0.075061 0.584314 0.584314 0.584314
vn -0.405146 -0.078740 -0.910855
v 0.220572 -0.208808 -0.046601 0.584314 0.584314 0.584314
vn -0.063322 0.141189 0.987956
v 0.277625 -0.209489 -0.025196 0.584314 0.584314 0.584314
vn -0.183916 -0.008755 -0.982903
v 0.286803 -0.210090 -0.077376 0.584314 0.584314 0.584314
vn 0.868099 0.491788 0.067448
v 0.314581 -0.211658 -0.044246 0.584314 0.584314 0.584314
vn -0.306275 -0.249563 -0.918648
v 0.214828 -0.195763 -0.042140 0.584314 0.584314 0.584314
vn 0.999343 -0.017803 -0.031560
v 0.065759 -0.210605 0.093029 0.584314 0.584314 0.584314
vn 0.069156 -0.127958 -0.989366
v 0.040386 -0.208742 0.057852 0.584314 0.584314 0.584314
vn -0.038196 -0.042744 0.998356
v 0.266248 -0.202114 -0.027704 0.584314 0.584314 0.584314
vn 0.083366 -0.426956 0.900421
v 0.044473 -0.206297 0.130642 0.584314 0.584314 0.584314
vn -0.261708 -0.459439 0.848779
v 0.036707 -0.207246 0.129261 0.584314 0.584314 0.584314
vn -0.432922 -0.807889 -0.399867
v 0.197749 -0.203934 -0.035236 0.584314 0.584314 0.584314
vn -0.134109 -0.309015 0.941554
v -0.054414 -0.199825 -0.054706 0.584314 0.584314 0.584314
vn 0.696897 -0.221275 0.682181
v -0.017750 -0.204316 -0.074023 0.584314 0.584314 0.584314
vn 0.484145 -0.002222 0.874985
v 0.299874 -0.209670 -0.018942 0.584314 0.584314 0.584314
vn 0.159081 -0.252493 0.954432
v 0.246389 -0.201896 -0.024505 0.584314 0.584314 0.584314
vn 0.371996 -0.364736 0.853573
v 0.052886 -0.208497 0.127578 0.584314 0.584314 0.584314
vn 0.671960 -0.266835 0.690847
v 0.060523 -0.204139 0.123739 0.584314 0.584314 0.584314
vn 0.644236 0.385532 -0.660549
v 0.313497 -0.198243 -0.054779 0.584314 0.584314 0.584314
vn 0.996418 -0.082664 0.017840
v 0.067253 -0.195252 0.095091 0.584314 0.584314 0.584314
vn 0.663968 0.361074 -0.654807
v 0.304345 -0.202415 -0.060103 0.584314 0.584314 0.584314
vn -0.169808 -0.638156 -0.750948
v 0.263042 -0.203708 -0.064802 0.584314 0.584314 0.584314
vn -0.924259 -0.381438 0.015804
v 0.004962 -0.212047 0.092765 0.584314 0.584314 0.584314
vn -0.531360 -0.305853 0.790007
v -0.068664 -0.200881 -0.061211 0.584314 0.584314 0.584314
vn -0.549159 0.043718 -0.834573
v 0.229765 -0.204005 -0.053118 0.584314 0.584314 0.584314
vn 0.029803 -0.189360 0.981455
v 0.255048 -0.208787 -0.030886 0.584314 0.584314 0.584314
vn -0.372953 -0.403987 -0.835285
v 0.245838 -0.203078 -0.061412 0.584314 0.584314 0.584314
vn 0.996420 -0.073822 -0.041191
v 0.068289 -0.197927 0.085340 0.584314 0.584314 0.584314
vn -0.697973 -0.466014 0.543751
v 0.007800 -0.203363 0.113298 0.584314 0.584314 0.584314
vn -0.869239 -0.439280 0.226839
v -0.000656 -0.197495 0.103375 0.584314 0.584314 0.584314
vn -0.712134 -0.177722 -0.679176
v -0.071413 -0.204053 -0.107947 0.584314 0.584314 0.584314
vn -0.296868 -0.468805 -0.831920
v 0.250999 -0.200540 -0.065708 0.584314 0.584314 0.584314
vn 0.461554 -0.343860 0.817758
v 0.053447 -0.201292 0.130038 0.584314 0.584314 0.584314
vn -0.191334 -0.307039 -0.932265
v 0.274778 -0.200774 -0.068685 0.584314 0.584314 0.584314
vn 0.102883 -0.083744 -0.991162
v 0.279834 -0.196152 -0.070622 0.584314 0.584314 0.584314
vn 0.529331 0.448577 -0.720130
v 0.294338 -0.193653 -0.060400 0.584314 0.584314 0.584314
vn -0.351004 0.092687 0.931775
v 0.288325 -0.203708 -0.023643 0.584314 0.584314 0.584314
vn 0.086974 -0.254519 0.963149
v 0.257952 -0.196627 -0.022825 0.584314 0.584314 0.584314
vn -0.836660 -0.310093 0.451490
v -0.077410 -0.197352 -0.068728 0.584314 0.584314 0.584314
vn 0.219850 -0.084683 -0.971851
v 0.045370 -0.198906 0.057436 0.584314 0.584314 0.584314
vn -0.094426 -0.593268 -0.799448
v 0.270550 -0.197150 -0.071619 0.584314 0.584314 0.584314
vn -0.179673 -0.468041 0.865249
v 0.035606 -0.192268 0.137167 0.584314 0.584314 0.584314
vn -0.593814 0.108957 -0.797191
v 0.239544 -0.195341 -0.058363 0.584314 0.584314 0.584314
vn -0.410932 -0.476344 0.777323
v 0.025331 -0.194277 0.131824 0.584314 0.584314 0.584314
vn 0.863539 0.309426 0.398191
v 0.317034 -0.197227 -0.045110 0.584314 0.584314 0.584314
vn 0.538056 -0.165726 -0.826457
v -0.025598 -0.206961 -0.106286 0.584314 0.584314 0.584314
vn 0.833087 -0.107806 -0.542534
v -0.019157 -0.203578 -0.100142 0.584314 0.584314 0.584314
vn 0.887558 0.084157 0.452945
v 0.313694 -0.203881 -0.042453 0.584314 0.584314 0.584314
vn 0.615124 0.406669 0.675457
v 0.307654 -0.198531 -0.040124 0.584314 0.584314 0.584314
vn 0.658499 0.529062 0.535232
v 0.297416 -0.191136 -0.037283 0.584314 0.584314 0.584314
vn 0.402968 -0.220409 -0.888277
v -0.028588 -0.190005 -0.111991 0.584314 0.584314 0.584314
vn -0.783455 -0.280762 -0.554410
v 0.006409 -0.203432 0.077158 0.584314 0.584314 0.584314
vn -0.036205 -0.211124 -0.976789
v -0.052860 -0.192490 -0.119596 0.584314 0.584314 0.584314
vn 0.323638 -0.094147 -0.941485
v -0.042654 -0.200897 -0.116963 0.584314 0.584314 0.584314
vn -0.313148 -0.283025 -0.906551
v 0.266461 -0.205212 -0.064592 0.584314 0.584314 0.584314
vn -0.479682 -0.148840 -0.864727
v 0.031606 -0.197345 0.058321 0.584314 0.584314 0.584314
vn 0.480549 0.539717 0.691215
v 0.298843 -0.199946 -0.024184 0.584314 0.584314 0.584314
vn -0.759714 -0.510511 0.402758
v 0.188683 -0.198308 -0.029368 0.584314 0.584314 0.584314
vn -0.491698 -0.136276 -0.860036
v 0.256920 -0.191033 -0.070137 0.584314 0.584314 0.584314
vn 0.116159 -0.216762 0.969289
v 0.211442 -0.196632 -0.025627 0.584314 0.584314 0.584314
vn -0.941570 -0.295868 0.160960
v -0.084209 -0.189045 -0.078481 0.584314 0.584314 0.584314
vn -0.953916 -0.300066 -0.002322
v -0.080096 -0.200432 -0.085027 0.584314 0.584314 0.584314
vn -0.465361 -0.273736 -0.841729
v -0.066030 -0.191773 -0.116183 0.584314 0.584314 0.584314
vn 0.367559 0.551209 -0.749046
v 0.293536 -0.201089 -0.072110 0.584314 0.584314 0.584314
vn -0.156541 -0.062943 0.985664
v 0.281864 -0.201202 -0.027383 0.584314 0.584314 0.584314
vn -0.434341 -0.131322 -0.891124
v 0.226493 -0.193788 -0.047562 0.584314 0.584314 0.584314
vn 0.445818 -0.163311 -0.880100
v -0.035630 -0.196867 -0.112489 0.584314 0.584314 0.584314
vn -0.477980 -0.128426 -0.868932
v 0.023505 -0.192749 0.064027 0.584314 0.584314 0.584314
vn 0.611143 -0.262871 0.746595
v -0.031926 -0.190292 -0.059237 0.584314 0.584314 0.584314
vn 0.045115 -0.061174 0.997107
v 0.220995 -0.196527 -0.027467 0.584314 0.584314 0.584314
vn -0.256398 -0.350242 -0.900883
v 0.205530 -0.193046 -0.044508 0.584314 0.584314 0.584314
vn 0.311674 -0.281621 0.907496
v -0.042724 -0.192638 -0.053650 0.584314 0.584314 0.584314
vn 0.484540 -0.288559 0.825806
v -0.026191 -0.191823 -0.065276 0.584314 0.584314 0.584314
vn 0.102422 0.057257 0.993092
v 0.287932 -0.194227 -0.026361 0.584314 0.584314 0.584314
vn 0.998584 -0.050155 0.017740
v 0.067854 -0.206883 0.106200 0.584314 0.584314 0.584314
vn 0.996931 0.078248 -0.002207
v 0.069842 -0.184034 0.108466 0.584314 0.584314 0.584314
vn 0.974900 0.218153 0.044494
v 0.068900 -0.177348 0.089842 0.584314 0.584314 0.584314
vn 0.795165 -0.184020 -0.577797
v -0.020142 -0.195447 -0.104794 0.584314 0.584314 0.584314
vn 0.141861 -0.182021 0.973008
v 0.230598 -0.189298 -0.026404 0.584314 0.584314 0.584314
vn -0.150637 -0.369280 0.917028
v 0.196494 -0.196432 -0.022379 0.584314 0.584314 0.584314
vn -0.034843 -0.475741 0.878895
v 0.276524 -0.191656 -0.021846 0.584314 0.584314 0.584314
vn -0.061282 -0.166912 0.984065
v 0.265411 -0.188165 -0.023721 0.584314 0.584314 0.584314
vn -0.924282 -0.179047 -0.337112
v -0.085969 -0.167710 -0.101386 0.584314 0.584314 0.584314
vn -0.827161 -0.263447 -0.496388
v -0.076898 -0.193795 -0.104746 0.584314 0.584314 0.584314
vn 0.972029 -0.106310 -0.209423
v -0.014721 -0.194993 -0.090818 0.584314 0.584314 0.584314
vn 0.901503 -0.006038 -0.432730
v 0.065461 -0.193019 0.073770 0.584314 0.584314 0.584314
vn -0.048592 -0.408991 -0.911244
v 0.271827 -0.191043 -0.077869 0.584314 0.584314 0.584314
vn -0.256934 -0.090998 -0.962135
v 0.035154 -0.192836 0.056347 0.584314 0.584314 0.584314
vn -0.410022 -0.125229 -0.903438
v 0.014581 -0.189427 0.066179 0.584314 0.584314 0.584314
vn -0.907926 -0.418897 -0.014006
v -0.007300 -0.185760 0.096644 0.584314 0.584314 0.584314
vn -0.301731 -0.312009 0.900893
v -0.063258 -0.191023 -0.054146 0.584314 0.584314 0.584314
vn 0.591133 0.392221 -0.704787
v 0.287066 -0.193006 -0.066439 0.584314 0.584314 0.584314
vn -0.842547 -0.294677 -0.450866
v -0.005171 -0.180974 0.081831 0.584314 0.584314 0.584314
vn 0.968066 -0.164230 0.189411
v -0.014383 -0.194015 -0.079432 0.584314 0.584314 0.584314
vn 0.098533 -0.374203 0.922097
v 0.043784 -0.182265 0.142657 0.584314 0.584314 0.584314
vn -0.142876 0.094338 0.985234
v 0.250053 -0.189598 -0.023352 0.584314 0.584314 0.584314
vn 0.093799 -0.232917 0.967963
v 0.218738 -0.185328 -0.021688 0.584314 0.584314 0.584314
vn -0.577205 0.024289 -0.816238
v 0.250088 -0.192708 -0.066526 0.584314 0.584314 0.584314
vn -0.319211 0.156071 -0.934744
v 0.026439 -0.173766 0.061179 0.584314 0.584314 0.584314
vn 0.676345 0.153501 -0.720413
v 0.289720 -0.183718 -0.060534 0.584314 0.584314 0.584314
vn -0.734323 -0.268638 -0.623381
v 0.189304 -0.198183 -0.037873 0.584314 0.584314 0.584314
vn 0.328514 -0.218322 -0.918920
v -0.044232 -0.189039 -0.119337 0.584314 0.584314 0.584314
vn -0.103031 -0.304391 -0.946959
v -0.057175 -0.178080 -0.123392 0.584314 0.584314 0.584314
vn -0.446002 -0.189362 -0.874771
v 0.252278 -0.178047 -0.064788 0.584314 0.584314 0.584314
vn -0.902640 -0.380369 -0.201395
v -0.001226 -0.195558 0.086822 0.584314 0.584314 0.584314
vn -0.959871 -0.241000 -0.143412
v -0.086381 -0.179381 -0.087505 0.584314 0.584314 0.584314
vn -0.824683 -0.445407 0.348583
v -0.001183 -0.190543 0.112247 0.584314 0.584314 0.584314
vn 0.520067 0.854008 0.014118
v 0.309481 -0.191588 -0.048122 0.584314 0.584314 0.584314
vn -0.559260 -0.262807 0.786232
v -0.075121 -0.174403 -0.054215 0.584314 0.584314 0.584314
vn -0.566685 -0.002306 -0.823931
v 0.195996 -0.187054 -0.040641 0.584314 0.584314 0.584314
vn -0.515282 0.014910 0.856891
v 0.192818 -0.189337 -0.023385 0.584314 0.584314 0.584314
vn 0.681478 -0.313076 0.661491
v -0.018510 -0.192419 -0.069140 0.584314 0.584314 0.584314
vn 0.649511 -0.079501 0.756184
v -0.027664 -0.181963 -0.061178 0.584314 0.584314 0.584314
vn 0.771471 0.626132 0.113101
v 0.301427 -0.187881 -0.046840 0.584314 0.584314 0.584314
vn -0.517105 0.067817 -0.853231
v 0.263275 -0.183791 -0.075284 0.584314 0.584314 0.584314
vn 0.730766 0.363456 0.577824
v 0.291269 -0.187623 -0.029833 0.584314 0.584314 0.584314
vn 0.948883 0.315149 -0.017394
v 0.066237 -0.167682 0.115030 0.584314 0.584314 0.584314
vn 0.458393 -0.071417 -0.885876
v -0.035171 -0.175319 -0.117266 0.584314 0.584314 0.584314
vn -0.548184 -0.362252 0.753835
v 0.007460 -0.179445 0.130592 0.584314 0.584314 0.584314
vn -0.947194 -0.297235 0.120313
v 0.189511 -0.184617 -0.030260 0.584314 0.584314 0.584314
vn -0.173256 0.062073 -0.982919
v 0.031892 -0.182695 0.055794 0.584314 0.584314 0.584314
vn -0.298417 -0.413089 -0.860410
v 0.216977 -0.185772 -0.051505 0.584314 0.584314 0.584314
vn 0.970856 0.075864 0.227337
v -0.012974 -0.178069 -0.075278 0.584314 0.584314 0.584314
vn 0.918534 0.108254 -0.380233
v -0.016099 -0.176206 -0.103725 0.584314 0.584314 0.584314
vn 0.741925 0.426328 -0.517487
v 0.298288 -0.186813 -0.052345 0.584314 0.584314 0.584314
vn 0.780927 -0.227822 0.581592
v 0.063372 -0.186533 0.127919 0.584314 0.584314 0.584314
vn 0.615378 -0.068891 -0.785216
v 0.055482 -0.197277 0.061822 0.584314 0.584314 0.584314
vn -0.450557 -0.225207 -0.863875
v 0.234980 -0.187445 -0.051989 0.584314 0.584314 0.584314
vn -0.010482 -0.076627 0.997005
v 0.239261 -0.185148 -0.028128 0.584314 0.584314 0.584314
vn 0.081049 -0.188625 0.978699
v 0.249616 -0.175132 -0.023735 0.584314 0.584314 0.584314
vn -0.520542 0.084641 -0.849631
v 0.204716 -0.182987 -0.044268 0.584314 0.584314 0.584314
vn -0.583877 0.023237 -0.811509
v 0.244490 -0.186278 -0.059711 0.584314 0.584314 0.584314
vn 0.646238 -0.134128 0.751256
v 0.057651 -0.177440 0.137276 0.584314 0.584314 0.584314
vn 0.538795 -0.007112 -0.842407
v -0.023994 -0.177228 -0.113134 0.584314 0.584314 0.584314
vn -0.112744 0.198143 -0.973667
v 0.270316 -0.182081 -0.079343 0.584314 0.584314 0.584314
vn 0.749028 -0.253657 0.612059
v -0.016640 -0.186987 -0.067713 0.584314 0.584314 0.584314
vn 0.965014 0.111946 0.237098
v 0.299641 -0.180254 -0.044842 0.584314 0.584314 0.584314
vn 0.641629 -0.083095 0.762501
v -0.032823 -0.176307 -0.053557 0.584314 0.584314 0.584314
vn 0.984711 -0.098832 -0.143445
v -0.013177 -0.182675 -0.092145 0.584314 0.584314 0.584314
vn -0.667910 -0.203669 -0.715832
v 0.003184 -0.185113 0.073605 0.584314 0.584314 0.584314
vn 0.929555 -0.139829 0.341139
v 0.068212 -0.192745 0.116670 0.584314 0.584314 0.584314
vn 0.825256 -0.044850 0.562976
v 0.064251 -0.176880 0.130018 0.584314 0.584314 0.584314
vn -0.032925 0.045428 0.998425
v 0.277577 -0.180152 -0.016967 0.584314 0.584314 0.584314
vn -0.342620 -0.217645 0.913916
v 0.191572 -0.181011 -0.025756 0.584314 0.584314 0.584314
vn -0.729954 -0.351967 0.585906
v -0.000699 -0.177176 0.124903 0.584314 0.584314 0.584314
vn -0.858540 -0.203526 0.470622
v -0.084796 -0.168394 -0.063274 0.584314 0.584314 0.584314
vn 0.984362 0.131928 -0.116734
v 0.069762 -0.178838 0.085426 0.584314 0.584314 0.584314
vn -0.262631 -0.439261 -0.859113
v 0.244836 -0.180410 -0.061782 0.584314 0.584314 0.584314
vn -0.280253 -0.809132 0.516492
v 0.184606 -0.179547 -0.027525 0.584314 0.584314 0.584314
vn -0.546279 -0.699458 -0.460801
v 0.186861 -0.181320 -0.033909 0.584314 0.584314 0.584314
vn 0.665494 0.077998 0.742317
v -0.016728 -0.180715 -0.066369 0.584314 0.584314 0.584314
vn 0.537130 -0.107450 0.836628
v 0.283452 -0.185567 -0.018959 0.584314 0.584314 0.584314
vn -0.262632 -0.415037 -0.871074
v 0.240349 -0.174801 -0.065320 0.584314 0.584314 0.584314
vn 0.056712 -0.342263 0.937891
v 0.189438 -0.172299 -0.022089 0.584314 0.584314 0.584314
vn 0.557862 0.230139 -0.797387
v 0.277179 -0.182787 -0.077069 0.584314 0.584314 0.584314
vn 0.667452 0.257514 -0.698710
v -0.022423 -0.169713 -0.110646 0.584314 0.584314 0.584314
vn 0.153031 -0.329224 0.931769
v 0.232510 -0.178301 -0.021802 0.584314 0.584314 0.584314
vn 0.122098 -0.254669 0.959289
v -0.047617 -0.184620 -0.049796 0.584314 0.584314 0.584314
vn -0.337877 -0.405123 -0.849538
v 0.230565 -0.177420 -0.060653 0.584314 0.584314 0.584314
vn -0.093246 0.119064 0.988498
v 0.213422 -0.178209 -0.021170 0.584314 0.584314 0.584314
vn -0.437839 -0.113139 0.891906
v 0.019364 -0.170915 0.142182 0.584314 0.584314 0.584314
vn -0.294166 -0.404713 0.865837
v 0.026040 -0.177946 0.142857 0.584314 0.584314 0.584314
vn 0.709034 0.296810 -0.639668
v 0.061985 -0.176367 0.069285 0.584314 0.584314 0.584314
vn -0.211178 -0.543294 -0.812549
v 0.248967 -0.175769 -0.064060 0.584314 0.584314 0.584314
vn 0.354868 0.222944 -0.907946
v 0.047456 -0.181922 0.057385 0.584314 0.584314 0.584314
vn 0.087651 -0.177823 0.980151
v 0.206261 -0.168110 -0.023623 0.584314 0.584314 0.584314
vn 0.669382 0.470675 0.574798
v 0.289680 -0.175787 -0.037739 0.584314 0.584314 0.584314
vn 0.795466 -0.048951 -0.604018
v 0.299238 -0.175638 -0.055488 0.584314 0.584314 0.584314
vn -0.570407 -0.816755 -0.086877
v 0.175763 -0.177871 -0.028002 0.584314 0.584314 0.584314
vn -0.994459 -0.071837 -0.076754
v -0.089706 -0.161081 -0.088100 0.584314 0.584314 0.584314
vn 0.255267 0.358684 -0.897878
v 0.044734 -0.178931 0.057983 0.584314 0.584314 0.584314
vn -0.274784 -0.243729 -0.930102
v 0.191682 -0.178080 -0.037017 0.584314 0.584314 0.584314
vn 0.717632 0.315330 0.620944
v 0.056907 -0.164203 0.137571 0.584314 0.584314 0.584314
vn 0.094941 0.168147 -0.981179
v 0.263579 -0.169230 -0.069576 0.584314 0.584314 0.584314
vn -0.924062 -0.294298 0.243920
v -0.010622 -0.175957 0.106620 0.584314 0.584314 0.584314
vn -0.978405 -0.171854 0.114848
v -0.089361 -0.163497 -0.075502 0.584314 0.584314 0.584314
vn -0.121074 0.081704 0.989275
v 0.227963 -0.170905 -0.021073 0.584314 0.584314 0.584314
vn 0.529479 0.815668 0.233104
v 0.297015 -0.165635 -0.049231 0.584314 0.584314 0.584314
vn -0.568790 0.018592 -0.822273
v 0.232713 -0.165219 -0.063206 0.584314 0.584314 0.584314
vn -0.178481 -0.143550 0.973416
v -0.059892 -0.171280 -0.047100 0.584314 0.584314 0.584314
vn -0.073598 -0.239073 0.968208
v 0.259144 -0.173941 -0.025457 0.584314 0.584314 0.584314
vn 0.383607 -0.170593 0.907603
v 0.050483 -0.176291 0.142589 0.584314 0.584314 0.584314
vn 0.645518 0.501444 0.576073
v 0.282451 -0.174844 -0.022905 0.584314 0.584314 0.584314
vn -0.641873 -0.098032 -0.760519
v 0.240521 -0.161168 -0.068426 0.584314 0.584314 0.584314
vn -0.303873 -0.599313 -0.740598
v 0.248287 -0.168934 -0.071360 0.584314 0.584314 0.584314
vn 0.510337 0.321256 -0.797716
v 0.285703 -0.174072 -0.061122 0.584314 0.584314 0.584314
vn 0.756046 -0.182749 0.628488
v -0.026401 -0.164911 -0.066155 0.584314 0.584314 0.584314
vn 0.989172 0.143068 -0.032716
v -0.012311 -0.175109 -0.082819 0.584314 0.584314 0.584314
vn -0.707189 -0.252994 -0.660210
v -0.074569 -0.179690 -0.113963 0.584314 0.584314 0.584314
vn -0.590679 0.068481 -0.803996
v 0.222642 -0.172564 -0.056352 0.584314 0.584314 0.584314
vn -0.230617 -0.514578 -0.825848
v 0.184597 -0.174478 -0.038739 0.584314 0.584314 0.584314
vn -0.210613 -0.430422 -0.877712
v 0.196428 -0.169797 -0.040987 0.584314 0.584314 0.584314
vn -0.409264 -0.236089 -0.881343
v 0.217273 -0.162669 -0.048639 0.584314 0.584314 0.584314
vn 0.391148 0.316990 0.864014
v 0.050045 -0.164240 0.142430 0.584314 0.584314 0.584314
vn -0.065635 0.323537 -0.943936
v 0.034405 -0.178942 0.056361 0.584314 0.584314 0.584314
vn -0.644762 -0.073920 0.760801
v -0.076284 -0.167774 -0.053574 0.584314 0.584314 0.584314
vn 0.483575 0.442016 -0.755498
v 0.274311 -0.169459 -0.067048 0.584314 0.584314 0.584314
vn -0.871831 0.249337 -0.421594
v -0.009842 -0.164543 0.086352 0.584314 0.584314 0.584314
vn -0.242391 -0.497875 -0.832687
v 0.201605 -0.162462 -0.048666 0.584314 0.584314 0.584314
vn 0.930437 0.350306 -0.107576
v 0.065787 -0.170487 0.085685 0.584314 0.584314 0.584314
vn 0.380910 -0.167106 -0.909386
v -0.043663 -0.174582 -0.123995 0.584314 0.584314 0.584314
vn 0.947264 0.143778 0.286388
v 0.067696 -0.172000 0.123093 0.584314 0.584314 0.584314
vn -0.190095 -0.323630 -0.926891
v 0.257693 -0.172126 -0.068254 0.584314 0.584314 0.584314
vn 0.934645 0.312085 0.170417
v 0.301369 -0.171188 -0.048124 0.584314 0.584314 0.584314
vn -0.981228 -0.184570 0.055912
v 0.171752 -0.170918 -0.029142 0.584314 0.584314 0.584314
vn 0.581880 0.485906 -0.652159
v 0.276158 -0.165051 -0.061005 0.584314 0.584314 0.584314
vn -0.963552 -0.122559 -0.237796
v -0.012210 -0.172599 0.091128 0.584314 0.584314 0.584314
vn 0.482177 -0.011383 0.876000
v -0.041456 -0.168788 -0.048337 0.584314 0.584314 0.584314
vn 0.079615 0.046537 0.995739
v 0.213081 -0.166604 -0.024505 0.584314 0.584314 0.584314
vn 0.915442 -0.086880 -0.392961
v -0.017620 -0.162775 -0.094286 0.584314 0.584314 0.584314
vn -0.971922 0.113913 -0.205892
v -0.089245 -0.157144 -0.092608 0.584314 0.584314 0.584314
vn 0.023042 -0.054793 0.998232
v 0.242026 -0.165030 -0.018884 0.584314 0.584314 0.584314
vn 0.792729 0.353792 -0.496400
v 0.063353 -0.175415 0.072854 0.584314 0.584314 0.584314
vn -0.829513 -0.031206 -0.557615
v -0.082633 -0.161611 -0.111047 0.584314 0.584314 0.584314
vn -0.498359 -0.237220 -0.833886
v 0.224484 -0.159854 -0.054174 0.584314 0.584314 0.584314
vn 0.606546 -0.224075 0.762818
v -0.031542 -0.166885 -0.057480 0.584314 0.584314 0.584314
vn -0.343521 -0.176970 -0.922320
v 0.205464 -0.171857 -0.042142 0.584314 0.584314 0.584314
vn 0.490977 -0.178894 -0.852607
v 0.260565 -0.159249 -0.076100 0.584314 0.584314 0.584314
vn 0.798635 0.220436 -0.559991
v 0.281249 -0.158579 -0.051600 0.584314 0.584314 0.584314
vn 0.545045 0.811788 -0.209586
v 0.286599 -0.162807 -0.049098 0.584314 0.584314 0.584314
vn 0.536346 0.540769 -0.647999
v 0.296967 -0.169328 -0.056530 0.584314 0.584314 0.584314
vn 0.896273 -0.068389 -0.438198
v 0.061087 -0.162367 0.079113 0.584314 0.584314 0.584314
vn -0.385091 -0.434472 0.814211
v 0.178068 -0.175014 -0.020697 0.584314 0.584314 0.584314
vn 0.664774 0.164923 -0.728612
v 0.265631 -0.160477 -0.070929 0.584314 0.584314 0.584314
vn -0.310399 -0.127720 -0.941987
v 0.185210 -0.163239 -0.042195 0.584314 0.584314 0.584314
vn -0.535028 0.188472 0.823543
v 0.009270 -0.163818 0.136742 0.584314 0.584314 0.584314
vn -0.324035 0.084860 -0.942231
v 0.015566 -0.170314 0.064890 0.584314 0.584314 0.584314
vn 0.029755 0.136310 -0.990219
v 0.035746 -0.167308 0.061947 0.584314 0.584314 0.584314
vn 0.732394 0.467194 0.495307
v 0.274779 -0.166201 -0.026760 0.584314 0.584314 0.584314
vn 0.491539 0.466166 -0.735580
v 0.051635 -0.169538 0.067565 0.584314 0.584314 0.584314
vn 0.629244 -0.114506 -0.768727
v 0.053016 -0.164360 0.070412 0.584314 0.584314 0.584314
vn 0.706760 -0.442914 -0.551650
v 0.060091 -0.152021 0.066098 0.584314 0.584314 0.584314
vn 0.270965 -0.092185 0.958165
v -0.041149 -0.155713 -0.049671 0.584314 0.584314 0.584314
vn -0.635342 -0.274726 -0.721710
v 0.174805 -0.170975 -0.036983 0.584314 0.584314 0.584314
vn -0.855658 -0.004675 0.517520
v 0.173491 -0.165248 -0.024287 0.584314 0.584314 0.584314
vn -0.139219 -0.003583 0.990255
v 0.182276 -0.163929 -0.020536 0.584314 0.584314 0.584314
vn -0.543405 0.066797 -0.836809
v 0.004974 -0.171120 0.069018 0.584314 0.584314 0.584314
vn 0.999205 0.039388 0.006193
v -0.015152 -0.166000 -0.084994 0.584314 0.584314 0.584314
vn 0.552515 0.188123 -0.811995
v -0.034730 -0.165857 -0.114345 0.584314 0.584314 0.584314
vn 0.256827 0.306818 0.916462
v 0.038307 -0.149146 0.134622 0.584314 0.584314 0.584314
vn 0.993436 0.104014 0.047613
v 0.064098 -0.166462 0.095302 0.584314 0.584314 0.584314
vn -0.221424 -0.136493 -0.965578
v 0.029258 -0.163718 0.062896 0.584314 0.584314 0.584314
vn 0.974361 -0.169613 -0.147824
v 0.064319 -0.164533 0.091553 0.584314 0.584314 0.584314
vn -0.862036 -0.085182 -0.499637
v 0.174338 -0.163497 -0.036068 0.584314 0.584314 0.584314
vn 0.748812 0.441385 0.494429
v 0.278956 -0.162884 -0.039769 0.584314 0.584314 0.584314
vn -0.592886 0.224201 -0.773447
v -0.073216 -0.155225 -0.121787 0.584314 0.584314 0.584314
vn -0.504310 -0.156032 -0.849309
v 0.231694 -0.154267 -0.060209 0.584314 0.584314 0.584314
vn -0.077177 -0.181055 -0.980440
v -0.056948 -0.165800 -0.127724 0.584314 0.584314 0.584314
vn -0.416007 -0.190658 -0.889150
v -0.066281 -0.164899 -0.125119 0.584314 0.584314 0.584314
vn 0.123202 0.017370 0.992230
v -0.046866 -0.166798 -0.046261 0.584314 0.584314 0.584314
vn 0.665882 0.151655 -0.730481
v 0.270636 -0.154610 -0.062386 0.584314 0.584314 0.584314
vn 0.880555 0.202670 0.428425
v -0.016188 -0.167812 -0.076624 0.584314 0.584314 0.584314
vn 0.841930 -0.464549 0.274497
v -0.016138 -0.160440 -0.075827 0.584314 0.584314 0.584314
vn 0.983634 -0.102924 0.147887
v 0.062687 -0.160894 0.103104 0.584314 0.584314 0.584314
vn 0.736323 -0.383362 -0.557550
v -0.021093 -0.158543 -0.103543 0.584314 0.584314 0.584314
vn 0.491126 0.120667 0.862690
v 0.270487 -0.166730 -0.022733 0.584314 0.584314 0.584314
vn -0.670957 -0.681806 0.291474
v 0.172180 -0.159097 -0.028992 0.584314 0.584314 0.584314
vn -0.117333 -0.251074 0.960830
v 0.250358 -0.164101 -0.020364 0.584314 0.584314 0.584314
vn -0.907715 0.376832 -0.184530
v -0.010804 -0.158651 0.096058 0.584314 0.584314 0.584314
vn -0.524001 0.135192 -0.840920
v 0.008059 -0.159269 0.071016 0.584314 0.584314 0.584314
vn 0.432258 -0.078126 -0.898359
v 0.044921 -0.165521 0.065162 0.584314 0.584314 0.584314
vn 0.466718 -0.390578 -0.793488
v 0.050516 -0.150688 0.056773 0.584314 0.584314 0.584314
vn -0.993518 0.090137 0.069261
v -0.013283 -0.164566 0.101809 0.584314 0.584314 0.584314
vn -0.782922 0.063616 -0.618859
v -0.005464 -0.169055 0.078488 0.584314 0.584314 0.584314
vn -0.906388 0.100930 0.410213
v -0.009266 -0.162025 0.116090 0.584314 0.584314 0.584314
vn -0.717713 0.135313 0.683065
v -0.002250 -0.162708 0.127325 0.584314 0.584314 0.584314
vn -0.767896 -0.021342 -0.640219
v 0.002496 -0.151577 0.077514 0.584314 0.584314 0.584314
vn -0.177171 0.211423 0.961203
v -0.058556 -0.157112 -0.047976 0.584314 0.584314 0.584314
vn -0.114833 0.235274 -0.965122
v -0.060922 -0.156458 -0.127186 0.584314 0.584314 0.584314
vn -0.052077 -0.134213 0.989583
v 0.233012 -0.153250 -0.021741 0.584314 0.584314 0.584314
vn -0.875105 0.467527 0.124941
v -0.010474 -0.157383 0.107490 0.584314 0.584314 0.584314
vn -0.079651 -0.024908 0.996512
v 0.031868 -0.169355 0.146667 0.584314 0.584314 0.584314
vn -0.983744 0.165275 -0.070228
v -0.089274 -0.151935 -0.084390 0.584314 0.584314 0.584314
vn 0.437970 -0.322537 -0.839138
v -0.031683 -0.159382 -0.111127 0.584314 0.584314 0.584314
vn 0.848010 0.260857 0.461338
v 0.271411 -0.154569 -0.023588 0.584314 0.584314 0.584314
vn -0.891457 0.225681 -0.392902
v -0.085473 -0.155983 -0.105167 0.584314 0.584314 0.584314
vn -0.379377 0.106723 0.919066
v -0.068635 -0.161938 -0.048514 0.584314 0.584314 0.584314
vn 0.151646 -0.278790 0.948304
v 0.204552 -0.159876 -0.019263 0.584314 0.584314 0.584314
vn -0.369490 0.313184 0.874867
v 0.018928 -0.160102 0.140363 0.584314 0.584314 0.584314
vn 0.085467 -0.389099 0.917222
v 0.262950 -0.161792 -0.014794 0.584314 0.584314 0.584314
vn 0.813773 -0.548326 -0.192646
v -0.009557 -0.154524 -0.091567 0.584314 0.584314 0.584314
vn -0.033343 -0.120148 0.992196
v 0.239098 -0.148856 -0.021844 0.584314 0.584314 0.584314
vn -0.077235 0.500973 0.862010
v 0.031013 -0.160469 0.144727 0.584314 0.584314 0.584314
vn -0.403479 -0.376173 -0.834086
v 0.174855 -0.157457 -0.035982 0.584314 0.584314 0.584314
vn 0.385699 0.095093 -0.917711
v -0.046990 -0.162978 -0.127274 0.584314 0.584314 0.584314
vn -0.632301 0.164135 -0.757136
v 0.240090 -0.154955 -0.067563 0.584314 0.584314 0.584314
vn 0.318265 0.517540 -0.794267
v 0.257379 -0.150246 -0.075062 0.584314 0.584314 0.584314
vn 0.055635 -0.152199 0.986783
v 0.219786 -0.161125 -0.025666 0.584314 0.584314 0.584314
vn -0.176779 -0.272828 -0.945682
v 0.251840 -0.163098 -0.079333 0.584314 0.584314 0.584314
vn -0.255193 -0.087053 0.962963
v 0.257598 -0.160382 -0.015677 0.584314 0.584314 0.584314
vn 0.823158 -0.488140 -0.290051
v 0.066649 -0.155300 0.082838 0.584314 0.584314 0.584314
vn 0.882494 0.160654 0.442034
v 0.059142 -0.154955 0.123048 0.584314 0.584314 0.584314
vn -0.335706 -0.225654 0.914539
v 0.176495 -0.155645 -0.021572 0.584314 0.584314 0.584314
vn -0.370963 0.347120 0.861333
v 0.017465 -0.152107 0.133921 0.584314 0.584314 0.584314
vn -0.098680 -0.030050 0.994665
v 0.196588 -0.157384 -0.019285 0.584314 0.584314 0.584314
vn -0.887412 0.230558 -0.399178
v -0.002647 -0.151037 0.086468 0.584314 0.584314 0.584314
vn -0.422840 -0.155764 -0.892717
v 0.022297 -0.157285 0.063509 0.584314 0.584314 0.584314
vn 0.727685 0.118314 0.675631
v 0.277769 -0.151133 -0.040201 0.584314 0.584314 0.584314
vn 0.462563 0.090089 0.881998
v 0.050388 -0.150535 0.129805 0.584314 0.584314 0.584314
vn -0.274083 -0.434058 -0.858180
v 0.210460 -0.154921 -0.054253 0.584314 0.584314 0.584314
vn -0.378244 -0.883090 0.277641
v 0.166572 -0.157371 -0.025972 0.584314 0.584314 0.584314
vn -0.742095 0.392801 -0.543141
v -0.079351 -0.151676 -0.112002 0.584314 0.584314 0.584314
vn -0.574998 0.291902 0.764310
v -0.079100 -0.156552 -0.056593 0.584314 0.584314 0.584314
vn -0.750906 0.185066 0.633948
v -0.081667 -0.141706 -0.068589 0.584314 0.584314 0.584314
vn -0.778758 0.128175 0.614090
v -0.085151 -0.157858 -0.061849 0.584314 0.584314 0.584314
vn -0.342976 -0.381674 -0.858308
v 0.028111 -0.154107 0.058238 0.584314 0.584314 0.584314
vn -0.516198 -0.246086 -0.820354
v 0.010993 -0.143651 0.063336 0.584314 0.584314 0.584314
vn 0.860811 -0.505973 0.054744
v 0.069856 -0.154224 0.096324 0.584314 0.584314 0.584314
vn -0.622484 0.165711 0.764888
v 0.007634 -0.149907 0.127523 0.584314 0.584314 0.584314
vn -0.962417 0.126417 0.240358
v -0.089831 -0.155231 -0.071499 0.584314 0.584314 0.584314
vn 0.464719 0.285977 0.838006
v 0.264411 -0.148938 -0.016233 0.584314 0.584314 0.584314
vn -0.038375 0.060564 0.997426
v 0.202740 -0.153272 -0.018485 0.584314 0.584314 0.584314
vn -0.483503 -0.137366 -0.864497
v 0.196974 -0.155997 -0.048515 0.584314 0.584314 0.584314
vn -0.001607 0.213764 0.976884
v 0.029248 -0.151615 0.136535 0.584314 0.584314 0.584314
vn 0.981853 0.138116 0.129958
v 0.282019 -0.156884 -0.047567 0.584314 0.584314 0.584314
vn -0.520910 -0.762411 -0.383904
v 0.167128 -0.154925 -0.033213 0.584314 0.584314 0.584314
vn 0.898152 -0.365770 0.244000
v 0.062825 -0.156544 0.109561 0.584314 0.584314 0.584314
vn -0.478167 -0.100819 -0.872463
v 0.208692 -0.143931 -0.056095 0.584314 0.584314 0.584314
vn -0.554174 0.334369 -0.762291
v 0.246146 -0.154867 -0.074996 0.584314 0.584314 0.584314
vn -0.805408 0.169574 -0.567946
v -0.079085 -0.143642 -0.103941 0.584314 0.584314 0.584314
vn -0.366114 -0.065775 -0.928243
v 0.180492 -0.153672 -0.039500 0.584314 0.584314 0.584314
vn -0.891320 0.158534 0.424753
v -0.001432 -0.146240 0.113988 0.584314 0.584314 0.584314
vn -0.991812 0.032424 0.123523
v -0.002554 -0.146757 0.105704 0.584314 0.584314 0.584314
vn 0.636315 -0.528662 0.561801
v -0.013599 -0.150410 -0.056058 0.584314 0.584314 0.584314
vn -0.007131 -0.398903 0.916965
v 0.169340 -0.151551 -0.019278 0.584314 0.584314 0.584314
vn -0.100857 -0.193447 0.975913
v 0.177703 -0.137611 -0.019501 0.584314 0.584314 0.584314
vn -0.026609 -0.100821 0.994549
v 0.170135 -0.127981 -0.020008 0.584314 0.584314 0.584314
vn 0.436240 -0.389822 0.811007
v -0.022981 -0.150798 -0.049783 0.584314 0.584314 0.584314
vn -0.952118 0.120186 0.281118
v -0.085823 -0.143392 -0.075588 0.584314 0.584314 0.584314
vn 0.233563 -0.109395 -0.966168
v -0.045908 -0.149852 -0.121644 0.584314 0.584314 0.584314
vn 0.826972 0.341378 0.446741
v 0.271412 -0.148828 -0.034601 0.584314 0.584314 0.584314
vn -0.245317 -0.647411 -0.721581
v 0.164772 -0.151914 -0.038169 0.584314 0.584314 0.584314
vn -0.716097 -0.696047 0.052184
v 0.156574 -0.151095 -0.028846 0.584314 0.584314 0.584314
vn -0.601440 -0.277870 -0.749038
v 0.009988 -0.152922 0.069512 0.584314 0.584314 0.584314
vn 0.857924 -0.438610 0.267560
v 0.073064 -0.145871 0.112837 0.584314 0.584314 0.584314
vn -0.249565 0.523776 -0.814479
v 0.248891 -0.146499 -0.068599 0.584314 0.584314 0.584314
vn -0.299230 -0.363614 -0.882183
v 0.219211 -0.150442 -0.059454 0.584314 0.584314 0.584314
vn -0.009216 -0.092410 0.995678
v 0.184389 -0.151828 -0.021774 0.584314 0.584314 0.584314
vn 0.102080 -0.261575 0.959770
v -0.031425 -0.149126 -0.047004 0.584314 0.584314 0.584314
vn 0.053934 -0.114697 0.991935
v 0.195737 -0.143565 -0.020622 0.584314 0.584314 0.584314
vn -0.697837 -0.144621 -0.701504
v 0.002867 -0.138730 0.067988 0.584314 0.584314 0.584314
vn -0.174572 0.003711 0.984637
v -0.053901 -0.149242 -0.048836 0.584314 0.584314 0.584314
vn 0.950326 -0.307466 -0.048431
v 0.074209 -0.146557 0.097692 0.584314 0.584314 0.584314
vn -0.538478 0.197992 0.819049
v -0.067395 -0.143555 -0.057358 0.584314 0.584314 0.584314
vn 0.346232 0.519922 -0.780899
v 0.260540 -0.146326 -0.067995 0.584314 0.584314 0.584314
vn 0.604306 -0.536066 -0.589447
v -0.016634 -0.146938 -0.114653 0.584314 0.584314 0.584314
vn -0.270388 -0.102722 0.957256
v 0.023332 -0.140976 0.137976 0.584314 0.584314 0.584314
vn -0.226875 -0.267640 -0.936428
v 0.166917 -0.145549 -0.040469 0.584314 0.584314 0.584314
vn 0.649826 -0.505197 0.567893
v 0.065959 -0.145032 0.124947 0.584314 0.584314 0.584314
vn 0.824219 -0.173165 -0.539144
v 0.280318 -0.149689 -0.056748 0.584314 0.584314 0.584314
vn 0.994764 0.036440 0.095477
v 0.284605 -0.147062 -0.048325 0.584314 0.584314 0.584314
vn 0.073057 -0.360209 -0.930007
v 0.043378 -0.148978 0.054108 0.584314 0.584314 0.584314
vn 0.807577 -0.587254 -0.054325
v -0.004970 -0.147879 -0.086633 0.584314 0.584314 0.584314
vn -0.927591 -0.017410 -0.373191
v -0.003321 -0.133764 0.075522 0.584314 0.584314 0.584314
vn -0.317494 -0.246000 -0.915796
v 0.236536 -0.147443 -0.065197 0.584314 0.584314 0.584314
vn 0.013348 -0.144002 0.989487
v 0.216602 -0.149834 -0.018925 0.584314 0.584314 0.584314
vn -0.042896 -0.138103 0.989489
v 0.227727 -0.143289 -0.017402 0.584314 0.584314 0.584314
vn -0.418503 -0.122790 -0.899876
v 0.167866 -0.131139 -0.040987 0.584314 0.584314 0.584314
vn -0.298527 -0.430070 -0.852011
v 0.182330 -0.137043 -0.048741 0.584314 0.584314 0.584314
vn -0.291047 -0.116766 -0.949556
v 0.186625 -0.148191 -0.040575 0.584314 0.584314 0.584314
vn -0.246577 -0.450428 -0.858088
v 0.191066 -0.142600 -0.044169 0.584314 0.584314 0.584314
vn 0.741242 -0.561415 -0.367932
v -0.007444 -0.146936 -0.100777 0.584314 0.584314 0.584314
vn -0.475743 -0.070953 -0.876718
v 0.215670 -0.141408 -0.060315 0.584314 0.584314 0.584314
vn 0.244527 -0.139964 0.959488
v 0.035765 -0.146429 0.135485 0.584314 0.584314 0.584314
vn 0.619609 -0.230204 -0.750394
v 0.060264 -0.140890 0.061266 0.584314 0.584314 0.584314
vn -0.542028 -0.257330 0.799992
v 0.160903 -0.146682 -0.018202 0.584314 0.584314 0.584314
vn -0.098211 0.372234 0.922928
v 0.255755 -0.145790 -0.016676 0.584314 0.584314 0.584314
vn 0.708470 0.388322 0.589301
v 0.268479 -0.140631 -0.035464 0.584314 0.584314 0.584314
vn -0.686537 -0.304254 -0.660376
v 0.156178 -0.150653 -0.036452 0.584314 0.584314 0.584314
vn 0.376771 0.124933 -0.917843
v 0.252265 -0.138381 -0.066245 0.584314 0.584314 0.584314
vn 0.982349 -0.177263 0.059735
v 0.076573 -0.133900 0.103633 0.584314 0.584314 0.584314
vn -0.441821 -0.315630 -0.839745
v 0.223867 -0.140976 -0.063508 0.584314 0.584314 0.584314
vn -0.099659 -0.099625 0.990022
v 0.216792 -0.134591 -0.020450 0.584314 0.584314 0.584314
vn 0.053385 -0.145317 0.987944
v 0.206936 -0.136319 -0.022311 0.584314 0.584314 0.584314
vn 0.752967 -0.298774 -0.586323
v 0.067454 -0.135826 0.067317 0.584314 0.584314 0.584314
vn 0.847846 -0.417629 -0.326715
v 0.069169 -0.149053 0.077433 0.584314 0.584314 0.584314
vn 0.630587 0.622491 0.463536
v 0.266092 -0.145717 -0.022834 0.584314 0.584314 0.584314
vn 0.414142 -0.438446 -0.797654
v -0.024374 -0.145996 -0.121444 0.584314 0.584314 0.584314
vn 0.463734 0.514476 -0.721294
v 0.258555 -0.137870 -0.061437 0.584314 0.584314 0.584314
vn 0.569548 0.319709 -0.757233
v 0.262438 -0.132002 -0.054275 0.584314 0.584314 0.584314
vn 0.314051 0.723218 -0.615083
v 0.272793 -0.137525 -0.056777 0.584314 0.584314 0.584314
vn 0.783104 -0.578620 0.227918
v -0.003359 -0.144523 -0.071073 0.584314 0.584314 0.584314
vn -0.998748 -0.048448 -0.012487
v -0.007473 -0.129845 0.098025 0.584314 0.584314 0.584314
vn -0.976341 0.212877 -0.037967
v -0.003873 -0.147073 0.098434 0.584314 0.584314 0.584314
vn 0.767422 0.328845 0.550386
v 0.281770 -0.140793 -0.045206 0.584314 0.584314 0.584314
vn 0.133065 -0.474041 -0.870390
v -0.036368 -0.143264 -0.126466 0.584314 0.584314 0.584314
vn -0.934649 0.080516 -0.346335
v -0.084183 -0.143651 -0.093019 0.584314 0.584314 0.584314
vn 0.436843 0.477106 -0.762587
v 0.245098 -0.130043 -0.069170 0.584314 0.584314 0.584314
vn -0.604048 -0.051759 0.795266
v -0.071585 -0.138042 -0.061351 0.584314 0.584314 0.584314
vn -0.794184 0.034997 0.606669
v -0.084332 -0.127720 -0.067773 0.584314 0.584314 0.584314
vn -0.224784 -0.513952 -0.827844
v 0.234630 -0.139491 -0.073289 0.584314 0.584314 0.584314
vn -0.610435 0.246408 -0.752763
v -0.071995 -0.140734 -0.109913 0.584314 0.584314 0.584314
vn 0.644630 -0.402906 0.649707
v -0.006943 -0.135757 -0.055570 0.584314 0.584314 0.584314
vn 0.734607 -0.593153 0.329426
v 0.006765 -0.129241 -0.067909 0.584314 0.584314 0.584314
vn 0.639253 -0.455224 0.619780
v 0.004435 -0.125272 -0.060660 0.584314 0.584314 0.584314
vn 0.270793 -0.251762 0.929133
v 0.043922 -0.139841 0.133077 0.584314 0.584314 0.584314
vn -0.994253 -0.071415 -0.079754
v -0.087980 -0.137266 -0.084476 0.584314 0.584314 0.584314
vn 0.042430 -0.398232 0.916303
v 0.246183 -0.136925 -0.014687 0.584314 0.584314 0.584314
vn -0.500556 0.053406 -0.864055
v -0.058549 -0.143690 -0.120502 0.584314 0.584314 0.584314
vn 0.676594 -0.369107 -0.637166
v -0.004970 -0.135799 -0.107947 0.584314 0.584314 0.584314
vn 0.689959 0.290771 -0.662879
v 0.282271 -0.141931 -0.055760 0.584314 0.584314 0.584314
vn 0.711772 -0.555802 -0.429495
v 0.002364 -0.134073 -0.099404 0.584314 0.584314 0.584314
vn 0.762316 -0.646692 -0.025760
v 0.006075 -0.133469 -0.083872 0.584314 0.584314 0.584314
vn -0.450946 -0.282811 -0.846561
v 0.161308 -0.137093 -0.038657 0.584314 0.584314 0.584314
vn -0.513331 0.095328 0.852880
v 0.011865 -0.130343 0.133308 0.584314 0.584314 0.584314
vn 0.847505 -0.123367 0.516252
v 0.071588 -0.135772 0.122480 0.584314 0.584314 0.584314
vn -0.538194 0.116697 -0.834703
v 0.013259 -0.130361 0.061135 0.584314 0.584314 0.584314
vn 0.566854 -0.170525 -0.805976
v -0.014724 -0.134290 -0.118523 0.584314 0.584314 0.584314
vn -0.422878 -0.281266 -0.861431
v 0.218931 -0.124927 -0.062239 0.584314 0.584314 0.584314
vn 0.402614 -0.179251 0.897647
v -0.016792 -0.135626 -0.050047 0.584314 0.584314 0.584314
vn 0.400368 0.209156 0.892165
v 0.254671 -0.141463 -0.019981 0.584314 0.584314 0.584314
vn 0.251387 -0.148780 -0.956383
v 0.049219 -0.137093 0.053758 0.584314 0.584314 0.584314
vn -0.425292 -0.199797 -0.882728
v 0.203800 -0.135435 -0.051752 0.584314 0.584314 0.584314
vn 0.256869 -0.102843 0.960959
v 0.043331 -0.130498 0.138225 0.584314 0.584314 0.584314
vn 0.087524 -0.125589 0.988214
v 0.033474 -0.132268 0.140335 0.584314 0.584314 0.584314
vn -0.610796 0.010677 -0.791716
v 0.227405 -0.134677 -0.068858 0.584314 0.584314 0.584314
vn 0.672313 0.736881 -0.070722
v 0.280103 -0.136290 -0.048625 0.584314 0.584314 0.584314
vn 0.967793 -0.169626 0.186022
v 0.078989 -0.117160 0.102339 0.584314 0.584314 0.584314
vn -0.064088 -0.178289 -0.981889
v 0.037113 -0.145003 0.053022 0.584314 0.584314 0.584314
vn -0.336391 -0.080330 -0.938290
v 0.026955 -0.139181 0.054308 0.584314 0.584314 0.584314
vn -0.140003 -0.032951 -0.989603
v 0.037570 -0.130104 0.052205 0.584314 0.584314 0.584314
vn -0.008752 -0.156817 -0.987589
v 0.046889 -0.119490 0.050825 0.584314 0.584314 0.584314
vn 0.954039 -0.099290 0.282756
v 0.074708 -0.137150 0.114678 0.584314 0.584314 0.584314
vn -0.035891 0.003517 0.999350
v -0.039805 -0.134248 -0.045348 0.584314 0.584314 0.584314
vn -0.184416 -0.109405 0.976740
v 0.184329 -0.132925 -0.016316 0.584314 0.584314 0.584314
vn -0.680664 -0.133929 0.720249
v 0.004507 -0.140131 0.127700 0.584314 0.584314 0.584314
vn 0.856475 0.509804 0.080932
v 0.268716 -0.129698 -0.045090 0.584314 0.584314 0.584314
vn 0.609525 0.470330 0.638176
v 0.272729 -0.134728 -0.041036 0.584314 0.584314 0.584314
vn 0.448472 -0.221727 0.865858
v 0.064121 -0.137500 0.131555 0.584314 0.584314 0.584314
vn -0.409780 0.110905 0.905417
v -0.057087 -0.132128 -0.048081 0.584314 0.584314 0.584314
vn -0.587963 0.104350 0.802129
v -0.072362 -0.123287 -0.060401 0.584314 0.584314 0.584314
vn -0.001726 0.098125 -0.995173
v 0.236387 -0.133993 -0.075764 0.584314 0.584314 0.584314
vn 0.659550 0.119144 0.742158
v 0.065349 -0.129745 0.130007 0.584314 0.584314 0.584314
vn -0.980971 0.050120 0.187573
v -0.088857 -0.130441 -0.079125 0.584314 0.584314 0.584314
vn -0.908397 -0.411404 0.074581
v 0.155668 -0.137758 -0.030635 0.584314 0.584314 0.584314
vn -0.487583 -0.137223 -0.862225
v 0.181229 -0.130468 -0.050905 0.584314 0.584314 0.584314
vn 0.400700 -0.214632 0.890715
v -0.006317 -0.128756 -0.053064 0.584314 0.584314 0.584314
vn -0.886669 -0.078583 0.455677
v -0.004210 -0.135692 0.118583 0.584314 0.584314 0.584314
vn -0.629838 0.296507 0.717905
v 0.004683 -0.120473 0.124724 0.584314 0.584314 0.584314
vn 0.313087 -0.060673 -0.947785
v -0.030467 -0.133103 -0.127419 0.584314 0.584314 0.584314
vn -0.181933 -0.219330 -0.958538
v -0.051514 -0.134852 -0.130255 0.584314 0.584314 0.584314
vn 0.727999 0.279073 0.626207
v 0.261317 -0.129068 -0.034774 0.584314 0.584314 0.584314
vn -0.869920 -0.100868 -0.482768
v -0.083593 -0.132265 -0.100735 0.584314 0.584314 0.584314
vn -0.353566 0.247829 0.901982
v 0.023358 -0.121491 0.136755 0.584314 0.584314 0.584314
vn -0.250402 -0.383913 -0.888769
v 0.209945 -0.129303 -0.056524 0.584314 0.584314 0.584314
vn -0.698452 0.292754 -0.653039
v 0.004608 -0.121734 0.070412 0.584314 0.584314 0.584314
vn 0.579121 0.587256 -0.565464
v 0.266667 -0.131829 -0.051255 0.584314 0.584314 0.584314
vn -0.978633 0.041585 0.201366
v -0.007375 -0.127953 0.109525 0.584314 0.584314 0.584314
vn -0.115599 -0.332050 -0.936152
v 0.164203 -0.127271 -0.040545 0.584314 0.584314 0.584314
vn -0.955273 0.088022 -0.282323
v -0.088100 -0.129323 -0.091284 0.584314 0.584314 0.584314
vn -0.707010 -0.079822 -0.702685
v -0.059218 -0.131309 -0.126164 0.584314 0.584314 0.584314
vn 0.246198 -0.225596 0.942599
v 0.195392 -0.134850 -0.017171 0.584314 0.584314 0.584314
vn 0.421913 -0.067511 -0.904119
v -0.007113 -0.116265 -0.116245 0.584314 0.584314 0.584314
vn 0.183821 0.020605 0.982744
v -0.022389 -0.123978 -0.048040 0.584314 0.584314 0.584314
vn 0.533461 0.272798 -0.800625
v 0.258901 -0.126048 -0.056605 0.584314 0.584314 0.584314
vn 0.022725 -0.222769 0.974606
v 0.211856 -0.121434 -0.014662 0.584314 0.584314 0.584314
vn 0.747198 0.340501 0.570748
v 0.260385 -0.136612 -0.030391 0.584314 0.584314 0.584314
vn -0.590588 -0.804401 -0.064379
v 0.145981 -0.131476 -0.033332 0.584314 0.584314 0.584314
vn 0.404745 -0.746724 -0.527811
v 0.078385 -0.108273 0.053586 0.584314 0.584314 0.584314
vn 0.610783 -0.613177 -0.500957
v 0.076400 -0.117592 0.063423 0.584314 0.584314 0.584314
vn 0.200401 -0.575684 0.792734
v 0.153271 -0.113733 -0.013425 0.584314 0.584314 0.584314
vn -0.382569 -0.320814 0.866440
v 0.159443 -0.135604 -0.019743 0.584314 0.584314 0.584314
vn -0.473677 0.112109 -0.873534
v 0.027189 -0.113648 0.056481 0.584314 0.584314 0.584314
vn 0.364827 0.102778 0.925385
v 0.056899 -0.127774 0.133834 0.584314 0.584314 0.584314
vn -0.687514 0.048924 -0.724521
v -0.065997 -0.128221 -0.115073 0.584314 0.584314 0.584314
vn -0.198108 -0.142404 0.969781
v 0.238784 -0.131940 -0.014575 0.584314 0.584314 0.584314
vn 0.621107 -0.630453 0.465570
v 0.010734 -0.123201 -0.065579 0.584314 0.584314 0.584314
vn 0.652843 -0.755165 0.059351
v 0.012374 -0.126997 -0.085339 0.584314 0.584314 0.584314
vn 0.031075 0.086398 0.995776
v 0.191509 -0.126221 -0.015876 0.584314 0.584314 0.584314
vn -0.180569 -0.491341 -0.852044
v 0.196185 -0.129340 -0.056568 0.584314 0.584314 0.584314
vn -0.175887 -0.322984 -0.929917
v 0.198504 -0.126174 -0.058714 0.584314 0.584314 0.584314
vn -0.044826 0.515266 -0.855857
v 0.233740 -0.127226 -0.071401 0.584314 0.584314 0.584314
vn -0.178952 0.220184 0.958903
v -0.047804 -0.126216 -0.046863 0.584314 0.584314 0.584314
vn 0.022259 -0.232372 0.972372
v 0.189984 -0.132800 -0.015556 0.584314 0.584314 0.584314
vn 0.790928 0.349202 0.502485
v 0.256992 -0.121801 -0.031528 0.584314 0.584314 0.584314
vn 0.925398 -0.307814 -0.221109
v 0.076314 -0.129931 0.080249 0.584314 0.584314 0.584314
vn -0.301590 -0.050282 -0.952111
v 0.036925 -0.115981 0.052300 0.584314 0.584314 0.584314
vn -0.494147 -0.602724 0.626532
v 0.147099 -0.128222 -0.020327 0.584314 0.584314 0.584314
vn -0.487366 -0.745617 0.454455
v 0.141462 -0.123373 -0.022952 0.584314 0.584314 0.584314
vn -0.267830 -0.673690 -0.688773
v 0.149500 -0.131359 -0.037533 0.584314 0.584314 0.584314
vn -0.201217 -0.219369 0.954667
v 0.233532 -0.123287 -0.016739 0.584314 0.584314 0.584314
vn -0.692059 0.163596 -0.703058
v -0.078197 -0.124723 -0.108334 0.584314 0.584314 0.584314
vn 0.871124 -0.489381 -0.040605
v 0.080283 -0.117937 0.079559 0.584314 0.584314 0.584314
vn 0.756261 -0.433962 -0.489639
v 0.073294 -0.125444 0.067392 0.584314 0.584314 0.584314
vn -0.708113 0.428116 0.561509
v -0.083127 -0.118651 -0.069192 0.584314 0.584314 0.584314
vn -0.299657 -0.266174 -0.916164
v 0.169059 -0.123774 -0.042652 0.584314 0.584314 0.584314
vn 0.370304 0.096539 0.923880
v 0.249221 -0.126690 -0.011949 0.584314 0.584314 0.584314
vn 0.394129 -0.324602 -0.859823
v 0.055346 -0.122251 0.052637 0.584314 0.584314 0.584314
vn 0.491659 0.341316 0.801108
v 0.247856 -0.120526 -0.015618 0.584314 0.584314 0.584314
vn -0.344483 -0.670591 -0.656992
v 0.141932 -0.126087 -0.041936 0.584314 0.584314 0.584314
vn 0.824049 0.099807 0.557658
v 0.073362 -0.116694 0.115257 0.584314 0.584314 0.584314
vn 0.404095 -0.127618 0.905771
v 0.240095 -0.114444 -0.012330 0.584314 0.584314 0.584314
vn 0.020044 -0.108352 0.993911
v 0.181603 -0.121446 -0.016971 0.584314 0.584314 0.584314
vn 0.522534 -0.840530 0.143064
v 0.023591 -0.117937 -0.081629 0.584314 0.584314 0.584314
vn 0.539294 -0.773575 0.332782
v 0.021960 -0.116094 -0.068634 0.584314 0.584314 0.584314
vn -0.937639 0.314891 -0.147233
v -0.006220 -0.119694 0.096338 0.584314 0.584314 0.584314
vn 0.584636 0.215769 0.782077
v 0.062567 -0.121648 0.130448 0.584314 0.584314 0.584314
vn -0.789043 0.483793 -0.378623
v -0.079635 -0.117740 -0.101311 0.584314 0.584314 0.584314
vn -0.882578 0.453046 -0.125721
v -0.085032 -0.118226 -0.085025 0.584314 0.584314 0.584314
vn -0.280120 0.426809 0.859864
v -0.051652 -0.114485 -0.052549 0.584314 0.584314 0.584314
vn 0.494910 -0.504244 -0.707673
v 0.010216 -0.115262 -0.107515 0.584314 0.584314 0.584314
vn 0.615009 -0.700519 -0.361991
v 0.013759 -0.123158 -0.096619 0.584314 0.584314 0.584314
vn -0.017496 -0.102162 0.994614
v 0.202373 -0.124500 -0.016627 0.584314 0.584314 0.584314
vn 0.863199 0.334241 0.378378
v 0.267395 -0.119895 -0.041707 0.584314 0.584314 0.584314
vn 0.119461 0.292740 -0.948700
v -0.041533 -0.124795 -0.128768 0.584314 0.584314 0.584314
vn 0.309402 0.176979 -0.934317
v -0.023513 -0.120476 -0.122740 0.584314 0.584314 0.584314
vn 0.303952 0.589062 -0.748745
v 0.253982 -0.117592 -0.054275 0.584314 0.584314 0.584314
vn 0.791491 0.389648 0.470868
v 0.253249 -0.123170 -0.018747 0.584314 0.584314 0.584314
vn 0.357114 0.315854 0.879037
v 0.050051 -0.109249 0.133261 0.584314 0.584314 0.584314
vn 0.454716 0.441245 -0.773651
v 0.241216 -0.120448 -0.062305 0.584314 0.584314 0.584314
vn -0.049561 0.232704 0.971284
v -0.039200 -0.123070 -0.046665 0.584314 0.584314 0.584314
vn -0.447535 -0.130972 -0.884624
v 0.204146 -0.113316 -0.061778 0.584314 0.584314 0.584314
vn -0.069059 0.280639 0.957326
v -0.032322 -0.112776 -0.049157 0.584314 0.584314 0.584314
vn -0.366895 -0.182095 -0.912266
v 0.180343 -0.115091 -0.048584 0.584314 0.584314 0.584314
vn 0.574526 -0.799603 -0.174799
v 0.022642 -0.119404 -0.089826 0.584314 0.584314 0.584314
vn -0.655793 0.740342 -0.147750
v -0.078409 -0.111092 -0.089390 0.584314 0.584314 0.584314
vn 0.759292 -0.486716 0.431953
v 0.092793 -0.095833 0.090483 0.584314 0.584314 0.584314
vn 0.174209 -0.571918 -0.801599
v 0.063259 -0.110706 0.049397 0.584314 0.584314 0.584314
vn -0.438129 -0.034502 -0.898250
v 0.194914 -0.118679 -0.058690 0.584314 0.584314 0.584314
vn -0.416090 0.358484 -0.835679
v -0.054609 -0.123066 -0.128268 0.584314 0.584314 0.584314
vn -0.547160 0.483992 -0.682911
v -0.068738 -0.114227 -0.109413 0.584314 0.584314 0.584314
vn -0.128462 -0.163100 0.978211
v 0.227188 -0.123311 -0.019038 0.584314 0.584314 0.584314
vn -0.896088 0.422875 0.134917
v -0.005557 -0.117285 0.103351 0.584314 0.584314 0.584314
vn 0.615945 0.275590 0.738012
v 0.066129 -0.105246 0.120478 0.584314 0.584314 0.584314
vn -0.859215 0.495808 0.126192
v -0.084010 -0.115895 -0.077200 0.584314 0.584314 0.584314
vn 0.150042 -0.266269 -0.952149
v 0.149745 -0.117851 -0.044179 0.584314 0.584314 0.584314
vn 0.869929 -0.320376 0.374944
v 0.082958 -0.106029 0.098888 0.584314 0.584314 0.584314
vn -0.648878 0.348346 -0.676471
v 0.017142 -0.107643 0.066386 0.584314 0.584314 0.584314
vn -0.841020 0.414570 -0.347587
v -0.001097 -0.116382 0.082518 0.584314 0.584314 0.584314
vn 0.874448 0.184272 -0.448759
v 0.266106 -0.122424 -0.051039 0.584314 0.584314 0.584314
vn 0.476929 -0.402844 0.781188
v 0.003124 -0.118221 -0.054979 0.584314 0.584314 0.584314
vn -0.345042 -0.482016 -0.805361
v 0.210118 -0.120219 -0.061575 0.584314 0.584314 0.584314
vn -0.157085 -0.371271 0.915140
v 0.225852 -0.117937 -0.016739 0.584314 0.584314 0.584314
vn -0.055216 0.549306 -0.833795
v -0.040049 -0.108580 -0.119548 0.584314 0.584314 0.584314
vn 0.213167 -0.176432 0.960954
v -0.002295 -0.115176 -0.052118 0.584314 0.584314 0.584314
vn -0.747449 0.446816 0.491605
v -0.000253 -0.116265 0.116525 0.584314 0.584314 0.584314
vn -0.099720 -0.095236 0.990447
v 0.218016 -0.109434 -0.014962 0.584314 0.584314 0.584314
vn 0.467931 -0.262961 -0.843737
v 0.002796 -0.114917 -0.111830 0.584314 0.584314 0.584314
vn -0.015251 0.346379 0.937971
v 0.037152 -0.114848 0.138285 0.584314 0.584314 0.584314
vn -0.233323 -0.920250 -0.314166
v 0.135335 -0.118023 -0.042712 0.584314 0.584314 0.584314
vn 0.103144 0.393070 -0.913705
v -0.031202 -0.114831 -0.122357 0.584314 0.584314 0.584314
vn 0.036541 -0.947357 0.318087
v 0.140167 -0.117333 -0.014496 0.584314 0.584314 0.584314
vn 0.822081 0.396002 0.409102
v 0.248373 -0.111853 -0.025799 0.584314 0.584314 0.584314
vn 0.459379 -0.824786 0.329695
v 0.032565 -0.110861 -0.071360 0.584314 0.584314 0.584314
vn -0.333377 0.672999 -0.660251
v -0.052613 -0.109586 -0.117604 0.584314 0.584314 0.584314
vn 0.525111 -0.638501 -0.562650
v 0.021520 -0.114140 -0.100526 0.584314 0.584314 0.584314
vn -0.057054 -0.735772 0.674822
v 0.148424 -0.117661 -0.015590 0.584314 0.584314 0.584314
vn -0.240984 -0.913268 -0.328432
v 0.122478 -0.117678 -0.011044 0.584314 0.584314 0.584314
vn -0.650721 -0.175847 -0.738674
v 0.210383 -0.112556 -0.067742 0.584314 0.584314 0.584314
vn 0.075199 -0.997036 -0.016290
v 0.124460 -0.119887 -0.002867 0.584314 0.584314 0.584314
vn -0.243915 -0.959203 0.142954
v 0.129295 -0.116211 -0.035982 0.584314 0.584314 0.584314
vn 0.758146 0.330157 0.562327
v 0.242610 -0.106166 -0.016743 0.584314 0.584314 0.584314
vn -0.291763 -0.162020 0.942668
v 0.219716 -0.106155 -0.013800 0.584314 0.584314 0.584314
vn 0.119376 -0.992353 -0.031396
v 0.129036 -0.118541 -0.007507 0.584314 0.584314 0.584314
vn 0.528704 0.421755 -0.736611
v 0.263561 -0.118740 -0.053720 0.584314 0.584314 0.584314
vn -0.503896 -0.844211 -0.182746
v 0.115889 -0.117848 -0.001957 0.584314 0.584314 0.584314
vn -0.549091 -0.773887 0.315594
v 0.116004 -0.118062 0.012678 0.584314 0.584314 0.584314
vn 0.305995 -0.703619 -0.641317
v 0.141616 -0.111694 -0.049695 0.584314 0.584314 0.584314
vn -0.297872 -0.247100 -0.922070
v 0.189347 -0.107770 -0.053872 0.584314 0.584314 0.584314
vn 0.510810 -0.850089 -0.128152
v 0.030581 -0.114831 -0.085770 0.584314 0.584314 0.584314
vn 0.003938 -0.002461 0.999989
v 0.194718 -0.114217 -0.019204 0.584314 0.584314 0.584314
vn 0.278284 -0.936168 0.214819
v 0.138614 -0.115521 -0.004918 0.584314 0.584314 0.584314
vn 0.567218 0.107022 -0.816584
v 0.229619 -0.108436 -0.069399 0.584314 0.584314 0.584314
vn 0.604388 0.368274 -0.706463
v 0.237674 -0.102750 -0.056691 0.584314 0.584314 0.584314
vn -0.261278 -0.965263 -0.000606
v 0.134817 -0.117851 -0.017171 0.584314 0.584314 0.584314
vn -0.474071 0.490415 0.731265
v -0.065948 -0.110254 -0.061416 0.584314 0.584314 0.584314
vn 0.021171 -0.999762 0.005222
v 0.117819 -0.116729 -0.051341 0.584314 0.584314 0.584314
vn 0.290015 -0.909339 -0.298318
v 0.130934 -0.112760 -0.056518 0.584314 0.584314 0.584314
vn -0.444983 -0.865860 0.228639
v 0.120925 -0.113450 -0.034860 0.584314 0.584314 0.584314
vn -0.535165 -0.844300 0.027497
v 0.133548 -0.118145 -0.028192 0.584314 0.584314 0.584314
vn 0.229257 -0.366463 0.901746
v 0.011833 -0.103382 -0.052266 0.584314 0.584314 0.584314
vn -0.570077 -0.793002 -0.214849
v 0.118940 -0.111465 -0.017171 0.584314 0.584314 0.584314
vn -0.168820 -0.252548 -0.952743
v 0.048978 -0.107826 0.047844 0.584314 0.584314 0.584314
vn 0.359273 -0.925663 0.118618
v 0.140685 -0.113709 0.007421 0.584314 0.584314 0.584314
vn 0.333543 -0.837273 0.433270
v 0.041281 -0.104476 -0.066787 0.584314 0.584314 0.584314
vn 0.484674 -0.870644 0.084087
v 0.040159 -0.109049 -0.082319 0.584314 0.584314 0.584314
vn -0.129852 -0.494554 -0.859392
v 0.168875 -0.112905 -0.049692 0.584314 0.584314 0.584314
vn -0.421429 0.769579 -0.479735
v -0.056559 -0.102123 -0.104446 0.584314 0.584314 0.584314
vn 0.143323 -0.974807 -0.170907
v 0.108690 -0.116731 -0.068583 0.584314 0.584314 0.584314
vn -0.178451 -0.977634 0.111295
v 0.105628 -0.116517 -0.056153 0.584314 0.584314 0.584314
vn 0.073222 -0.969485 0.233961
v 0.124284 -0.117579 0.013995 0.584314 0.584314 0.584314
vn -0.251165 -0.904065 0.345808
v 0.114684 -0.115755 -0.041429 0.584314 0.584314 0.584314
vn 0.057036 -0.017481 -0.998219
v 0.230400 -0.118992 -0.066821 0.584314 0.584314 0.584314
vn 0.473749 -0.540548 0.695248
v 0.176361 -0.098844 -0.011798 0.584314 0.584314 0.584314
vn 0.528406 -0.825712 0.197451
v 0.160877 -0.102146 0.012513 0.584314 0.584314 0.584314
vn 0.405397 -0.894708 0.187484
v 0.141779 -0.111804 0.019630 0.584314 0.584314 0.584314
vn -0.585357 0.655419 -0.477266
v -0.073105 -0.112273 -0.104140 0.584314 0.584314 0.584314
vn 0.726437 0.586221 -0.358657
v 0.253522 -0.108892 -0.044920 0.584314 0.584314 0.584314
vn -0.581036 -0.576422 0.574574
v 0.107636 -0.108963 -0.038916 0.584314 0.584314 0.584314
vn -0.641663 -0.664411 0.383179
v 0.106687 -0.098263 -0.030718 0.584314 0.584314 0.584314
vn -0.620292 -0.679556 0.391717
v 0.094521 -0.095502 -0.043748 0.584314 0.584314 0.584314
vn -0.684594 0.240752 -0.688019
v 0.026094 -0.099816 0.060575 0.584314 0.584314 0.584314
vn 0.259712 -0.883388 -0.390096
v 0.120624 -0.111132 -0.073845 0.584314 0.584314 0.584314
vn -0.176246 -0.893301 -0.413463
v 0.097407 -0.116353 -0.074443 0.584314 0.584314 0.584314
vn -0.206366 -0.244916 -0.947328
v 0.177626 -0.103599 -0.056209 0.584314 0.584314 0.584314
vn 0.434472 -0.626997 0.646614
v 0.019493 -0.110853 -0.059662 0.584314 0.584314 0.584314
vn 0.294574 0.030948 -0.955128
v -0.003072 -0.111811 -0.114936 0.584314 0.584314 0.584314
vn 0.725754 0.686567 -0.043673
v 0.264501 -0.115262 -0.045825 0.584314 0.584314 0.584314
vn 0.086673 -0.281425 0.955661
v 0.187520 -0.105084 -0.015495 0.584314 0.584314 0.584314
vn 0.787384 0.432509 0.439275
v 0.252774 -0.112328 -0.034601 0.584314 0.584314 0.584314
vn -0.891894 -0.452091 -0.011786
v 0.110267 -0.112003 0.004567 0.584314 0.584314 0.584314
vn -0.770355 -0.600349 -0.214789
v 0.113849 -0.107755 -0.013374 0.584314 0.584314 0.584314
vn -0.528438 -0.754931 0.388373
v 0.098110 -0.113108 -0.055336 0.584314 0.584314 0.584314
vn -0.432653 -0.734735 0.522471
v 0.120302 -0.111672 0.023446 0.584314 0.584314 0.584314
vn -0.710475 -0.700189 -0.070436
v 0.089378 -0.114699 -0.072423 0.584314 0.584314 0.584314
vn -0.744740 0.529569 -0.406103
v 0.005064 -0.108891 0.078984 0.584314 0.584314 0.584314
vn -0.207449 -0.288235 -0.934818
v 0.156555 -0.109747 -0.045914 0.584314 0.584314 0.584314
vn 0.271602 -0.507509 -0.817721
v 0.150191 -0.109660 -0.045286 0.584314 0.584314 0.584314
vn 0.503707 -0.748588 -0.431156
v 0.144153 -0.103207 -0.070630 0.584314 0.584314 0.584314
vn 0.171147 0.238202 -0.956017
v -0.017569 -0.106547 -0.117697 0.584314 0.584314 0.584314
vn -0.307608 -0.821750 0.479693
v 0.118536 -0.114476 -0.037588 0.584314 0.584314 0.584314
vn 0.295238 -0.644152 0.705622
v 0.030581 -0.102232 -0.056346 0.584314 0.584314 0.584314
vn 0.018821 0.265468 -0.963936
v -0.013944 -0.100420 -0.115799 0.584314 0.584314 0.584314
vn -0.439531 0.547691 0.711932
v 0.021652 -0.108834 0.129293 0.584314 0.584314 0.584314
vn 0.638954 -0.742059 -0.202698
v 0.085170 -0.108310 0.064050 0.584314 0.584314 0.584314
vn -0.081500 -0.175276 0.981140
v 0.201087 -0.107669 -0.016998 0.584314 0.584314 0.584314
vn -0.130327 -0.289108 0.948384
v 0.232085 -0.111157 -0.008636 0.584314 0.584314 0.584314
vn 0.435128 -0.866359 0.245123
v 0.153370 -0.109740 -0.004228 0.584314 0.584314 0.584314
vn -0.873283 -0.351480 -0.337400
v 0.087247 -0.109127 -0.071739 0.584314 0.584314 0.584314
vn -0.429058 -0.269049 -0.862277
v 0.205488 -0.102836 -0.063767 0.584314 0.584314 0.584314
vn 0.292219 -0.525719 0.798891
v 0.172267 -0.104907 -0.012770 0.584314 0.584314 0.584314
vn -0.307534 0.519267 0.797361
v -0.040126 -0.104624 -0.054510 0.584314 0.584314 0.584314
vn 0.769720 0.347563 0.535473
v 0.248272 -0.101896 -0.030046 0.584314 0.584314 0.584314
vn -0.115563 0.352881 -0.928505
v -0.013599 -0.092482 -0.113210 0.584314 0.584314 0.584314
vn 0.138546 0.114013 -0.983771
v -0.000656 -0.094466 -0.113987 0.584314 0.584314 0.584314
vn -0.629218 0.663401 0.404950
v 0.008658 -0.105064 0.113393 0.584314 0.584314 0.584314
vn -0.652416 0.706758 0.273582
v 0.017295 -0.093001 0.103356 0.584314 0.584314 0.584314
vn -0.772693 0.634535 -0.017663
v 0.002270 -0.105986 0.098708 0.584314 0.584314 0.584314
vn 0.734192 -0.671981 0.096972
v 0.091111 -0.103345 0.075194 0.584314 0.584314 0.584314
vn -0.519512 0.012569 -0.854370
v 0.035737 -0.103964 0.052568 0.584314 0.584314 0.584314
vn 0.260883 -0.896725 0.357526
v 0.138110 -0.110732 0.029487 0.584314 0.584314 0.584314
vn 0.577465 0.363697 -0.730930
v 0.247578 -0.111995 -0.052506 0.584314 0.584314 0.584314
vn 0.328431 -0.309094 -0.892521
v 0.014962 -0.107237 -0.108896 0.584314 0.584314 0.584314
vn 0.550611 -0.773362 0.314227
v 0.157339 -0.101197 0.023299 0.584314 0.584314 0.584314
vn -0.822589 -0.409630 0.394399
v 0.088707 -0.107452 -0.062209 0.584314 0.584314 0.584314
vn -0.179886 -0.236668 -0.954793
v 0.217744 -0.110958 -0.075736 0.584314 0.584314 0.584314
vn -0.094169 -0.821174 0.562855
v 0.132072 -0.109668 0.033993 0.584314 0.584314 0.584314
vn -0.507235 0.829312 -0.234425
v -0.066322 -0.104217 -0.095694 0.584314 0.584314 0.584314
vn -0.736239 -0.442040 0.512399
v 0.096937 -0.103786 -0.049011 0.584314 0.584314 0.584314
vn -0.895954 -0.283449 0.341941
v 0.110857 -0.106341 0.013058 0.584314 0.584314 0.584314
vn 0.069621 -0.051171 0.996260
v -0.007184 -0.107486 -0.050966 0.584314 0.584314 0.584314
vn -0.683734 -0.716409 0.138799
v 0.115495 -0.106267 -0.029261 0.584314 0.584314 0.584314
vn -0.464124 -0.162539 -0.870729
v 0.045681 -0.095761 0.046165 0.584314 0.584314 0.584314
vn 0.417604 -0.847151 -0.328546
v 0.058692 -0.098093 -0.092344 0.584314 0.584314 0.584314
vn 0.445762 -0.844785 -0.296032
v 0.040590 -0.107496 -0.093105 0.584314 0.584314 0.584314
vn -0.122850 0.236531 -0.963826
v 0.212979 -0.099117 -0.068034 0.584314 0.584314 0.584314
vn -0.578402 0.770586 0.267674
v -0.072091 -0.106205 -0.072547 0.584314 0.584314 0.584314
vn -0.175178 0.260405 0.949475
v -0.017009 -0.098902 -0.052258 0.584314 0.584314 0.584314
vn 0.522719 -0.789608 0.321379
v 0.169419 -0.099903 -0.001725 0.584314 0.584314 0.584314
vn 0.086598 -0.739683 -0.667361
v 0.073294 -0.101024 0.042282 0.584314 0.584314 0.584314
vn 0.398741 -0.914252 0.071763
v 0.053404 -0.102060 -0.078314 0.584314 0.584314 0.584314
vn 0.250042 -0.616747 0.746393
v 0.161569 -0.108797 -0.013927 0.584314 0.584314 0.584314
vn -0.797138 -0.602351 -0.041754
v 0.106445 -0.098552 -0.007621 0.584314 0.584314 0.584314
vn -0.456311 0.681765 0.571820
v 0.022642 -0.099903 0.120632 0.584314 0.584314 0.584314
vn 0.498104 -0.774436 0.390052
v 0.147847 -0.102146 0.036242 0.584314 0.584314 0.584314
vn 0.775583 0.449937 -0.442750
v 0.250923 -0.092732 -0.044054 0.584314 0.584314 0.584314
vn 0.373272 -0.625099 -0.685507
v 0.029099 -0.107137 -0.102285 0.584314 0.584314 0.584314
vn -0.611590 -0.563200 -0.555665
v 0.096328 -0.103507 -0.088085 0.584314 0.584314 0.584314
vn 0.344786 0.280575 0.895768
v 0.235191 -0.103175 -0.009977 0.584314 0.584314 0.584314
vn 0.697817 0.537005 0.474001
v 0.238383 -0.096259 -0.020235 0.584314 0.584314 0.584314
vn 0.126528 0.570562 0.811449
v 0.047997 -0.097132 0.126190 0.584314 0.584314 0.584314
vn -0.926164 -0.324161 0.192720
v 0.106342 -0.099557 0.001209 0.584314 0.584314 0.584314
vn 0.028552 0.006784 -0.999569
v 0.007663 -0.086846 -0.113090 0.584314 0.584314 0.584314
vn 0.183125 -0.267440 -0.946013
v 0.020399 -0.095674 -0.110880 0.584314 0.584314 0.584314
vn -0.037244 0.457774 -0.888288
v -0.028959 -0.103699 -0.117179 0.584314 0.584314 0.584314
vn -0.495273 -0.505831 0.706286
v 0.125137 -0.104187 0.035033 0.584314 0.584314 0.584314
vn -0.324466 -0.945893 -0.002813
v 0.080801 -0.093517 -0.070929 0.584314 0.584314 0.584314
vn -0.657130 -0.572460 -0.490377
v 0.087272 -0.096279 -0.076796 0.584314 0.584314 0.584314
vn -0.765625 0.629308 -0.133380
v 0.015966 -0.093567 0.085989 0.584314 0.584314 0.584314
vn 0.503322 0.457186 -0.733245
v 0.244579 -0.094175 -0.051169 0.584314 0.584314 0.584314
vn -0.279921 0.690812 -0.666650
v -0.035603 -0.098608 -0.112347 0.584314 0.584314 0.584314
vn -0.461251 0.683743 0.565458
v 0.029583 -0.089380 0.113838 0.584314 0.584314 0.584314
vn 0.356126 -0.803484 -0.477061
v 0.134148 -0.105833 -0.075920 0.584314 0.584314 0.584314
vn 0.425023 0.442648 0.789568
v 0.057374 -0.098479 0.123393 0.584314 0.584314 0.584314
vn 0.117238 -0.467725 -0.876065
v 0.165105 -0.096537 -0.052463 0.584314 0.584314 0.584314
vn 0.095274 -0.782901 -0.614808
v 0.110074 -0.104997 -0.090074 0.584314 0.584314 0.584314
vn -0.769630 0.462442 -0.440246
v 0.018600 -0.095460 0.074574 0.584314 0.584314 0.584314
vn -0.266718 -0.476168 0.837929
v 0.137632 -0.100503 0.044658 0.584314 0.584314 0.584314
vn 0.826208 0.454447 0.332954
v 0.252080 -0.093648 -0.036725 0.584314 0.584314 0.584314
vn -0.628688 -0.748779 0.209955
v 0.102891 -0.093776 -0.027698 0.584314 0.584314 0.584314
vn -0.713888 -0.700123 -0.013831
v 0.104789 -0.095243 -0.022176 0.584314 0.584314 0.584314
vn -0.350399 -0.366481 -0.861924
v 0.192869 -0.097174 -0.058699 0.584314 0.584314 0.584314
vn -0.220049 -0.518327 0.826387
v 0.121349 -0.095597 0.036926 0.584314 0.584314 0.584314
vn 0.668089 -0.703214 0.243204
v 0.177789 -0.090238 0.008629 0.584314 0.584314 0.584314
vn 0.336456 -0.756527 0.560771
v 0.143818 -0.100600 0.043088 0.584314 0.584314 0.584314
vn -0.272581 -0.433887 -0.858744
v 0.055369 -0.098970 0.042997 0.584314 0.584314 0.584314
vn -0.374256 -0.549200 -0.747203
v 0.098055 -0.098869 -0.095915 0.584314 0.584314 0.584314
vn -0.504951 0.863146 -0.001906
v -0.060575 -0.098767 -0.079358 0.584314 0.584314 0.584314
vn -0.734420 -0.589479 0.336366
v 0.086256 -0.096044 -0.059879 0.584314 0.584314 0.584314
vn 0.304260 0.576431 -0.758389
v 0.222664 -0.100241 -0.071659 0.584314 0.584314 0.584314
vn 0.331828 -0.660061 -0.673950
v 0.046072 -0.098755 -0.101639 0.584314 0.584314 0.584314
vn -0.795611 0.199713 -0.571942
v 0.032824 -0.086269 0.057210 0.584314 0.584314 0.584314
vn -0.521752 0.618778 0.587272
v -0.032662 -0.087340 -0.064034 0.584314 0.584314 0.584314
vn 0.200181 -0.369097 -0.907576
v 0.032129 -0.094066 -0.109005 0.584314 0.584314 0.584314
vn 0.573185 -0.704968 -0.417706
v 0.157166 -0.097659 -0.060315 0.584314 0.584314 0.584314
vn -0.421044 0.756420 0.500550
v -0.055931 -0.099570 -0.065779 0.584314 0.584314 0.584314
vn 0.051585 -0.340931 0.938672
v 0.021114 -0.094242 -0.050205 0.584314 0.584314 0.584314
vn -0.445815 -0.110906 -0.888228
v 0.189326 -0.088948 -0.059891 0.584314 0.584314 0.584314
vn 0.550073 0.257875 0.794305
v 0.069617 -0.097500 0.115265 0.584314 0.584314 0.584314
vn -0.251819 0.528147 -0.810955
v -0.021797 -0.090238 -0.110276 0.584314 0.584314 0.584314
vn -0.093206 -0.240901 0.966064
v 0.211982 -0.100003 -0.015357 0.584314 0.584314 0.584314
vn 0.002488 -0.417166 0.908827
v 0.151550 -0.086432 0.053347 0.584314 0.584314 0.584314
vn 0.395731 -0.077804 -0.915065
v 0.212467 -0.091149 -0.069948 0.584314 0.584314 0.584314
vn -0.490417 0.749467 0.444735
v -0.043340 -0.091346 -0.069457 0.584314 0.584314 0.584314
vn 0.236299 -0.571097 -0.786136
v 0.118383 -0.095601 -0.096015 0.584314 0.584314 0.584314
vn -0.815236 -0.503992 0.285276
v 0.113159 -0.098695 0.026405 0.584314 0.584314 0.584314
vn -0.677542 0.014976 -0.735332
v 0.039555 -0.088426 0.049962 0.584314 0.584314 0.584314
vn 0.542446 -0.708545 0.451350
v 0.156303 -0.094121 0.039607 0.584314 0.584314 0.584314
vn -0.355546 -0.340792 0.870315
v 0.127397 -0.092568 0.040125 0.584314 0.584314 0.584314
vn 0.292009 -0.879208 0.376462
v 0.051826 -0.098674 -0.061548 0.584314 0.584314 0.584314
vn 0.695132 0.212096 0.686882
v 0.229649 -0.092137 -0.014496 0.584314 0.584314 0.584314
vn 0.445514 0.493970 -0.746667
v 0.223404 -0.094035 -0.061460 0.584314 0.584314 0.584314
vn 0.635140 -0.770037 0.060333
v 0.100907 -0.094901 0.061730 0.584314 0.584314 0.584314
vn 0.717462 -0.118757 0.686400
v 0.082712 -0.093803 0.102966 0.584314 0.584314 0.584314
vn 0.454094 -0.627729 -0.632262
v 0.137867 -0.098255 -0.082342 0.584314 0.584314 0.584314
vn 0.185907 -0.744911 0.640739
v 0.051712 -0.094066 -0.054331 0.584314 0.584314 0.584314
vn 0.249947 -0.895255 0.368842
v 0.067966 -0.094102 -0.063323 0.584314 0.584314 0.584314
vn 0.050860 -0.823089 -0.565630
v 0.081836 -0.095157 0.035465 0.584314 0.584314 0.584314
vn 0.321065 -0.866338 -0.382591
v 0.089094 -0.099900 0.047665 0.584314 0.584314 0.584314
vn -0.357168 -0.096473 0.929044
v 0.138960 -0.088249 0.047778 0.584314 0.584314 0.584314
vn -0.055536 -0.276850 0.959307
v 0.222595 -0.095754 -0.011364 0.584314 0.584314 0.584314
vn -0.827193 -0.516757 0.220712
v 0.110300 -0.091826 0.015724 0.584314 0.584314 0.584314
vn 0.046872 -0.280873 0.958600
v 0.198690 -0.096748 -0.011375 0.584314 0.584314 0.584314
vn -0.436548 -0.784605 0.440252
v 0.113864 -0.096115 0.032453 0.584314 0.584314 0.584314
vn 0.605856 -0.733027 0.309208
v 0.172180 -0.091792 0.019416 0.584314 0.584314 0.584314
vn 0.713154 -0.576581 0.398705
v 0.183223 -0.088614 -0.003897 0.584314 0.584314 0.584314
vn 0.575970 -0.472607 -0.667009
v 0.143288 -0.087595 -0.087647 0.584314 0.584314 0.584314
vn -0.440299 -0.846624 0.298938
v 0.086303 -0.090865 -0.047660 0.584314 0.584314 0.584314
vn -0.604016 -0.784962 0.137840
v 0.096074 -0.087736 -0.024160 0.584314 0.584314 0.584314
vn -0.385019 -0.667053 -0.637809
v 0.089200 -0.090557 -0.085638 0.584314 0.584314 0.584314
vn 0.329428 -0.847671 -0.415849
v 0.071309 -0.090066 -0.096298 0.584314 0.584314 0.584314
vn 0.395125 -0.599455 -0.696082
v 0.074502 -0.084888 -0.100094 0.584314 0.584314 0.584314
vn -0.599104 -0.800436 -0.019414
v 0.087359 -0.081955 0.002848 0.584314 0.584314 0.584314
vn -0.055267 -0.072841 -0.995811
v 0.206548 -0.087625 -0.072684 0.584314 0.584314 0.584314
vn 0.665903 0.316280 -0.675678
v 0.215792 -0.085274 -0.065386 0.584314 0.584314 0.584314
vn 0.610648 -0.468287 -0.638605
v 0.168622 -0.086365 -0.057987 0.584314 0.584314 0.584314
vn 0.647399 -0.549811 -0.527810
v 0.156907 -0.091187 -0.070842 0.584314 0.584314 0.584314
vn -0.844507 0.136573 -0.517838
v 0.038174 -0.068407 0.053931 0.584314 0.584314 0.584314
vn -0.449458 0.368013 0.813974
v -0.016188 -0.079970 -0.058244 0.584314 0.584314 0.584314
vn -0.205895 -0.014339 0.978469
v 0.008408 -0.082312 -0.048773 0.584314 0.584314 0.584314
vn 0.310984 -0.945996 -0.091542
v 0.070590 -0.095256 -0.078387 0.584314 0.584314 0.584314
vn 0.006508 -0.968091 -0.250516
v 0.079161 -0.092568 -0.079644 0.584314 0.584314 0.584314
vn 0.147236 -0.665817 0.731443
v 0.120148 -0.086442 0.041937 0.584314 0.584314 0.584314
vn 0.507513 -0.828589 0.236370
v 0.116869 -0.085320 0.048409 0.584314 0.584314 0.584314
vn 0.242005 -0.846951 0.473400
v 0.112641 -0.089893 0.041592 0.584314 0.584314 0.584314
vn -0.581364 -0.790258 0.193670
v 0.102804 -0.090411 0.007335 0.584314 0.584314 0.584314
vn 0.184409 0.532026 0.826403
v 0.053792 -0.088599 0.118648 0.584314 0.584314 0.584314
vn 0.465613 -0.884044 -0.040873
v 0.100478 -0.095537 0.051495 0.584314 0.584314 0.584314
vn 0.086732 -0.563458 0.821580
v 0.038778 -0.089634 -0.048839 0.584314 0.584314 0.584314
vn -0.644843 -0.145509 -0.750337
v 0.046113 -0.082990 0.043318 0.584314 0.584314 0.584314
vn 0.675429 -0.716739 0.173440
v 0.100906 -0.094035 0.071793 0.584314 0.584314 0.584314
vn 0.671846 -0.664862 0.326468
v 0.107205 -0.085665 0.079127 0.584314 0.584314 0.584314
vn 0.676941 -0.590568 0.439295
v 0.104703 -0.086010 0.083614 0.584314 0.584314 0.584314
vn 0.225201 -0.315455 0.921831
v 0.189875 -0.088760 -0.011128 0.584314 0.584314 0.584314
vn -0.541479 -0.295190 -0.787187
v 0.198923 -0.090292 -0.068479 0.584314 0.584314 0.584314
vn -0.331485 0.424547 0.842542
v -0.023266 -0.089240 -0.057132 0.584314 0.584314 0.584314
vn 0.617674 -0.524791 0.585724
v 0.188920 -0.084284 -0.008887 0.584314 0.584314 0.584314
vn 0.716955 -0.633335 0.291311
v 0.187540 -0.081005 0.001468 0.584314 0.584314 0.584314
vn -0.141824 0.218355 -0.965509
v 0.011478 -0.074411 -0.111648 0.584314 0.584314 0.584314
vn 0.013523 -0.163815 -0.986398
v 0.173820 -0.088340 -0.055138 0.584314 0.584314 0.584314
vn -0.208743 0.619797 0.756491
v 0.035752 -0.105833 0.132733 0.584314 0.584314 0.584314
vn -0.202153 0.638888 0.742264
v 0.044022 -0.079934 0.111040 0.584314 0.584314 0.584314
vn -0.480666 -0.772157 0.415613
v 0.084942 -0.086959 -0.037708 0.584314 0.584314 0.584314
vn -0.086798 -0.819699 0.566181
v 0.065729 -0.084421 -0.049950 0.584314 0.584314 0.584314
vn 0.083977 -0.544444 0.834583
v 0.050168 -0.087650 -0.048666 0.584314 0.584314 0.584314
vn 0.439014 -0.016780 0.898323
v 0.090379 -0.077726 0.099837 0.584314 0.584314 0.584314
vn 0.176556 0.226899 0.957781
v 0.079593 -0.066164 0.102857 0.584314 0.584314 0.584314
vn 0.274915 0.260953 0.925378
v 0.074760 -0.074361 0.106136 0.584314 0.584314 0.584314
vn -0.468325 0.826371 -0.312703
v -0.044094 -0.092803 -0.097655 0.584314 0.584314 0.584314
vn -0.181303 -0.922923 0.339622
v 0.075294 -0.090364 -0.059263 0.584314 0.584314 0.584314
vn -0.519405 -0.399708 -0.755283
v 0.059487 -0.082559 0.032359 0.584314 0.584314 0.584314
vn 0.332047 -0.609736 -0.719699
v 0.060659 -0.090151 -0.103358 0.584314 0.584314 0.584314
vn -0.770825 0.635399 0.045788
v 0.025423 -0.081342 0.088585 0.584314 0.584314 0.584314
vn -0.478373 -0.546640 -0.687273
v 0.067081 -0.080056 0.026319 0.584314 0.584314 0.584314
vn 0.192196 -0.431652 -0.881327
v 0.050255 -0.088858 -0.107170 0.584314 0.584314 0.584314
vn 0.051146 -0.071793 -0.996107
v 0.023246 -0.087218 -0.111830 0.584314 0.584314 0.584314
vn -0.125969 0.016893 -0.991890
v 0.029804 -0.065905 -0.113296 0.584314 0.584314 0.584314
vn -0.118954 -0.327243 0.937423
v 0.207607 -0.088608 -0.011352 0.584314 0.584314 0.584314
vn -0.023981 -0.976513 -0.214122
v 0.102202 -0.092473 0.035090 0.584314 0.584314 0.584314
vn -0.577362 -0.752065 0.317886
v 0.085586 -0.081092 -0.029558 0.584314 0.584314 0.584314
vn -0.206982 0.387591 -0.898294
v -0.011882 -0.085132 -0.110248 0.584314 0.584314 0.584314
vn 0.457407 0.110057 0.882421
v 0.079161 -0.083076 0.105618 0.584314 0.584314 0.584314
vn -0.216717 -0.672769 -0.707400
v 0.073877 -0.090787 0.031546 0.584314 0.584314 0.584314
vn 0.123665 -0.958924 0.255287
v 0.109276 -0.092050 0.038485 0.584314 0.584314 0.584314
vn -0.549860 0.834646 0.031949
v -0.042131 -0.087838 -0.079403 0.584314 0.584314 0.584314
vn 0.623664 -0.338308 0.704693
v 0.096937 -0.083335 0.094573 0.584314 0.584314 0.584314
vn -0.026266 -0.418164 0.907992
v 0.202153 -0.079437 -0.009859 0.584314 0.584314 0.584314
vn -0.655364 0.663395 0.361117
v 0.028512 -0.082176 0.102016 0.584314 0.584314 0.584314
vn -0.515762 -0.856594 -0.015387
v 0.107350 -0.089752 0.018211 0.584314 0.584314 0.584314
vn -0.320478 -0.930556 -0.177085
v 0.094024 -0.086353 0.018434 0.584314 0.584314 0.584314
vn 0.625031 -0.749150 0.219343
v 0.113936 -0.083421 0.065580 0.584314 0.584314 0.584314
vn -0.129512 -0.828483 -0.544833
v 0.084511 -0.086269 0.023903 0.584314 0.584314 0.584314
vn 0.271310 -0.389060 -0.880354
v 0.121356 -0.083335 -0.101906 0.584314 0.584314 0.584314
vn -0.642740 -0.291939 -0.708278
v 0.060058 -0.070798 0.025651 0.584314 0.584314 0.584314
vn 0.865659 0.449534 -0.220348
v 0.238750 -0.083537 -0.041330 0.584314 0.584314 0.584314
vn 0.763586 0.414501 0.495101
v 0.237331 -0.086889 -0.032817 0.584314 0.584314 0.584314
vn -0.833748 0.495230 -0.244155
v 0.026957 -0.082472 0.071965 0.584314 0.584314 0.584314
vn -0.908552 0.326357 -0.260814
v 0.031875 -0.076950 0.064113 0.584314 0.584314 0.584314
vn 0.240013 0.398333 0.885282
v 0.065302 -0.075497 0.109190 0.584314 0.584314 0.584314
vn -0.461815 0.729500 -0.504536
v -0.030512 -0.087563 -0.102510 0.584314 0.584314 0.584314
vn 0.572179 0.374470 -0.729646
v 0.230924 -0.085265 -0.050282 0.584314 0.584314 0.584314
vn 0.837821 0.238666 0.491013
v 0.226680 -0.080948 -0.010435 0.584314 0.584314 0.584314
vn -0.149108 -0.134123 0.979683
v 0.142411 -0.073326 0.048322 0.584314 0.584314 0.584314
vn 0.557214 0.523490 -0.644570
v 0.213685 -0.074793 -0.057640 0.584314 0.584314 0.584314
vn 0.741432 -0.349924 -0.572567
v 0.159841 -0.082818 -0.074294 0.584314 0.584314 0.584314
vn 0.831945 0.384895 0.399653
v 0.233445 -0.086010 -0.025282 0.584314 0.584314 0.584314
vn 0.727177 0.463120 0.506689
v 0.228709 -0.074345 -0.024618 0.584314 0.584314 0.584314
vn -0.400839 -0.787149 -0.468747
v 0.083283 -0.081457 0.018133 0.584314 0.584314 0.584314
vn -0.435726 -0.720834 0.539019
v 0.071309 -0.078934 -0.037449 0.584314 0.584314 0.584314
vn 0.783468 -0.451449 0.427051
v 0.185210 -0.076691 0.017776 0.584314 0.584314 0.584314
vn 0.899066 -0.241935 0.364893
v 0.185900 -0.068580 0.025024 0.584314 0.584314 0.584314
vn 0.156662 -0.253714 0.954509
v 0.221415 -0.087717 -0.003865 0.584314 0.584314 0.584314
vn -0.475210 0.679177 0.559370
v 0.033609 -0.080161 0.105469 0.584314 0.584314 0.584314
vn 0.460732 -0.426943 -0.778104
v 0.136033 -0.083433 -0.095514 0.584314 0.584314 0.584314
vn -0.422923 -0.259000 -0.868363
v 0.101728 -0.088015 -0.101838 0.584314 0.584314 0.584314
vn -0.067742 -0.261369 -0.962859
v 0.110664 -0.080375 -0.105396 0.584314 0.584314 0.584314
vn 0.499275 -0.494259 0.711641
v 0.160432 -0.081808 0.052809 0.584314 0.584314 0.584314
vn 0.142451 -0.642913 0.752576
v 0.128079 -0.080318 0.045830 0.584314 0.584314 0.584314
vn -0.584799 0.777989 -0.229660
v -0.031565 -0.081551 -0.086163 0.584314 0.584314 0.584314
vn -0.681858 0.689794 -0.243419
v -0.014280 -0.066244 -0.086757 0.584314 0.584314 0.584314
vn -0.566717 0.690496 -0.449495
v -0.020525 -0.076813 -0.096208 0.584314 0.584314 0.584314
vn -0.058448 -0.373179 0.925916
v 0.038088 -0.077985 -0.043058 0.584314 0.584314 0.584314
vn -0.792561 -0.112948 -0.599241
v 0.050600 -0.071082 0.036050 0.584314 0.584314 0.584314
vn 0.734654 -0.588555 0.337472
v 0.177965 -0.084774 0.022563 0.584314 0.584314 0.584314
vn 0.605261 -0.521301 0.601585
v 0.109662 -0.075468 0.088839 0.584314 0.584314 0.584314
vn -0.175720 -0.670696 0.720618
v 0.062421 -0.078331 -0.043316 0.584314 0.584314 0.584314
vn 0.319005 0.055364 0.946135
v 0.092597 -0.067670 0.098789 0.584314 0.584314 0.584314
vn -0.020795 0.542490 0.839805
v 0.056586 -0.077531 0.111275 0.584314 0.584314 0.584314
vn -0.074796 -0.326908 0.942092
v 0.041539 -0.072549 -0.040728 0.584314 0.584314 0.584314
vn 0.338935 -0.423337 -0.840184
v 0.072809 -0.072667 -0.108560 0.584314 0.584314 0.584314
vn -0.557127 -0.730397 -0.395133
v 0.080283 -0.077985 0.015360 0.584314 0.584314 0.584314
vn -0.432927 0.632201 -0.642570
v -0.017281 -0.079846 -0.103767 0.584314 0.584314 0.584314
vn 0.543609 -0.779455 0.311352
v 0.127224 -0.076173 0.057900 0.584314 0.584314 0.584314
vn 0.167647 -0.351968 -0.920876
v 0.054569 -0.080229 -0.110190 0.584314 0.584314 0.584314
vn -0.944340 0.072625 -0.320855
v 0.042920 -0.054601 0.046424 0.584314 0.584314 0.584314
vn -0.733206 -0.624294 -0.269566
v 0.074157 -0.071427 0.012858 0.584314 0.584314 0.584314
vn 0.415578 -0.230835 -0.879779
v 0.128869 -0.069904 -0.104425 0.584314 0.584314 0.584314
vn -0.831441 0.555058 0.024830
v 0.032565 -0.071859 0.087670 0.584314 0.584314 0.584314
vn 0.409744 -0.600461 0.686700
v 0.193494 -0.080488 -0.008456 0.584314 0.584314 0.584314
vn -0.165279 -0.237951 0.957111
v 0.024023 -0.077381 -0.044697 0.584314 0.584314 0.584314
vn 0.465440 0.474688 0.747018
v 0.220826 -0.077086 -0.005201 0.584314 0.584314 0.584314
vn 0.668575 -0.590616 0.451863
v 0.168508 -0.081555 0.041876 0.584314 0.584314 0.584314
vn 0.422474 0.465841 -0.777501
v 0.208552 -0.079136 -0.068976 0.584314 0.584314 0.584314
vn 0.006258 -0.160639 0.986993
v 0.142940 -0.066399 0.047568 0.584314 0.584314 0.584314
vn -0.682888 -0.729171 -0.044425
v 0.082020 -0.078278 -0.010010 0.584314 0.584314 0.584314
vn -0.767185 -0.640053 -0.041948
v 0.073797 -0.070573 -0.005334 0.584314 0.584314 0.584314
vn 0.672619 -0.296382 -0.678043
v 0.153638 -0.078823 -0.083365 0.584314 0.584314 0.584314
vn -0.671021 -0.728632 0.137209
v 0.080369 -0.074706 -0.019760 0.584314 0.584314 0.584314
vn 0.045217 -0.199647 -0.978824
v 0.038179 -0.075989 -0.112720 0.584314 0.584314 0.584314
vn 0.605593 -0.146381 -0.782195
v 0.146077 -0.064715 -0.094549 0.584314 0.584314 0.584314
vn 0.347369 0.527552 -0.775257
v 0.222314 -0.066423 -0.049184 0.584314 0.584314 0.584314
vn 0.462914 0.369276 -0.805820
v 0.220860 -0.078020 -0.054051 0.584314 0.584314 0.584314
vn -0.412387 0.071096 0.908230
v 0.005892 -0.067822 -0.049603 0.584314 0.584314 0.584314
vn 0.550829 -0.257078 0.794039
v 0.119486 -0.063468 0.087935 0.584314 0.584314 0.584314
vn 0.041214 -0.149626 -0.987883
v 0.053330 -0.064887 -0.114549 0.584314 0.584314 0.584314
vn -0.151301 -0.316712 -0.936377
v 0.193680 -0.073542 -0.065304 0.584314 0.584314 0.584314
vn 0.804245 0.340797 0.486876
v 0.238071 -0.068123 -0.033494 0.584314 0.584314 0.584314
vn -0.202665 -0.093079 0.974815
v 0.154909 -0.077340 0.055604 0.584314 0.584314 0.584314
vn -0.431503 0.513943 -0.741396
v -0.000833 -0.069537 -0.106338 0.584314 0.584314 0.584314
vn 0.832322 -0.311257 0.458650
v 0.181880 -0.068050 0.034540 0.584314 0.584314 0.584314
vn -0.791144 -0.599910 0.119159
v 0.073295 -0.067504 -0.016316 0.584314 0.584314 0.584314
vn -0.146783 -0.378490 -0.913893
v 0.091120 -0.081144 -0.093416 0.584314 0.584314 0.584314
vn 0.736198 -0.106523 -0.668330
v 0.159669 -0.064438 -0.080938 0.584314 0.584314 0.584314
vn 0.069889 -0.275124 -0.958865
v 0.100323 -0.065948 -0.098730 0.584314 0.584314 0.584314
vn 0.552997 -0.367223 -0.747891
v 0.171084 -0.079661 -0.058537 0.584314 0.584314 0.584314
vn -0.135153 -0.514555 -0.846739
v 0.181372 -0.076824 -0.056039 0.584314 0.584314 0.584314
vn -0.586219 -0.639978 0.496766
v 0.066736 -0.069874 -0.028561 0.584314 0.584314 0.584314
vn 0.207290 -0.573019 0.792894
v 0.135614 -0.075626 0.046526 0.584314 0.584314 0.584314
vn -0.636257 0.597855 0.487593
v -0.019493 -0.073104 -0.067382 0.584314 0.584314 0.584314
vn 0.202156 -0.260534 -0.944063
v 0.067932 -0.065252 -0.112589 0.584314 0.584314 0.584314
vn -0.081566 0.517452 0.851816
v 0.058538 -0.065819 0.104065 0.584314 0.584314 0.584314
vn -0.450693 0.630371 0.632067
v 0.045940 -0.066078 0.099664 0.584314 0.584314 0.584314
vn -0.190459 0.136322 -0.972184
v 0.015049 -0.068752 -0.111226 0.584314 0.584314 0.584314
vn -0.448337 0.392026 -0.803311
v 0.004263 -0.063661 -0.105703 0.584314 0.584314 0.584314
vn 0.365332 -0.742730 0.561146
v 0.196707 -0.073068 -0.002347 0.584314 0.584314 0.584314
vn 0.449794 -0.758004 0.472351
v 0.198130 -0.066959 0.007004 0.584314 0.584314 0.584314
vn -0.108144 -0.015157 -0.994020
v 0.040608 -0.057545 -0.114785 0.584314 0.584314 0.584314
vn -0.208652 0.005550 0.977974
v 0.160802 -0.060250 0.057467 0.584314 0.584314 0.584314
vn -0.647908 0.748373 0.141962
v -0.027517 -0.077059 -0.076260 0.584314 0.584314 0.584314
vn 0.120300 -0.288657 0.949845
v 0.209820 -0.073792 -0.006681 0.584314 0.584314 0.584314
vn 0.157340 -0.157101 -0.974968
v 0.121324 -0.066082 -0.107876 0.584314 0.584314 0.584314
vn -0.165118 -0.169301 0.971634
v 0.043610 -0.065301 -0.038916 0.584314 0.584314 0.584314
vn 0.538221 0.391588 -0.746309
v 0.235139 -0.068062 -0.047697 0.584314 0.584314 0.584314
vn 0.495099 -0.266483 0.826960
v 0.103207 -0.075198 0.093615 0.584314 0.584314 0.584314
vn -0.746761 0.580754 0.324148
v 0.038710 -0.063798 0.089372 0.584314 0.584314 0.584314
vn -0.499710 0.499130 0.707926
v 0.050420 -0.055958 0.094214 0.584314 0.584314 0.584314
vn 0.763285 0.643989 -0.051709
v 0.239355 -0.067237 -0.039475 0.584314 0.584314 0.584314
vn -0.320954 -0.505370 0.800993
v 0.057160 -0.069822 -0.038736 0.584314 0.584314 0.584314
vn -0.690078 -0.451015 0.566020
v 0.055518 -0.054342 -0.027698 0.584314 0.584314 0.584314
vn 0.732979 -0.209152 0.647300
v 0.212464 -0.069854 -0.007837 0.584314 0.584314 0.584314
vn 0.867952 0.281274 0.409321
v 0.217137 -0.066537 -0.016411 0.584314 0.584314 0.584314
vn -0.777710 -0.407093 -0.479001
v 0.068720 -0.064438 0.015878 0.584314 0.584314 0.584314
vn -0.629788 0.569221 -0.528540
v -0.001001 -0.060382 -0.098282 0.584314 0.584314 0.584314
vn -0.466570 -0.322304 0.823670
v 0.049887 -0.058780 -0.036408 0.584314 0.584314 0.584314
vn -0.727405 -0.511015 0.457980
v 0.068634 -0.062971 -0.020450 0.584314 0.584314 0.584314
vn -0.234076 -0.144453 0.961427
v 0.028682 -0.067631 -0.041677 0.584314 0.584314 0.584314
vn 0.064959 -0.578667 -0.812973
v 0.184904 -0.065977 -0.077333 0.584314 0.584314 0.584314
vn 0.675793 0.285560 -0.679529
v 0.204042 -0.068586 -0.061752 0.584314 0.584314 0.584314
vn 0.355025 0.056413 0.933153
v 0.111722 -0.050771 0.092094 0.584314 0.584314 0.584314
vn -0.870767 -0.490423 -0.035353
v 0.069324 -0.063230 0.004142 0.584314 0.584314 0.584314
vn -0.934231 0.342338 -0.100090
v 0.035068 -0.068235 0.062560 0.584314 0.584314 0.584314
vn -0.246179 -0.789478 -0.562246
v 0.178978 -0.067424 -0.074668 0.584314 0.584314 0.584314
vn 0.237715 -0.613784 -0.752835
v 0.170803 -0.066866 -0.068281 0.584314 0.584314 0.584314
vn -0.918912 0.179743 -0.351133
v 0.039555 -0.059692 0.054535 0.584314 0.584314 0.584314
vn -0.541170 0.026161 -0.840506
v 0.106347 -0.071182 -0.104156 0.584314 0.584314 0.584314
vn -0.886352 -0.323405 -0.331344
v 0.065831 -0.055719 0.015467 0.584314 0.584314 0.584314
vn -0.961381 0.273324 -0.032264
v 0.042230 -0.045886 0.066961 0.584314 0.584314 0.584314
vn 0.656621 -0.585961 0.474867
v 0.123767 -0.069376 0.079756 0.584314 0.584314 0.584314
vn -0.830656 -0.512620 0.217329
v 0.064157 -0.054452 -0.015815 0.584314 0.584314 0.584314
vn -0.920191 -0.389061 0.043361
v 0.064944 -0.055566 0.003577 0.584314 0.584314 0.584314
vn 0.172215 -0.327712 -0.928949
v 0.167213 -0.061144 -0.072559 0.584314 0.584314 0.584314
vn -0.377105 0.034553 -0.925526
v 0.112483 -0.060754 -0.107795 0.584314 0.584314 0.584314
vn -0.179286 -0.093906 -0.979305
v 0.103135 -0.057447 -0.100665 0.584314 0.584314 0.584314
vn 0.695613 -0.619777 0.363317
v 0.133109 -0.067792 0.066337 0.584314 0.584314 0.584314
vn 0.677105 -0.574234 0.460201
v 0.135962 -0.069925 0.056142 0.584314 0.584314 0.584314
vn 0.321780 -0.781149 0.535037
v 0.205323 -0.069301 0.000883 0.584314 0.584314 0.584314
vn -0.861238 0.399724 0.313832
v 0.041531 -0.054630 0.082282 0.584314 0.584314 0.584314
vn 0.576045 0.405535 -0.709728
v 0.209092 -0.066446 -0.053771 0.584314 0.584314 0.584314
vn 0.742631 -0.259057 0.617567
v 0.170901 -0.063166 0.052936 0.584314 0.584314 0.584314
vn 0.323041 -0.175433 0.929983
v 0.165259 -0.064844 0.057459 0.584314 0.584314 0.584314
vn -0.814929 -0.131661 -0.564408
v 0.056261 -0.044694 0.024139 0.584314 0.584314 0.584314
vn -0.639848 0.415857 0.646264
v -0.007587 -0.068447 -0.058139 0.584314 0.584314 0.584314
vn 0.664691 0.657352 0.355069
v 0.225334 -0.061763 -0.034342 0.584314 0.584314 0.584314
vn -0.294803 -0.024992 0.955231
v 0.025317 -0.055464 -0.042022 0.584314 0.584314 0.584314
vn 0.343084 -0.298461 -0.890626
v 0.083821 -0.059865 -0.109241 0.584314 0.584314 0.584314
vn 0.434707 0.009054 0.900526
v 0.206764 -0.052669 0.017460 0.584314 0.584314 0.584314
vn 0.304543 -0.502307 0.809284
v 0.197032 -0.060641 0.015446 0.584314 0.584314 0.584314
vn 0.897323 0.017547 0.441025
v 0.186543 -0.056905 0.027511 0.584314 0.584314 0.584314
vn 0.514817 -0.684703 0.515892
v 0.212838 -0.062233 0.011346 0.584314 0.584314 0.584314
vn 0.398065 -0.030230 -0.916859
v 0.130088 -0.046964 -0.106547 0.584314 0.584314 0.584314
vn 0.091749 0.193489 0.976803
v 0.091711 -0.044412 0.096557 0.584314 0.584314 0.584314
vn -0.606566 0.272041 0.747042
v 0.001545 -0.061504 -0.053455 0.584314 0.584314 0.584314
vn -0.789302 0.450253 0.417461
v -0.000805 -0.050404 -0.063555 0.584314 0.584314 0.584314
vn -0.771185 0.557812 -0.306790
v -0.002468 -0.051408 -0.084303 0.584314 0.584314 0.584314
vn 0.612863 0.151732 -0.775485
v 0.207504 -0.054769 -0.050909 0.584314 0.584314 0.584314
vn 0.577594 -0.180823 0.796045
v 0.191034 -0.055055 0.019620 0.584314 0.584314 0.584314
vn 0.647040 0.672528 -0.359230
v 0.224297 -0.060497 -0.040453 0.584314 0.584314 0.584314
vn 0.858744 -0.000345 0.512406
v 0.178221 -0.051754 0.044353 0.584314 0.584314 0.584314
vn 0.959964 0.045085 0.276472
v 0.222055 -0.054170 -0.030287 0.584314 0.584314 0.584314
vn -0.201212 0.371473 0.906378
v 0.062530 -0.053269 0.098081 0.584314 0.584314 0.584314
vn 0.719692 -0.034016 -0.693460
v 0.152334 -0.057276 -0.089481 0.584314 0.584314 0.584314
vn 0.520470 -0.299330 -0.799695
v 0.192509 -0.062947 -0.076003 0.584314 0.584314 0.584314
vn -0.687323 0.327555 0.648301
v 0.012756 -0.038021 -0.053402 0.584314 0.584314 0.584314
vn -0.454000 0.108410 0.884382
v 0.016224 -0.056215 -0.045409 0.584314 0.584314 0.584314
vn -0.234956 -0.277009 -0.931698
v 0.167262 -0.049208 -0.076495 0.584314 0.584314 0.584314
vn -0.374561 -0.444318 -0.813809
v 0.175875 -0.061929 -0.077911 0.584314 0.584314 0.584314
vn -0.458034 -0.147039 0.876689
v 0.043557 -0.045672 -0.035846 0.584314 0.584314 0.584314
vn 0.014163 0.033317 -0.999345
v 0.065159 -0.040543 -0.116460 0.584314 0.584314 0.584314
vn 0.550056 0.235939 -0.801106
v 0.216188 -0.057535 -0.046078 0.584314 0.584314 0.584314
vn 0.727435 -0.330572 0.601298
v 0.133274 -0.056894 0.078322 0.584314 0.584314 0.584314
vn 0.762680 -0.091784 0.640230
v 0.136720 -0.049198 0.076784 0.584314 0.584314 0.584314
vn 0.853810 -0.084430 -0.513693
v 0.221279 -0.053997 -0.041677 0.584314 0.584314 0.584314
vn 0.733438 -0.059337 0.677161
v 0.211998 -0.056498 0.015282 0.584314 0.584314 0.584314
vn -0.320733 0.224927 -0.920075
v 0.020744 -0.060037 -0.111053 0.584314 0.584314 0.584314
vn -0.778332 0.602681 0.175997
v -0.010538 -0.059993 -0.071411 0.584314 0.584314 0.584314
vn 0.909279 0.186967 0.371826
v 0.183166 -0.041752 0.031162 0.584314 0.584314 0.584314
vn 0.687216 0.101260 -0.719361
v 0.146873 -0.040397 -0.094409 0.584314 0.584314 0.584314
vn 0.983794 0.014017 0.178751
v 0.216867 -0.058866 -0.006333 0.584314 0.584314 0.584314
vn 0.551322 -0.015137 0.834155
v 0.126879 -0.048992 0.084822 0.584314 0.584314 0.584314
vn -0.964776 0.262472 -0.017788
v 0.045509 -0.034151 0.055312 0.584314 0.584314 0.584314
vn 0.161053 -0.141108 -0.976806
v 0.182572 -0.055076 -0.081360 0.584314 0.584314 0.584314
vn 0.221946 -0.109615 -0.968878
v 0.106188 -0.044606 -0.102985 0.584314 0.584314 0.584314
vn 0.393759 -0.197229 -0.897805
v 0.091871 -0.049181 -0.109167 0.584314 0.584314 0.584314
vn -0.114442 0.050318 -0.992155
v 0.043529 -0.046806 -0.114877 0.584314 0.584314 0.584314
vn 0.068452 0.240446 0.968246
v 0.081372 -0.052075 0.099608 0.584314 0.584314 0.584314
vn 0.574429 0.007958 0.818516
v 0.168991 -0.053694 0.056261 0.584314 0.584314 0.584314
vn 0.657047 0.027577 0.753345
v 0.187752 -0.047480 0.021243 0.584314 0.584314 0.584314
vn 0.880142 0.443800 0.168498
v 0.210665 -0.042434 -0.013806 0.584314 0.584314 0.584314
vn 0.796010 0.290643 -0.530938
v 0.198585 -0.049510 -0.061955 0.584314 0.584314 0.584314
vn 0.763841 0.392604 -0.512259
v 0.186801 -0.035168 -0.070746 0.584314 0.584314 0.584314
vn 0.728661 0.387795 -0.564507
v 0.198240 -0.039155 -0.055397 0.584314 0.584314 0.584314
vn 0.834730 -0.333367 0.438283
v 0.143771 -0.052842 0.062117 0.584314 0.584314 0.584314
vn 0.701962 0.196638 -0.684531
v 0.189042 -0.050029 -0.077919 0.584314 0.584314 0.584314
vn 0.383123 0.184600 -0.905064
v 0.215411 -0.043988 -0.047717 0.584314 0.584314 0.584314
vn -0.226886 -0.198858 0.953404
v 0.151677 -0.055832 0.052936 0.584314 0.584314 0.584314
vn 0.965127 -0.194226 0.175517
v 0.225940 -0.045893 -0.032437 0.584314 0.584314 0.584314
vn -0.353927 0.057484 -0.933505
v 0.110842 -0.044011 -0.103036 0.584314 0.584314 0.584314
vn 0.868428 0.474319 0.144411
v 0.207645 -0.039932 0.004056 0.584314 0.584314 0.584314
vn 0.523950 -0.332227 0.784284
v 0.148595 -0.052008 0.054418 0.584314 0.584314 0.584314
vn -0.850260 0.505734 -0.145914
v 0.002538 -0.039936 -0.078086 0.584314 0.584314 0.584314
vn 0.064851 -0.114160 -0.991343
v 0.064719 -0.052025 -0.115714 0.584314 0.584314 0.584314
vn -0.107195 0.054769 -0.992728
v 0.119458 -0.046317 -0.108723 0.584314 0.584314 0.584314
vn 0.510054 -0.099573 -0.854359
v 0.163764 -0.051404 -0.076270 0.584314 0.584314 0.584314
vn 0.279864 0.001967 0.960038
v 0.198067 -0.048561 0.019502 0.584314 0.584314 0.584314
vn 0.231741 -0.150296 -0.961097
v 0.076995 -0.049960 -0.114093 0.584314 0.584314 0.584314
vn -0.145466 -0.059039 0.987600
v 0.157307 -0.042473 0.056048 0.584314 0.584314 0.584314
vn -0.705229 0.485555 -0.516612
v 0.006633 -0.045889 -0.094649 0.584314 0.584314 0.584314
vn 0.717282 0.096031 0.690134
v 0.221883 -0.045541 -0.026921 0.584314 0.584314 0.584314
vn 0.898492 0.193427 0.394079
v 0.217354 -0.051959 -0.021264 0.584314 0.584314 0.584314
vn -0.951842 -0.277324 -0.130720
v 0.059705 -0.037754 0.015104 0.584314 0.584314 0.584314
vn 0.889603 0.372355 0.264497
v 0.213416 -0.051627 0.006911 0.584314 0.584314 0.584314
vn 0.832677 0.167816 0.527718
v 0.176987 -0.042134 0.044858 0.584314 0.584314 0.584314
vn -0.883505 -0.388088 0.262311
v 0.061173 -0.045536 -0.012929 0.584314 0.584314 0.584314
vn -0.549020 0.391398 -0.738501
v 0.014409 -0.048260 -0.103963 0.584314 0.584314 0.584314
vn 0.572588 0.076263 -0.816289
v 0.137664 -0.037183 -0.101574 0.584314 0.584314 0.584314
vn -0.196101 0.339810 0.919823
v 0.069497 -0.037171 0.093710 0.584314 0.584314 0.584314
vn -0.409518 0.398176 0.820823
v 0.058858 -0.047040 0.093901 0.584314 0.584314 0.584314
vn -0.608987 0.026276 0.792745
v 0.039243 -0.032008 -0.038266 0.584314 0.584314 0.584314
vn 0.587980 0.286206 -0.756549
v 0.203676 -0.043642 -0.051600 0.584314 0.584314 0.584314
vn 0.489036 0.459271 -0.741562
v 0.205229 -0.040536 -0.049270 0.584314 0.584314 0.584314
vn -0.954022 -0.286812 0.087072
v 0.056140 -0.031982 0.002414 0.584314 0.584314 0.584314
vn -0.449295 0.333912 -0.828636
v 0.026426 -0.035131 -0.105968 0.584314 0.584314 0.584314
vn -0.279938 0.184521 -0.942118
v 0.033135 -0.044778 -0.112099 0.584314 0.584314 0.584314
vn 0.674315 0.252472 0.693943
v 0.202385 -0.035999 0.016554 0.584314 0.584314 0.584314
vn 0.677178 0.109556 0.727617
v 0.133864 -0.037034 0.078979 0.584314 0.584314 0.584314
vn -0.538350 0.271861 0.797666
v 0.025090 -0.029788 -0.046073 0.584314 0.584314 0.584314
vn -0.902493 0.358540 0.238653
v 0.047955 -0.028144 0.067426 0.584314 0.584314 0.584314
vn -0.679081 0.423160 0.599820
v 0.050988 -0.036148 0.082141 0.584314 0.584314 0.584314
vn 0.401138 0.140574 0.905167
v 0.166086 -0.035657 0.056962 0.584314 0.584314 0.584314
vn 0.855567 0.300659 0.421438
v 0.175805 -0.028542 0.038744 0.584314 0.584314 0.584314
vn -0.086055 -0.146888 -0.985403
v 0.171337 -0.037827 -0.082022 0.584314 0.584314 0.584314
vn -0.210112 0.220703 -0.952441
v 0.047267 -0.030789 -0.112553 0.584314 0.584314 0.584314
vn 0.276969 0.546899 -0.790056
v 0.207214 -0.035014 -0.044179 0.584314 0.584314 0.584314
vn -0.797304 -0.283377 0.532920
v 0.047197 -0.034082 -0.028154 0.584314 0.584314 0.584314
vn 0.736335 0.317979 0.597244
v 0.206662 -0.042236 0.014595 0.584314 0.584314 0.584314
vn -0.921949 0.181330 -0.342242
v 0.050526 -0.026339 0.034449 0.584314 0.584314 0.584314
vn -0.969959 -0.086327 -0.227434
v 0.057081 -0.028651 0.020513 0.584314 0.584314 0.584314
vn 0.451957 0.181849 -0.873308
v 0.182114 -0.042289 -0.081099 0.584314 0.584314 0.584314
vn 0.703874 0.432139 0.563753
v 0.210752 -0.037516 -0.021917 0.584314 0.584314 0.584314
vn -0.965738 0.168602 -0.197290
v 0.045245 -0.039478 0.044909 0.584314 0.584314 0.584314
vn 0.392520 -0.020589 0.919513
v 0.191840 -0.039387 0.021207 0.584314 0.584314 0.584314
vn 0.782987 0.094621 -0.614799
v 0.225318 -0.039865 -0.042832 0.584314 0.584314 0.584314
vn 0.601580 0.263363 -0.754150
v 0.137838 -0.025608 -0.098800 0.584314 0.584314 0.584314
vn 0.762228 0.631093 0.143981
v 0.226238 -0.034116 -0.034653 0.584314 0.584314 0.584314
vn 0.619174 0.544856 0.565469
v 0.216585 -0.032873 -0.027611 0.584314 0.584314 0.584314
vn 0.370024 0.042807 0.928036
v 0.150183 -0.037560 0.055320 0.584314 0.584314 0.584314
vn 0.850539 0.496718 0.172783
v 0.207904 -0.037171 -0.015014 0.584314 0.584314 0.584314
vn 0.833201 0.004836 0.552950
v 0.141220 -0.037628 0.070715 0.584314 0.584314 0.584314
vn 0.059690 0.016362 -0.998083
v 0.109051 -0.036750 -0.102315 0.584314 0.584314 0.584314
vn 0.854948 0.353374 0.379724
v 0.202640 -0.025867 -0.017947 0.584314 0.584314 0.584314
vn 0.552048 -0.035782 -0.833044
v 0.159212 -0.040705 -0.080101 0.584314 0.584314 0.584314
vn 0.214055 0.175049 0.961009
v 0.100561 -0.034151 0.093020 0.584314 0.584314 0.584314
vn 0.010225 0.246553 0.969075
v 0.087790 -0.022502 0.091898 0.584314 0.584314 0.584314
vn 0.747942 0.461247 -0.477320
v 0.183743 -0.023451 -0.064198 0.584314 0.584314 0.584314
vn -0.897816 -0.332360 0.288901
v 0.053788 -0.028619 -0.009417 0.584314 0.584314 0.584314
vn -0.244770 0.121058 -0.961994
v 0.119032 -0.030649 -0.107171 0.584314 0.584314 0.584314
vn 0.321207 0.143047 -0.936143
v 0.127790 -0.032012 -0.106694 0.584314 0.584314 0.584314
vn -0.885208 0.001599 -0.465193
v 0.046516 -0.049136 0.038812 0.584314 0.584314 0.584314
vn 0.053317 -0.257699 -0.964753
v 0.162025 -0.036176 -0.079389 0.584314 0.584314 0.584314
vn -0.897093 -0.275677 0.345291
v 0.047234 -0.016893 -0.014410 0.584314 0.584314 0.584314
vn -0.704988 0.449513 0.548571
v 0.020946 -0.015544 -0.056281 0.584314 0.584314 0.584314
vn -0.723160 0.486717 -0.490047
v 0.017276 -0.025277 -0.091776 0.584314 0.584314 0.584314
vn 0.552481 0.045294 0.832294
v 0.194019 -0.030082 0.021326 0.584314 0.584314 0.584314
vn -0.866876 0.446776 0.221171
v 0.004246 -0.038393 -0.066399 0.584314 0.584314 0.584314
vn -0.916013 0.394156 0.074569
v 0.051637 -0.013915 0.059269 0.584314 0.584314 0.584314
vn -0.940959 0.307931 -0.140623
v 0.050372 -0.018713 0.043862 0.584314 0.584314 0.584314
vn 0.809400 0.187132 0.556644
v 0.183271 -0.037060 0.026824 0.584314 0.584314 0.584314
vn 0.765226 0.373763 0.524147
v 0.206351 -0.031648 -0.022348 0.584314 0.584314 0.584314
vn 0.072146 -0.252405 -0.964928
v 0.156413 -0.024629 -0.084125 0.584314 0.584314 0.584314
vn 0.286067 0.049038 -0.956954
v 0.084153 -0.031103 -0.113736 0.584314 0.584314 0.584314
vn 0.264759 0.689557 -0.674103
v 0.217758 -0.035229 -0.044306 0.584314 0.584314 0.584314
vn 0.569397 0.764322 -0.302654
v 0.213450 -0.030338 -0.033516 0.584314 0.584314 0.584314
vn -0.938541 -0.282089 0.198916
v 0.053155 -0.020439 -0.004499 0.584314 0.584314 0.584314
vn 0.768469 0.241644 0.592507
v 0.138787 -0.025694 0.070412 0.584314 0.584314 0.584314
vn -0.823939 0.561485 -0.076543
v 0.014197 -0.017556 -0.074293 0.584314 0.584314 0.584314
vn -0.466743 0.401577 0.787964
v 0.068025 -0.018306 0.085266 0.584314 0.584314 0.584314
vn 0.838262 0.299759 0.455479
v 0.191994 -0.016947 0.021044 0.584314 0.584314 0.584314
vn -0.914444 -0.094731 0.393469
v 0.041539 -0.019999 -0.032185 0.584314 0.584314 0.584314
vn 0.599220 0.416755 -0.683558
v 0.207756 -0.029869 -0.039559 0.584314 0.584314 0.584314
vn 0.590196 0.303459 -0.748052
v 0.200796 -0.029532 -0.044871 0.584314 0.584314 0.584314
vn -0.659930 0.595033 -0.458725
v 0.028613 -0.008532 -0.089279 0.584314 0.584314 0.584314
vn -0.548527 0.468437 -0.692593
v 0.026764 -0.021724 -0.099019 0.584314 0.584314 0.584314
vn 0.772448 0.372160 0.514608
v 0.167743 -0.015190 0.043623 0.584314 0.584314 0.584314
vn 0.525358 0.194132 0.828439
v 0.129464 -0.030621 0.081239 0.584314 0.584314 0.584314
vn -0.845893 0.489488 -0.211817
v 0.011510 -0.025067 -0.080268 0.584314 0.584314 0.584314
vn 0.524821 0.296277 -0.797987
v 0.192448 -0.018990 -0.048162 0.584314 0.584314 0.584314
vn 0.996948 0.057793 -0.052482
v 0.210989 -0.022999 -0.033019 0.584314 0.584314 0.584314
vn 0.194331 0.230424 0.953488
v 0.100647 -0.022760 0.090776 0.584314 0.584314 0.584314
vn -0.361145 0.368749 -0.856504
v 0.042786 -0.020204 -0.107678 0.584314 0.584314 0.584314
vn 0.745386 0.323876 0.582670
v 0.167710 -0.024681 0.050416 0.584314 0.584314 0.584314
vn 0.342754 0.189699 0.920073
v 0.113504 -0.028456 0.087843 0.584314 0.584314 0.584314
vn 0.337537 0.333412 0.880287
v 0.106518 -0.007397 0.085104 0.584314 0.584314 0.584314
vn 0.588649 0.065105 0.805763
v 0.181365 -0.028262 0.024850 0.584314 0.584314 0.584314
vn 0.617026 -0.178174 -0.766507
v 0.206558 -0.022722 -0.042424 0.584314 0.584314 0.584314
vn 0.754226 0.404844 0.516957
v 0.137695 -0.012559 0.064390 0.584314 0.584314 0.584314
vn 0.339637 0.335734 -0.878595
v 0.126228 -0.016496 -0.103263 0.584314 0.584314 0.584314
vn 0.629592 0.323977 -0.706154
v 0.171431 -0.019822 -0.081208 0.584314 0.584314 0.584314
vn -0.674386 0.261675 0.690457
v 0.034995 -0.019550 -0.044064 0.584314 0.584314 0.584314
vn -0.717184 0.507704 0.477372
v 0.021619 -0.011575 -0.059769 0.584314 0.584314 0.584314
vn 0.669099 0.020992 0.742877
v 0.174092 -0.016784 0.030812 0.584314 0.584314 0.584314
vn -0.976073 0.146949 -0.160273
v 0.055929 -0.016529 0.027831 0.584314 0.584314 0.584314
vn -0.977499 -0.146954 0.151331
v 0.054224 -0.017324 0.013979 0.584314 0.584314 0.584314
vn 0.275960 0.166593 -0.946622
v 0.203002 -0.012783 -0.046008 0.584314 0.584314 0.584314
vn 0.360126 0.206091 0.909855
v 0.158858 -0.018882 0.055667 0.584314 0.584314 0.584314
vn 0.861982 0.424863 0.276549
v 0.197987 -0.025134 0.013885 0.584314 0.584314 0.584314
vn 0.026157 0.147886 -0.988659
v 0.108938 -0.022830 -0.101181 0.584314 0.584314 0.584314
vn 0.443718 0.288313 0.848522
v 0.118968 -0.018302 0.083130 0.584314 0.584314 0.584314
vn 0.632048 0.365234 0.683461
v 0.200138 -0.013787 -0.021226 0.584314 0.584314 0.584314
vn 0.161921 -0.142126 -0.976515
v 0.166901 -0.023551 -0.084913 0.584314 0.584314 0.584314
vn 0.621554 0.348587 0.701540
v 0.130503 -0.014132 0.074123 0.584314 0.584314 0.584314
vn -0.810696 0.520119 0.268789
v 0.054991 -0.009653 0.063634 0.584314 0.584314 0.584314
vn 0.085076 0.387747 0.917831
v 0.098072 -0.002089 0.085184 0.584314 0.584314 0.584314
vn -0.012271 0.205963 -0.978483
v 0.068224 -0.022728 -0.114700 0.584314 0.584314 0.584314
vn -0.149713 0.386687 -0.909978
v 0.062431 -0.014372 -0.111417 0.584314 0.584314 0.584314
vn 0.097497 0.252268 -0.962733
v 0.104626 -0.011349 -0.099544 0.584314 0.584314 0.584314
vn 0.492234 0.414079 0.765666
v 0.122670 -0.006299 0.075870 0.584314 0.584314 0.584314
vn -0.330880 0.563711 -0.756801
v 0.050610 -0.002793 -0.101785 0.584314 0.584314 0.584314
vn 0.762266 0.048537 0.645441
v 0.208018 -0.017649 -0.025500 0.584314 0.584314 0.584314
vn 0.503993 -0.107473 0.856995
v 0.186043 -0.016263 0.026807 0.584314 0.584314 0.584314
vn -0.212012 0.353941 0.910921
v 0.077462 -0.019454 0.089687 0.584314 0.584314 0.584314
vn 0.788812 0.000826 -0.614635
v 0.211898 -0.013674 -0.040993 0.584314 0.584314 0.584314
vn 0.388745 0.044417 -0.920274
v 0.150339 -0.021595 -0.084804 0.584314 0.584314 0.584314
vn 0.244143 0.399905 -0.883442
v 0.083653 -0.011032 -0.109754 0.584314 0.584314 0.584314
vn 0.243470 0.485844 -0.839451
v 0.128213 0.009641 -0.084292 0.584314 0.584314 0.584314
vn 0.380545 0.504699 -0.774896
v 0.117367 0.003306 -0.096547 0.584314 0.584314 0.584314
vn 0.459299 0.168227 0.872206
v 0.145461 -0.017655 0.055096 0.584314 0.584314 0.584314
vn 0.188033 0.024503 -0.981857
v 0.145258 -0.011284 -0.086029 0.584314 0.584314 0.584314
vn -0.951569 -0.159697 0.262702
v 0.049219 -0.005417 0.002762 0.584314 0.584314 0.584314
vn 0.540009 0.407166 -0.736619
v 0.134393 -0.006197 -0.091353 0.584314 0.584314 0.584314
vn 0.254451 0.830590 0.495354
v 0.203974 -0.003479 -0.027398 0.584314 0.584314 0.584314
vn -0.475262 0.498991 0.724661
v 0.069660 -0.008501 0.081003 0.584314 0.584314 0.584314
vn 0.853438 0.492035 0.171888
v 0.191833 -0.007984 -0.007724 0.584314 0.584314 0.584314
vn -0.964502 -0.143399 0.221750
v 0.050168 -0.007487 0.007680 0.584314 0.584314 0.584314
vn -0.934771 -0.045898 0.352273
v 0.051463 0.012445 0.010700 0.584314 0.584314 0.584314
vn -0.699613 0.489279 0.520719
v 0.056543 -0.014905 0.073134 0.584314 0.584314 0.584314
vn -0.974940 0.113780 0.191170
v 0.036017 0.006146 -0.046682 0.584314 0.584314 0.584314
vn -0.990141 -0.050409 0.130690
v 0.040676 0.008821 -0.028129 0.584314 0.584314 0.584314
vn 0.182182 0.085522 0.979539
v 0.151372 -0.007450 0.055896 0.584314 0.584314 0.584314
vn -0.022309 0.626753 -0.778898
v 0.073592 -0.001391 -0.105362 0.584314 0.584314 0.584314
vn 0.370429 0.210712 0.904645
v 0.138669 -0.005855 0.055434 0.584314 0.584314 0.584314
vn -0.962097 -0.136832 0.235894
v 0.042230 0.005024 -0.017171 0.584314 0.584314 0.584314
vn -0.046084 0.339344 -0.939533
v 0.087445 0.008476 -0.093277 0.584314 0.584314 0.584314
vn -0.662436 0.705269 -0.252537
v 0.027733 -0.004726 -0.080334 0.584314 0.584314 0.584314
vn -0.985744 0.092595 0.140484
v 0.058330 -0.003301 0.029772 0.584314 0.584314 0.584314
vn 0.192878 0.036867 -0.980530
v 0.157508 -0.011185 -0.087302 0.584314 0.584314 0.584314
vn 0.643238 0.499138 -0.580608
v 0.184519 -0.007176 -0.046983 0.584314 0.584314 0.584314
vn 0.731133 0.496371 -0.468039
v 0.168039 -0.008868 -0.075157 0.584314 0.584314 0.584314
vn 0.846676 0.477250 0.235313
v 0.185543 -0.003127 0.018967 0.584314 0.584314 0.584314
vn -0.877549 0.125771 0.462698
v 0.035768 -0.011208 -0.045040 0.584314 0.584314 0.584314
vn -0.830593 0.429745 0.354166
v 0.033428 -0.002742 -0.053671 0.584314 0.584314 0.584314
vn -0.724378 0.679139 0.118522
v 0.025162 -0.005067 -0.066049 0.584314 0.584314 0.584314
vn -0.862870 0.496573 -0.094184
v 0.033043 0.002907 -0.066343 0.584314 0.584314 0.584314
vn 0.157597 0.622436 -0.766640
v 0.189588 -0.007445 -0.043617 0.584314 0.584314 0.584314
vn -0.517946 0.662855 -0.540699
v 0.037880 -0.002911 -0.093042 0.584314 0.584314 0.584314
vn 0.620020 0.480475 -0.620257
v 0.157339 -0.000239 -0.081974 0.584314 0.584314 0.584314
vn 0.836794 0.369068 0.404431
v 0.214290 -0.004173 -0.030773 0.584314 0.584314 0.584314
vn 0.670831 0.636405 0.380755
v 0.191760 -0.005468 -0.018063 0.584314 0.584314 0.584314
vn 0.440518 -0.157820 0.883763
v 0.177056 -0.006927 0.033739 0.584314 0.584314 0.584314
vn 0.234012 0.173956 -0.956545
v 0.148477 -0.001884 -0.087614 0.584314 0.584314 0.584314
vn 0.743578 0.231979 0.627119
v 0.182060 -0.005502 0.029468 0.584314 0.584314 0.584314
vn 0.627095 0.411374 -0.661456
v 0.177788 0.003044 -0.047111 0.584314 0.584314 0.584314
vn 0.527356 0.077250 0.846125
v 0.172274 0.001869 0.036954 0.584314 0.584314 0.584314
vn -0.081110 0.227264 -0.970450
v 0.114624 -0.004987 -0.101250 0.584314 0.584314 0.584314
vn -0.283896 0.724761 -0.627793
v 0.055198 0.004056 -0.096365 0.584314 0.584314 0.584314
vn 0.208462 0.243409 -0.947257
v 0.137370 -0.003913 -0.087548 0.584314 0.584314 0.584314
vn 0.326319 0.617136 0.716002
v 0.106357 0.007999 0.076820 0.584314 0.584314 0.584314
vn 0.500355 0.006917 0.865793
v 0.165277 -0.002828 0.038313 0.584314 0.584314 0.584314
vn 0.542492 0.276096 0.793394
v 0.159931 0.001401 0.041378 0.584314 0.584314 0.584314
vn 0.218100 0.967370 0.128953
v 0.198354 -0.002919 -0.028307 0.584314 0.584314 0.584314
vn 0.674921 0.573750 -0.463996
v 0.151644 0.012790 -0.074294 0.584314 0.584314 0.584314
vn 0.670475 0.524575 -0.524675
v 0.164760 0.018917 -0.048580 0.584314 0.584314 0.584314
vn 0.690554 0.526986 -0.495399
v 0.171059 0.009253 -0.050047 0.584314 0.584314 0.584314
vn 0.524223 0.723504 -0.449146
v 0.193321 -0.002310 -0.034256 0.584314 0.584314 0.584314
vn 0.656338 0.096532 -0.748266
v 0.185037 0.000279 -0.041418 0.584314 0.584314 0.584314
vn 0.216931 0.885267 -0.411391
v 0.205742 -0.002158 -0.040297 0.584314 0.584314 0.584314
vn -0.565747 0.693591 -0.445940
v 0.042143 0.005111 -0.085425 0.584314 0.584314 0.584314
vn 0.484028 0.551880 -0.679077
v 0.171922 0.014861 -0.043834 0.584314 0.584314 0.584314
vn -0.538063 0.652908 0.533104
v 0.071136 -0.000067 0.073950 0.584314 0.584314 0.584314
vn -0.342200 0.606687 0.717517
v 0.085129 0.004110 0.080079 0.584314 0.584314 0.584314
vn -0.006532 0.304860 -0.952375
v 0.097968 -0.000327 -0.096344 0.584314 0.584314 0.584314
vn -0.961396 -0.224586 0.158996
v 0.040935 0.012618 -0.016653 0.584314 0.584314 0.584314
vn 0.778385 -0.222257 -0.587127
v 0.194121 0.008565 -0.037584 0.584314 0.584314 0.584314
vn -0.859948 0.499847 0.103165
v 0.058347 -0.001591 0.046011 0.584314 0.584314 0.584314
vn -0.887764 0.138654 0.438920
v 0.062043 0.008840 0.043344 0.584314 0.584314 0.584314
vn -0.894595 -0.254927 0.367032
v 0.048097 0.010892 0.002244 0.584314 0.584314 0.584314
vn 0.618342 0.527937 0.582181
v 0.126994 -0.002821 0.070194 0.584314 0.584314 0.584314
vn 0.516865 0.432946 0.738517
v 0.153167 0.012101 0.041066 0.584314 0.584314 0.584314
vn 0.011030 0.278954 -0.960241
v 0.107494 0.007194 -0.097632 0.584314 0.584314 0.584314
vn 0.922074 -0.180113 -0.342549
v 0.192199 0.003126 -0.034515 0.584314 0.584314 0.584314
vn -0.974761 0.143991 -0.170611
v 0.035413 0.016932 -0.061178 0.584314 0.584314 0.584314
vn 0.915710 -0.211296 0.341802
v 0.197001 0.015151 -0.028683 0.584314 0.584314 0.584314
vn 0.914257 0.372047 0.160360
v 0.193002 -0.000011 -0.028643 0.584314 0.584314 0.584314
vn 0.250432 0.309069 -0.917475
v 0.182880 0.015293 -0.041591 0.584314 0.584314 0.584314
vn -0.540326 0.695589 0.473502
v 0.077177 0.011496 0.063423 0.584314 0.584314 0.584314
vn -0.716075 0.582776 0.384199
v 0.069238 0.008735 0.056088 0.584314 0.584314 0.584314
vn -0.673007 0.655852 0.341935
v 0.062954 -0.000196 0.063554 0.584314 0.584314 0.584314
vn 0.723766 0.410905 0.554365
v 0.170807 0.010893 0.034780 0.584314 0.584314 0.584314
vn -0.885904 0.140273 0.442150
v 0.054646 0.021179 0.016444 0.584314 0.584314 0.584314
vn 0.673511 0.356972 0.647266
v 0.156718 -0.005077 0.052120 0.584314 0.584314 0.584314
vn 0.776277 0.287394 0.561069
v 0.185900 0.005801 -0.017430 0.584314 0.584314 0.584314
vn 0.585862 0.520028 -0.621560
v 0.146471 0.012550 -0.082323 0.584314 0.584314 0.584314
vn 0.431566 0.136516 0.891692
v 0.167973 0.008079 0.038418 0.584314 0.584314 0.584314
vn -0.104522 0.603374 0.790579
v 0.091420 0.004081 0.082003 0.584314 0.584314 0.584314
vn -0.954105 0.044163 0.296199
v 0.056272 0.014558 0.031838 0.584314 0.584314 0.584314
vn 0.443765 0.225888 0.867206
v 0.149439 0.003036 0.055134 0.584314 0.584314 0.584314
vn 0.724845 0.559132 0.402458
v 0.176667 0.017623 -0.013202 0.584314 0.584314 0.584314
vn 0.834584 0.529927 0.150485
v 0.178393 0.013653 -0.007765 0.584314 0.584314 0.584314
vn -0.336681 0.761247 0.554210
v 0.085783 0.014797 0.066970 0.584314 0.584314 0.584314
vn 0.432725 0.342900 0.833768
v 0.127490 0.007139 0.056542 0.584314 0.584314 0.584314
vn 0.041097 0.796748 0.602913
v 0.096302 0.013270 0.073513 0.584314 0.584314 0.584314
vn -0.780526 0.178149 -0.599201
v 0.041524 0.015366 -0.071578 0.584314 0.584314 0.584314
vn -0.096559 0.536609 -0.838288
v 0.071568 0.011582 -0.091207 0.584314 0.584314 0.584314
vn 0.115970 0.609722 -0.784085
v 0.125231 0.017498 -0.079220 0.584314 0.584314 0.584314
vn 0.463873 0.704002 0.537776
v 0.113763 0.008994 0.070240 0.584314 0.584314 0.584314
vn -0.631564 0.041839 0.774194
v 0.073491 0.016051 0.053770 0.584314 0.584314 0.584314
vn 0.444459 0.538975 0.715515
v 0.180637 0.019693 -0.018724 0.584314 0.584314 0.584314
vn -0.286481 -0.939617 -0.187214
v -0.067530 0.011410 0.004746 0.584314 0.584314 0.584314
vn -0.057008 -0.998339 -0.008305
v -0.058579 0.008973 0.010160 0.584314 0.584314 0.584314
vn 0.178819 0.473285 -0.862569
v 0.141761 0.014443 -0.084680 0.584314 0.584314 0.584314
vn 0.561264 0.513861 0.648791
v 0.131133 0.025562 0.058401 0.584314 0.584314 0.584314
vn 0.186882 -0.075503 0.979477
v 0.134615 0.012239 0.058329 0.584314 0.584314 0.584314
vn 0.352881 -0.933051 0.069928
v -0.053030 0.009828 0.010782 0.584314 0.584314 0.584314
vn -0.956492 -0.267779 -0.115831
v 0.038174 0.025820 -0.023988 0.584314 0.584314 0.584314
vn -0.994169 0.010205 -0.107347
v 0.041314 0.026436 -0.039524 0.584314 0.584314 0.584314
vn 0.239893 -0.970428 -0.026864
v -0.043315 0.013935 -0.002113 0.584314 0.584314 0.584314
vn 0.381966 0.451322 -0.806480
v 0.170066 0.021217 -0.038320 0.584314 0.584314 0.584314
vn 0.297905 0.586916 -0.752849
v 0.103839 0.018183 -0.092108 0.584314 0.584314 0.584314
vn -0.135766 -0.973113 -0.186061
v -0.060494 0.012319 -0.005669 0.584314 0.584314 0.584314
vn -0.301769 0.477193 -0.825362
v 0.059714 0.012518 -0.088219 0.584314 0.584314 0.584314
vn 0.466661 -0.876168 0.120657
v -0.035517 0.018485 0.001899 0.584314 0.584314 0.584314
vn -0.047597 0.280333 0.958722
v 0.098994 0.020932 0.060650 0.584314 0.584314 0.584314
vn 0.391724 0.340681 0.854686
v 0.161660 0.018644 0.037799 0.584314 0.584314 0.584314
vn -0.859794 -0.104528 0.499828
v 0.061990 0.017536 0.045993 0.584314 0.584314 0.584314
vn -0.503532 -0.033733 -0.863318
v 0.054591 0.018998 -0.084167 0.584314 0.584314 0.584314
vn -0.077488 -0.991952 -0.100134
v -0.056483 0.012653 -0.015705 0.584314 0.584314 0.584314
vn 0.258072 -0.965855 0.022848
v -0.036596 0.014763 -0.014562 0.584314 0.584314 0.584314
vn 0.147882 -0.844810 0.514225
v -0.054776 0.011053 0.026624 0.584314 0.584314 0.584314
vn -0.359248 -0.904659 -0.229203
v -0.068611 0.016036 -0.006994 0.584314 0.584314 0.584314
vn -0.481754 0.366918 0.795792
v 0.080369 0.017191 0.057987 0.584314 0.584314 0.584314
vn -0.512449 0.536258 -0.670688
v 0.050737 0.012393 -0.082738 0.584314 0.584314 0.584314
vn -0.957047 0.257606 0.133040
v 0.036109 0.019587 -0.055353 0.584314 0.584314 0.584314
vn -0.381613 -0.876819 -0.292507
v -0.060454 0.013999 -0.019976 0.584314 0.584314 0.584314
vn 0.624084 0.506927 0.594595
v 0.138757 0.020177 0.055111 0.584314 0.584314 0.584314
vn -0.725277 -0.250207 0.641381
v 0.048270 0.024267 0.010096 0.584314 0.584314 0.584314
vn -0.173418 0.056458 -0.983229
v 0.081232 0.014603 -0.091120 0.584314 0.584314 0.584314
vn 0.202079 -0.937454 0.283451
v -0.046130 0.016501 0.024593 0.584314 0.584314 0.584314
vn -0.228486 0.035189 -0.972911
v 0.070015 0.016932 -0.089049 0.584314 0.584314 0.584314
vn 0.206655 0.010707 0.978355
v 0.115135 0.015655 0.059403 0.584314 0.584314 0.584314
vn -0.261812 -0.957606 0.120189
v -0.076429 0.014593 0.020381 0.584314 0.584314 0.584314
vn -0.032166 -0.958540 -0.283135
v -0.051438 0.015128 -0.028639 0.584314 0.584314 0.584314
vn -0.608755 -0.197099 0.768485
v 0.056850 0.031297 0.018028 0.584314 0.584314 0.584314
vn 0.019771 -0.811702 0.583737
v -0.066494 0.020556 0.033049 0.584314 0.584314 0.584314
vn 0.131530 0.721148 -0.680181
v 0.182190 0.020470 -0.039002 0.584314 0.584314 0.584314
vn 0.810581 0.559936 0.171552
v 0.172209 0.018760 0.019710 0.584314 0.584314 0.584314
vn 0.954720 0.270677 0.123469
v 0.198903 0.019423 -0.030193 0.584314 0.584314 0.584314
vn -0.095145 -0.747525 0.657384
v -0.056192 0.022056 0.033995 0.584314 0.584314 0.584314
vn -0.428712 -0.801221 -0.417434
v -0.058642 0.017795 -0.028388 0.584314 0.584314 0.584314
vn -0.724207 -0.514130 0.459560
v 0.038088 0.026597 -0.000517 0.584314 0.584314 0.584314
vn -0.873595 -0.467561 0.134977
v 0.039328 0.020247 -0.011452 0.584314 0.584314 0.584314
vn 0.220994 -0.966790 -0.128371
v -0.031884 0.016321 -0.024704 0.584314 0.584314 0.584314
vn 0.046722 -0.925679 -0.375413
v -0.038192 0.020125 -0.036068 0.584314 0.584314 0.584314
vn -0.378972 -0.891864 -0.246900
v -0.079493 0.018911 -0.003823 0.584314 0.584314 0.584314
vn -0.318719 -0.879998 -0.352168
v -0.067508 0.021126 -0.023429 0.584314 0.584314 0.584314
vn -0.393062 -0.890763 -0.228129
v -0.080629 0.020868 -0.013334 0.584314 0.584314 0.584314
vn -0.353721 -0.916308 -0.187777
v -0.076098 0.013919 0.005733 0.584314 0.584314 0.584314
vn 0.848633 0.420895 0.320420
v 0.171404 0.024784 -0.012856 0.584314 0.584314 0.584314
vn -0.136995 -0.899199 0.415540
v -0.073956 0.015768 0.027058 0.584314 0.584314 0.584314
vn 0.503805 0.402769 0.764171
v 0.189903 0.019726 -0.022849 0.584314 0.584314 0.584314
vn 0.297662 0.227773 0.927101
v 0.119690 0.029260 0.063735 0.584314 0.584314 0.584314
vn -0.626886 0.070143 -0.775947
v 0.048565 0.027921 -0.083591 0.584314 0.584314 0.584314
vn -0.277844 -0.801911 0.528906
v -0.073656 0.023231 0.039262 0.584314 0.584314 0.584314
vn 0.774242 0.599754 0.202099
v 0.158911 0.040289 -0.006479 0.584314 0.584314 0.584314
vn 0.762356 0.625203 0.167136
v 0.157067 0.040644 0.010962 0.584314 0.584314 0.584314
vn -0.364105 -0.928169 -0.076998
v -0.088436 0.017625 0.010830 0.584314 0.584314 0.584314
vn -0.719115 -0.042912 0.693564
v 0.066052 0.023305 0.054152 0.584314 0.584314 0.584314
vn 0.390600 -0.917804 -0.071195
v -0.024547 0.025267 0.012556 0.584314 0.584314 0.584314
vn 0.212913 -0.967502 -0.136407
v -0.028009 0.018744 -0.033652 0.584314 0.584314 0.584314
vn 0.515403 0.115495 -0.849129
v 0.165709 0.028236 -0.040728 0.584314 0.584314 0.584314
vn -0.444226 -0.853078 -0.273718
v -0.088684 0.023883 -0.003054 0.584314 0.584314 0.584314
vn -0.265365 -0.907690 0.325085
v -0.085708 0.019106 0.029062 0.584314 0.584314 0.584314
vn 0.050778 0.545350 -0.836669
v 0.077236 0.030139 -0.090568 0.584314 0.584314 0.584314
vn 0.609442 0.617772 -0.496929
v 0.142842 0.023318 -0.073086 0.584314 0.584314 0.584314
vn 0.467410 -0.857355 0.215571
v -0.023310 0.020780 -0.012308 0.584314 0.584314 0.584314
vn -0.157858 -0.893829 -0.419702
v -0.049555 0.018340 -0.038480 0.584314 0.584314 0.584314
vn 0.336242 -0.941498 0.022879
v -0.036997 0.017794 0.019636 0.584314 0.584314 0.584314
vn -0.909945 0.357351 0.210476
v 0.059805 0.025479 0.034934 0.584314 0.584314 0.584314
vn -0.129511 0.286760 -0.949208
v 0.069300 0.028015 -0.091739 0.584314 0.584314 0.584314
vn -0.288741 -0.902324 0.320063
v -0.048199 0.018800 0.037600 0.584314 0.584314 0.584314
vn -0.230041 -0.833936 0.501629
v -0.043222 0.020665 0.044763 0.584314 0.584314 0.584314
vn -0.838713 0.544473 -0.010475
v 0.041108 0.029013 -0.049184 0.584314 0.584314 0.584314
vn -0.850860 0.441385 0.284984
v 0.062076 0.029132 0.043634 0.584314 0.584314 0.584314
vn 0.143904 -0.968743 0.202060
v -0.039463 0.018529 0.035100 0.584314 0.584314 0.584314
vn -0.061368 0.274194 -0.959714
v 0.087890 0.020597 -0.094094 0.584314 0.584314 0.584314
vn -0.228115 0.118444 0.966403
v 0.086336 0.020476 0.059605 0.584314 0.584314 0.584314
vn 0.222415 0.508725 0.831703
v 0.104262 0.019037 0.060455 0.584314 0.584314 0.584314
vn -0.406794 -0.883317 -0.232957
v -0.102400 0.023928 0.011124 0.584314 0.584314 0.584314
vn -0.103655 -0.796441 -0.595766
v -0.047547 0.022915 -0.046893 0.584314 0.584314 0.584314
vn 0.296706 0.720174 -0.627149
v 0.096012 0.026690 -0.087243 0.584314 0.584314 0.584314
vn -0.150395 -0.777177 -0.611045
v -0.034395 0.025820 -0.045474 0.584314 0.584314 0.584314
vn -0.311855 -0.802962 -0.507935
v -0.063595 0.028455 -0.042433 0.584314 0.584314 0.584314
vn -0.346686 -0.782917 -0.516576
v -0.074256 0.028158 -0.039552 0.584314 0.584314 0.584314
vn 0.166813 -0.914728 0.368029
v -0.032497 0.023227 0.049646 0.584314 0.584314 0.584314
vn 0.423435 -0.899206 -0.110139
v -0.014499 0.025669 -0.046769 0.584314 0.584314 0.584314
vn 0.599861 0.063295 -0.797597
v 0.172871 0.027287 -0.036154 0.584314 0.584314 0.584314
vn 0.574259 0.755421 0.315541
v 0.129552 0.032713 0.045816 0.584314 0.584314 0.584314
vn 0.016535 -0.954537 -0.297633
v -0.025454 0.020303 -0.043582 0.584314 0.584314 0.584314
vn 0.424395 -0.895496 0.134072
v -0.021021 0.025807 -0.003824 0.584314 0.584314 0.584314
vn 0.315551 0.947930 0.043085
v 0.192203 0.025179 -0.030047 0.584314 0.584314 0.584314
vn -0.124728 0.474327 -0.871468
v 0.128432 0.028581 -0.076063 0.584314 0.584314 0.584314
vn 0.684583 0.510006 0.520806
v 0.175773 0.027092 -0.023905 0.584314 0.584314 0.584314
vn 0.411006 0.510721 -0.755141
v 0.192474 0.021383 -0.037978 0.584314 0.584314 0.584314
vn 0.452514 -0.879873 -0.145104
v -0.013513 0.023749 -0.036931 0.584314 0.584314 0.584314
vn -0.114331 -0.902117 0.416069
v -0.057500 0.024717 0.036522 0.584314 0.584314 0.584314
vn -0.195566 -0.713537 0.672770
v -0.032703 0.028858 0.058153 0.584314 0.584314 0.584314
vn 0.678872 0.553528 0.482432
v 0.162793 0.025884 0.031682 0.584314 0.584314 0.584314
vn 0.329662 0.873943 0.357136
v 0.183869 0.025269 -0.025710 0.584314 0.584314 0.584314
vn 0.746466 0.517117 0.418781
v 0.165445 0.033091 -0.009234 0.584314 0.584314 0.584314
vn 0.007595 -0.176323 0.984303
v 0.110510 0.028331 0.065191 0.584314 0.584314 0.584314
vn 0.194655 -0.964337 0.179341
v -0.020243 0.022455 0.037536 0.584314 0.584314 0.584314
vn -0.187445 -0.915767 0.355297
v -0.070410 0.023771 0.045299 0.584314 0.584314 0.584314
vn -0.693052 -0.718813 0.054645
v 0.032650 0.029810 -0.005615 0.584314 0.584314 0.584314
vn -0.217891 -0.737111 0.639680
v -0.090073 0.022926 0.033642 0.584314 0.584314 0.584314
vn 0.322066 -0.938036 -0.127913
v -0.016792 0.023922 0.028131 0.584314 0.584314 0.584314
vn -0.091384 -0.571995 -0.815150
v -0.047047 0.027685 -0.051976 0.584314 0.584314 0.584314
vn -0.259535 -0.816647 0.515489
v -0.082932 0.030237 0.039479 0.584314 0.584314 0.584314
vn 0.437647 0.621844 0.649443
v 0.144276 0.023688 0.037892 0.584314 0.584314 0.584314
vn 0.551680 0.644886 0.528934
v 0.131663 0.033619 0.038169 0.584314 0.584314 0.584314
vn -0.395036 -0.878699 -0.268018
v -0.102199 0.028635 0.002081 0.584314 0.584314 0.584314
vn 0.215084 0.812190 -0.542298
v 0.104473 0.036340 -0.066069 0.584314 0.584314 0.584314
vn 0.639128 0.616329 0.460059
v 0.154664 0.037296 0.028735 0.584314 0.584314 0.584314
vn 0.515777 -0.855551 0.044786
v -0.008295 0.025588 -0.025835 0.584314 0.584314 0.584314
vn 0.308751 -0.951124 -0.006049
v -0.006006 0.026683 0.041160 0.584314 0.584314 0.584314
vn -0.348891 -0.888849 -0.297024
v -0.076764 0.023852 -0.028448 0.584314 0.584314 0.584314
vn -0.379886 -0.908558 0.173805
v -0.102523 0.024050 0.023705 0.584314 0.584314 0.584314
vn 0.123138 -0.949278 0.289323
v -0.008071 0.026414 0.046290 0.584314 0.584314 0.584314
vn 0.235724 0.446537 0.863156
v 0.153447 0.029196 0.036097 0.584314 0.584314 0.584314
vn -0.298625 -0.363811 -0.882306
v -0.025852 0.033068 -0.054534 0.584314 0.584314 0.584314
vn 0.196121 -0.906568 0.373726
v -0.022340 0.026239 0.045779 0.584314 0.584314 0.584314
vn -0.119025 -0.868660 0.480897
v -0.061452 0.026355 0.055431 0.584314 0.584314 0.584314
vn -0.341161 -0.617579 -0.708665
v -0.025088 0.023972 -0.053160 0.584314 0.584314 0.584314
vn -0.349864 0.020478 -0.936577
v 0.060241 0.027515 -0.089645 0.584314 0.584314 0.584314
vn 0.303957 -0.948995 -0.083779
v -0.017310 0.027546 0.010528 0.584314 0.584314 0.584314
vn -0.323908 -0.931892 -0.163282
v -0.090878 0.026622 -0.011188 0.584314 0.584314 0.584314
vn -0.817049 0.222376 0.531959
v 0.060264 0.032119 0.022695 0.584314 0.584314 0.584314
vn -0.416877 -0.035605 0.908265
v 0.076548 0.027067 0.060487 0.584314 0.584314 0.584314
vn 0.506207 -0.861612 -0.037137
v -0.003625 0.031933 -0.040433 0.584314 0.584314 0.584314
vn -0.340447 -0.860098 -0.379903
v -0.088757 0.030566 -0.028302 0.584314 0.584314 0.584314
vn 0.150502 -0.719185 -0.678323
v -0.018198 0.025593 -0.054836 0.584314 0.584314 0.584314
vn -0.346211 -0.764000 0.544465
v -0.098408 0.035193 0.042414 0.584314 0.584314 0.584314
vn -0.300792 0.423402 -0.854549
v 0.115890 0.033069 -0.066932 0.584314 0.584314 0.584314
vn 0.310328 -0.947630 -0.075451
v -0.007818 0.030739 0.012081 0.584314 0.584314 0.584314
vn 0.282212 -0.947140 -0.152583
v -0.002727 0.031170 0.019847 0.584314 0.584314 0.584314
vn 0.220820 -0.852418 0.473944
v -0.020807 0.032178 0.062145 0.584314 0.584314 0.584314
vn -0.270499 -0.834124 0.480696
v -0.076148 0.031740 0.049648 0.584314 0.584314 0.584314
vn -0.473557 -0.763207 -0.439612
v -0.113248 0.029466 0.008898 0.584314 0.584314 0.584314
vn 0.494269 0.639278 -0.589086
v 0.135881 0.031129 -0.070958 0.584314 0.584314 0.584314
vn 0.784733 0.142160 0.603311
v 0.173633 0.037066 -0.018068 0.584314 0.584314 0.584314
vn -0.651852 0.522209 0.549897
v 0.066496 0.029923 0.050819 0.584314 0.584314 0.584314
vn -0.193041 -0.912950 -0.359524
v -0.096661 0.029614 -0.024022 0.584314 0.584314 0.584314
vn -0.294535 -0.922451 -0.249666
v -0.087049 0.028673 -0.022557 0.584314 0.584314 0.584314
vn -0.599020 0.695359 0.397054
v 0.069833 0.039682 0.029348 0.584314 0.584314 0.584314
vn 0.042671 -0.942713 0.330864
v -0.054086 0.026924 0.046432 0.584314 0.584314 0.584314
vn -0.258818 -0.551878 -0.792745
v -0.053033 0.031774 -0.051514 0.584314 0.584314 0.584314
vn -0.827558 0.539535 0.155080
v 0.039438 0.028675 -0.053533 0.584314 0.584314 0.584314
vn -0.485140 -0.867070 -0.113265
v -0.118918 0.030983 0.016331 0.584314 0.584314 0.584314
vn 0.328344 -0.866204 0.376670
v 0.018500 0.037469 0.048754 0.584314 0.584314 0.584314
vn -0.399506 -0.902474 -0.161044
v -0.102857 0.027675 -0.012693 0.584314 0.584314 0.584314
vn 0.946144 0.321880 0.034708
v 0.177035 0.029725 -0.028879 0.584314 0.584314 0.584314
vn 0.333367 -0.556656 -0.760921
v -0.010369 0.038215 -0.060521 0.584314 0.584314 0.584314
vn -0.468305 -0.840534 -0.272386
v -0.111332 0.034822 0.001764 0.584314 0.584314 0.584314
vn 0.258037 0.448024 0.855974
v 0.136672 0.036613 0.031972 0.584314 0.584314 0.584314
vn -0.152839 -0.981383 -0.116308
v 0.022693 0.037917 -0.009177 0.584314 0.584314 0.584314
vn 0.968511 -0.141971 -0.204528
v 0.178851 0.039544 -0.033471 0.584314 0.584314 0.584314
vn -0.186856 0.095627 0.977722
v 0.087500 0.031669 0.064157 0.584314 0.584314 0.584314
vn 0.122620 0.593649 0.795327
v 0.108251 0.034662 0.063384 0.584314 0.584314 0.584314
vn -0.172227 0.761493 0.624873
v 0.088335 0.036456 0.061236 0.584314 0.584314 0.584314
vn 0.505590 0.484322 -0.714011
v 0.157588 0.030051 -0.045678 0.584314 0.584314 0.584314
vn 0.458723 -0.888566 -0.004828
v 0.001312 0.034073 -0.027143 0.584314 0.584314 0.584314
vn -0.300124 -0.687548 0.661214
v -0.104215 0.029077 0.037255 0.584314 0.584314 0.584314
vn -0.877164 0.355533 -0.322768
v 0.039494 0.029801 -0.071472 0.584314 0.584314 0.584314
vn 0.081312 0.529519 -0.844392
v 0.125699 0.038655 -0.070610 0.584314 0.584314 0.584314
vn 0.448897 -0.810190 -0.376939
v 0.000972 0.032838 -0.048341 0.584314 0.584314 0.584314
vn -0.511550 -0.792668 -0.331653
v -0.120020 0.036569 0.006919 0.584314 0.584314 0.584314
vn -0.468134 0.826149 0.313572
v 0.073706 0.037569 0.047530 0.584314 0.584314 0.584314
vn -0.349252 0.706234 -0.615838
v 0.055597 0.033591 -0.084368 0.584314 0.584314 0.584314
vn 0.581189 0.569630 -0.581154
v 0.146380 0.041007 -0.047027 0.584314 0.584314 0.584314
vn -0.367411 -0.813568 0.450684
v 0.034131 0.036053 0.003814 0.584314 0.584314 0.584314
vn 0.002365 -0.834272 0.551347
v -0.041149 0.033529 0.056814 0.584314 0.584314 0.584314
vn -0.186768 -0.756015 -0.627342
v -0.085873 0.036173 -0.039057 0.584314 0.584314 0.584314
vn 0.427198 -0.898376 0.102091
v -0.005632 0.031172 -0.017277 0.584314 0.584314 0.584314
vn 0.282826 -0.959143 -0.007400
v 0.008975 0.031011 0.034938 0.584314 0.584314 0.584314
vn 0.236706 -0.967938 -0.084068
v 0.001501 0.033068 0.013289 0.584314 0.584314 0.584314
vn -0.282473 -0.588038 0.757905
v -0.111158 0.038031 0.040741 0.584314 0.584314 0.584314
vn -0.043539 0.828325 -0.558554
v 0.066794 0.035863 -0.083477 0.584314 0.584314 0.584314
vn 0.257799 -0.904985 0.338439
v -0.047966 0.031571 0.061316 0.584314 0.584314 0.584314
vn 0.183034 -0.916679 0.355245
v -0.003658 0.029084 0.052697 0.584314 0.584314 0.584314
vn -0.390695 -0.618955 -0.681361
v -0.072521 0.035148 -0.050265 0.584314 0.584314 0.584314
vn -0.430784 0.671520 0.602898
v 0.078339 0.034854 0.057565 0.584314 0.584314 0.584314
vn 0.134963 0.909674 -0.392783
v 0.083001 0.039565 -0.074303 0.584314 0.584314 0.584314
vn 0.068847 -0.872170 0.484334
v -0.013363 0.032227 0.053779 0.584314 0.584314 0.584314
vn 0.278752 -0.958660 -0.057178
v 0.003313 0.034449 -0.016049 0.584314 0.584314 0.584314
vn 0.049886 0.917749 -0.394017
v 0.092018 0.042905 -0.056691 0.584314 0.584314 0.584314
vn -0.444140 -0.861811 -0.244994
v -0.110070 0.038677 -0.021572 0.584314 0.584314 0.584314
vn 0.218463 -0.515153 -0.828789
v 0.004325 0.049461 -0.057966 0.584314 0.584314 0.584314
vn 0.427436 0.787443 0.444108
v 0.119391 0.035353 0.056356 0.584314 0.584314 0.584314
vn -0.265436 -0.033414 0.963549
v 0.059201 0.044062 0.022086 0.584314 0.584314 0.584314
vn -0.125838 -0.528965 0.839262
v 0.051204 0.043423 0.021228 0.584314 0.584314 0.584314
vn 0.373341 0.881166 0.290109
v 0.117128 0.039022 0.048840 0.584314 0.584314 0.584314
vn 0.420394 -0.906489 -0.039315
v 0.005298 0.035484 -0.039779 0.584314 0.584314 0.584314
vn -0.859499 -0.472562 -0.194796
v 0.036214 0.035971 -0.030246 0.584314 0.584314 0.584314
vn -0.558440 -0.706269 0.435118
v -0.095542 0.035908 0.052206 0.584314 0.584314 0.584314
vn -0.510584 0.859617 0.019010
v 0.050255 0.038073 -0.053844 0.584314 0.584314 0.584314
vn -0.533477 -0.732764 -0.422443
v -0.102477 0.035657 -0.031754 0.584314 0.584314 0.584314
vn -0.607919 -0.480045 -0.632449
v -0.105021 0.046351 -0.039302 0.584314 0.584314 0.584314
vn -0.466728 -0.735638 -0.490919
v -0.099512 0.038896 -0.043510 0.584314 0.584314 0.584314
vn 0.523924 0.636328 -0.566207
v 0.134127 0.043078 -0.057295 0.584314 0.584314 0.584314
vn 0.409610 -0.908953 0.077616
v 0.022128 0.035618 0.037198 0.584314 0.584314 0.584314
vn 0.132503 0.907556 0.398478
v 0.105618 0.041700 0.054940 0.584314 0.584314 0.584314
vn -0.203947 -0.911928 0.356081
v -0.100692 0.041676 0.053618 0.584314 0.584314 0.584314
vn -0.553300 0.819884 -0.147135
v 0.042598 0.034857 -0.067484 0.584314 0.584314 0.584314
vn 0.115111 -0.885565 0.450027
v -0.074280 0.039063 0.066627 0.584314 0.584314 0.584314
vn 0.155503 -0.932944 -0.324707
v 0.010820 0.038677 -0.052204 0.584314 0.584314 0.584314
vn -0.278760 -0.342463 -0.897225
v -0.015218 0.043344 -0.063870 0.584314 0.584314 0.584314
vn 0.595456 0.474182 0.648525
v 0.157080 0.047479 -0.013892 0.584314 0.584314 0.584314
vn 0.213004 -0.976586 -0.030165
v 0.010327 0.035935 -0.002823 0.584314 0.584314 0.584314
vn -0.282847 -0.655622 0.700113
v -0.055859 0.032688 0.064458 0.584314 0.584314 0.584314
vn -0.390174 0.465681 -0.794296
v 0.043189 0.037598 -0.039276 0.584314 0.584314 0.584314
vn -0.173716 0.919841 -0.351732
v 0.060015 0.040011 -0.073124 0.584314 0.584314 0.584314
vn -0.277573 -0.689511 0.668976
v -0.121387 0.037724 0.035812 0.584314 0.584314 0.584314
vn 0.241644 -0.969848 -0.031675
v 0.020485 0.037037 0.015878 0.584314 0.584314 0.584314
vn -0.334606 0.253373 -0.907657
v 0.116181 0.045007 -0.065938 0.584314 0.584314 0.584314
vn 0.688172 0.459186 0.561754
v 0.149341 0.054115 -0.009085 0.584314 0.584314 0.584314
vn 0.370129 -0.796670 0.477831
v 0.003266 0.033997 0.058104 0.584314 0.584314 0.584314
vn 0.113769 -0.981809 -0.152011
v 0.022038 0.040144 -0.022348 0.584314 0.584314 0.584314
vn -0.200936 -0.925022 0.322426
v -0.087942 0.032330 0.052814 0.584314 0.584314 0.584314
vn -0.480447 -0.150001 -0.864101
v 0.034981 0.041956 -0.036241 0.584314 0.584314 0.584314
vn -0.386691 -0.738661 0.552132
v -0.113882 0.039924 0.040775 0.584314 0.584314 0.584314
vn 0.068507 -0.736401 0.673068
v -0.001034 0.041199 0.069716 0.584314 0.584314 0.584314
vn -0.336214 -0.885236 -0.321430
v 0.026975 0.039150 -0.022825 0.584314 0.584314 0.584314
vn -0.430578 -0.846503 0.313108
v -0.123492 0.035237 0.029442 0.584314 0.584314 0.584314
vn 0.319900 0.346090 -0.881978
v 0.154100 0.045697 -0.038194 0.584314 0.584314 0.584314
vn -0.085133 -0.987806 0.130349
v 0.022565 0.037302 0.002681 0.584314 0.584314 0.584314
vn 0.087175 -0.973915 0.209498
v 0.028368 0.038360 0.009467 0.584314 0.584314 0.584314
vn 0.403084 -0.691221 0.599781
v 0.021212 0.047731 0.059281 0.584314 0.584314 0.584314
vn 0.406078 -0.783257 0.470754
v 0.027734 0.041841 0.052663 0.584314 0.584314 0.584314
vn 0.340011 0.773217 0.535283
v 0.122047 0.041266 0.038744 0.584314 0.584314 0.584314
vn 0.101385 -0.958934 0.264889
v 0.032967 0.041145 0.016383 0.584314 0.584314 0.584314
vn -0.544432 -0.814246 -0.201488
v -0.128009 0.044308 0.002449 0.584314 0.584314 0.584314
vn -0.214499 -0.742335 -0.634767
v -0.110655 0.046851 -0.038041 0.584314 0.584314 0.584314
vn 0.041139 -0.773709 -0.632204
v 0.006075 0.039022 -0.052377 0.584314 0.584314 0.584314
vn -0.510378 -0.849867 -0.131305
v -0.121636 0.038052 -0.008901 0.584314 0.584314 0.584314
vn -0.762294 -0.073697 -0.643021
v 0.035464 0.037145 -0.038169 0.584314 0.584314 0.584314
vn -0.494407 -0.580085 0.647350
v 0.039656 0.034737 0.008420 0.584314 0.584314 0.584314
vn -0.184660 0.930415 0.316590
v 0.090719 0.043556 0.044940 0.584314 0.584314 0.584314
vn -0.340907 0.803398 -0.488194
v 0.047679 0.039550 -0.039688 0.584314 0.584314 0.584314
vn 0.629626 -0.766595 0.126107
v 0.034474 0.042945 0.035125 0.584314 0.584314 0.584314
vn -0.329300 0.894974 0.300970
v 0.080542 0.043164 0.037450 0.584314 0.584314 0.584314
vn -0.342925 -0.750888 0.564419
v -0.102361 0.040077 0.043434 0.584314 0.584314 0.584314
vn -0.541022 -0.810122 0.225827
v -0.141111 0.045885 0.028308 0.584314 0.584314 0.584314
vn -0.324954 -0.717412 0.616218
v -0.132592 0.044838 0.039558 0.584314 0.584314 0.584314
vn -0.619846 -0.737373 -0.268463
v -0.122459 0.042818 -0.024856 0.584314 0.584314 0.584314
vn -0.369790 -0.671029 0.642631
v -0.078899 0.042454 0.071509 0.584314 0.584314 0.584314
vn -0.271451 0.600843 0.751865
v 0.072223 0.043433 0.024866 0.584314 0.584314 0.584314
vn -0.130057 -0.760629 0.636026
v -0.064383 0.041486 0.063561 0.584314 0.584314 0.584314
vn 0.353251 -0.935259 -0.022446
v 0.012175 0.039788 -0.036587 0.584314 0.584314 0.584314
vn 0.169686 -0.966852 -0.190800
v 0.017724 0.040058 -0.052981 0.584314 0.584314 0.584314
vn -0.548627 -0.811855 -0.199750
v -0.135218 0.040439 0.015359 0.584314 0.584314 0.584314
vn -0.612852 -0.751134 -0.245378
v -0.144966 0.051682 0.009852 0.584314 0.584314 0.584314
vn 0.755289 0.231034 0.613321
v 0.176800 0.043619 -0.021466 0.584314 0.584314 0.584314
vn 0.230688 -0.752893 0.616389
v -0.010409 0.041103 0.070933 0.584314 0.584314 0.584314
vn -0.440032 -0.686883 0.578415
v -0.121148 0.047029 0.042146 0.584314 0.584314 0.584314
vn 0.396944 -0.646248 0.651766
v 0.012732 0.048473 0.073632 0.584314 0.584314 0.584314
vn -0.265606 -0.743988 0.613135
v -0.091518 0.046184 0.064803 0.584314 0.584314 0.584314
vn 0.100764 0.126808 -0.986796
v 0.044121 0.046194 -0.033853 0.584314 0.584314 0.584314
vn -0.007018 -0.774813 0.632152
v -0.071392 0.047421 0.080412 0.584314 0.584314 0.584314
vn -0.162533 -0.939206 0.302449
v -0.109036 0.041711 0.056937 0.584314 0.584314 0.584314
vn 0.400479 0.539013 0.741000
v 0.145390 0.047472 0.026737 0.584314 0.584314 0.584314
vn 0.270300 -0.876354 -0.398675
v 0.030408 0.045494 -0.037449 0.584314 0.584314 0.584314
vn -0.610616 -0.770975 -0.180960
v -0.127643 0.045187 -0.005249 0.584314 0.584314 0.584314
vn 0.309040 0.437013 0.844698
v 0.130330 0.041956 0.032877 0.584314 0.584314 0.584314
vn -0.552934 -0.445971 -0.703828
v -0.080208 0.040200 -0.044628 0.584314 0.584314 0.584314
vn -0.336314 -0.847628 -0.410389
v -0.115075 0.043509 -0.030459 0.584314 0.584314 0.584314
vn 0.444107 -0.862555 0.242419
v 0.037309 0.044327 0.026597 0.584314 0.584314 0.584314
vn -0.063649 -0.686835 0.724021
v -0.018716 0.042582 0.074435 0.584314 0.584314 0.584314
vn -0.201479 0.971580 -0.124252
v 0.062338 0.043036 -0.064577 0.584314 0.584314 0.584314
vn -0.091105 -0.441199 -0.892773
v -0.042565 0.042182 -0.060568 0.584314 0.584314 0.584314
vn 0.463287 -0.885607 0.032649
v 0.028883 0.042511 -0.042825 0.584314 0.584314 0.584314
vn 0.172864 -0.984922 0.006773
v 0.023678 0.043078 -0.038484 0.584314 0.584314 0.584314
vn 0.430243 0.321924 -0.843360
v 0.149537 0.045420 -0.040567 0.584314 0.584314 0.584314
vn -0.340538 -0.362204 -0.867665
v -0.069461 0.046073 -0.056223 0.584314 0.584314 0.584314
vn 0.418010 0.506608 -0.754066
v 0.140340 0.051966 -0.043058 0.584314 0.584314 0.584314
vn -0.165156 -0.740117 0.651882
v 0.048430 0.041287 0.017044 0.584314 0.584314 0.584314
vn 0.256676 -0.728001 0.635714
v -0.036173 0.043810 0.078499 0.584314 0.584314 0.584314
vn 0.051260 0.460927 -0.885956
v 0.169745 0.045714 -0.039716 0.584314 0.584314 0.584314
vn 0.347939 0.471647 -0.810239
v 0.160407 0.053662 -0.031098 0.584314 0.584314 0.584314
vn -0.188243 -0.717887 0.670226
v -0.057148 0.046613 0.071465 0.584314 0.584314 0.584314
vn -0.644588 -0.677895 0.353505
v -0.116187 0.044327 0.052947 0.584314 0.584314 0.584314
vn 0.078968 -0.895672 0.437649
v -0.098720 0.047114 0.069720 0.584314 0.584314 0.584314
vn 0.625730 0.493543 0.604051
v 0.161757 0.053326 -0.020691 0.584314 0.584314 0.584314
vn 0.676117 0.672002 0.302125
v 0.145507 0.049817 0.023005 0.584314 0.584314 0.584314
vn 0.022532 -0.776974 0.629130
v -0.029144 0.042825 0.070690 0.584314 0.584314 0.584314
vn -0.358188 0.502886 -0.786643
v 0.105270 0.042251 -0.057643 0.584314 0.584314 0.584314
vn 0.626528 -0.691379 0.359803
v 0.040060 0.050703 0.050350 0.584314 0.584314 0.584314
vn -0.116057 -0.512422 -0.850855
v -0.080819 0.047565 -0.048774 0.584314 0.584314 0.584314
vn 0.363169 -0.530435 0.765994
v 0.032652 0.055072 0.060920 0.584314 0.584314 0.584314
vn 0.018479 -0.798309 0.601965
v -0.041174 0.040644 0.076257 0.584314 0.584314 0.584314
vn -0.163496 -0.578959 -0.798796
v 0.012460 0.043482 -0.057787 0.584314 0.584314 0.584314
vn 0.084902 0.949753 0.301265
v 0.100315 0.045664 0.039663 0.584314 0.584314 0.584314
vn -0.303978 0.929354 -0.209521
v 0.068997 0.043642 -0.046485 0.584314 0.584314 0.584314
vn -0.180913 -0.448625 0.875218
v -0.040953 0.049722 0.083787 0.584314 0.584314 0.584314
vn -0.055972 0.980061 -0.190649
v 0.075803 0.045095 -0.055664 0.584314 0.584314 0.584314
vn 0.613111 -0.536957 0.579459
v 0.024930 0.056027 0.065483 0.584314 0.584314 0.584314
vn -0.182859 -0.647443 0.739851
v -0.083011 0.054289 0.075451 0.584314 0.584314 0.584314
vn -0.210976 0.555836 -0.804074
v 0.060395 0.044540 -0.035004 0.584314 0.584314 0.584314
vn 0.449430 -0.714911 0.535644
v 0.042661 0.049114 0.027883 0.584314 0.584314 0.584314
vn 0.714403 0.680335 0.163623
v 0.144050 0.057315 0.002676 0.584314 0.584314 0.584314
vn 0.509149 -0.548423 -0.663325
v -0.001892 0.051848 -0.067127 0.584314 0.584314 0.584314
vn -0.567204 -0.731120 -0.379134
v -0.123766 0.046598 -0.032254 0.584314 0.584314 0.584314
vn 0.067727 -0.275354 -0.958954
v 0.009278 0.054587 -0.058478 0.584314 0.584314 0.584314
vn 0.131556 -0.434740 -0.890895
v -0.035462 0.052477 -0.065471 0.584314 0.584314 0.584314
vn -0.344144 -0.230567 -0.910167
v 0.019816 0.048271 -0.063584 0.584314 0.584314 0.584314
vn -0.737172 -0.656419 0.160288
v -0.152977 0.054282 0.027780 0.584314 0.584314 0.584314
vn -0.079857 0.855384 0.511801
v 0.109539 0.048728 0.031141 0.584314 0.584314 0.584314
vn -0.134567 0.590325 0.795869
v 0.083648 0.049173 0.023302 0.584314 0.584314 0.584314
vn 0.421720 0.735098 0.530833
v 0.174160 0.051106 -0.024684 0.584314 0.584314 0.584314
vn -0.182282 -0.369749 -0.911076
v -0.055996 0.045392 -0.055905 0.584314 0.584314 0.584314
vn 0.812450 0.582913 0.011700
v 0.178980 0.051828 -0.031331 0.584314 0.584314 0.584314
vn 0.312088 -0.480790 0.819415
v 0.002045 0.056069 0.078046 0.584314 0.584314 0.584314
vn -0.125088 0.868439 -0.479757
v 0.082285 0.049452 -0.041038 0.584314 0.584314 0.584314
vn 0.073916 -0.688257 0.721691
v -0.056398 0.054295 0.082061 0.584314 0.584314 0.584314
vn 0.244762 0.914997 -0.320738
v 0.166976 0.055148 -0.029976 0.584314 0.584314 0.584314
vn -0.109058 0.873597 0.474273
v 0.092881 0.049032 0.026146 0.584314 0.584314 0.584314
vn -0.654977 0.397996 -0.642343
v 0.099161 0.046500 -0.050168 0.584314 0.584314 0.584314
vn 0.190604 0.355258 0.915129
v 0.129813 0.055417 0.028907 0.584314 0.584314 0.584314
vn -0.555223 -0.614724 0.560217
v -0.148478 0.056272 0.041689 0.584314 0.584314 0.584314
vn 0.151681 -0.482624 0.862593
v -0.031279 0.058008 0.090279 0.584314 0.584314 0.584314
vn -0.172486 0.427501 -0.887407
v 0.067637 0.050653 -0.034817 0.584314 0.584314 0.584314
vn -0.342536 0.200497 0.917862
v 0.107726 0.071508 0.019112 0.584314 0.584314 0.584314
vn -0.462314 -0.822036 -0.332450
v -0.130223 0.051361 -0.018530 0.584314 0.584314 0.584314
vn 0.144377 -0.745641 -0.650519
v 0.024845 0.045416 -0.062202 0.584314 0.584314 0.584314
vn -0.238115 -0.559121 -0.794157
v -0.095571 0.043473 -0.050918 0.584314 0.584314 0.584314
vn 0.097042 -0.532826 0.840642
v -0.008841 0.053123 0.083037 0.584314 0.584314 0.584314
vn 0.266247 -0.419590 0.867789
v 0.054320 0.054160 0.026008 0.584314 0.584314 0.584314
vn -0.106961 -0.390474 -0.914379
v -0.025703 0.045855 -0.058013 0.584314 0.584314 0.584314
vn -0.431068 -0.836542 0.338198
v -0.119748 0.052595 0.057932 0.584314 0.584314 0.584314
vn 0.636149 0.636308 0.436379
v 0.139477 0.057315 0.018898 0.584314 0.584314 0.584314
vn 0.463001 -0.625106 -0.628389
v 0.035927 0.051643 -0.063372 0.584314 0.584314 0.584314
vn -0.384120 -0.906319 -0.176174
v -0.137641 0.047876 -0.004318 0.584314 0.584314 0.584314
vn 0.028242 0.559295 -0.828487
v 0.109230 0.060887 -0.057186 0.584314 0.584314 0.584314
vn -0.453247 -0.622290 0.638218
v -0.105441 0.050332 0.073984 0.584314 0.584314 0.584314
vn -0.808521 -0.582437 -0.084030
v -0.145750 0.053419 -0.003925 0.584314 0.584314 0.584314
vn 0.326816 0.638434 -0.696846
v 0.117191 0.053925 -0.060432 0.584314 0.584314 0.584314
vn 0.478712 0.228391 -0.847746
v 0.175909 0.045459 -0.039928 0.584314 0.584314 0.584314
vn -0.488431 0.605230 -0.628594
v 0.094755 0.049227 -0.042453 0.584314 0.584314 0.584314
vn -0.159668 0.525369 0.835759
v 0.102461 0.054025 0.018267 0.584314 0.584314 0.584314
vn 0.627326 -0.661661 -0.410690
v 0.039568 0.051677 -0.039808 0.584314 0.584314 0.584314
vn 0.288407 0.724957 -0.625507
v 0.111692 0.068792 -0.047199 0.584314 0.584314 0.584314
vn 0.462779 0.620122 -0.633470
v 0.130688 0.056814 -0.045674 0.584314 0.584314 0.584314
vn -0.183659 -0.167875 -0.968549
v 0.025851 0.057209 -0.067374 0.584314 0.584314 0.584314
vn -0.319996 -0.833669 -0.450110
v -0.139513 0.054915 -0.024470 0.584314 0.584314 0.584314
vn -0.861362 -0.357742 -0.360660
v -0.149245 0.059386 0.004315 0.584314 0.584314 0.584314
vn -0.420152 -0.143275 -0.896072
v -0.012439 0.055952 -0.068053 0.584314 0.584314 0.584314
vn 0.689969 -0.516883 0.506728
v 0.051302 0.065548 0.055512 0.584314 0.584314 0.584314
vn -0.532323 -0.316540 -0.785134
v -0.096609 0.053774 -0.054294 0.584314 0.584314 0.584314
vn -0.265595 -0.264756 -0.927019
v -0.040564 0.059861 -0.067262 0.584314 0.584314 0.584314
vn 0.148136 -0.596414 0.788889
v -0.024311 0.052030 0.080367 0.584314 0.584314 0.584314
vn 0.180896 -0.340378 0.922724
v -0.016418 0.066363 0.084336 0.584314 0.584314 0.584314
vn 0.125685 -0.053942 0.990603
v 0.066132 0.054986 0.023557 0.584314 0.584314 0.584314
vn -0.308500 -0.832507 0.460174
v -0.133048 0.053362 0.045350 0.584314 0.584314 0.584314
vn -0.725349 -0.537086 -0.430589
v -0.122927 0.053106 -0.043324 0.584314 0.584314 0.584314
vn -0.303013 0.425343 -0.852799
v 0.089274 0.055945 -0.036041 0.584314 0.584314 0.584314
vn 0.096270 -0.405806 -0.908875
v -0.088308 0.060008 -0.058382 0.584314 0.584314 0.584314
vn -0.150730 -0.503983 0.850459
v -0.074097 0.065849 0.085992 0.584314 0.584314 0.584314
vn -0.365384 -0.873724 0.321093
v -0.130563 0.053773 0.059597 0.584314 0.584314 0.584314
vn -0.169508 -0.500768 -0.848822
v -0.105473 0.055433 -0.046952 0.584314 0.584314 0.584314
vn -0.374215 -0.214270 0.902248
v -0.041125 0.060508 0.086893 0.584314 0.584314 0.584314
vn -0.830063 -0.534458 -0.159216
v -0.146349 0.055817 -0.016423 0.584314 0.584314 0.584314
vn -0.204383 0.430319 0.879235
v 0.117289 0.054916 0.026511 0.584314 0.584314 0.584314
vn -0.306045 -0.552186 0.775517
v -0.107789 0.062004 0.076429 0.584314 0.584314 0.584314
vn 0.256661 0.112405 0.959943
v 0.094171 0.059658 0.017189 0.584314 0.584314 0.584314
vn 0.003514 -0.396951 -0.917833
v -0.006145 0.053524 -0.069754 0.584314 0.584314 0.584314
vn 0.415000 -0.373989 0.829402
v 0.063974 0.063183 0.026060 0.584314 0.584314 0.584314
vn 0.362289 -0.399435 0.842139
v 0.017579 0.058475 0.077999 0.584314 0.584314 0.584314
vn 0.121586 0.261404 0.957541
v 0.083623 0.054099 0.021578 0.584314 0.584314 0.584314
vn 0.919343 0.281385 -0.275010
v 0.161431 0.059600 -0.027815 0.584314 0.584314 0.584314
vn 0.316517 0.544342 0.776858
v 0.152441 0.067776 -0.017678 0.584314 0.584314 0.584314
vn 0.569625 -0.554894 0.606317
v 0.055202 0.061216 0.030905 0.584314 0.584314 0.584314
vn -0.606162 -0.532948 -0.590367
v -0.127499 0.065386 -0.037048 0.584314 0.584314 0.584314
vn 0.194339 -0.160628 -0.967694
v 0.052714 0.056366 -0.033781 0.584314 0.584314 0.584314
vn 0.099787 -0.287281 0.952634
v -0.002991 0.063204 0.087626 0.584314 0.584314 0.584314
vn -0.736575 0.316508 -0.597729
v 0.095470 0.059990 -0.038398 0.584314 0.584314 0.584314
vn 0.052908 0.066694 0.996370
v 0.098090 0.065264 0.015641 0.584314 0.584314 0.584314
vn 0.043662 -0.401771 -0.914699
v -0.061230 0.054986 -0.061372 0.584314 0.584314 0.584314
vn 0.773519 -0.590047 0.231330
v 0.051931 0.063242 0.039982 0.584314 0.584314 0.584314
vn -0.916679 -0.128387 0.378440
v -0.137425 0.061448 0.061166 0.584314 0.584314 0.584314
vn -0.210181 -0.542955 0.813034
v -0.065085 0.056747 0.089074 0.584314 0.584314 0.584314
vn 0.541370 0.649334 0.534120
v 0.128866 0.066562 0.024923 0.584314 0.584314 0.584314
vn -0.061519 -0.313185 -0.947698
v -0.053238 0.060540 -0.062071 0.584314 0.584314 0.584314
vn 0.769358 -0.622029 -0.145491
v 0.043001 0.057377 -0.058776 0.584314 0.584314 0.584314
vn 0.207135 -0.744842 0.634275
v -0.080387 0.066462 0.087670 0.584314 0.584314 0.584314
vn -0.005720 -0.736182 0.676760
v -0.094440 0.055232 0.082258 0.584314 0.584314 0.584314
vn 0.363732 -0.403089 0.839773
v 0.038501 0.058602 0.061384 0.584314 0.584314 0.584314
vn -0.758799 -0.529720 -0.378975
v -0.127143 0.055175 -0.029558 0.584314 0.584314 0.584314
vn -0.760458 -0.588045 -0.275512
v -0.153469 0.055022 0.016041 0.584314 0.584314 0.584314
vn -0.715872 -0.584865 0.381392
v -0.138373 0.058696 0.052723 0.584314 0.584314 0.584314
vn -0.841815 -0.070966 0.535080
v -0.152769 0.063115 0.042593 0.584314 0.584314 0.584314
vn 0.683877 0.594084 0.423528
v 0.127411 0.075029 -0.002816 0.584314 0.584314 0.584314
vn -0.282852 -0.796969 0.533700
v -0.117006 0.056341 0.066013 0.584314 0.584314 0.584314
vn 0.499303 0.817089 0.288205
v 0.121702 0.077852 0.005178 0.584314 0.584314 0.584314
vn 0.177461 0.270123 0.946330
v 0.098038 0.075882 0.015371 0.584314 0.584314 0.584314
vn 0.367289 -0.456785 -0.810214
v 0.002709 0.061285 -0.071188 0.584314 0.584314 0.584314
vn -0.586268 -0.344822 0.733067
v -0.098119 0.062493 0.085513 0.584314 0.584314 0.584314
vn -0.348752 -0.667223 -0.658168
v -0.142566 0.061318 -0.033488 0.584314 0.584314 0.584314
vn -0.997937 -0.062520 0.014613
v -0.157908 0.062500 0.023608 0.584314 0.584314 0.584314
vn -0.128501 -0.860841 0.492382
v -0.122970 0.058438 0.071879 0.584314 0.584314 0.584314
vn -0.687067 -0.448417 0.571718
v -0.132228 0.060515 0.069050 0.584314 0.584314 0.584314
vn 0.161705 -0.397389 -0.903290
v -0.029821 0.061371 -0.068513 0.584314 0.584314 0.584314
vn -0.372443 0.184269 -0.909577
v 0.030049 0.066912 -0.067902 0.584314 0.584314 0.584314
vn 0.511572 0.654733 0.556434
v 0.144913 0.060077 -0.010613 0.584314 0.584314 0.584314
vn 0.363104 -0.168356 0.916413
v 0.068289 0.065944 0.025024 0.584314 0.584314 0.584314
vn -0.484089 0.501718 -0.716894
v 0.103992 0.064118 -0.054944 0.584314 0.584314 0.584314
vn -0.550259 0.134675 -0.824061
v 0.108940 0.049543 -0.061483 0.584314 0.584314 0.584314
vn -0.499423 -0.513853 -0.697518
v -0.122117 0.056996 -0.048762 0.584314 0.584314 0.584314
vn 0.827950 0.210957 0.519612
v 0.160304 0.064158 -0.022620 0.584314 0.584314 0.584314
vn -0.987132 -0.054831 -0.150214
v -0.148021 0.059545 -0.002789 0.584314 0.584314 0.584314
vn 0.079905 -0.355872 -0.931112
v -0.022753 0.058274 -0.063966 0.584314 0.584314 0.584314
vn 0.224107 -0.343079 -0.912180
v -0.022832 0.074487 -0.071360 0.584314 0.584314 0.584314
vn -0.537257 0.446195 -0.715726
v 0.096850 0.067497 -0.036586 0.584314 0.584314 0.584314
vn -0.114403 0.171730 -0.978479
v 0.084826 0.064262 -0.033111 0.584314 0.584314 0.584314
vn -0.873293 0.248059 -0.419316
v 0.099134 0.057909 -0.048586 0.584314 0.584314 0.584314
vn 0.121348 -0.022186 -0.992362
v 0.074818 0.079290 -0.035336 0.584314 0.584314 0.584314
vn 0.123638 -0.123199 -0.984650
v 0.065658 0.067739 -0.034010 0.584314 0.584314 0.584314
vn 0.495623 -0.296073 -0.816516
v 0.063198 0.077421 -0.036672 0.584314 0.584314 0.584314
vn -0.963330 0.241547 0.116834
v -0.147377 0.070493 -0.016826 0.584314 0.584314 0.584314
vn 0.039328 0.350156 -0.935865
v 0.142892 0.061116 -0.039438 0.584314 0.584314 0.584314
vn -0.742525 0.087513 0.664077
v -0.140572 0.066691 0.051467 0.584314 0.584314 0.584314
vn 0.535452 0.023721 -0.844232
v 0.153920 0.061781 -0.038522 0.584314 0.584314 0.584314
vn -0.120247 -0.279078 -0.952710
v -0.033963 0.066117 -0.071015 0.584314 0.584314 0.584314
vn 0.346066 0.402187 -0.847634
v 0.121270 0.072761 -0.037190 0.584314 0.584314 0.584314
vn 0.174054 0.646461 -0.742828
v 0.134323 0.064199 -0.037100 0.584314 0.584314 0.584314
vn -0.528384 -0.157225 -0.834321
v -0.099661 0.070382 -0.054648 0.584314 0.584314 0.584314
vn -0.298474 -0.247621 -0.921736
v -0.091140 0.069262 -0.062153 0.584314 0.584314 0.584314
vn 0.105693 -0.304280 -0.946701
v 0.014529 0.063796 -0.059121 0.584314 0.584314 0.584314
vn 0.217536 -0.271942 -0.937404
v -0.082927 0.080930 -0.065989 0.584314 0.584314 0.584314
vn -0.329086 -0.448669 -0.830902
v -0.129451 0.070999 -0.041978 0.584314 0.584314 0.584314
vn 0.099328 -0.450102 0.887436
v -0.048150 0.062392 0.084704 0.584314 0.584314 0.584314
vn -0.868372 0.477285 -0.134646
v -0.153473 0.073624 0.019329 0.584314 0.584314 0.584314
vn -0.576159 -0.215701 -0.788361
v -0.122100 0.072211 -0.052088 0.584314 0.584314 0.584314
vn -0.913516 0.008767 -0.406708
v -0.154586 0.063829 0.009622 0.584314 0.584314 0.584314
vn 0.018311 -0.063161 -0.997835
v 0.040355 0.069781 -0.070280 0.584314 0.584314 0.584314
vn 0.273756 -0.552657 0.787164
v -0.058327 0.063049 0.093384 0.584314 0.584314 0.584314
vn -0.408715 -0.461130 0.787598
v -0.091601 0.067934 0.094046 0.584314 0.584314 0.584314
vn 0.539283 -0.328140 0.775563
v 0.030839 0.064006 0.064178 0.584314 0.584314 0.584314
vn -0.125042 -0.308512 -0.942966
v -0.117419 0.062669 -0.053153 0.584314 0.584314 0.584314
vn 0.384314 -0.250758 -0.888495
v 0.018586 0.071984 -0.062990 0.584314 0.584314 0.584314
vn 0.162455 -0.575649 0.801397
v -0.083950 0.074666 0.099885 0.584314 0.584314 0.584314
vn -0.194663 0.794249 -0.575564
v 0.143619 0.070690 -0.032616 0.584314 0.584314 0.584314
vn 0.302996 -0.020941 0.952762
v 0.076659 0.072071 0.023299 0.584314 0.584314 0.584314
vn 0.710057 -0.388126 -0.587518
v 0.048064 0.069585 -0.066842 0.584314 0.584314 0.584314
vn -0.912433 0.218224 0.346186
v -0.135094 0.066980 0.064113 0.584314 0.584314 0.584314
vn -0.489165 -0.566614 0.663074
v -0.125221 0.062011 0.076146 0.584314 0.584314 0.584314
vn 0.079949 -0.253202 -0.964104
v -0.109782 0.071914 -0.054550 0.584314 0.584314 0.584314
vn 0.018242 -0.770426 0.637269
v -0.116677 0.062890 0.078803 0.584314 0.584314 0.584314
vn 0.495060 -0.427173 -0.756597
v 0.054720 0.063837 -0.035830 0.584314 0.584314 0.584314
vn 0.354392 -0.023101 0.934812
v 0.089405 0.077480 0.020416 0.584314 0.584314 0.584314
vn -0.899111 -0.366697 -0.239024
v -0.147603 0.063724 -0.028819 0.584314 0.584314 0.584314
vn -0.796916 0.445514 0.407973
v -0.131728 0.078888 0.052033 0.584314 0.584314 0.584314
vn 0.788571 0.553405 0.268140
v 0.133955 0.069137 -0.007765 0.584314 0.584314 0.584314
vn 0.742172 -0.415258 0.526062
v 0.026219 0.065755 0.075196 0.584314 0.584314 0.584314
vn -0.215935 -0.171414 -0.961244
v -0.015775 0.066139 -0.065957 0.584314 0.584314 0.584314
vn -0.266578 -0.205261 -0.941703
v -0.047553 0.066055 -0.064612 0.584314 0.584314 0.584314
vn -0.020097 -0.269284 -0.962851
v -0.058382 0.074778 -0.068322 0.584314 0.584314 0.584314
vn -0.914536 0.120023 0.386289
v -0.129916 0.071639 0.074209 0.584314 0.584314 0.584314
vn -0.784882 -0.173482 0.594865
v -0.127380 0.071855 0.079523 0.584314 0.584314 0.584314
vn 0.791172 -0.562452 -0.240195
v 0.045968 0.061041 -0.045291 0.584314 0.584314 0.584314
vn -0.285061 -0.158151 -0.945372
v -0.004699 0.066717 -0.073237 0.584314 0.584314 0.584314
vn 0.416259 0.575363 -0.704050
v 0.157030 0.069065 -0.037381 0.584314 0.584314 0.584314
vn -0.155194 0.330810 0.930849
v 0.121241 0.062568 0.026883 0.584314 0.584314 0.584314
vn -0.922177 0.304954 0.237891
v -0.125496 0.086815 0.060296 0.584314 0.584314 0.584314
vn -0.847513 0.294698 -0.441446
v -0.152327 0.069242 0.008596 0.584314 0.584314 0.584314
vn -0.271778 -0.140597 0.952034
v -0.065433 0.079403 0.092592 0.584314 0.584314 0.584314
vn 0.741008 0.605614 0.290068
v 0.159031 0.070834 -0.022558 0.584314 0.584314 0.584314
vn 0.600218 -0.256293 0.757662
v 0.035758 0.074710 0.063857 0.584314 0.584314 0.584314
vn 0.825360 -0.488927 0.282367
v 0.062063 0.078778 0.036298 0.584314 0.584314 0.584314
vn 0.087340 -0.566090 0.819704
v -0.109538 0.078806 0.091617 0.584314 0.584314 0.584314
vn 0.399166 0.801656 0.444988
v 0.140183 0.063359 -0.011248 0.584314 0.584314 0.584314
vn -0.828573 0.505445 0.240814
v -0.153282 0.073547 0.032527 0.584314 0.584314 0.584314
vn -0.063623 -0.280006 0.957888
v -0.041080 0.070795 0.088338 0.584314 0.584314 0.584314
vn -0.066021 -0.308840 -0.948820
v -0.076113 0.070090 -0.058802 0.584314 0.584314 0.584314
vn 0.160561 -0.019871 -0.986826
v 0.086317 0.075396 -0.032603 0.584314 0.584314 0.584314
vn -0.640904 0.498434 0.583786
v -0.145571 0.074774 0.043479 0.584314 0.584314 0.584314
vn 0.164728 -0.273639 -0.947621
v 0.004867 0.072502 -0.075675 0.584314 0.584314 0.584314
vn 0.377178 -0.448424 0.810341
v -0.070535 0.079663 0.092964 0.584314 0.584314 0.584314
vn -0.207091 -0.161517 -0.964897
v -0.073716 0.079464 -0.060260 0.584314 0.584314 0.584314
vn 0.209536 0.745499 0.632713
v 0.122029 0.073053 0.021267 0.584314 0.584314 0.584314
vn 0.528272 -0.382101 -0.758240
v 0.009831 0.073022 -0.073514 0.584314 0.584314 0.584314
vn -0.296394 -0.174845 -0.938925
v -0.036384 0.073716 -0.072405 0.584314 0.584314 0.584314
vn -0.308630 -0.241160 0.920103
v -0.062067 0.065026 0.094379 0.584314 0.584314 0.584314
vn -0.307720 -0.490391 0.815368
v -0.118239 0.073246 0.087776 0.584314 0.584314 0.584314
vn 0.428732 -0.333169 0.839754
v -0.024457 0.067246 0.091178 0.584314 0.584314 0.584314
vn 0.794277 -0.519140 0.315623
v 0.060215 0.078001 0.053592 0.584314 0.584314 0.584314
vn 0.839230 -0.317085 0.441759
v 0.068976 0.089089 0.051034 0.584314 0.584314 0.584314
vn -0.508572 0.703025 -0.497102
v 0.104477 0.068982 -0.047539 0.584314 0.584314 0.584314
vn -0.072794 -0.204434 -0.976170
v -0.047424 0.077766 -0.066959 0.584314 0.584314 0.584314
vn -0.290525 -0.227152 -0.929515
v -0.065191 0.067222 -0.065882 0.584314 0.584314 0.584314
vn -0.362437 0.769205 -0.526272
v 0.104358 0.072416 -0.040728 0.584314 0.584314 0.584314
vn -0.391711 -0.406836 0.825256
v -0.101460 0.073223 0.084700 0.584314 0.584314 0.584314
vn -0.856289 0.464964 -0.224896
v -0.142515 0.074832 -0.000776 0.584314 0.584314 0.584314
vn 0.688679 -0.381270 0.616729
v 0.059919 0.071639 0.033567 0.584314 0.584314 0.584314
vn 0.027491 -0.204838 0.978410
v -0.052860 0.076347 0.097383 0.584314 0.584314 0.584314
vn -0.150050 -0.190787 0.970096
v -0.031729 0.063777 0.091973 0.584314 0.584314 0.584314
vn 0.819621 -0.502825 -0.274569
v 0.053106 0.072595 -0.048239 0.584314 0.584314 0.584314
vn -0.611009 -0.203693 0.764969
v -0.116706 0.087120 0.093880 0.584314 0.584314 0.584314
vn -0.185698 -0.254632 -0.949041
v -0.113867 0.079664 -0.056950 0.584314 0.584314 0.584314
vn -0.296384 0.543809 -0.785129
v 0.107476 0.081429 -0.032204 0.584314 0.584314 0.584314
vn 0.282738 -0.213864 0.935052
v 0.009655 0.068778 0.079458 0.584314 0.584314 0.584314
vn -0.000452 -0.283489 -0.958975
v -0.105108 0.071380 -0.053110 0.584314 0.584314 0.584314
vn -0.414077 0.345570 -0.842093
v 0.035758 0.080613 -0.066355 0.584314 0.584314 0.584314
vn -0.022596 0.582022 -0.812859
v 0.117819 0.076558 -0.035982 0.584314 0.584314 0.584314
vn -0.029393 0.991219 0.128921
v 0.148000 0.073994 -0.026650 0.584314 0.584314 0.584314
vn 0.168305 -0.197027 0.965844
v -0.012421 0.075070 0.085808 0.584314 0.584314 0.584314
vn 0.391225 -0.178376 0.902843
v -0.021017 0.078116 0.092906 0.584314 0.584314 0.584314
vn 0.538426 -0.289934 0.791225
v 0.004952 0.074120 0.087142 0.584314 0.584314 0.584314
vn -0.027260 -0.042028 0.998745
v -0.001500 0.075186 0.089125 0.584314 0.584314 0.584314
vn -0.013455 0.998513 -0.052833
v 0.140692 0.072070 -0.026393 0.584314 0.584314 0.584314
vn 0.705984 0.459132 -0.539244
v 0.134794 0.072072 -0.029686 0.584314 0.584314 0.584314
vn 0.787010 0.542453 0.293871
v 0.136069 0.069577 -0.016716 0.584314 0.584314 0.584314
vn 0.839180 -0.493623 -0.228281
v 0.053852 0.074921 -0.059908 0.584314 0.584314 0.584314
vn -0.005950 0.720532 0.693396
v 0.112888 0.076893 0.017778 0.584314 0.584314 0.584314
vn -0.838543 -0.304552 -0.451767
v -0.146484 0.076256 -0.040166 0.584314 0.584314 0.584314
vn -0.273042 -0.484662 -0.830994
v -0.140973 0.076167 -0.045252 0.584314 0.584314 0.584314
vn 0.640622 -0.207446 0.739303
v 0.067547 0.076376 0.026530 0.584314 0.584314 0.584314
vn 0.426717 -0.220057 0.877204
v 0.024846 0.072474 0.079757 0.584314 0.584314 0.584314
vn -0.788223 0.609902 0.082001
v -0.146052 0.083202 0.025456 0.584314 0.584314 0.584314
vn 0.312707 -0.080175 0.946460
v -0.012305 0.083116 0.086893 0.584314 0.584314 0.584314
vn 0.226531 0.027126 0.973626
v -0.007497 0.095587 0.085602 0.584314 0.584314 0.584314
vn -0.724832 -0.055940 -0.686650
v -0.121287 0.083633 -0.053671 0.584314 0.584314 0.584314
vn 0.583727 -0.215266 0.782894
v 0.071999 0.086136 0.025197 0.584314 0.584314 0.584314
vn 0.467108 -0.355555 0.809562
v -0.049860 0.072344 0.094720 0.584314 0.584314 0.584314
vn 0.204664 0.749712 0.629321
v 0.109707 0.080354 0.011650 0.584314 0.584314 0.584314
vn 0.729249 -0.354920 -0.585002
v 0.063888 0.083461 -0.038484 0.584314 0.584314 0.584314
vn -0.079063 -0.053746 0.995420
v -0.027807 0.083843 0.094833 0.584314 0.584314 0.584314
vn -0.397762 -0.084983 -0.913544
v -0.098690 0.077850 -0.055891 0.584314 0.584314 0.584314
vn -0.040921 0.247438 -0.968039
v 0.125205 0.086546 -0.034789 0.584314 0.584314 0.584314
vn 0.419578 0.141198 0.896670
v 0.090257 0.084052 0.020212 0.584314 0.584314 0.584314
vn 0.482858 0.353035 0.801383
v 0.100475 0.081217 0.012944 0.584314 0.584314 0.584314
vn 0.738125 -0.339180 0.583206
v 0.032222 0.078776 0.076005 0.584314 0.584314 0.584314
vn 0.324773 -0.073017 0.942969
v -0.020269 0.093927 0.094769 0.584314 0.584314 0.584314
vn -0.998663 0.027750 0.043623
v -0.147877 0.076446 -0.030081 0.584314 0.584314 0.584314
vn -0.113188 0.316558 -0.941796
v 0.094182 0.072898 -0.032617 0.584314 0.584314 0.584314
vn 0.363395 -0.226658 -0.903643
v -0.017655 0.085446 -0.073258 0.584314 0.584314 0.584314
vn 0.703466 -0.168260 -0.690525
v 0.058044 0.086750 -0.061931 0.584314 0.584314 0.584314
vn -0.498583 -0.107220 -0.860185
v -0.065386 0.079317 -0.067175 0.584314 0.584314 0.584314
vn 0.589440 0.556042 0.585985
v 0.104524 0.088366 0.004259 0.584314 0.584314 0.584314
vn -0.940758 0.288096 0.178813
v -0.138571 0.081679 -0.010158 0.584314 0.584314 0.584314
vn 0.048842 -0.245234 -0.968233
v -0.028272 0.080265 -0.075522 0.584314 0.584314 0.584314
vn -0.794276 0.362937 0.487239
v -0.131267 0.086820 0.045798 0.584314 0.584314 0.584314
vn 0.470444 0.684703 0.556654
v 0.118637 0.082289 -0.002103 0.584314 0.584314 0.584314
vn 0.393897 -0.076380 0.915975
v 0.018644 0.087435 0.079169 0.584314 0.584314 0.584314
vn -0.762414 0.508734 0.399893
v -0.137769 0.088466 0.034947 0.584314 0.584314 0.584314
vn 0.437168 -0.038829 0.898541
v 0.076141 0.086740 0.023040 0.584314 0.584314 0.584314
vn 0.330887 -0.338293 0.880949
v -0.077008 0.084314 0.102418 0.584314 0.584314 0.584314
vn 0.207036 0.082589 -0.974841
v 0.024753 0.080657 -0.059012 0.584314 0.584314 0.584314
vn -0.931998 0.203858 0.299704
v -0.124659 0.085212 0.082578 0.584314 0.584314 0.584314
vn 0.519830 -0.088129 0.849712
v 0.012025 0.092112 0.086881 0.584314 0.584314 0.584314
vn -0.488514 -0.068486 -0.869864
v -0.088384 0.090735 -0.066674 0.584314 0.584314 0.584314
vn 0.789054 0.265638 0.553922
v 0.130445 0.079026 -0.007943 0.584314 0.584314 0.584314
vn 0.354156 0.207685 -0.911834
v 0.092795 0.089070 -0.030028 0.584314 0.584314 0.584314
vn 0.844255 -0.450735 0.289951
v 0.069217 0.088610 0.030525 0.584314 0.584314 0.584314
vn -0.951137 0.135072 0.277656
v -0.120269 0.096633 0.088716 0.584314 0.584314 0.584314
vn -0.075616 -0.069735 0.994696
v -0.051664 0.084835 0.098679 0.584314 0.584314 0.584314
vn -0.100860 -0.077241 -0.991898
v -0.011209 0.080180 -0.070336 0.584314 0.584314 0.584314
vn 0.568009 -0.199370 0.798509
v 0.057219 0.084102 0.060468 0.584314 0.584314 0.584314
vn -0.072051 0.497226 -0.864624
v 0.103152 0.084856 -0.028219 0.584314 0.584314 0.584314
vn 0.136106 -0.275473 -0.951625
v -0.135794 0.084779 -0.048957 0.584314 0.584314 0.584314
vn -0.489216 -0.242360 -0.837812
v -0.144598 0.086467 -0.048832 0.584314 0.584314 0.584314
vn -0.382913 -0.393386 0.835838
v -0.098796 0.081100 0.089860 0.584314 0.584314 0.584314
vn -0.896212 0.277457 0.346153
v -0.146103 0.085502 -0.027837 0.584314 0.584314 0.584314
vn -0.286499 0.496057 -0.819662
v 0.119458 0.087171 -0.033048 0.584314 0.584314 0.584314
vn -0.936938 0.341243 -0.075504
v -0.139661 0.079291 -0.001509 0.584314 0.584314 0.584314
vn 0.143856 -0.707948 0.691459
v -0.298429 0.081697 -0.030126 0.584314 0.584314 0.584314
vn 0.034668 -0.189214 -0.981324
v -0.132807 0.106723 -0.052272 0.584314 0.584314 0.584314
vn 0.164950 -0.967978 -0.189238
v -0.283801 0.083866 -0.045137 0.584314 0.584314 0.584314
vn -0.091399 0.037213 -0.995119
v 0.004855 0.083598 -0.077292 0.584314 0.584314 0.584314
vn 0.277502 0.194972 0.940733
v 0.055083 0.090191 0.060749 0.584314 0.584314 0.584314
vn -0.424220 -0.144600 -0.893940
v -0.126553 0.082732 -0.045771 0.584314 0.584314 0.584314
vn 0.272644 -0.175491 0.945975
v -0.063556 0.091208 0.094529 0.584314 0.584314 0.584314
vn -0.077547 0.093527 -0.992592
v -0.007043 0.087747 -0.069259 0.584314 0.584314 0.584314
vn -0.590453 -0.690174 0.418361
v -0.303692 0.082598 -0.029899 0.584314 0.584314 0.584314
vn -0.111717 0.253222 -0.960936
v 0.033515 0.091517 -0.057897 0.584314 0.584314 0.584314
vn 0.267093 -0.090924 0.959372
v 0.050401 0.077574 0.062248 0.584314 0.584314 0.584314
vn 0.931411 -0.320023 0.173375
v 0.074187 0.096599 0.039567 0.584314 0.584314 0.584314
vn -0.857407 0.472309 -0.204395
v -0.139878 0.088551 0.011366 0.584314 0.584314 0.584314
vn -0.300407 -0.790027 -0.534428
v -0.297289 0.083438 -0.046199 0.584314 0.584314 0.584314
vn 0.009211 0.249261 -0.968393
v 0.046198 0.086911 -0.068353 0.584314 0.584314 0.584314
vn 0.067566 -0.111915 0.991418
v -0.040143 0.082569 0.090747 0.584314 0.584314 0.584314
vn 0.613490 0.644333 0.456580
v 0.109897 0.090782 -0.004577 0.584314 0.584314 0.584314
vn 0.619278 0.397276 0.677250
v 0.080836 0.099186 0.018365 0.584314 0.584314 0.584314
vn 0.746140 -0.070840 0.662009
v 0.039234 0.093510 0.073459 0.584314 0.584314 0.584314
vn 0.430594 0.571889 0.698235
v 0.127642 0.088506 -0.009688 0.584314 0.584314 0.584314
vn -0.230376 -0.109584 -0.966912
v -0.059397 0.089818 -0.072222 0.584314 0.584314 0.584314
vn 0.184156 -0.191000 -0.964161
v -0.050617 0.092262 -0.071964 0.584314 0.584314 0.584314
vn -0.971103 0.006268 0.238578
v -0.147202 0.096263 -0.037206 0.584314 0.584314 0.584314
vn -0.927479 0.119819 0.354156
v -0.127543 0.096722 0.050518 0.584314 0.584314 0.584314
vn 0.551011 -0.203661 -0.809265
v 0.017218 0.087232 -0.074321 0.584314 0.584314 0.584314
vn 0.446701 -0.083286 0.890798
v -0.045597 0.093441 0.098073 0.584314 0.584314 0.584314
vn -0.213997 0.251296 -0.943957
v 0.007006 0.093268 -0.075753 0.584314 0.584314 0.584314
vn -0.468959 0.065960 -0.880753
v -0.033704 0.090191 -0.074467 0.584314 0.584314 0.584314
vn 0.332447 -0.047421 -0.941929
v 0.071352 0.085403 -0.034860 0.584314 0.584314 0.584314
vn 0.199828 0.808623 0.553351
v 0.114281 0.092262 -0.009146 0.584314 0.584314 0.584314
vn -0.738481 0.004447 -0.674260
v -0.122921 0.095994 -0.050958 0.584314 0.584314 0.584314
vn -0.556434 -0.125796 -0.821314
v -0.116848 0.092095 -0.059263 0.584314 0.584314 0.584314
vn 0.001216 -0.225999 -0.974127
v -0.112526 0.089004 -0.059903 0.584314 0.584314 0.584314
vn -0.979435 -0.043145 -0.197092
v -0.148447 0.092479 -0.044309 0.584314 0.584314 0.584314
vn -0.945163 0.100668 0.310699
v -0.139087 0.094655 -0.022019 0.584314 0.584314 0.584314
vn 0.480439 0.118055 0.869046
v 0.019198 0.095312 0.078570 0.584314 0.584314 0.584314
vn 0.319730 0.047266 0.946329
v 0.031163 0.088457 0.078632 0.584314 0.584314 0.584314
vn 0.438172 -0.127317 -0.889829
v -0.009463 0.096107 -0.071479 0.584314 0.584314 0.584314
vn 0.275924 0.282141 -0.918838
v 0.053547 0.095373 -0.064115 0.584314 0.584314 0.584314
vn 0.585467 0.413231 0.697473
v 0.092861 0.095378 0.015329 0.584314 0.584314 0.584314
vn 0.274269 0.128210 -0.953068
v 0.085851 0.088999 -0.033733 0.584314 0.584314 0.584314
vn -0.596000 0.011980 -0.802895
v -0.296780 0.092619 -0.049046 0.584314 0.584314 0.584314
vn 0.212103 0.659523 -0.721139
v 0.103618 0.091812 -0.023150 0.584314 0.584314 0.584314
vn -0.996870 -0.055756 0.056042
v -0.138545 0.097526 -0.007075 0.584314 0.584314 0.584314
vn 0.169576 -0.934255 -0.313707
v -0.269704 0.089587 -0.053412 0.584314 0.584314 0.584314
vn 0.364449 -0.574116 0.733191
v -0.277398 0.088521 -0.036543 0.584314 0.584314 0.584314
vn -0.944279 -0.152038 -0.291927
v -0.308352 0.088003 -0.040219 0.584314 0.584314 0.584314
vn -0.987499 0.140912 0.070636
v -0.137165 0.099683 0.012426 0.584314 0.584314 0.584314
vn -0.981136 0.016279 0.192632
v -0.136388 0.114180 0.009061 0.584314 0.584314 0.584314
vn -0.062027 -0.766087 -0.639737
v -0.283679 0.087927 -0.052930 0.584314 0.584314 0.584314
vn -0.265428 -0.119707 -0.956670
v -0.097347 0.092296 -0.055044 0.584314 0.584314 0.584314
vn 0.333793 -0.900077 0.280079
v -0.266048 0.090210 -0.043680 0.584314 0.584314 0.584314
vn -0.370041 0.334235 0.866808
v -0.303884 0.097688 -0.030760 0.584314 0.584314 0.584314
vn 0.701375 -0.271742 -0.658961
v 0.027129 0.091831 -0.061696 0.584314 0.584314 0.584314
vn -0.098323 -0.128420 -0.986834
v -0.070262 0.094967 -0.063915 0.584314 0.584314 0.584314
vn -0.215758 0.088722 0.972408
v -0.052037 0.099960 0.098631 0.584314 0.584314 0.584314
vn -0.341875 -0.477399 -0.809451
v -0.278592 0.097440 -0.060143 0.584314 0.584314 0.584314
vn -0.258931 0.115338 -0.958985
v -0.034013 0.104897 -0.070138 0.584314 0.584314 0.584314
vn -0.941619 0.258239 0.216023
v -0.135007 0.100028 0.026060 0.584314 0.584314 0.584314
vn -0.351073 -0.411983 -0.840844
v -0.290670 0.088134 -0.051223 0.584314 0.584314 0.584314
vn -0.979014 0.044512 0.198875
v -0.132591 0.120651 0.025197 0.584314 0.584314 0.584314
vn 0.039463 0.983307 0.177621
v 0.122077 0.095654 -0.017565 0.584314 0.584314 0.584314
vn 0.613281 0.131494 -0.778843
v 0.133881 0.088257 -0.032766 0.584314 0.584314 0.584314
vn 0.506011 -0.055533 0.860737
v 0.041954 0.085160 0.061178 0.584314 0.584314 0.584314
vn 0.576240 -0.111241 0.809675
v -0.070305 0.103867 0.104231 0.584314 0.584314 0.584314
vn 0.297753 0.282615 0.911851
v 0.053340 0.100816 0.056649 0.584314 0.584314 0.584314
vn -0.159012 0.293898 -0.942517
v -0.000820 0.097944 -0.069487 0.584314 0.584314 0.584314
vn -0.975294 0.116806 0.187506
v -0.118966 0.101583 0.070726 0.584314 0.584314 0.584314
vn -0.881771 -0.334537 0.332512
v -0.141910 0.107449 -0.026943 0.584314 0.584314 0.584314
vn 0.762443 -0.011201 -0.646958
v 0.064448 0.097004 -0.056953 0.584314 0.584314 0.584314
vn 0.881393 -0.372293 -0.290764
v 0.064587 0.091039 -0.053023 0.584314 0.584314 0.584314
vn -0.755736 -0.387919 -0.527619
v -0.300338 0.103879 -0.043237 0.584314 0.584314 0.584314
vn 0.868051 0.449372 0.211073
v 0.136848 0.092866 -0.020673 0.584314 0.584314 0.584314
vn 0.149018 -0.188787 -0.970646
v -0.079172 0.098972 -0.069167 0.584314 0.584314 0.584314
vn 0.762199 0.050981 -0.645332
v 0.103614 0.099472 -0.020487 0.584314 0.584314 0.584314
vn 0.883883 -0.265175 0.385271
v 0.075019 0.098130 0.029166 0.584314 0.584314 0.584314
vn 0.846769 0.134782 0.514603
v 0.104271 0.103394 -0.001207 0.584314 0.584314 0.584314
vn 0.697223 0.134001 0.704218
v 0.071174 0.104138 0.048307 0.584314 0.584314 0.584314
vn -0.022829 -0.144854 -0.989190
v -0.126508 0.101798 -0.049011 0.584314 0.584314 0.584314
vn 0.139753 0.222396 0.964888
v -0.274968 0.095455 -0.035896 0.584314 0.584314 0.584314
vn -0.457115 -0.161351 0.874650
v -0.088772 0.087786 0.101986 0.584314 0.584314 0.584314
vn -0.001774 -0.772080 -0.635523
v -0.267468 0.092929 -0.058630 0.584314 0.584314 0.584314
vn 0.207153 -0.968489 -0.138264
v -0.258332 0.091371 -0.052994 0.584314 0.584314 0.584314
vn 0.281559 -0.183525 -0.941830
v -0.016869 0.095567 -0.076226 0.584314 0.584314 0.584314
vn -0.265218 0.407433 -0.873875
v 0.044514 0.103410 -0.058971 0.584314 0.584314 0.584314
vn 0.640228 -0.184881 -0.745605
v 0.033124 0.098300 -0.057385 0.584314 0.584314 0.584314
vn 0.763220 0.009570 0.646067
v 0.047808 0.103346 0.059087 0.584314 0.584314 0.584314
vn 0.257428 -0.298171 0.919143
v -0.263923 0.097224 -0.036974 0.584314 0.584314 0.584314
vn -0.113418 -0.366487 0.923484
v -0.094635 0.093868 0.097563 0.584314 0.584314 0.584314
vn 0.714806 0.163197 0.680014
v 0.044653 0.111240 0.065446 0.584314 0.584314 0.584314
vn 0.758647 -0.182745 -0.625347
v 0.071108 0.097271 -0.036268 0.584314 0.584314 0.584314
vn 0.218893 0.094618 0.971150
v -0.292160 0.091718 -0.030336 0.584314 0.584314 0.584314
vn -0.280765 0.870323 -0.404610
v 0.119656 0.094356 -0.026040 0.584314 0.584314 0.584314
vn -0.291397 0.077981 -0.953418
v -0.025726 0.096648 -0.077477 0.584314 0.584314 0.584314
vn 0.707061 0.705562 -0.047400
v 0.108065 0.094862 -0.015023 0.584314 0.584314 0.584314
vn -0.267937 -0.023740 -0.963144
v -0.042209 0.084330 -0.069035 0.584314 0.584314 0.584314
vn 0.337477 -0.267068 -0.902654
v -0.104202 0.097699 -0.060315 0.584314 0.584314 0.584314
vn 0.207622 -0.129414 -0.969611
v -0.047758 0.104954 -0.073325 0.584314 0.584314 0.584314
vn -0.785187 -0.100512 -0.611047
v -0.146769 0.101778 -0.048902 0.584314 0.584314 0.584314
vn -0.682292 -0.581026 0.443719
v -0.149849 0.111591 -0.036586 0.584314 0.584314 0.584314
vn 0.287927 0.039185 0.956850
v -0.036943 0.100935 0.090632 0.584314 0.584314 0.584314
vn 0.071263 -0.997322 0.016466
v -0.241913 0.094906 -0.052710 0.584314 0.584314 0.584314
vn -0.470612 -0.496234 -0.729572
v -0.285287 0.101272 -0.056745 0.584314 0.584314 0.584314
vn 0.518964 0.391118 0.760068
v 0.097196 0.100891 0.004746 0.584314 0.584314 0.584314
vn 0.016388 -0.756539 -0.653744
v -0.246755 0.099374 -0.066451 0.584314 0.584314 0.584314
vn -0.526646 -0.029125 -0.849586
v -0.086795 0.102415 -0.068388 0.584314 0.584314 0.584314
vn 0.989136 -0.105071 0.102806
v 0.107982 0.109434 -0.008715 0.584314 0.584314 0.584314
vn -0.150033 -0.890582 -0.429365
v -0.213358 0.098734 -0.062990 0.584314 0.584314 0.584314
vn -0.741866 -0.103222 0.662556
v -0.114411 0.102872 0.099654 0.584314 0.584314 0.584314
vn 0.102095 -0.916486 0.386819
v -0.225540 0.095529 -0.048751 0.584314 0.584314 0.584314
vn -0.152743 0.013534 -0.988173
v -0.039199 0.097486 -0.068179 0.584314 0.584314 0.584314
vn 0.105040 -0.973717 -0.202094
v -0.201128 0.094907 -0.063578 0.584314 0.584314 0.584314
vn 0.263282 -0.791610 0.551395
v -0.251465 0.095790 -0.044174 0.584314 0.584314 0.584314
vn -0.063008 -0.821657 -0.566490
v -0.232181 0.097704 -0.064566 0.584314 0.584314 0.584314
vn 0.084828 -0.978709 -0.186906
v -0.223834 0.095741 -0.057356 0.584314 0.584314 0.584314
vn -0.972200 0.079579 0.220215
v -0.117318 0.106759 0.092502 0.584314 0.584314 0.584314
vn 0.028585 -0.760531 0.648672
v -0.238016 0.098731 -0.043390 0.584314 0.584314 0.584314
vn 0.082401 0.786826 -0.611649
v 0.130579 0.096161 -0.031791 0.584314 0.584314 0.584314
vn -0.976881 -0.146595 0.155608
v -0.255942 0.101100 0.181853 0.584314 0.584314 0.584314
vn -0.093728 -0.994508 -0.046569
v -0.246036 0.094723 0.181555 0.584314 0.584314 0.584314
vn 0.003902 -0.113885 0.993486
v -0.092538 0.104411 0.099872 0.584314 0.584314 0.584314
vn -0.319086 0.462541 -0.827188
v 0.015092 0.109563 -0.071058 0.584314 0.584314 0.584314
vn 0.673589 -0.185352 -0.715488
v 0.025866 0.100541 -0.071078 0.584314 0.584314 0.584314
vn 0.482210 0.466422 -0.741569
v 0.063863 0.109202 -0.054516 0.584314 0.584314 0.584314
vn 0.231615 0.046746 0.971684
v -0.059246 0.106931 0.094487 0.584314 0.584314 0.584314
vn -0.041561 -0.977615 0.206256
v -0.210324 0.097455 -0.051290 0.584314 0.584314 0.584314
vn 0.149192 -0.576102 0.803647
v -0.226236 0.101370 -0.040870 0.584314 0.584314 0.584314
vn 0.029339 -0.150387 -0.988192
v -0.109207 0.106845 -0.063680 0.584314 0.584314 0.584314
vn 0.407352 -0.130124 -0.903953
v -0.012133 0.109098 -0.077277 0.584314 0.584314 0.584314
vn 0.254612 -0.921107 0.294509
v -0.198016 0.096852 -0.050480 0.584314 0.584314 0.584314
vn 0.297228 -0.802832 0.516833
v -0.190836 0.102790 -0.044697 0.584314 0.584314 0.584314
vn -0.020984 -0.872201 -0.488698
v -0.202312 0.097439 -0.069073 0.584314 0.584314 0.584314
vn 0.421315 -0.855440 -0.301191
v -0.188991 0.099528 -0.065391 0.584314 0.584314 0.584314
vn 0.417207 -0.889098 0.188266
v -0.190318 0.099942 -0.053585 0.584314 0.584314 0.584314
vn -0.308579 -0.553996 0.773218
v -0.251082 0.096911 0.187094 0.584314 0.584314 0.584314
vn 0.372843 -0.913107 -0.164995
v -0.233960 0.098663 0.174462 0.584314 0.584314 0.584314
vn -0.116579 -0.743168 -0.658871
v -0.242279 0.099801 0.169473 0.584314 0.584314 0.584314
vn 0.037909 -0.755563 -0.653978
v -0.226000 0.099740 -0.068656 0.584314 0.584314 0.584314
vn 0.066098 -0.169295 0.983346
v -0.250182 0.104744 -0.039293 0.584314 0.584314 0.584314
vn -0.860918 0.496808 -0.109553
v -0.304794 0.101808 -0.037749 0.584314 0.584314 0.584314
vn 0.059417 -0.073227 0.995544
v -0.061699 0.101146 0.093391 0.584314 0.584314 0.584314
vn -0.773956 -0.558656 -0.298153
v -0.149072 0.105982 -0.045560 0.584314 0.584314 0.584314
vn 0.595172 -0.742249 0.307957
v -0.224313 0.105300 0.177318 0.584314 0.584314 0.584314
vn 0.383513 -0.531772 0.755074
v -0.238169 0.099720 0.185983 0.584314 0.584314 0.584314
vn 0.107436 0.213429 -0.971033
v 0.018430 0.103661 -0.074051 0.584314 0.584314 0.584314
vn -0.661475 -0.378554 -0.647416
v -0.293520 0.101236 -0.050133 0.584314 0.584314 0.584314
vn -0.464798 -0.151956 -0.872280
v -0.115825 0.111390 -0.061195 0.584314 0.584314 0.584314
vn 0.306259 0.248859 -0.918844
v 0.094048 0.101446 -0.026489 0.584314 0.584314 0.584314
vn -0.058425 0.341492 -0.938067
v 0.089025 0.119531 -0.021049 0.584314 0.584314 0.584314
vn 0.007916 -0.179555 0.983716
v -0.231999 0.103747 -0.039116 0.584314 0.584314 0.584314
vn 0.389967 0.056242 0.919110
v -0.015467 0.105955 0.093886 0.584314 0.584314 0.584314
vn -0.137821 -0.048337 0.989277
v -0.078102 0.102395 0.106514 0.584314 0.584314 0.584314
vn -0.056650 -0.471755 -0.879908
v -0.239788 0.103537 -0.069487 0.584314 0.584314 0.584314
vn 0.962238 0.036105 0.269805
v 0.079276 0.104738 0.016885 0.584314 0.584314 0.584314
vn 0.018606 -0.694465 -0.719286
v -0.202281 0.100778 -0.074071 0.584314 0.584314 0.584314
vn -0.010269 0.205738 0.978553
v -0.032771 0.112230 0.088772 0.584314 0.584314 0.584314
vn -0.053176 -0.795526 0.603581
v -0.203731 0.100444 -0.040363 0.584314 0.584314 0.584314
vn -0.015867 0.132336 0.991078
v 0.004788 0.098668 0.088915 0.584314 0.584314 0.584314
vn -0.137453 -0.123363 -0.982796
v -0.095648 0.102798 -0.057821 0.584314 0.584314 0.584314
vn -0.885537 -0.298570 0.355921
v -0.143518 0.114409 -0.019801 0.584314 0.584314 0.584314
vn -0.054659 -0.656132 0.752664
v -0.213093 0.102331 -0.044616 0.584314 0.584314 0.584314
vn 0.795175 -0.008581 -0.606319
v 0.077713 0.107570 -0.030216 0.584314 0.584314 0.584314
vn 0.302110 -0.396916 -0.866711
v -0.190703 0.110441 -0.076605 0.584314 0.584314 0.584314
vn 0.057185 0.626458 0.777354
v -0.292204 0.101253 -0.034696 0.584314 0.584314 0.584314
vn -0.219752 0.113244 0.968961
v -0.028470 0.097633 0.093969 0.584314 0.584314 0.584314
vn -0.200503 0.299747 0.932711
v -0.245021 0.113109 0.187647 0.584314 0.584314 0.584314
vn -0.656089 -0.451234 -0.604926
v -0.251842 0.098960 0.174587 0.584314 0.584314 0.584314
vn 0.679764 0.068586 0.730217
v 0.103995 0.108371 -0.000791 0.584314 0.584314 0.584314
vn 0.469413 -0.650253 -0.597346
v -0.182466 0.106155 -0.068340 0.584314 0.584314 0.584314
vn -0.338085 -0.388470 -0.857199
v -0.290829 0.108997 -0.062390 0.584314 0.584314 0.584314
vn 0.440910 0.505043 0.741977
v 0.067437 0.110558 0.049158 0.584314 0.584314 0.584314
vn 0.757757 -0.084301 -0.647069
v 0.036210 0.114130 -0.062081 0.584314 0.584314 0.584314
vn -0.141743 -0.425856 0.893620
v -0.202797 0.106996 -0.035365 0.584314 0.584314 0.584314
vn 0.878039 0.086168 -0.470768
v 0.069947 0.108319 -0.046944 0.584314 0.584314 0.584314
vn -0.147993 -0.297450 0.943198
v -0.214893 0.108489 -0.040394 0.584314 0.584314 0.584314
vn -0.555402 -0.787562 -0.266974
v -0.296454 0.104256 -0.049270 0.584314 0.584314 0.584314
vn 0.453637 -0.890750 -0.027910
v -0.178411 0.105119 -0.058676 0.584314 0.584314 0.584314
vn -0.984559 0.060738 0.164176
v -0.118181 0.109347 0.079559 0.584314 0.584314 0.584314
vn -0.925233 -0.220421 0.308802
v -0.123358 0.116768 0.066270 0.584314 0.584314 0.584314
vn -0.108264 -0.336623 -0.935395
v -0.202222 0.106622 -0.077029 0.584314 0.584314 0.584314
vn -0.053370 -0.639670 -0.766794
v -0.232083 0.108029 0.161913 0.584314 0.584314 0.584314
vn 0.260175 -0.628862 0.732695
v -0.195694 0.107158 -0.037142 0.584314 0.584314 0.584314
vn -0.038464 -0.258593 0.965220
v -0.186464 0.120478 -0.033388 0.584314 0.584314 0.584314
vn -0.179462 0.114998 0.977020
v -0.199983 0.129539 -0.034083 0.584314 0.584314 0.584314
vn -0.850099 -0.068865 0.522101
v -0.113680 0.113910 0.101976 0.584314 0.584314 0.584314
vn -0.781550 -0.403171 0.476060
v -0.116973 0.123671 0.097421 0.584314 0.584314 0.584314
vn -0.016644 -0.090761 0.995734
v -0.225524 0.108398 -0.039002 0.584314 0.584314 0.584314
vn -0.114951 -0.393303 -0.912195
v -0.226384 0.108096 -0.073785 0.584314 0.584314 0.584314
vn -0.165055 0.359713 -0.918348
v 0.007840 0.112861 -0.064444 0.584314 0.584314 0.584314
vn 0.413916 -0.876052 -0.247398
v -0.226180 0.103577 0.171277 0.584314 0.584314 0.584314
vn -0.339791 -0.339124 -0.877233
v -0.122544 0.109682 -0.050001 0.584314 0.584314 0.584314
vn 0.342693 0.164872 -0.924867
v 0.075945 0.094091 -0.033241 0.584314 0.584314 0.584314
vn 0.477492 -0.289326 0.829634
v -0.226710 0.110156 0.183290 0.584314 0.584314 0.584314
vn -0.301058 -0.016408 0.953465
v -0.204346 0.121046 -0.033765 0.584314 0.584314 0.584314
vn -0.159993 -0.317971 -0.934503
v -0.213109 0.111720 -0.074400 0.584314 0.584314 0.584314
vn -0.009512 0.307357 0.951547
v -0.282418 0.108182 -0.043077 0.584314 0.584314 0.584314
vn -0.455997 -0.612926 0.645282
v -0.153473 0.118149 -0.029942 0.584314 0.584314 0.584314
vn 0.652634 -0.526568 0.544789
v -0.213895 0.114175 0.176125 0.584314 0.584314 0.584314
vn -0.968008 -0.027929 0.249361
v -0.126015 0.109616 0.053682 0.584314 0.584314 0.584314
vn -0.981339 -0.133928 0.137977
v -0.127769 0.121961 0.048118 0.584314 0.584314 0.584314
vn 0.369645 -0.321552 -0.871761
v -0.184623 0.115474 -0.075243 0.584314 0.584314 0.584314
vn -0.165437 -0.447598 -0.878799
v -0.269734 0.103691 -0.068114 0.584314 0.584314 0.584314
vn -0.216834 0.183406 -0.958825
v -0.019364 0.111393 -0.077288 0.584314 0.584314 0.584314
vn 0.686186 0.286475 0.668642
v 0.052513 0.113097 0.050967 0.584314 0.584314 0.584314
vn -0.005769 0.582530 -0.812788
v 0.052357 0.107902 -0.058386 0.584314 0.584314 0.584314
vn -0.130616 0.225923 0.965349
v -0.021828 0.117974 0.092726 0.584314 0.584314 0.584314
vn 0.445323 -0.807977 -0.385825
v -0.172426 0.108853 -0.062525 0.584314 0.584314 0.584314
vn -0.066999 -0.240671 -0.968292
v -0.257350 0.108451 -0.071016 0.584314 0.584314 0.584314
vn 0.222614 0.037644 0.974180
v -0.231927 0.113372 0.185384 0.584314 0.584314 0.584314
vn -0.091639 -0.098478 -0.990911
v -0.066663 0.106602 -0.064436 0.584314 0.584314 0.584314
vn 0.760134 0.243959 -0.602230
v 0.074297 0.115946 -0.034952 0.584314 0.584314 0.584314
vn 0.014792 0.324259 -0.945853
v -0.251411 0.121083 -0.071360 0.584314 0.584314 0.584314
vn -0.553734 -0.799832 -0.231622
v -0.307266 0.109817 -0.052595 0.584314 0.584314 0.584314
vn -0.763154 -0.564936 0.313757
v -0.309374 0.110268 -0.042796 0.584314 0.584314 0.584314
vn 0.024832 0.012788 0.999610
v -0.236397 0.114956 -0.039606 0.584314 0.584314 0.584314
vn 0.052101 -0.127554 -0.990462
v -0.077548 0.109984 -0.071294 0.584314 0.584314 0.584314
vn 0.250700 0.335799 0.907959
v 0.093226 0.115301 0.002244 0.584314 0.584314 0.584314
vn 0.610531 0.031207 0.791377
v 0.014607 0.102956 0.085875 0.584314 0.584314 0.584314
vn -0.260285 -0.462076 -0.847783
v -0.147081 0.111230 -0.050081 0.584314 0.584314 0.584314
vn 0.074337 0.282104 0.956499
v 0.010740 0.116708 0.084670 0.584314 0.584314 0.584314
vn -0.181204 0.047545 -0.982296
v -0.267533 0.118408 -0.070757 0.584314 0.584314 0.584314
vn 0.525240 0.228704 -0.819645
v 0.083287 0.115531 -0.023570 0.584314 0.584314 0.584314
vn -0.059157 0.082714 -0.994816
v -0.223853 0.116985 -0.075703 0.584314 0.584314 0.584314
vn 0.313016 -0.842122 0.439149
v -0.179878 0.107622 -0.042712 0.584314 0.584314 0.584314
vn 0.462974 -0.872114 -0.158343
v -0.218466 0.108692 0.164738 0.584314 0.584314 0.584314
vn -0.342135 0.023106 -0.939367
v -0.054601 0.107448 -0.073857 0.584314 0.584314 0.584314
vn 0.054132 0.814008 -0.578325
v 0.057820 0.116874 -0.048667 0.584314 0.584314 0.584314
vn -0.001235 -0.321296 0.946978
v -0.104476 0.102944 0.105211 0.584314 0.584314 0.584314
vn 0.426585 -0.084356 0.900505
v -0.096499 0.119462 0.105977 0.584314 0.584314 0.584314
vn -0.349814 -0.222871 -0.909922
v -0.278272 0.110233 -0.067956 0.584314 0.584314 0.584314
vn 0.420888 0.033842 -0.906481
v 0.000564 0.110009 -0.065608 0.584314 0.584314 0.584314
vn -0.479916 -0.669133 -0.567400
v -0.302493 0.109529 -0.057135 0.584314 0.584314 0.584314
vn -0.065538 0.244459 -0.967442
v -0.030357 0.117951 -0.067044 0.584314 0.584314 0.584314
vn 0.531867 0.120037 0.838277
v -0.012595 0.116972 0.089922 0.584314 0.584314 0.584314
vn 0.288457 0.337388 0.896081
v 0.035827 0.106092 0.072708 0.584314 0.584314 0.584314
vn -0.165910 -0.047576 -0.984993
v -0.201515 0.118282 -0.079783 0.584314 0.584314 0.584314
vn -0.936689 -0.315853 0.151162
v -0.125343 0.118839 0.061524 0.584314 0.584314 0.584314
vn -0.130544 -0.058139 -0.989736
v -0.237350 0.114900 -0.072838 0.584314 0.584314 0.584314
vn 0.351466 -0.564932 -0.746541
v -0.162909 0.118499 -0.066704 0.584314 0.584314 0.584314
vn -0.050334 0.211781 0.976020
v -0.264490 0.107222 -0.039001 0.584314 0.584314 0.584314
vn 0.298260 -0.891271 0.341580
v -0.170673 0.109776 -0.044436 0.584314 0.584314 0.584314
vn -0.048648 -0.645048 0.762592
v -0.170927 0.119882 -0.032086 0.584314 0.584314 0.584314
vn 0.272939 0.103691 -0.956427
v 0.100332 0.118163 -0.024009 0.584314 0.584314 0.584314
vn -0.064375 -0.091529 -0.993720
v -0.063779 0.115791 -0.066550 0.584314 0.584314 0.584314
vn -0.564105 -0.186447 -0.804377
v -0.239580 0.112085 0.162519 0.584314 0.584314 0.584314
vn -0.143803 -0.072060 0.986979
v -0.221641 0.115129 -0.039002 0.584314 0.584314 0.584314
vn -0.181955 -0.064725 0.981174
v -0.226560 0.114180 -0.041763 0.584314 0.584314 0.584314
vn 0.315180 -0.921038 -0.228803
v -0.161325 0.112454 -0.058935 0.584314 0.584314 0.584314
vn 0.302327 -0.779747 -0.548264
v -0.153732 0.115474 -0.059711 0.584314 0.584314 0.584314
vn 0.556355 -0.526706 0.642689
v -0.209733 0.117976 0.174131 0.584314 0.584314 0.584314
vn -0.125210 0.065005 0.989998
v -0.215429 0.116078 -0.039175 0.584314 0.584314 0.584314
vn 0.694026 0.280721 0.662966
v 0.081912 0.109235 0.006799 0.584314 0.584314 0.584314
vn 0.128134 0.125867 0.983737
v -0.290691 0.120941 -0.042614 0.584314 0.584314 0.584314
vn 0.080640 0.343205 0.935793
v -0.293378 0.109884 -0.043009 0.584314 0.584314 0.584314
vn -0.501984 -0.150270 0.851722
v -0.302724 0.105985 -0.040667 0.584314 0.584314 0.584314
vn -0.270464 0.177415 -0.946241
v -0.291609 0.120289 -0.063273 0.584314 0.584314 0.584314
vn -0.283513 -0.089230 0.954808
v -0.106977 0.112933 0.106781 0.584314 0.584314 0.584314
vn -0.402754 -0.118619 0.907590
v -0.111174 0.132031 0.104789 0.584314 0.584314 0.584314
vn -0.094169 0.237916 0.966710
v -0.270481 0.120910 -0.042195 0.584314 0.584314 0.584314
vn -0.816852 -0.437337 0.376151
v -0.312676 0.114784 -0.045732 0.584314 0.584314 0.584314
vn 0.517155 0.289704 0.805371
v 0.024946 0.110457 0.070852 0.584314 0.584314 0.584314
vn -0.913439 0.227364 -0.337541
v -0.245849 0.118185 0.170753 0.584314 0.584314 0.584314
vn -0.238398 0.024449 0.970860
v -0.306762 0.121350 -0.039824 0.584314 0.584314 0.584314
vn -0.976667 -0.141641 0.161433
v -0.132941 0.134524 0.026186 0.584314 0.584314 0.584314
vn -0.129107 -0.942615 0.307909
v -0.162275 0.113748 -0.039865 0.584314 0.584314 0.584314
vn 0.170579 -0.629977 0.757649
v -0.180791 0.113284 -0.037292 0.584314 0.584314 0.584314
vn -0.328577 -0.432016 -0.839880
v -0.226541 0.125699 0.150305 0.584314 0.584314 0.584314
vn -0.004982 -0.715362 -0.698736
v -0.220905 0.115530 0.155681 0.584314 0.584314 0.584314
vn -0.508562 -0.374240 -0.775442
v -0.236051 0.121342 0.159376 0.584314 0.584314 0.584314
vn -0.016551 -0.896071 -0.443601
v -0.152579 0.113855 -0.051489 0.584314 0.584314 0.584314
vn 0.939438 0.136588 0.314326
v 0.081295 0.121336 0.014804 0.584314 0.584314 0.584314
vn 0.685914 0.203835 -0.698551
v 0.035850 0.126049 -0.060420 0.584314 0.584314 0.584314
vn 0.328137 0.240890 -0.913399
v 0.040895 0.109898 -0.055061 0.584314 0.584314 0.584314
vn -0.727043 -0.380877 -0.571263
v -0.311870 0.115964 -0.055263 0.584314 0.584314 0.584314
vn 0.388700 -0.298453 -0.871687
v -0.175984 0.118127 -0.073296 0.584314 0.584314 0.584314
vn 0.232876 0.492615 0.838510
v 0.038276 0.119092 0.065297 0.584314 0.584314 0.584314
vn 0.243195 -0.923517 -0.296602
v -0.206219 0.117787 0.155654 0.584314 0.584314 0.584314
vn -0.765828 0.522585 0.374716
v -0.248097 0.116556 0.183896 0.584314 0.584314 0.584314
vn 0.928027 0.133648 0.347712
v 0.078911 0.111393 0.033184 0.584314 0.584314 0.584314
vn 0.194627 0.607158 -0.770376
v -0.254517 0.132300 -0.065924 0.584314 0.584314 0.584314
vn 0.096647 0.823650 -0.558803
v -0.247269 0.133853 -0.062127 0.584314 0.584314 0.584314
vn 0.390846 0.248793 -0.886195
v 0.028335 0.115882 -0.068905 0.584314 0.584314 0.584314
vn -0.158069 0.532820 -0.831335
v 0.022886 0.120156 -0.066986 0.584314 0.584314 0.584314
vn -0.219827 -0.024091 -0.975241
v -0.090925 0.121634 -0.059638 0.584314 0.584314 0.584314
vn 0.452497 -0.726355 0.517353
v -0.201732 0.120228 0.170456 0.584314 0.584314 0.584314
vn 0.509582 0.504425 -0.697052
v 0.044827 0.116092 -0.048978 0.584314 0.584314 0.584314
vn 0.190134 0.181959 0.964749
v -0.042432 0.130801 0.094524 0.584314 0.584314 0.584314
vn -0.917164 -0.377458 0.127810
v -0.117407 0.123116 0.088069 0.584314 0.584314 0.584314
vn 0.891931 -0.023244 0.451574
v 0.109346 0.117056 -0.007398 0.584314 0.584314 0.584314
vn 0.357072 0.443541 0.822053
v 0.103269 0.124969 -0.004045 0.584314 0.584314 0.584314
vn 0.204131 0.040033 -0.978125
v -0.191787 0.123753 -0.078917 0.584314 0.584314 0.584314
vn -0.292821 -0.508427 -0.809789
v -0.117282 0.128582 -0.069314 0.584314 0.584314 0.584314
vn -0.634809 0.105028 -0.765498
v -0.083254 0.123041 -0.068878 0.584314 0.584314 0.584314
vn 0.017117 -0.565585 -0.824512
v -0.130116 0.118917 -0.055657 0.584314 0.584314 0.584314
vn -0.026104 0.350376 0.936246
v -0.227434 0.123557 -0.040565 0.584314 0.584314 0.584314
vn -0.224569 -0.205508 0.952541
v -0.173912 0.129021 -0.028328 0.584314 0.584314 0.584314
vn 0.167173 0.026214 -0.985579
v -0.041552 0.127048 -0.074723 0.584314 0.584314 0.584314
vn 0.510458 0.680329 0.525914
v 0.070159 0.118233 0.038983 0.584314 0.584314 0.584314
vn -0.057682 -0.116389 0.991527
v -0.225998 0.117847 -0.039218 0.584314 0.584314 0.584314
vn -0.150049 0.379796 -0.912820
v -0.236336 0.123554 -0.071591 0.584314 0.584314 0.584314
vn -0.313167 0.141737 -0.939062
v -0.280922 0.126692 -0.064026 0.584314 0.584314 0.584314
vn 0.140574 0.249557 -0.958103
v -0.177618 0.135317 -0.073193 0.584314 0.584314 0.584314
vn 0.274735 -0.196541 -0.941218
v -0.169719 0.122830 -0.071040 0.584314 0.584314 0.584314
vn 0.914968 0.030421 -0.402378
v 0.109745 0.119991 -0.017633 0.584314 0.584314 0.584314
vn 0.460543 0.443860 -0.768693
v 0.086163 0.127971 -0.017583 0.584314 0.584314 0.584314
vn 0.215457 -0.469103 -0.856458
v -0.154940 0.124534 -0.067736 0.584314 0.584314 0.584314
vn 0.111767 -0.596516 -0.794781
v -0.138493 0.128443 -0.068110 0.584314 0.584314 0.584314
vn -0.233856 0.331117 -0.914151
v -0.201010 0.126942 -0.078976 0.584314 0.584314 0.584314
vn 0.399984 -0.121011 0.908498
v -0.207917 0.129992 0.178293 0.584314 0.584314 0.584314
vn 0.204833 -0.140612 0.968644
v -0.099459 0.139439 0.106705 0.584314 0.584314 0.584314
vn -0.103732 0.049974 0.993349
v -0.088843 0.120114 0.099793 0.584314 0.584314 0.584314
vn -0.286591 0.010515 -0.957995
v -0.284753 0.139398 -0.063080 0.584314 0.584314 0.584314
vn -0.411679 0.249521 0.876504
v -0.216895 0.126864 -0.041677 0.584314 0.584314 0.584314
vn 0.618858 0.507033 0.599944
v 0.056872 0.118165 0.043922 0.584314 0.584314 0.584314
vn 0.421332 0.802830 0.421834
v 0.066477 0.126778 0.022867 0.584314 0.584314 0.584314
vn 0.654049 0.599578 0.461222
v 0.078320 0.120811 0.022458 0.584314 0.584314 0.584314
vn 0.378852 0.078377 0.922133
v -0.044390 0.116195 0.096267 0.584314 0.584314 0.584314
vn -0.199762 -0.506141 -0.838997
v -0.210510 0.124448 0.146433 0.584314 0.584314 0.584314
vn -0.073079 -0.787001 -0.612608
v -0.201303 0.123034 0.146612 0.584314 0.584314 0.584314
vn 0.642835 0.027996 0.765493
v -0.067314 0.119973 0.103005 0.584314 0.584314 0.584314
vn 0.023183 0.052730 0.998340
v -0.075844 0.118272 0.106500 0.584314 0.584314 0.584314
vn 0.157142 -0.779411 -0.606485
v -0.144154 0.118063 -0.057209 0.584314 0.584314 0.584314
vn -0.912425 -0.302413 0.275729
v -0.117482 0.119252 0.079939 0.584314 0.584314 0.584314
vn 0.021861 0.354761 -0.934701
v -0.257796 0.126130 -0.070282 0.584314 0.584314 0.584314
vn 0.452814 0.250298 0.855751
v 0.016605 0.117081 0.082529 0.584314 0.584314 0.584314
vn -0.150782 0.334984 0.930081
v -0.231595 0.123670 0.183249 0.584314 0.584314 0.584314
vn -0.019116 0.313244 0.949480
v -0.249819 0.125273 -0.041788 0.584314 0.584314 0.584314
vn 0.667170 0.315866 0.674620
v 0.047692 0.121771 0.058826 0.584314 0.584314 0.584314
vn 0.183534 0.214468 0.959333
v -0.003328 0.113747 0.081867 0.584314 0.584314 0.584314
vn 0.023981 0.163829 0.986197
v -0.285885 0.129995 -0.047823 0.584314 0.584314 0.584314
vn 0.342634 -0.061252 0.937470
v -0.217951 0.125290 0.181302 0.584314 0.584314 0.584314
vn 0.612498 0.324383 0.720849
v 0.029148 0.125472 0.060345 0.584314 0.584314 0.584314
vn -0.886274 -0.460224 -0.052089
v -0.132074 0.134026 0.060575 0.584314 0.584314 0.584314
vn -0.413505 0.242062 -0.877735
v -0.054782 0.122237 -0.072085 0.584314 0.584314 0.584314
vn 0.578624 0.047948 -0.814184
v 0.002604 0.129673 -0.069613 0.584314 0.584314 0.584314
vn 0.192591 -0.623564 -0.757679
v -0.147347 0.123844 -0.065493 0.584314 0.584314 0.584314
vn 0.072221 -0.995195 -0.066114
v -0.194681 0.119544 0.156851 0.584314 0.584314 0.584314
vn -0.040517 0.304628 -0.951609
v -0.020745 0.136137 -0.059770 0.584314 0.584314 0.584314
vn -0.374482 0.447414 -0.812148
v -0.016608 0.123133 -0.073986 0.584314 0.584314 0.584314
vn 0.058427 -0.958150 0.280239
v -0.158184 0.119371 0.136186 0.584314 0.584314 0.584314
vn 0.788138 0.127140 0.602224
v 0.023487 0.127469 0.073813 0.584314 0.584314 0.584314
vn 0.371977 0.381475 0.846233
v 0.017637 0.132387 0.076366 0.584314 0.584314 0.584314
vn -0.087216 0.486180 -0.869496
v 0.013619 0.120615 -0.062812 0.584314 0.584314 0.584314
vn 0.186892 -0.982000 0.027319
v -0.181306 0.118828 0.148834 0.584314 0.584314 0.584314
vn 0.366510 -0.670616 0.644938
v -0.191545 0.122685 0.166868 0.584314 0.584314 0.584314
vn 0.229351 -0.954942 -0.188370
v -0.157977 0.119514 0.129908 0.584314 0.584314 0.584314
vn -0.392633 -0.815086 -0.425998
v -0.192303 0.124103 0.139616 0.584314 0.584314 0.584314
vn -0.445466 -0.890597 0.091632
v -0.124135 0.131006 0.094228 0.584314 0.584314 0.584314
vn 0.362593 0.057175 -0.930192
v -0.006990 0.118382 -0.075686 0.584314 0.584314 0.584314
vn 0.277338 0.752834 -0.596930
v 0.050899 0.119465 -0.041238 0.584314 0.584314 0.584314
vn 0.305142 0.706058 -0.639039
v 0.067915 0.124751 -0.035015 0.584314 0.584314 0.584314
vn -0.366295 -0.075641 -0.927419
v -0.301160 0.118410 -0.060627 0.584314 0.584314 0.584314
vn 0.292532 -0.036386 -0.955563
v -0.072437 0.124230 -0.071278 0.584314 0.584314 0.584314
vn -0.201691 0.260949 -0.944048
v -0.212495 0.126346 -0.072741 0.584314 0.584314 0.584314
vn 0.404839 -0.904357 -0.135071
v -0.145069 0.128076 0.119078 0.584314 0.584314 0.584314
vn 0.461119 -0.854783 0.238151
v -0.153324 0.121780 0.136786 0.584314 0.584314 0.584314
vn -0.699701 0.018921 0.714185
v -0.243192 0.126091 0.175724 0.584314 0.584314 0.584314
vn -0.009210 -0.992160 -0.124635
v -0.173071 0.124410 0.138516 0.584314 0.584314 0.584314
vn 0.400949 -0.828677 0.390555
v -0.170041 0.125829 0.149884 0.584314 0.584314 0.584314
vn -0.469099 -0.100256 0.877437
v -0.164432 0.138341 -0.023211 0.584314 0.584314 0.584314
vn 0.165650 0.542546 -0.823532
v 0.103512 0.124332 -0.021990 0.584314 0.584314 0.584314
vn -0.673737 -0.709381 0.207017
v -0.121854 0.128470 0.087209 0.584314 0.584314 0.584314
vn -0.396159 0.403988 -0.824532
v -0.303623 0.125978 -0.058368 0.584314 0.584314 0.584314
vn -0.851404 0.453384 0.263731
v -0.319679 0.127260 -0.044622 0.584314 0.584314 0.584314
vn -0.130780 -0.855492 -0.501028
v -0.185156 0.122855 0.134023 0.584314 0.584314 0.584314
vn -0.548482 0.348544 0.760056
v -0.298241 0.135949 -0.048085 0.584314 0.584314 0.584314
vn 0.190162 0.104649 -0.976159
v -0.065200 0.124103 -0.067132 0.584314 0.584314 0.584314
vn 0.726220 0.554995 0.405692
v 0.108739 0.126624 -0.007674 0.584314 0.584314 0.584314
vn 0.403863 0.697700 0.591701
v 0.074933 0.129453 0.015533 0.584314 0.584314 0.584314
vn 0.731080 0.439472 0.521906
v 0.080369 0.128849 0.010183 0.584314 0.584314 0.584314
vn 0.482771 0.234738 0.843700
v -0.001656 0.123791 0.079432 0.584314 0.584314 0.584314
vn 0.774261 0.300186 0.557143
v 0.086064 0.129970 -0.002243 0.584314 0.584314 0.584314
vn 0.204040 -0.159565 -0.965871
v -0.102871 0.119951 -0.065160 0.584314 0.584314 0.584314
vn -0.005155 0.410782 0.911719
v 0.010475 0.129970 0.079214 0.584314 0.584314 0.584314
vn 0.047559 -0.325615 -0.944306
v -0.148900 0.132387 -0.070411 0.584314 0.584314 0.584314
vn -0.279342 -0.934460 -0.220800
v -0.165715 0.121011 0.125717 0.584314 0.584314 0.584314
vn -0.377725 -0.469916 -0.797811
v -0.244635 0.132874 0.155886 0.584314 0.584314 0.584314
vn 0.798088 0.209151 -0.565076
v 0.041572 0.130158 -0.053564 0.584314 0.584314 0.584314
vn 0.534156 0.767030 -0.355446
v 0.106903 0.128906 -0.016203 0.584314 0.584314 0.584314
vn 0.596067 0.245420 0.764509
v -0.007668 0.136947 0.083784 0.584314 0.584314 0.584314
vn 0.737945 0.064340 0.671787
v -0.062865 0.112450 0.095703 0.584314 0.584314 0.584314
vn 0.029677 -0.826207 -0.562584
v -0.157481 0.125736 0.116039 0.584314 0.584314 0.584314
vn -0.074065 0.522737 -0.849270
v -0.220878 0.127352 -0.072699 0.584314 0.584314 0.584314
vn -0.178530 0.221652 0.958644
v -0.049867 0.126324 0.094624 0.584314 0.584314 0.584314
vn 0.024080 0.339845 0.940173
v -0.268276 0.135412 -0.046615 0.584314 0.584314 0.584314
vn 0.326937 -0.417442 -0.847853
v -0.105429 0.129716 -0.067552 0.584314 0.584314 0.584314
vn 0.246410 0.593809 0.765946
v 0.042230 0.126088 0.059540 0.584314 0.584314 0.584314
vn 0.587199 0.802302 0.107281
v 0.089085 0.131058 -0.008109 0.584314 0.584314 0.584314
vn -0.496217 -0.557776 -0.665323
v -0.190118 0.127691 0.132516 0.584314 0.584314 0.584314
vn -0.548487 -0.419822 -0.723126
v -0.190922 0.138254 0.125637 0.584314 0.584314 0.584314
vn -0.408063 -0.732245 -0.545254
v -0.179722 0.129298 0.127200 0.584314 0.584314 0.584314
vn 0.259468 -0.593007 0.762246
v -0.163274 0.132753 0.153390 0.584314 0.584314 0.584314
vn 0.518067 0.280801 0.807934
v 0.087025 0.120655 -0.000042 0.584314 0.584314 0.584314
vn -0.698695 -0.389481 0.600108
v -0.148037 0.124798 -0.018763 0.584314 0.584314 0.584314
vn 0.779975 0.037178 0.624706
v -0.064423 0.129798 0.097593 0.584314 0.584314 0.584314
vn 0.529181 -0.551450 0.644881
v -0.177064 0.125776 0.160160 0.584314 0.584314 0.584314
vn 0.412630 -0.132199 0.901255
v -0.182789 0.135582 0.167096 0.584314 0.584314 0.584314
vn -0.072165 -0.624375 -0.777784
v -0.124980 0.127023 -0.064319 0.584314 0.584314 0.584314
vn -0.087895 -0.932909 -0.349221
v -0.146027 0.131109 0.109107 0.584314 0.584314 0.584314
vn -0.346947 -0.587631 -0.730971
v -0.171647 0.129158 0.114225 0.584314 0.584314 0.584314
vn -0.766059 -0.622195 0.161328
v -0.129140 0.129366 0.074727 0.584314 0.584314 0.584314
vn -0.396627 0.546916 -0.737272
v -0.211287 0.129021 -0.071619 0.584314 0.584314 0.584314
vn -0.336273 0.802652 -0.492617
v -0.211028 0.137132 -0.062990 0.584314 0.584314 0.584314
vn 0.444092 0.051880 -0.894478
v 0.007301 0.123486 -0.062205 0.584314 0.584314 0.584314
vn 0.570155 0.364961 -0.736021
v 0.080630 0.131462 -0.021749 0.584314 0.584314 0.584314
vn 0.121144 0.187579 0.974750
v -0.218459 0.144025 0.179647 0.584314 0.584314 0.584314
vn 0.092427 0.162735 0.982331
v -0.059028 0.130605 0.090012 0.584314 0.584314 0.584314
vn -0.310535 -0.285407 -0.906703
v -0.214479 0.138168 0.141600 0.584314 0.584314 0.584314
vn -0.450140 -0.305881 -0.838934
v -0.206196 0.140757 0.136855 0.584314 0.584314 0.584314
vn -0.318164 -0.271621 -0.908291
v -0.225352 0.138254 0.144793 0.584314 0.584314 0.584314
vn 0.286509 0.156475 -0.945213
v -0.025801 0.126679 -0.063500 0.584314 0.584314 0.584314
vn -0.584746 -0.788579 -0.190304
v -0.138286 0.138599 0.084218 0.584314 0.584314 0.584314
vn -0.379222 -0.924504 0.038514
v -0.247838 0.126118 0.168339 0.584314 0.584314 0.584314
vn -0.092405 0.336609 -0.937100
v -0.269186 0.129366 -0.068340 0.584314 0.584314 0.584314
vn -0.114673 0.060884 0.991536
v -0.231651 0.132473 0.179050 0.584314 0.584314 0.584314
vn 0.694872 0.463013 0.550247
v 0.049950 0.130314 0.050905 0.584314 0.584314 0.584314
vn 0.259493 0.747599 0.611359
v 0.041453 0.135062 0.051084 0.584314 0.584314 0.584314
vn 0.564311 -0.463110 0.683434
v -0.170473 0.132317 0.158359 0.584314 0.584314 0.584314
vn 0.745033 0.383218 -0.545958
v 0.044271 0.139135 -0.043533 0.584314 0.584314 0.584314
vn 0.619400 0.089609 -0.779945
v 0.012812 0.132469 -0.057189 0.584314 0.584314 0.584314
vn -0.734575 -0.171503 0.656496
v -0.147601 0.135308 -0.013025 0.584314 0.584314 0.584314
vn -0.798692 -0.472295 -0.372866
v -0.244314 0.122732 0.167245 0.584314 0.584314 0.584314
vn 0.825548 0.244077 -0.508819
v 0.049555 0.127791 -0.037168 0.584314 0.584314 0.584314
vn -0.010029 0.653706 0.756682
v -0.242672 0.130961 -0.045178 0.584314 0.584314 0.584314
vn -0.308578 -0.644238 -0.699813
v -0.253757 0.131265 0.158447 0.584314 0.584314 0.584314
vn -0.366836 0.279307 0.887366
v -0.181862 0.140929 -0.031495 0.584314 0.584314 0.584314
vn -0.391714 0.110994 0.913368
v -0.207835 0.129625 -0.035896 0.584314 0.584314 0.584314
vn -0.937967 -0.340778 -0.063938
v -0.132376 0.138446 0.048762 0.584314 0.584314 0.584314
vn -0.623814 0.774522 -0.104747
v -0.303323 0.133287 -0.051158 0.584314 0.584314 0.584314
vn -0.436520 0.184369 -0.880601
v -0.293789 0.130530 -0.057766 0.584314 0.584314 0.584314
vn -0.434992 0.149446 -0.887946
v -0.078482 0.129566 -0.071147 0.584314 0.584314 0.584314
vn -0.324716 0.338502 0.883162
v -0.021416 0.134092 0.087771 0.584314 0.584314 0.584314
vn 0.233518 0.243472 0.941377
v -0.014936 0.130402 0.089223 0.584314 0.584314 0.584314
vn -0.020682 0.515763 0.856481
v -0.300266 0.126779 -0.041994 0.584314 0.584314 0.584314
vn 0.703383 0.262208 0.660680
v 0.023678 0.138168 0.069463 0.584314 0.584314 0.584314
vn -0.254774 -0.279346 -0.925773
v -0.109940 0.140451 -0.078487 0.584314 0.584314 0.584314
vn 0.156678 0.169819 0.972941
v -0.279137 0.141947 -0.046385 0.584314 0.584314 0.584314
vn -0.040809 0.544279 0.837911
v 0.011425 0.138082 0.074468 0.584314 0.584314 0.584314
vn 0.088869 -0.090692 -0.991906
v -0.160081 0.132410 -0.071113 0.584314 0.584314 0.584314
vn -0.116176 0.362260 -0.924809
v -0.059139 0.127923 -0.064468 0.584314 0.584314 0.584314
vn -0.200360 -0.970906 0.131135
v -0.264694 0.127640 0.175597 0.584314 0.584314 0.584314
vn -0.194296 -0.941161 -0.276523
v -0.256433 0.128144 0.163601 0.584314 0.584314 0.584314
vn 0.771290 0.508744 0.382481
v 0.054713 0.130026 0.036583 0.584314 0.584314 0.584314
vn 0.110125 0.234613 0.965831
v -0.029789 0.139587 0.080044 0.584314 0.584314 0.584314
vn 0.163891 0.593686 -0.787830
v 0.019745 0.134922 -0.051893 0.584314 0.584314 0.584314
vn 0.386795 0.129188 0.913072
v -0.072146 0.129168 0.104855 0.584314 0.584314 0.584314
vn 0.762437 0.255368 0.594540
v 0.026879 0.141968 0.064740 0.584314 0.584314 0.584314
vn -0.442865 0.374103 0.814812
v -0.208006 0.135473 -0.036939 0.584314 0.584314 0.584314
vn 0.002762 -0.802451 0.596712
v -0.252303 0.128967 0.179742 0.584314 0.584314 0.584314
vn 0.471669 -0.751907 0.460614
v -0.148725 0.127155 0.143294 0.584314 0.584314 0.584314
vn 0.030535 0.641446 -0.766560
v 0.072379 0.136289 -0.022640 0.584314 0.584314 0.584314
vn -0.919851 -0.119364 0.373665
v -0.138936 0.128682 -0.002222 0.584314 0.584314 0.584314
vn -0.431405 0.080193 -0.898587
v -0.083300 0.140282 -0.063155 0.584314 0.584314 0.584314
vn -0.569711 -0.665716 0.481926
v -0.273587 0.130443 0.178948 0.584314 0.584314 0.584314
vn -0.245843 0.680302 -0.690471
v -0.201905 0.139601 -0.072021 0.584314 0.584314 0.584314
vn -0.242442 -0.633458 -0.734814
v -0.157184 0.132818 0.110795 0.584314 0.584314 0.584314
vn -0.147050 0.239215 0.959767
v -0.046742 0.141189 0.092600 0.584314 0.584314 0.584314
vn -0.847612 -0.161394 0.505477
v -0.141711 0.136268 -0.005620 0.584314 0.584314 0.584314
vn -0.105087 0.775242 -0.622862
v -0.236718 0.132211 -0.064698 0.584314 0.584314 0.584314
vn 0.832460 0.418599 0.363021
v 0.052442 0.131963 0.043656 0.584314 0.584314 0.584314
vn 0.343549 0.670789 0.657279
v 0.074329 0.141706 0.002244 0.584314 0.584314 0.584314
vn -0.522528 -0.719675 -0.457201
v -0.145332 0.136669 0.094368 0.584314 0.584314 0.584314
vn -0.196010 -0.945172 -0.261210
v -0.136515 0.132246 0.095357 0.584314 0.584314 0.584314
vn -0.549495 -0.463863 -0.694900
v -0.267996 0.134118 0.163249 0.584314 0.584314 0.584314
vn 0.771847 0.397020 0.496616
v 0.061558 0.141612 0.010001 0.584314 0.584314 0.584314
vn -0.476378 -0.378378 -0.793658
v -0.160635 0.144036 0.103633 0.584314 0.584314 0.584314
vn -0.577371 -0.564091 -0.590291
v -0.154355 0.139798 0.100240 0.584314 0.584314 0.584314
vn 0.214793 0.234113 0.948185
v -0.031521 0.126242 0.084251 0.584314 0.584314 0.584314
vn 0.120020 -0.026743 0.992411
v -0.246091 0.139898 0.182325 0.584314 0.584314 0.584314
vn -0.093536 -0.336832 0.936907
v -0.260678 0.133014 0.183043 0.584314 0.584314 0.584314
vn 0.109980 0.545670 -0.830752
v 0.031830 0.130942 -0.060546 0.584314 0.584314 0.584314
vn -0.198532 -0.017283 -0.979942
v -0.088344 0.135267 -0.060352 0.584314 0.584314 0.584314
vn 0.015997 -0.718429 0.695416
v -0.118817 0.134468 0.102671 0.584314 0.584314 0.584314
vn 0.083096 0.300623 0.950116
v -0.228991 0.149221 0.180275 0.584314 0.584314 0.584314
vn 0.046327 -0.061984 0.997001
v -0.235706 0.140757 0.181207 0.584314 0.584314 0.584314
vn 0.414562 -0.088558 0.905702
v -0.194933 0.135966 0.172287 0.584314 0.584314 0.584314
vn 0.535796 0.143137 0.832127
v -0.067340 0.140336 0.100945 0.584314 0.584314 0.584314
vn 0.390590 -0.907726 0.153210
v -0.132359 0.133114 0.115783 0.584314 0.584314 0.584314
vn 0.485080 0.138534 0.863427
v -0.039876 0.147616 0.089357 0.584314 0.584314 0.584314
vn 0.045159 -0.311001 -0.949336
v -0.133245 0.138590 -0.072726 0.584314 0.584314 0.584314
vn -0.122730 -0.215780 -0.968698
v -0.122659 0.138512 -0.071379 0.584314 0.584314 0.584314
vn 0.161583 0.751262 0.639919
v -0.253568 0.135493 -0.047890 0.584314 0.584314 0.584314
vn -0.139996 0.458644 -0.877523
v -0.008804 0.134016 -0.070718 0.584314 0.584314 0.584314
vn -0.079600 -0.162078 0.983562
v -0.236224 0.132300 0.177928 0.584314 0.584314 0.584314
vn 0.176598 -0.971570 0.157686
v -0.130693 0.131955 0.106222 0.584314 0.584314 0.584314
vn -0.899948 -0.417986 -0.124024
v -0.139880 0.157049 0.043366 0.584314 0.584314 0.584314
vn 0.126521 0.828596 -0.545363
v 0.077197 0.146205 -0.015640 0.584314 0.584314 0.584314
vn -0.432103 -0.159635 0.887583
v -0.296800 0.142317 -0.045217 0.584314 0.584314 0.584314
vn -0.516541 0.474287 0.712907
v -0.178065 0.149127 -0.033825 0.584314 0.584314 0.584314
vn 0.457162 -0.511061 0.727887
v -0.150973 0.132755 0.154541 0.584314 0.584314 0.584314
vn 0.689856 0.389357 -0.610327
v 0.053564 0.130953 -0.028894 0.584314 0.584314 0.584314
vn -0.821419 -0.561778 -0.098369
v -0.135007 0.136528 0.069549 0.584314 0.584314 0.584314
vn 0.507135 0.568691 -0.647614
v 0.058027 0.134566 -0.020320 0.584314 0.584314 0.584314
vn 0.440854 0.233167 -0.866765
v 0.005635 0.139531 -0.065909 0.584314 0.584314 0.584314
vn -0.049301 0.975651 -0.213716
v -0.234277 0.135994 -0.057724 0.584314 0.584314 0.584314
vn 0.314990 0.916363 -0.247103
v -0.253810 0.137442 -0.058477 0.584314 0.584314 0.584314
vn -0.358289 0.703406 0.613880
v -0.217544 0.133402 -0.046182 0.584314 0.584314 0.584314
vn 0.500914 -0.777747 0.379731
v -0.121115 0.137650 0.111054 0.584314 0.584314 0.584314
vn -0.496658 0.367247 0.786423
v -0.271919 0.140520 0.179031 0.584314 0.584314 0.584314
vn 0.447003 0.763013 0.466904
v 0.047942 0.138854 0.040879 0.584314 0.584314 0.584314
vn -0.115492 0.052261 -0.991933
v -0.156091 0.143673 -0.071239 0.584314 0.584314 0.584314
vn -0.141848 0.988758 -0.047288
v -0.221020 0.137535 -0.056446 0.584314 0.584314 0.584314
vn -0.247195 0.070038 0.966431
v -0.183070 0.135148 -0.030891 0.584314 0.584314 0.584314
vn 0.581110 0.406969 0.704760
v 0.031035 0.130191 0.057008 0.584314 0.584314 0.584314
vn -0.212221 0.762663 -0.610990
v -0.179101 0.149558 -0.062300 0.584314 0.584314 0.584314
vn -0.199908 0.382553 -0.902048
v -0.168919 0.143690 -0.070152 0.584314 0.584314 0.584314
vn 0.503988 -0.004593 0.863698
v -0.174189 0.141631 0.163817 0.584314 0.584314 0.584314
vn 0.028716 -0.441292 0.896904
v -0.105830 0.144115 0.107240 0.584314 0.584314 0.584314
vn -0.443951 -0.332407 -0.832114
v -0.236333 0.135001 0.150423 0.584314 0.584314 0.584314
vn 0.163620 -0.002997 0.986519
v -0.086578 0.136732 0.098245 0.584314 0.584314 0.584314
vn 0.664102 -0.665891 0.339939
v -0.133392 0.137453 0.131347 0.584314 0.584314 0.584314
vn 0.700247 0.141205 -0.699797
v 0.013240 0.145667 -0.058589 0.584314 0.584314 0.584314
vn -0.573655 -0.332214 -0.748701
v -0.175167 0.138424 0.111717 0.584314 0.584314 0.584314
vn 0.615965 0.593473 0.518050
v 0.059859 0.131825 0.018292 0.584314 0.584314 0.584314
vn 0.060979 0.495296 -0.866581
v -0.191095 0.137636 -0.074259 0.584314 0.584314 0.584314
vn -0.961140 0.240038 -0.136350
v -0.277721 0.135721 0.175202 0.584314 0.584314 0.584314
vn 0.897543 0.266190 0.351510
v 0.056381 0.140670 0.025456 0.584314 0.584314 0.584314
vn 0.420854 -0.416855 -0.805676
v -0.098912 0.150333 -0.078222 0.584314 0.584314 0.584314
vn 0.299355 -0.347613 -0.888567
v -0.085653 0.148173 -0.063508 0.584314 0.584314 0.584314
vn 0.741327 0.323097 0.588253
v 0.085314 0.137588 0.000386 0.584314 0.584314 0.584314
vn 0.031090 0.426353 0.904022
v -0.014226 0.147796 0.082838 0.584314 0.584314 0.584314
vn -0.480651 0.048727 -0.875557
v -0.293520 0.144208 -0.060315 0.584314 0.584314 0.584314
vn 0.263742 0.049906 -0.963301
v -0.064705 0.145086 -0.069589 0.584314 0.584314 0.584314
vn -0.050656 0.935870 0.348685
v -0.235534 0.135761 -0.049875 0.584314 0.584314 0.584314
vn 0.042103 0.985331 0.165376
v -0.241401 0.136011 -0.051859 0.584314 0.584314 0.584314
vn -0.891141 -0.435822 -0.126206
v -0.141997 0.149127 0.066788 0.584314 0.584314 0.584314
vn 0.204758 0.262791 0.942876
v -0.027768 0.147944 0.078267 0.584314 0.584314 0.584314
vn 0.054335 0.864169 -0.500259
v 0.024358 0.138663 -0.046124 0.584314 0.584314 0.584314
vn 0.661210 0.552680 0.507293
v 0.033177 0.137484 0.051145 0.584314 0.584314 0.584314
vn 0.415727 0.784373 0.460359
v -0.265577 0.144359 -0.051968 0.584314 0.584314 0.584314
vn -0.147837 0.844648 -0.514504
v 0.030944 0.138465 -0.054611 0.584314 0.584314 0.584314
vn 0.615412 -0.632261 0.470653
v -0.126319 0.140522 0.124844 0.584314 0.584314 0.584314
vn -0.856805 0.472780 0.205826
v -0.263852 0.152363 0.170797 0.584314 0.584314 0.584314
vn -0.274407 0.384130 0.881558
v -0.189820 0.138435 -0.033731 0.584314 0.584314 0.584314
vn 0.561582 0.195499 0.803994
v -0.058448 0.140114 0.089224 0.584314 0.584314 0.584314
vn -0.306067 0.689161 0.656796
v -0.203262 0.141533 -0.039692 0.584314 0.584314 0.584314
vn -0.180773 0.504446 -0.844308
v -0.005057 0.140670 -0.067305 0.584314 0.584314 0.584314
vn -0.276834 0.486096 -0.828899
v -0.013858 0.141706 -0.060488 0.584314 0.584314 0.584314
vn -0.121418 0.265009 -0.956571
v -0.009544 0.150162 -0.058417 0.584314 0.584314 0.584314
vn 0.881789 0.282161 0.377933
v 0.028640 0.151959 0.055618 0.584314 0.584314 0.584314
vn -0.961595 -0.048407 -0.270170
v -0.298861 0.140365 -0.054031 0.584314 0.584314 0.584314
vn 0.796400 0.320502 0.512860
v 0.062719 0.147454 0.002444 0.584314 0.584314 0.584314
vn -0.939386 -0.202264 0.276847
v -0.138814 0.142205 0.004521 0.584314 0.584314 0.584314
vn -0.838565 -0.290331 0.460995
v -0.144146 0.151908 -0.002500 0.584314 0.584314 0.584314
vn 0.364279 0.251918 0.896570
v -0.184426 0.148001 0.166191 0.584314 0.584314 0.584314
vn 0.218262 -0.086236 0.972073
v -0.154065 0.144306 0.159357 0.584314 0.584314 0.584314
vn -0.320090 0.367959 -0.873011
v -0.158046 0.155339 -0.067909 0.584314 0.584314 0.584314
vn -0.617588 0.782310 -0.081088
v -0.212561 0.139803 -0.054347 0.584314 0.584314 0.584314
vn -0.752644 -0.370258 -0.544460
v -0.149170 0.144721 0.090457 0.584314 0.584314 0.584314
vn 0.548574 -0.082855 -0.831987
v -0.062570 0.133171 -0.066645 0.584314 0.584314 0.584314
vn 0.541716 0.543165 -0.641495
v 0.016738 0.156634 -0.051874 0.584314 0.584314 0.584314
vn 0.316368 0.708110 -0.631262
v 0.037607 0.138956 -0.052205 0.584314 0.584314 0.584314
vn 0.772246 0.313293 -0.552705
v 0.052324 0.146921 -0.029498 0.584314 0.584314 0.584314
vn 0.158039 0.088641 0.983446
v -0.167366 0.146674 0.158060 0.584314 0.584314 0.584314
vn 0.344416 0.261260 0.901732
v -0.203629 0.143583 0.175105 0.584314 0.584314 0.584314
vn 0.698442 -0.221599 0.680494
v -0.127158 0.148339 0.130769 0.584314 0.584314 0.584314
vn -0.223068 0.148107 -0.963486
v -0.072407 0.142301 -0.070637 0.584314 0.584314 0.584314
vn -0.437110 0.635642 -0.636313
v -0.170731 0.153182 -0.063249 0.584314 0.584314 0.584314
vn 0.444955 -0.695482 0.564199
v -0.110851 0.146241 0.112281 0.584314 0.584314 0.584314
vn 0.384676 0.472819 0.792759
v 0.001294 0.146073 0.065657 0.584314 0.584314 0.584314
vn 0.259431 0.515965 0.816380
v 0.000955 0.140100 0.071184 0.584314 0.584314 0.584314
vn 0.783841 -0.240542 0.572480
v -0.135167 0.144739 0.140782 0.584314 0.584314 0.584314
vn -0.207122 0.146686 0.967256
v -0.077315 0.134711 0.103878 0.584314 0.584314 0.584314
vn -0.618398 0.276466 -0.735630
v -0.180116 0.152421 0.112627 0.584314 0.584314 0.584314
vn -0.481332 -0.124010 -0.867722
v -0.166416 0.149903 0.105359 0.584314 0.584314 0.584314
vn -0.675917 -0.093466 -0.731027
v -0.198720 0.141129 0.130906 0.584314 0.584314 0.584314
vn -0.711209 0.133914 -0.690108
v -0.260052 0.148297 0.161909 0.584314 0.584314 0.584314
vn 0.408187 0.839023 0.359754
v 0.036691 0.142269 0.039376 0.584314 0.584314 0.584314
vn 0.285257 0.132723 -0.949217
v -0.035639 0.139156 -0.072300 0.584314 0.584314 0.584314
vn -0.949123 -0.305171 0.077691
v -0.135282 0.147833 0.028853 0.584314 0.584314 0.584314
vn -0.656793 0.295767 -0.693646
v -0.194029 0.152319 0.128053 0.584314 0.584314 0.584314
vn 0.798279 0.558420 -0.225651
v 0.086485 0.145927 -0.010099 0.584314 0.584314 0.584314
vn -0.044160 0.347738 -0.936551
v -0.277033 0.141591 -0.063926 0.584314 0.584314 0.584314
vn -0.419939 0.719364 0.553323
v -0.189362 0.148929 -0.040945 0.584314 0.584314 0.584314
vn 0.694438 0.020603 0.719257
v -0.143969 0.145833 0.151443 0.584314 0.584314 0.584314
vn -0.382632 0.054372 -0.922299
v -0.116708 0.153726 -0.071428 0.584314 0.584314 0.584314
vn 0.350858 0.749671 -0.561152
v -0.270812 0.144457 -0.060661 0.584314 0.584314 0.584314
vn -0.064319 -0.228490 -0.971419
v -0.078737 0.154535 -0.063071 0.584314 0.584314 0.584314
vn -0.344781 -0.189910 -0.919272
v -0.234810 0.152204 0.145124 0.584314 0.584314 0.584314
vn -0.559973 0.737709 0.377115
v -0.208954 0.144109 -0.045255 0.584314 0.584314 0.584314
vn 0.461904 -0.047710 -0.885646
v -0.019639 0.149299 -0.060488 0.584314 0.584314 0.584314
vn 0.543775 0.210110 -0.812504
v -0.018690 0.156461 -0.060660 0.584314 0.584314 0.584314
vn -0.006172 0.524187 0.851581
v -0.243990 0.150076 0.180085 0.584314 0.584314 0.584314
vn 0.486797 0.701717 0.520213
v 0.052953 0.143496 0.028404 0.584314 0.584314 0.584314
vn 0.300636 -0.435732 0.848384
v -0.085697 0.147095 0.099465 0.584314 0.584314 0.584314
vn 0.376029 0.288428 0.880575
v -0.058878 0.142945 0.087699 0.584314 0.584314 0.584314
vn 0.254633 0.861507 0.439281
v 0.078934 0.147019 -0.002671 0.584314 0.584314 0.584314
vn -0.106565 0.248662 0.962710
v -0.258356 0.143281 0.183064 0.584314 0.584314 0.584314
vn 0.566773 0.012989 -0.823772
v -0.027135 0.142790 -0.067329 0.584314 0.584314 0.584314
vn -0.190723 0.607142 0.771364
v -0.257732 0.149361 0.179936 0.584314 0.584314 0.584314
vn -0.889664 -0.337297 -0.307780
v -0.146570 0.156720 0.079041 0.584314 0.584314 0.584314
vn -0.804770 -0.501982 -0.316796
v -0.141866 0.146882 0.078277 0.584314 0.584314 0.584314
vn -0.322967 0.941249 0.098706
v -0.189197 0.151629 -0.047890 0.584314 0.584314 0.584314
vn -0.034432 0.470170 0.881904
v -0.235620 0.149731 0.179999 0.584314 0.584314 0.584314
vn 0.168266 0.162951 -0.972180
v -0.053806 0.144042 -0.060403 0.584314 0.584314 0.584314
vn 0.173162 0.722358 -0.669488
v 0.041954 0.149890 -0.034511 0.584314 0.584314 0.584314
vn 0.778230 0.297994 -0.552773
v 0.021368 0.142796 -0.044391 0.584314 0.584314 0.584314
vn 0.356213 0.858136 0.369750
v -0.282468 0.153574 -0.049981 0.584314 0.584314 0.584314
vn 0.653139 0.707848 0.269000
v 0.032279 0.145756 0.035895 0.584314 0.584314 0.584314
vn 0.350435 0.610150 -0.710572
v 0.025113 0.144905 -0.038613 0.584314 0.584314 0.584314
vn -0.603484 -0.641050 -0.474197
v -0.259331 0.152673 0.159771 0.584314 0.584314 0.584314
vn -0.445378 -0.248527 -0.860159
v -0.245149 0.144763 0.153794 0.584314 0.584314 0.584314
vn 0.654047 0.458935 -0.601333
v 0.051808 0.152060 -0.025455 0.584314 0.584314 0.584314
vn 0.608858 -0.263742 0.748152
v -0.059418 0.164475 0.085336 0.584314 0.584314 0.584314
vn 0.185214 0.544883 0.817801
v 0.016235 0.146635 0.069728 0.584314 0.584314 0.584314
vn 0.746127 0.262652 0.611808
v -0.004327 0.149716 0.074263 0.584314 0.584314 0.584314
vn 0.437933 -0.308483 -0.844425
v -0.091604 0.161121 -0.078004 0.584314 0.584314 0.584314
vn -0.241975 -0.022940 -0.970011
v -0.221598 0.149558 0.141212 0.584314 0.584314 0.584314
vn 0.472428 0.383348 -0.793635
v 0.062300 0.145422 -0.011823 0.584314 0.584314 0.584314
vn -0.413856 0.412621 -0.811460
v -0.045748 0.138068 -0.071646 0.584314 0.584314 0.584314
vn -0.910191 -0.042603 -0.411991
v -0.152869 0.163968 0.088015 0.584314 0.584314 0.584314
vn -0.847642 0.506193 -0.158968
v -0.154313 0.174054 0.098425 0.584314 0.584314 0.584314
vn -0.035266 0.433491 -0.900468
v -0.033954 0.153146 -0.066997 0.584314 0.584314 0.584314
vn 0.747286 0.471957 0.467781
v 0.033522 0.152586 0.023592 0.584314 0.584314 0.584314
vn -0.822598 -0.421989 0.381127
v -0.150184 0.163098 -0.003796 0.584314 0.584314 0.584314
vn -0.292003 0.033573 -0.955828
v -0.213530 0.149644 0.139098 0.584314 0.584314 0.584314
vn -0.702854 0.542964 0.459550
v -0.168660 0.160948 -0.035292 0.584314 0.584314 0.584314
vn 0.117105 0.514485 -0.849466
v 0.003404 0.149733 -0.062328 0.584314 0.584314 0.584314
vn 0.266651 0.475939 0.838081
v -0.011375 0.158103 0.075908 0.584314 0.584314 0.584314
vn 0.303770 0.835569 -0.457764
v -0.282743 0.153576 -0.056001 0.584314 0.584314 0.584314
vn 0.306356 0.613500 0.727848
v -0.192368 0.154680 0.166182 0.584314 0.584314 0.584314
vn -0.054863 0.654964 0.753666
v -0.239934 0.155253 0.174390 0.584314 0.584314 0.584314
vn 0.257041 -0.592297 0.763619
v -0.098377 0.150798 0.111079 0.584314 0.584314 0.584314
vn 0.325824 0.300997 -0.896236
v -0.023735 0.158601 -0.063552 0.584314 0.584314 0.584314
vn 0.521815 -0.236080 -0.819741
v -0.056420 0.152391 -0.064321 0.584314 0.584314 0.584314
vn 0.479345 0.613315 -0.627753
v 0.027536 0.150507 -0.034027 0.584314 0.584314 0.584314
vn -0.519969 0.741662 -0.423758
v -0.203998 0.144781 -0.064298 0.584314 0.584314 0.584314
vn 0.151426 0.236466 -0.959768
v -0.014462 0.145761 -0.057295 0.584314 0.584314 0.584314
vn 0.690450 0.723368 0.004111
v 0.066196 0.148777 -0.005227 0.584314 0.584314 0.584314
vn 0.786111 -0.106036 -0.608923
v 0.061690 0.155034 -0.014713 0.584314 0.584314 0.584314
vn -0.457383 0.884410 -0.092842
v -0.205883 0.147210 -0.052528 0.584314 0.584314 0.584314
vn -0.142821 0.931445 -0.334683
v -0.193741 0.148740 -0.057713 0.584314 0.584314 0.584314
vn 0.586483 -0.420383 0.692326
v -0.117265 0.149651 0.123856 0.584314 0.584314 0.584314
vn 0.448713 -0.386791 0.805636
v -0.108955 0.155601 0.120858 0.584314 0.584314 0.584314
vn 0.571203 0.094679 0.815330
v -0.128795 0.158446 0.133144 0.584314 0.584314 0.584314
vn 0.942323 0.305521 0.136692
v 0.031631 0.147539 0.039803 0.584314 0.584314 0.584314
vn -0.622226 0.722971 0.300246
v -0.174873 0.157583 -0.040469 0.584314 0.584314 0.584314
vn -0.706454 -0.090661 -0.701928
v -0.159295 0.155067 0.099354 0.584314 0.584314 0.584314
vn 0.649882 0.022565 0.759700
v -0.033129 0.157611 0.082599 0.584314 0.584314 0.584314
vn -0.038443 0.023007 -0.998996
v -0.135602 0.150974 -0.074246 0.584314 0.584314 0.584314
vn 0.248907 0.417369 0.873984
v -0.213465 0.154005 0.174816 0.584314 0.584314 0.584314
vn -0.895541 -0.380537 0.230645
v -0.140559 0.155520 0.011636 0.584314 0.584314 0.584314
vn 0.564112 0.464506 -0.682651
v 0.046271 0.147761 -0.035054 0.584314 0.584314 0.584314
vn -0.189292 0.886536 -0.422165
v -0.294808 0.155990 -0.056292 0.584314 0.584314 0.584314
vn -0.989977 0.138979 0.025093
v -0.305195 0.148709 -0.049997 0.584314 0.584314 0.584314
vn -0.262758 -0.411127 -0.872888
v -0.250492 0.155299 0.148654 0.584314 0.584314 0.584314
vn 0.404799 -0.052294 0.912909
v -0.075447 0.155063 0.100211 0.584314 0.584314 0.584314
vn 0.701588 -0.513671 0.493879
v -0.078335 0.158900 0.107075 0.584314 0.584314 0.584314
vn -0.691106 0.069799 -0.719375
v -0.187950 0.146042 0.121456 0.584314 0.584314 0.584314
vn 0.061708 0.353419 0.933428
v -0.157071 0.156905 0.157589 0.584314 0.584314 0.584314
vn 0.705684 0.150668 0.692321
v -0.064943 0.152562 0.095690 0.584314 0.584314 0.584314
vn -0.732672 0.499978 -0.461751
v -0.161212 0.166790 0.104797 0.584314 0.584314 0.584314
vn 0.309725 0.746800 -0.588524
v 0.045217 0.152973 -0.030617 0.584314 0.584314 0.584314
vn 0.675848 0.266738 0.687081
v -0.140544 0.158192 0.144216 0.584314 0.584314 0.584314
vn 0.035843 -0.307928 -0.950734
v -0.075532 0.157963 -0.066002 0.584314 0.584314 0.584314
vn 0.071332 -0.141849 -0.987315
v -0.103334 0.157924 -0.081932 0.584314 0.584314 0.584314
vn 0.123642 0.906972 -0.402635
v -0.008853 0.155598 -0.056518 0.584314 0.584314 0.584314
vn -0.728906 -0.603253 0.323701
v -0.268048 0.156496 0.166852 0.584314 0.584314 0.584314
vn -0.162134 0.187858 -0.968722
v -0.233909 0.159226 0.145106 0.584314 0.584314 0.584314
vn -0.171913 0.257221 -0.950938
v -0.221296 0.155426 0.141687 0.584314 0.584314 0.584314
vn -0.751317 0.073054 0.655885
v -0.159184 0.155865 -0.023021 0.584314 0.584314 0.584314
vn -0.436802 0.627886 -0.644176
v -0.198430 0.158187 0.136596 0.584314 0.584314 0.584314
vn -0.531120 0.640068 -0.555180
v -0.188571 0.161185 0.129255 0.584314 0.584314 0.584314
vn 0.823686 0.375769 0.424664
v 0.058037 0.151820 0.012398 0.584314 0.584314 0.584314
vn -0.230501 0.424673 0.875512
v -0.255892 0.155088 0.172315 0.584314 0.584314 0.584314
vn 0.132005 0.623120 0.770906
v 0.007204 0.156151 0.060358 0.584314 0.584314 0.584314
vn 0.077450 -0.257732 -0.963107
v -0.065286 0.161293 -0.068168 0.584314 0.584314 0.584314
vn -0.024672 0.888132 -0.458925
v 0.002355 0.155464 -0.057039 0.584314 0.584314 0.584314
vn -0.331746 0.937903 -0.101405
v -0.003158 0.154649 -0.049270 0.584314 0.584314 0.584314
vn 0.667275 -0.340370 0.662490
v -0.073370 0.159324 0.099128 0.584314 0.584314 0.584314
vn 0.511183 0.356461 0.782067
v -0.152654 0.154657 0.156738 0.584314 0.584314 0.584314
vn 0.832773 0.412926 0.368756
v 0.030217 0.162416 0.033132 0.584314 0.584314 0.584314
vn -0.812653 -0.262244 0.520406
v -0.153646 0.155598 -0.014151 0.584314 0.584314 0.584314
vn -0.627665 0.353977 -0.693352
v -0.169050 0.160640 0.108579 0.584314 0.584314 0.584314
vn -0.094531 0.100485 0.990438
v -0.055757 0.159996 0.084296 0.584314 0.584314 0.584314
vn -0.156463 0.125537 0.979673
v -0.045267 0.155253 0.088619 0.584314 0.584314 0.584314
vn 0.870132 0.349073 0.347877
v 0.032894 0.169682 0.023834 0.584314 0.584314 0.584314
vn -0.109636 0.567587 0.815981
v -0.294580 0.152298 -0.046327 0.584314 0.584314 0.584314
vn 0.241040 0.738720 0.629438
v 0.051427 0.153720 0.018836 0.584314 0.584314 0.584314
vn 0.519304 0.476587 0.709357
v -0.004244 0.166016 0.068570 0.584314 0.584314 0.584314
vn -0.613211 0.663572 -0.428537
v -0.169350 0.161725 -0.054016 0.584314 0.584314 0.584314
vn -0.456296 0.558430 -0.692784
v -0.165430 0.156320 -0.063648 0.584314 0.584314 0.584314
vn 0.210058 0.934564 -0.287168
v -0.008493 0.152162 -0.049150 0.584314 0.584314 0.584314
vn 0.253652 -0.352411 -0.900815
v -0.052860 0.166816 -0.069893 0.584314 0.584314 0.584314
vn -0.886341 -0.309101 0.344755
v -0.160894 0.166125 -0.020709 0.584314 0.584314 0.584314
vn -0.300512 -0.205120 -0.931460
v -0.108316 0.153810 -0.080290 0.584314 0.584314 0.584314
vn 0.176260 0.172727 -0.969071
v -0.125767 0.154792 -0.073219 0.584314 0.584314 0.584314
vn -0.163149 0.406482 -0.898975
v -0.215083 0.158359 0.141514 0.584314 0.584314 0.584314
vn 0.496978 0.462772 0.734068
v 0.056122 0.164141 0.005696 0.584314 0.584314 0.584314
vn 0.081759 0.866577 0.492301
v 0.047962 0.172315 -0.000322 0.584314 0.584314 0.584314
vn -0.049253 0.418036 0.907094
v -0.245929 0.159117 0.171040 0.584314 0.584314 0.584314
vn -0.923010 -0.344265 -0.171857
v -0.277374 0.167265 0.161027 0.584314 0.584314 0.584314
vn -0.961058 -0.243752 -0.130199
v -0.149112 0.165979 0.075596 0.584314 0.584314 0.584314
vn -0.873130 -0.483039 0.065706
v -0.142621 0.164185 0.027213 0.584314 0.584314 0.584314
vn -0.561637 0.806887 -0.183025
v -0.174439 0.158738 -0.051251 0.584314 0.584314 0.584314
vn 0.628159 0.575765 0.523366
v 0.036678 0.155528 0.017091 0.584314 0.584314 0.584314
vn -0.058588 0.330078 -0.942134
v -0.136347 0.164144 -0.072228 0.584314 0.584314 0.584314
vn -0.740283 -0.147602 -0.655892
v -0.113457 0.158804 -0.076449 0.584314 0.584314 0.584314
vn 0.186624 0.605960 0.773295
v -0.222763 0.164486 0.170162 0.584314 0.584314 0.584314
vn 0.349377 -0.650376 0.674497
v -0.084740 0.156649 0.114355 0.584314 0.584314 0.584314
vn -0.306252 0.282645 -0.909022
v -0.147252 0.161806 -0.069907 0.584314 0.584314 0.584314
vn -0.074597 0.461240 0.884134
v -0.235879 0.158187 0.173096 0.584314 0.584314 0.584314
vn 0.797162 0.428460 -0.425387
v -0.013109 0.158178 -0.053122 0.584314 0.584314 0.584314
vn 0.997058 -0.032683 -0.069336
v 0.067059 0.157529 -0.006410 0.584314 0.584314 0.584314
vn 0.380930 0.699626 0.604497
v 0.021928 0.158976 0.057230 0.584314 0.584314 0.584314
vn -0.172943 0.818962 -0.547167
v 0.000598 0.160000 -0.041403 0.584314 0.584314 0.584314
vn 0.581826 0.537397 -0.610478
v 0.020978 0.164521 -0.035746 0.584314 0.584314 0.584314
vn 0.338062 -0.297212 0.892961
v -0.083844 0.164008 0.119432 0.584314 0.584314 0.584314
vn -0.078585 0.103994 -0.991468
v -0.044297 0.157357 -0.057007 0.584314 0.584314 0.584314
vn 0.421840 0.006459 0.906647
v -0.115592 0.161121 0.125033 0.584314 0.584314 0.584314
vn -0.482816 0.483287 -0.730289
v -0.155889 0.163882 -0.064630 0.584314 0.584314 0.584314
vn 0.229291 -0.208282 0.950813
v -0.045785 0.169750 0.087497 0.584314 0.584314 0.584314
vn 0.003381 0.297897 -0.954592
v -0.251475 0.168119 0.147453 0.584314 0.584314 0.584314
vn -0.038546 0.678863 -0.733252
v -0.216516 0.160871 0.143250 0.584314 0.584314 0.584314
vn 0.712847 0.389637 0.583123
v 0.037754 0.173299 0.002240 0.584314 0.584314 0.584314
vn 0.310968 0.317469 0.895831
v -0.119217 0.172597 0.124602 0.584314 0.584314 0.584314
vn 0.686776 0.347866 0.638222
v 0.001847 0.161207 0.060316 0.584314 0.584314 0.584314
vn 0.244083 0.684300 0.687136
v -0.176372 0.157360 0.158166 0.584314 0.584314 0.584314
vn -0.112395 0.993467 0.019768
v -0.190836 0.163364 0.145483 0.584314 0.584314 0.584314
vn -0.299319 0.946759 -0.118553
v -0.189906 0.164327 0.137188 0.584314 0.584314 0.584314
vn 0.342762 0.296829 0.891295
v -0.026950 0.155100 0.075635 0.584314 0.584314 0.584314
vn -0.507223 -0.690485 -0.515708
v -0.263583 0.156894 0.151699 0.584314 0.584314 0.584314
vn -0.196278 0.596505 -0.778240
v -0.028684 0.163824 -0.060822 0.584314 0.584314 0.584314
vn 0.220144 0.949891 0.221910
v -0.195531 0.162078 0.157778 0.584314 0.584314 0.584314
vn 0.373580 -0.033070 -0.927008
v -0.087462 0.169750 -0.077228 0.584314 0.584314 0.584314
vn 0.066090 0.437912 0.896585
v -0.247582 0.169487 0.169327 0.584314 0.584314 0.584314
vn 0.386032 0.861383 0.330150
v 0.022142 0.165437 0.043460 0.584314 0.584314 0.584314
vn 0.459044 0.698399 0.549107
v 0.007809 0.164116 0.051220 0.584314 0.584314 0.584314
vn -0.097490 0.524478 0.845824
v -0.164654 0.158235 0.155553 0.584314 0.584314 0.584314
vn 0.220995 0.615889 0.756203
v -0.157615 0.167420 0.150229 0.584314 0.584314 0.584314
vn 0.391951 0.042885 0.918986
v -0.106360 0.166902 0.121323 0.584314 0.584314 0.584314
vn 0.173642 -0.328075 0.928556
v -0.095718 0.160404 0.116574 0.584314 0.584314 0.584314
vn -0.319921 0.782016 0.534885
v -0.171939 0.160862 0.149884 0.584314 0.584314 0.584314
vn 0.542199 0.520522 -0.659603
v 0.034817 0.161795 -0.014174 0.584314 0.584314 0.584314
vn -0.398722 -0.033956 -0.916443
v -0.261697 0.164020 0.147556 0.584314 0.584314 0.584314
vn 0.167167 0.737561 -0.654262
v 0.001317 0.166393 -0.032251 0.584314 0.584314 0.584314
vn -0.036579 0.875310 -0.482178
v 0.010083 0.162177 -0.045252 0.584314 0.584314 0.584314
vn -0.079029 0.758276 -0.647126
v 0.042605 0.159645 -0.018444 0.584314 0.584314 0.584314
vn -0.334957 0.488289 -0.805840
v -0.038656 0.159571 -0.059590 0.584314 0.584314 0.584314
vn -0.709539 0.548149 -0.442818
v -0.183871 0.159699 0.121785 0.584314 0.584314 0.584314
vn -0.592415 0.751461 -0.290433
v -0.179049 0.165982 0.122864 0.584314 0.584314 0.584314
vn 0.231121 0.912774 0.336790
v -0.184969 0.161811 0.153336 0.584314 0.584314 0.584314
vn 0.089681 -0.184352 -0.978760
v -0.070833 0.168743 -0.072791 0.584314 0.584314 0.584314
vn -0.495316 0.805526 -0.325254
v -0.166107 0.170583 0.117568 0.584314 0.584314 0.584314
vn 0.099304 0.247676 0.963740
v -0.097558 0.176049 0.115455 0.584314 0.584314 0.584314
vn 0.356221 0.245556 0.901559
v -0.105755 0.172124 0.120191 0.584314 0.584314 0.584314
vn 0.734479 0.435615 -0.520365
v 0.018984 0.159480 -0.045121 0.584314 0.584314 0.584314
vn 0.275223 0.109352 -0.955141
v -0.094472 0.168921 -0.079863 0.584314 0.584314 0.584314
vn 0.792807 -0.114129 0.598691
v -0.027492 0.169922 0.076711 0.584314 0.584314 0.584314
vn 0.406856 0.280234 -0.869446
v 0.055277 0.158380 -0.020717 0.584314 0.584314 0.584314
vn 0.017347 0.874788 -0.484196
v -0.209216 0.162674 0.145225 0.584314 0.584314 0.584314
vn -0.757920 0.651655 0.030069
v -0.169868 0.163882 -0.045991 0.584314 0.584314 0.584314
vn 0.809738 0.509897 0.290395
v 0.029323 0.159341 0.046514 0.584314 0.584314 0.584314
vn 0.098366 0.753805 -0.649694
v -0.231322 0.166665 0.148570 0.584314 0.584314 0.584314
vn 0.714513 0.178203 -0.676546
v -0.012390 0.168316 -0.052256 0.584314 0.584314 0.584314
vn -0.982817 0.075801 0.168303
v -0.164886 0.168522 -0.035372 0.584314 0.584314 0.584314
vn 0.166672 0.922516 0.348116
v -0.150870 0.172804 0.134075 0.584314 0.584314 0.584314
vn 0.413465 0.607654 0.678088
v -0.136388 0.166816 0.134525 0.584314 0.584314 0.584314
vn -0.317950 0.468175 -0.824451
v -0.145163 0.169284 -0.067499 0.584314 0.584314 0.584314
vn 0.300072 0.638284 0.708908
v 0.041211 0.160548 0.008530 0.584314 0.584314 0.584314
vn 0.827923 0.377308 0.414950
v 0.035913 0.166951 0.009531 0.584314 0.584314 0.584314
vn 0.017356 0.073844 0.997119
v -0.097397 0.166881 0.117233 0.584314 0.584314 0.584314
vn 0.367334 0.457068 0.810034
v -0.021500 0.167430 0.069732 0.584314 0.584314 0.584314
vn 0.133742 0.959256 -0.248878
v -0.210999 0.164942 0.152111 0.584314 0.584314 0.584314
vn 0.178549 0.936372 -0.302205
v -0.221382 0.166039 0.149970 0.584314 0.584314 0.584314
vn -0.051205 0.916690 0.396306
v -0.178497 0.160776 0.146605 0.584314 0.584314 0.584314
vn 0.825207 0.245278 -0.508794
v 0.027382 0.162248 -0.027395 0.584314 0.584314 0.584314
vn 0.674257 -0.338733 0.656230
v -0.070928 0.171341 0.108819 0.584314 0.584314 0.584314
vn 0.504131 -0.190491 -0.842357
v -0.041475 0.162784 -0.058402 0.584314 0.584314 0.584314
vn -0.486222 -0.232881 -0.842232
v -0.112831 0.167161 -0.080421 0.584314 0.584314 0.584314
vn 0.172717 0.925311 0.337592
v -0.231152 0.171706 0.166750 0.584314 0.584314 0.584314
vn -0.908005 -0.409715 0.087524
v -0.153332 0.184786 0.042221 0.584314 0.584314 0.584314
vn -0.966933 -0.249837 0.051199
v -0.155459 0.180317 0.067970 0.584314 0.584314 0.584314
vn 0.079264 0.973251 -0.215636
v -0.204211 0.162501 0.147554 0.584314 0.584314 0.584314
vn -0.449199 0.892373 -0.043477
v -0.179264 0.164870 0.130291 0.584314 0.584314 0.584314
vn -0.359292 -0.020635 -0.932997
v -0.116277 0.175405 -0.080804 0.584314 0.584314 0.584314
vn -0.932412 -0.360335 -0.027687
v -0.149930 0.166719 0.066785 0.584314 0.584314 0.584314
vn -0.482820 -0.174574 -0.858143
v -0.121926 0.166123 -0.067999 0.584314 0.584314 0.584314
vn 0.315385 0.658993 0.682833
v -0.209494 0.162059 0.168871 0.584314 0.584314 0.584314
vn 0.325771 0.410132 -0.851860
v 0.031530 0.183297 -0.015100 0.584314 0.584314 0.584314
vn 0.629785 0.445256 -0.636489
v 0.025384 0.174599 -0.024721 0.584314 0.584314 0.584314
vn -0.108928 0.972671 0.205050
v -0.178346 0.164212 0.137980 0.584314 0.584314 0.584314
vn 0.780311 0.310411 -0.542918
v 0.064420 0.168320 -0.012372 0.584314 0.584314 0.584314
vn 0.798748 0.067284 -0.597892
v 0.033928 0.171971 -0.012586 0.584314 0.584314 0.584314
vn -0.770295 0.626593 -0.118433
v -0.277200 0.171857 0.161219 0.584314 0.584314 0.584314
vn 0.262758 0.942634 0.205911
v -0.214639 0.166591 0.163171 0.584314 0.584314 0.584314
vn -0.680754 0.339829 -0.648915
v -0.155544 0.175704 -0.053067 0.584314 0.584314 0.584314
vn 0.453430 0.679617 0.576648
v -0.147909 0.166685 0.144646 0.584314 0.584314 0.584314
vn 0.852603 0.250128 0.458807
v 0.065424 0.166382 0.000289 0.584314 0.584314 0.584314
vn 0.725078 -0.335543 0.601393
v -0.064147 0.165057 0.093157 0.584314 0.584314 0.584314
vn 0.576260 -0.530179 0.621960
v -0.058400 0.172608 0.097646 0.584314 0.584314 0.584314
vn -0.178054 0.643150 -0.744752
v -0.260803 0.173768 0.150121 0.584314 0.584314 0.584314
vn 0.188194 0.871712 -0.452439
v -0.242885 0.170954 0.150835 0.584314 0.584314 0.584314
vn 0.283791 0.703106 0.652001
v -0.007742 0.177738 0.058947 0.584314 0.584314 0.584314
vn -0.585316 -0.057776 0.808744
v -0.271698 0.164548 0.168599 0.584314 0.584314 0.584314
vn 0.761650 0.213476 -0.611814
v -0.039986 0.179967 -0.061492 0.584314 0.584314 0.584314
vn 0.164135 0.558452 0.813136
v -0.227509 0.167161 0.169989 0.584314 0.584314 0.584314
vn 0.344972 0.877687 0.332656
v -0.224748 0.169836 0.165416 0.584314 0.584314 0.584314
vn 0.023779 0.749029 -0.662110
v 0.016753 0.167736 -0.034769 0.584314 0.584314 0.584314
vn -0.452614 0.884296 0.114723
v -0.153042 0.177170 0.118993 0.584314 0.584314 0.584314
vn -0.897058 0.120892 -0.425054
v -0.160637 0.175817 -0.046042 0.584314 0.584314 0.584314
vn -0.973127 -0.154780 -0.170489
v -0.167041 0.177728 -0.033365 0.584314 0.584314 0.584314
vn 0.768136 0.576331 0.278944
v 0.006094 0.170515 0.043191 0.584314 0.584314 0.584314
vn 0.398364 0.698692 0.594252
v 0.026300 0.170681 0.031124 0.584314 0.584314 0.584314
vn 0.409628 0.731007 0.545741
v 0.024331 0.167817 0.034367 0.584314 0.584314 0.584314
vn 0.689703 0.358601 -0.629060
v -0.004152 0.163430 -0.038765 0.584314 0.584314 0.584314
vn 0.479442 0.790790 -0.380508
v 0.041367 0.174243 -0.003052 0.584314 0.584314 0.584314
vn 0.152681 0.749206 -0.644499
v 0.019598 0.174620 -0.028782 0.584314 0.584314 0.584314
vn -0.094205 0.823330 0.559690
v -0.162814 0.171480 0.147513 0.584314 0.584314 0.584314
vn -0.389264 0.920953 -0.017881
v -0.168746 0.171389 0.127276 0.584314 0.584314 0.584314
vn 0.085485 -0.436795 0.895490
v -0.055438 0.165717 0.084851 0.584314 0.584314 0.584314
vn 0.748028 -0.271934 0.605398
v -0.025727 0.177631 0.080265 0.584314 0.584314 0.584314
vn -0.388842 0.885020 0.256009
v -0.167565 0.170881 0.141346 0.584314 0.584314 0.584314
vn -0.337414 -0.143308 -0.930384
v -0.128017 0.171788 -0.067478 0.584314 0.584314 0.584314
vn -0.024949 0.778608 -0.627015
v 0.056069 0.171249 -0.012776 0.584314 0.584314 0.584314
vn -0.143548 0.908479 -0.392505
v 0.049305 0.171130 -0.009491 0.584314 0.584314 0.584314
vn 0.161312 0.568466 -0.806737
v -0.021819 0.167848 -0.059045 0.584314 0.584314 0.584314
vn 0.142615 0.948155 0.284011
v 0.061387 0.175056 -0.002714 0.584314 0.584314 0.584314
vn 0.616608 0.771387 -0.157341
v 0.063434 0.174377 -0.005191 0.584314 0.584314 0.584314
vn 0.463379 0.140400 0.874967
v -0.041624 0.181671 0.090241 0.584314 0.584314 0.584314
vn 0.330230 0.083165 0.940230
v -0.081936 0.176004 0.118030 0.584314 0.584314 0.584314
vn 0.235666 0.108263 -0.965785
v -0.077319 0.170217 -0.074126 0.584314 0.584314 0.584314
vn -0.887968 -0.458372 -0.037523
v -0.148393 0.175032 0.040250 0.584314 0.584314 0.584314
vn 0.814734 0.163111 -0.556420
v -0.037674 0.177084 -0.056432 0.584314 0.584314 0.584314
vn 0.694853 0.337052 0.635276
v 0.032670 0.179857 0.008028 0.584314 0.584314 0.584314
vn 0.059229 0.573190 -0.817279
v -0.031948 0.168973 -0.053746 0.584314 0.584314 0.584314
vn 0.749312 0.356832 -0.557855
v -0.002741 0.180035 -0.028864 0.584314 0.584314 0.584314
vn 0.624878 0.501447 -0.598396
v -0.008742 0.178936 -0.043645 0.584314 0.584314 0.584314
vn -0.134152 0.978280 0.158024
v -0.153749 0.175357 0.126471 0.584314 0.584314 0.584314
vn 0.017118 0.710064 0.703929
v -0.137343 0.173812 0.126825 0.584314 0.584314 0.584314
vn 0.224083 0.594949 -0.771895
v -0.088051 0.191559 -0.068128 0.584314 0.584314 0.584314
vn 0.732369 0.481869 0.481080
v -0.000332 0.175948 0.055304 0.584314 0.584314 0.584314
vn 0.091738 0.399198 -0.912264
v -0.069169 0.181140 -0.068426 0.584314 0.584314 0.584314
vn 0.072432 0.146682 -0.986528
v -0.061005 0.172979 -0.071698 0.584314 0.584314 0.584314
vn 0.042003 0.713522 -0.699373
v -0.018633 0.177941 -0.049469 0.584314 0.584314 0.584314
vn 0.814361 0.215362 0.538920
v -0.022471 0.185195 0.078213 0.584314 0.584314 0.584314
vn -0.308678 -0.022531 -0.950900
v -0.134757 0.175920 -0.065967 0.584314 0.584314 0.584314
vn -0.767509 -0.638499 0.056999
v -0.159094 0.178617 -0.000845 0.584314 0.584314 0.584314
vn 0.450972 -0.053365 -0.890942
v -0.048194 0.171551 -0.070088 0.584314 0.584314 0.584314
vn 0.619708 0.679584 0.392590
v 0.006129 0.170620 0.035398 0.584314 0.584314 0.584314
vn 0.548452 0.707918 0.445030
v -0.000405 0.183486 0.046567 0.584314 0.584314 0.584314
vn -0.616484 -0.404415 -0.675571
v -0.123445 0.175531 -0.076451 0.584314 0.584314 0.584314
vn -0.725938 -0.649610 0.225879
v -0.150492 0.172789 0.010000 0.584314 0.584314 0.584314
vn 0.991454 0.112438 -0.066149
v 0.039361 0.182506 -0.004609 0.584314 0.584314 0.584314
vn -0.691813 -0.645619 0.323375
v -0.155523 0.182167 0.026540 0.584314 0.584314 0.584314
vn -0.061979 0.984741 -0.162615
v -0.263022 0.176246 0.156573 0.584314 0.584314 0.584314
vn 0.486420 0.586438 -0.647677
v -0.032935 0.178423 -0.047128 0.584314 0.584314 0.584314
vn -0.404673 -0.075988 -0.911299
v -0.132465 0.184447 -0.072625 0.584314 0.584314 0.584314
vn -0.607747 -0.031599 -0.793501
v -0.147711 0.178677 -0.059462 0.584314 0.584314 0.584314
vn -0.541365 -0.029393 -0.840274
v -0.127587 0.180967 -0.074898 0.584314 0.584314 0.584314
vn 0.540145 -0.259401 0.800596
v -0.032669 0.175186 0.085081 0.584314 0.584314 0.584314
vn 0.522624 -0.188348 0.831498
v -0.050410 0.178848 0.096328 0.584314 0.584314 0.584314
vn 0.120064 0.763461 -0.634596
v 0.020259 0.177544 -0.023872 0.584314 0.584314 0.584314
vn -0.069628 0.607988 0.790887
v -0.260124 0.175133 0.169314 0.584314 0.584314 0.584314
vn 0.170219 0.959025 0.226485
v -0.249307 0.175477 0.163794 0.584314 0.584314 0.584314
vn -0.873285 0.483608 0.059142
v -0.147983 0.182801 0.096071 0.584314 0.584314 0.584314
vn -0.014703 0.319878 0.947345
v -0.101982 0.187831 0.110899 0.584314 0.584314 0.584314
vn -0.972078 -0.182204 0.147871
v -0.156062 0.194256 0.047546 0.584314 0.584314 0.584314
vn -0.461680 -0.877295 0.131168
v -0.158823 0.178637 0.016568 0.584314 0.584314 0.584314
vn -0.684352 0.719987 0.115243
v -0.149849 0.179845 0.109501 0.584314 0.584314 0.584314
vn 0.218039 0.430084 -0.876063
v -0.102595 0.183767 -0.077026 0.584314 0.584314 0.584314
vn 0.675344 0.288233 0.678846
v -0.018151 0.177082 0.060289 0.584314 0.584314 0.584314
vn -0.994800 0.013892 0.100899
v -0.149904 0.175266 0.078642 0.584314 0.584314 0.584314
vn 0.873763 0.343377 0.344429
v 0.008032 0.184143 0.024049 0.584314 0.584314 0.584314
vn 0.592306 0.279529 0.755670
v -0.056691 0.184589 0.099247 0.584314 0.584314 0.584314
vn 0.344074 0.391597 0.853384
v -0.113671 0.182686 0.120366 0.584314 0.584314 0.584314
vn 0.098956 0.529510 0.842512
v -0.117047 0.190643 0.117701 0.584314 0.584314 0.584314
vn 0.472075 -0.010155 0.881500
v -0.035137 0.179173 0.087810 0.584314 0.584314 0.584314
vn -0.749251 -0.122614 -0.650837
v -0.157107 0.189354 -0.056979 0.584314 0.584314 0.584314
vn -0.852633 -0.372944 -0.365964
v -0.168919 0.188215 0.007853 0.584314 0.584314 0.584314
vn -0.930321 -0.228409 -0.286934
v -0.168315 0.195550 0.002589 0.584314 0.584314 0.584314
vn -0.965894 -0.258900 0.004437
v -0.165985 0.186748 -0.009232 0.584314 0.584314 0.584314
vn -0.420627 0.744104 0.519020
v -0.141761 0.182663 0.117063 0.584314 0.584314 0.584314
vn 0.204843 0.455061 -0.866579
v -0.053034 0.183735 -0.067623 0.584314 0.584314 0.584314
vn 0.619178 -0.009501 0.785194
v -0.065161 0.182244 0.106751 0.584314 0.584314 0.584314
vn -0.317842 0.623306 0.714469
v -0.132678 0.187266 0.117612 0.584314 0.584314 0.584314
vn -0.133794 0.544928 -0.827739
v -0.118820 0.186425 -0.077670 0.584314 0.584314 0.584314
vn -0.014718 0.159630 -0.987067
v -0.112383 0.178112 -0.081273 0.584314 0.584314 0.584314
vn -0.881879 -0.170093 -0.439725
v -0.165198 0.184112 -0.045295 0.584314 0.584314 0.584314
vn -0.965355 -0.230254 0.122776
v -0.167132 0.181568 -0.022053 0.584314 0.584314 0.584314
vn 0.510687 0.716659 0.474971
v 0.027790 0.178145 0.016362 0.584314 0.584314 0.584314
vn -0.001895 0.729177 -0.684322
v 0.013449 0.184433 -0.012249 0.584314 0.584314 0.584314
vn 0.609469 0.453622 -0.650211
v 0.000638 0.187611 -0.020450 0.584314 0.584314 0.584314
vn 0.322774 0.615660 -0.718874
v 0.005806 0.180339 -0.018894 0.584314 0.584314 0.584314
vn 0.597226 0.634144 0.491103
v 0.011225 0.181484 0.017796 0.584314 0.584314 0.584314
vn 0.139188 0.378788 0.914957
v -0.105362 0.192261 0.108853 0.584314 0.584314 0.584314
vn 0.505195 0.717288 0.479871
v 0.012176 0.185909 0.011342 0.584314 0.584314 0.584314
vn -0.446815 -0.122312 -0.886226
v -0.140579 0.184140 -0.069772 0.584314 0.584314 0.584314
vn -0.664373 -0.685052 -0.298852
v -0.168660 0.184764 0.010614 0.584314 0.584314 0.584314
vn 0.886575 0.377431 0.267451
v 0.004121 0.183871 0.035759 0.584314 0.584314 0.584314
vn 0.357916 0.785361 -0.505079
v -0.008277 0.190056 -0.028330 0.584314 0.584314 0.584314
vn -0.878262 -0.054162 0.475102
v -0.146695 0.189733 0.084774 0.584314 0.584314 0.584314
vn 0.420912 0.406882 0.810728
v -0.041902 0.192702 0.084305 0.584314 0.584314 0.584314
vn -0.055859 0.255612 0.965164
v -0.087485 0.186821 0.116861 0.584314 0.584314 0.584314
vn 0.054437 0.719226 -0.692641
v -0.104461 0.190027 -0.072741 0.584314 0.584314 0.584314
vn -0.943721 -0.049054 0.327085
v -0.155382 0.195234 0.074633 0.584314 0.584314 0.584314
vn -0.654434 0.627103 0.422442
v -0.141253 0.189037 0.108412 0.584314 0.584314 0.584314
vn 0.038573 0.881932 -0.469795
v -0.016247 0.184595 -0.039899 0.584314 0.584314 0.584314
vn 0.545829 0.680916 -0.488287
v -0.028008 0.185378 -0.036359 0.584314 0.584314 0.584314
vn -0.085937 0.693415 -0.715395
v 0.025145 0.187266 -0.013460 0.584314 0.584314 0.584314
vn -0.859539 -0.505109 0.077832
v -0.172372 0.185232 0.016019 0.584314 0.584314 0.584314
vn 0.613285 0.536367 0.579820
v -0.028836 0.198301 0.074746 0.584314 0.584314 0.584314
vn -0.934282 -0.278629 0.222448
v -0.166565 0.183638 -0.015716 0.584314 0.584314 0.584314
vn 0.731375 0.291414 0.616578
v 0.037711 0.187237 0.002976 0.584314 0.584314 0.584314
vn 0.779982 0.455214 0.429427
v -0.018459 0.183433 0.056633 0.584314 0.584314 0.584314
vn 0.224508 0.841048 -0.492173
v -0.024302 0.187231 -0.026780 0.584314 0.584314 0.584314
vn -0.903900 0.279364 -0.323913
v -0.165506 0.191166 -0.043390 0.584314 0.584314 0.584314
vn -0.646963 -0.032200 -0.761841
v -0.150310 0.187970 -0.063668 0.584314 0.584314 0.584314
vn 0.192062 0.545236 -0.815984
v -0.075031 0.188889 -0.065961 0.584314 0.584314 0.584314
vn -0.998159 0.037898 0.047351
v -0.156493 0.192789 0.065753 0.584314 0.584314 0.584314
vn -0.962037 0.057746 0.266741
v -0.155976 0.201763 0.052033 0.584314 0.584314 0.584314
vn 0.078167 0.671668 -0.736717
v 0.029718 0.189596 -0.012339 0.584314 0.584314 0.584314
vn 0.518834 0.737063 0.433069
v 0.000035 0.189959 0.033648 0.584314 0.584314 0.584314
vn -0.994931 -0.012629 -0.099760
v -0.168236 0.190124 -0.025825 0.584314 0.584314 0.584314
vn 0.703010 0.326371 -0.631869
v 0.036233 0.185658 -0.012358 0.584314 0.584314 0.584314
vn 0.496424 0.377950 0.781483
v -0.076242 0.188967 0.111985 0.584314 0.584314 0.584314
vn 0.212387 0.693344 0.688597
v 0.025379 0.184553 0.008948 0.584314 0.584314 0.584314
vn -0.706632 0.293910 -0.643652
v -0.162383 0.202038 -0.032582 0.584314 0.584314 0.584314
vn -0.185248 0.659573 -0.728455
v -0.123514 0.189866 -0.072934 0.584314 0.584314 0.584314
vn 0.505487 0.428874 0.748699
v -0.055415 0.191610 0.091868 0.584314 0.584314 0.584314
vn 0.179714 0.649235 -0.739051
v 0.015107 0.190141 -0.007877 0.584314 0.584314 0.584314
vn 0.669835 0.491299 -0.556728
v -0.033920 0.189682 -0.042712 0.584314 0.584314 0.584314
vn 0.788129 0.355602 -0.502394
v -0.027232 0.192226 -0.028422 0.584314 0.584314 0.584314
vn 0.898307 0.415564 0.142659
v -0.022076 0.195429 0.060642 0.584314 0.584314 0.584314
vn 0.667847 0.682947 0.295912
v -0.018073 0.185956 0.051648 0.584314 0.584314 0.584314
vn 0.826041 0.563551 0.008101
v -0.022659 0.195464 0.050566 0.584314 0.584314 0.584314
vn 0.769059 0.433432 -0.469771
v -0.037453 0.187055 -0.049294 0.584314 0.584314 0.584314
vn 0.812428 0.583008 0.007861
v 0.038004 0.190116 -0.000822 0.584314 0.584314 0.584314
vn -0.143440 0.786206 -0.601087
v 0.024109 0.190977 -0.009146 0.584314 0.584314 0.584314
vn -0.212740 0.601202 -0.770258
v -0.134475 0.190504 -0.069216 0.584314 0.584314 0.584314
vn -0.115442 0.611590 -0.782708
v 0.026353 0.189078 -0.012080 0.584314 0.584314 0.584314
vn -0.010825 0.965675 -0.259528
v 0.023179 0.194321 -0.003539 0.584314 0.584314 0.584314
vn 0.312962 0.878229 -0.361620
v 0.033684 0.191248 -0.008429 0.584314 0.584314 0.584314
vn 0.143863 0.713842 -0.685371
v -0.066988 0.192007 -0.061793 0.584314 0.584314 0.584314
vn -0.869632 -0.454178 -0.193555
v -0.168139 0.199404 -0.002893 0.584314 0.584314 0.584314
vn -0.292795 0.621604 -0.726553
v -0.148492 0.194647 -0.062771 0.584314 0.584314 0.584314
vn -0.693774 0.425771 -0.580858
v -0.158109 0.195364 -0.053890 0.584314 0.584314 0.584314
vn -0.237198 0.151711 0.959542
v -0.100528 0.199519 0.110761 0.584314 0.584314 0.584314
vn 0.360767 0.670521 0.648266
v -0.040685 0.200454 0.080299 0.584314 0.584314 0.584314
vn -0.853605 -0.285594 0.435654
v -0.163790 0.199132 0.031751 0.584314 0.584314 0.584314
vn 0.395730 0.804166 -0.443526
v -0.041833 0.194780 -0.045439 0.584314 0.584314 0.584314
vn 0.419679 0.705736 -0.570795
v -0.046871 0.189891 -0.060284 0.584314 0.584314 0.584314
vn 0.174485 0.492775 -0.852483
v 0.001827 0.198318 -0.014248 0.584314 0.584314 0.584314
vn 0.090705 0.809447 -0.580145
v -0.008853 0.194428 -0.020018 0.584314 0.584314 0.584314
vn -0.787189 -0.528420 -0.317972
v -0.171249 0.198656 0.005609 0.584314 0.584314 0.584314
vn 0.506789 0.331929 -0.795606
v 0.009505 0.188927 -0.010785 0.584314 0.584314 0.584314
vn 0.568304 0.555420 0.607074
v 0.013220 0.188656 0.003790 0.584314 0.584314 0.584314
vn 0.221456 0.801543 -0.555415
v -0.078991 0.202411 -0.052168 0.584314 0.584314 0.584314
vn 0.360428 0.512476 0.779397
v -0.083547 0.199032 0.110349 0.584314 0.584314 0.584314
vn 0.288028 0.868004 0.404487
v 0.033479 0.191928 0.001716 0.584314 0.584314 0.584314
vn 0.566604 0.443475 0.694471
v -0.063740 0.195982 0.095360 0.584314 0.584314 0.584314
vn -0.052332 0.709304 0.702958
v -0.122101 0.196590 0.113506 0.584314 0.584314 0.584314
vn -0.947059 0.307786 0.091366
v -0.153946 0.206168 0.071755 0.584314 0.584314 0.584314
vn -0.602237 -0.737766 0.304979
v -0.180277 0.202948 0.016316 0.584314 0.584314 0.584314
vn 0.538621 0.746130 0.391378
v -0.018134 0.190603 0.038263 0.584314 0.584314 0.584314
vn -0.399867 0.696183 0.596184
v -0.133627 0.195464 0.109415 0.584314 0.584314 0.584314
vn -0.567450 0.648658 0.507192
v -0.136474 0.195636 0.106222 0.584314 0.584314 0.584314
vn 0.213127 0.813838 -0.540597
v -0.067962 0.204613 -0.043655 0.584314 0.584314 0.584314
vn 0.208123 0.927736 -0.309824
v -0.052494 0.196768 -0.041983 0.584314 0.584314 0.584314
vn 0.324782 0.612338 0.720804
v -0.113126 0.193213 0.114230 0.584314 0.584314 0.584314
vn 0.300116 0.913798 0.273684
v 0.018155 0.194083 -0.000258 0.584314 0.584314 0.584314
vn 0.531708 0.742085 0.408161
v -0.017091 0.195188 0.029035 0.584314 0.584314 0.584314
vn 0.718316 0.558274 0.415153
v 0.005037 0.196118 0.018483 0.584314 0.584314 0.584314
vn -0.472196 0.735713 -0.485548
v -0.152513 0.205327 -0.045083 0.584314 0.584314 0.584314
vn -0.807054 0.271022 0.524606
v -0.141479 0.198829 0.093279 0.584314 0.584314 0.584314
vn 0.887346 0.391030 0.244364
v 0.013827 0.198635 -0.000924 0.584314 0.584314 0.584314
vn 0.439239 0.663631 0.605528
v -0.054701 0.203847 0.086086 0.584314 0.584314 0.584314
vn -0.198623 0.666987 -0.718107
v -0.131289 0.211818 -0.048085 0.584314 0.584314 0.584314
vn -0.118270 0.688029 -0.715980
v -0.135439 0.201763 -0.053757 0.584314 0.584314 0.584314
vn -0.964712 -0.261516 0.030659
v -0.167538 0.198484 -0.015531 0.584314 0.584314 0.584314
vn 0.679033 0.394169 -0.619310
v -0.026548 0.205297 -0.021052 0.584314 0.584314 0.584314
vn -0.087051 0.734397 -0.673115
v -0.114215 0.196367 -0.061417 0.584314 0.584314 0.584314
vn 0.466660 0.833675 0.295322
v -0.028441 0.204524 0.041247 0.584314 0.584314 0.584314
vn 0.699658 0.462302 0.544754
v 0.007628 0.200986 0.008025 0.584314 0.584314 0.584314
vn 0.615915 0.706306 0.348971
v -0.016474 0.200581 0.017864 0.584314 0.584314 0.584314
vn -0.790777 -0.442722 0.422692
v -0.164362 0.209575 0.035209 0.584314 0.584314 0.584314
vn 0.681967 0.245152 -0.689073
v 0.010982 0.197394 -0.009000 0.584314 0.584314 0.584314
vn 0.184975 0.872865 0.451544
v -0.003531 0.195249 0.026350 0.584314 0.584314 0.584314
vn 0.284805 0.891188 -0.353087
v -0.055753 0.196035 -0.052268 0.584314 0.584314 0.584314
vn -0.660523 0.008261 0.750760
v -0.146660 0.208510 0.092420 0.584314 0.584314 0.584314
vn 0.293414 0.794280 0.532003
v 0.001847 0.198139 0.017776 0.584314 0.584314 0.584314
vn 0.549029 0.833400 -0.063331
v -0.029649 0.203488 0.053068 0.584314 0.584314 0.584314
vn -0.097246 0.235543 0.966986
v -0.112952 0.201865 0.106155 0.584314 0.584314 0.584314
vn -0.540014 0.137639 0.830325
v -0.135698 0.204265 0.097421 0.584314 0.584314 0.584314
vn 0.420048 0.637929 -0.645451
v -0.020302 0.195160 -0.016588 0.584314 0.584314 0.584314
vn -0.941751 -0.275963 -0.192224
v -0.175285 0.209581 -0.017347 0.584314 0.584314 0.584314
vn -0.913535 0.039175 0.404868
v -0.152694 0.204944 0.083693 0.584314 0.584314 0.584314
vn 0.090807 0.708762 -0.699578
v -0.096427 0.196800 -0.064849 0.584314 0.584314 0.584314
vn -0.171600 0.563072 0.808395
v -0.121315 0.202560 0.105087 0.584314 0.584314 0.584314
vn 0.426562 0.715152 0.553718
v -0.015849 0.205196 0.006775 0.584314 0.584314 0.584314
vn 0.233347 0.645668 0.727091
v -0.096861 0.213010 0.105715 0.584314 0.584314 0.584314
vn -0.770611 -0.422083 0.477499
v -0.161929 0.209874 0.040815 0.584314 0.584314 0.584314
vn 0.842860 0.415173 0.342371
v -0.018929 0.207892 0.012500 0.584314 0.584314 0.584314
vn 0.573176 0.721606 -0.388271
v -0.058297 0.200727 -0.041332 0.584314 0.584314 0.584314
vn 0.427824 0.785487 -0.447187
v -0.051406 0.203117 -0.022851 0.584314 0.584314 0.584314
vn 0.037629 0.873389 -0.485567
v -0.039557 0.202172 -0.033579 0.584314 0.584314 0.584314
vn 0.374822 0.539809 -0.753734
v -0.015450 0.204248 -0.005810 0.584314 0.584314 0.584314
vn 0.031893 0.922976 -0.383534
v -0.079387 0.206074 -0.041155 0.584314 0.584314 0.584314
vn -0.632705 -0.391985 0.667857
v -0.172716 0.207199 0.022695 0.584314 0.584314 0.584314
vn 0.392659 0.647995 0.652627
v -0.045008 0.201590 0.081285 0.584314 0.584314 0.584314
vn 0.253065 0.448609 -0.857151
v 0.004558 0.204575 -0.012311 0.584314 0.584314 0.584314
vn -0.308763 0.476570 -0.823132
v -0.153589 0.211106 -0.031358 0.584314 0.584314 0.584314
vn -0.047364 0.237100 0.970330
v -0.104101 0.209797 0.108343 0.584314 0.584314 0.584314
vn -0.095161 0.718016 -0.689490
v -0.124293 0.198376 -0.057355 0.584314 0.584314 0.584314
vn -0.806646 -0.390813 0.443383
v -0.171487 0.199231 0.017907 0.584314 0.584314 0.584314
vn -0.416297 0.295344 0.859924
v -0.126427 0.204405 0.101614 0.584314 0.584314 0.584314
vn -0.804410 -0.382459 -0.454588
v -0.176771 0.207026 0.001899 0.584314 0.584314 0.584314
vn 0.123992 0.881342 0.455920
v 0.002194 0.209057 0.005543 0.584314 0.584314 0.584314
vn -0.138058 0.854404 -0.500933
v -0.001694 0.208290 -0.007617 0.584314 0.584314 0.584314
vn 0.040090 0.721022 -0.691752
v -0.106015 0.209283 -0.054091 0.584314 0.584314 0.584314
vn 0.487670 0.575799 0.656227
v -0.071289 0.207203 0.095940 0.584314 0.584314 0.584314
vn 0.113373 0.834457 0.539284
v -0.110714 0.216809 0.105558 0.584314 0.584314 0.584314
vn -0.249006 0.241221 0.937981
v -0.118708 0.215286 0.105819 0.584314 0.584314 0.584314
vn 0.294615 0.823937 0.484075
v -0.088740 0.209771 0.103646 0.584314 0.584314 0.584314
vn 0.326577 0.811018 0.485383
v -0.045095 0.206509 0.071965 0.584314 0.584314 0.584314
vn -0.862434 -0.267611 -0.429642
v -0.169475 0.204309 -0.027223 0.584314 0.584314 0.584314
vn -0.855097 -0.398352 -0.331851
v -0.181726 0.206170 0.008305 0.584314 0.584314 0.584314
vn 0.443498 0.651976 -0.615009
v -0.035359 0.202343 -0.032161 0.584314 0.584314 0.584314
vn -0.892198 -0.334918 0.303006
v -0.173837 0.220833 0.031841 0.584314 0.584314 0.584314
vn 0.546928 0.804191 0.232694
v 0.009152 0.210630 0.000294 0.584314 0.584314 0.584314
vn -0.919125 -0.195755 0.341890
v -0.182224 0.205677 0.016685 0.584314 0.584314 0.584314
vn 0.526240 0.584280 -0.617809
v -0.049119 0.207780 -0.016645 0.584314 0.584314 0.584314
vn 0.709808 0.611087 0.350350
v -0.024384 0.206043 0.034932 0.584314 0.584314 0.584314
vn 0.491082 0.867696 -0.077085
v -0.012248 0.209700 0.000847 0.584314 0.584314 0.584314
vn -0.476429 0.010587 0.879149
v -0.135649 0.210892 0.098974 0.584314 0.584314 0.584314
vn -0.087036 0.870935 -0.483628
v -0.047396 0.204105 -0.020061 0.584314 0.584314 0.584314
vn -0.606086 0.166957 -0.777680
v -0.169938 0.211472 -0.029296 0.584314 0.584314 0.584314
vn 0.431134 0.865277 0.255771
v -0.046231 0.213038 0.063931 0.584314 0.584314 0.584314
vn -0.151422 0.871454 -0.466518
v -0.033888 0.211200 -0.018431 0.584314 0.584314 0.584314
vn 0.620333 0.702787 0.348249
v -0.025076 0.210133 0.025542 0.584314 0.584314 0.584314
vn -0.051744 0.757362 -0.650942
v -0.115171 0.211742 -0.051693 0.584314 0.584314 0.584314
vn 0.531503 0.823059 0.200197
v -0.066402 0.219006 0.072479 0.584314 0.584314 0.584314
vn -0.200165 0.805422 -0.557879
v -0.041384 0.212204 -0.009405 0.584314 0.584314 0.584314
vn 0.308056 0.852777 -0.421750
v -0.089420 0.206179 -0.053194 0.584314 0.584314 0.584314
vn 0.570806 0.804624 0.163586
v -0.029653 0.206479 0.062921 0.584314 0.584314 0.584314
vn 0.586741 0.804874 -0.088951
v -0.041554 0.209107 0.048794 0.584314 0.584314 0.584314
vn 0.552762 0.833221 0.014022
v -0.040996 0.207795 0.038139 0.584314 0.584314 0.584314
vn 0.649855 0.749781 0.124569
v -0.046949 0.215828 0.047201 0.584314 0.584314 0.584314
vn 0.325851 0.869405 0.371424
v -0.056292 0.214122 0.069224 0.584314 0.584314 0.584314
vn 0.245727 0.857286 0.452414
v -0.029695 0.212474 0.025392 0.584314 0.584314 0.584314
vn 0.646993 0.598168 -0.472859
v 0.010509 0.207728 -0.006105 0.584314 0.584314 0.584314
vn -0.799300 0.500405 0.332738
v -0.149353 0.212932 0.086079 0.584314 0.584314 0.584314
vn -0.929084 -0.289304 -0.230450
v -0.176081 0.209356 -0.001984 0.584314 0.584314 0.584314
vn -0.649091 0.585058 0.486198
v -0.141852 0.227681 0.058839 0.584314 0.584314 0.584314
vn -0.735207 0.654656 0.175772
v -0.147260 0.218071 0.072828 0.584314 0.584314 0.584314
vn 0.386828 0.771214 0.505562
v -0.075630 0.214917 0.087736 0.584314 0.584314 0.584314
vn -0.418095 -0.565738 0.710730
v -0.163828 0.218589 0.050825 0.584314 0.584314 0.584314
vn -0.760186 -0.266942 0.592334
v -0.168660 0.221178 0.048409 0.584314 0.584314 0.584314
vn -0.743351 -0.553883 0.375024
v -0.169609 0.218675 0.044785 0.584314 0.584314 0.584314
vn 0.498129 0.601542 0.624512
v -0.023128 0.215497 0.014009 0.584314 0.584314 0.584314
vn -0.940409 -0.199301 -0.275518
v -0.179819 0.221700 0.007771 0.584314 0.584314 0.584314
vn -0.911350 -0.357743 -0.203620
v -0.177030 0.221609 -0.000776 0.584314 0.584314 0.584314
vn 0.509785 0.618330 0.598154
v -0.062887 0.206924 0.089791 0.584314 0.584314 0.584314
vn 0.428517 0.795431 0.428559
v -0.056187 0.207252 0.077494 0.584314 0.584314 0.584314
vn 0.187418 0.708846 -0.680009
v -0.028765 0.212224 -0.015408 0.584314 0.584314 0.584314
vn 0.453355 0.739430 -0.497707
v -0.091796 0.213440 -0.033867 0.584314 0.584314 0.584314
vn 0.154174 0.900164 -0.407352
v -0.084697 0.209073 -0.029434 0.584314 0.584314 0.584314
vn 0.317502 0.851047 0.418224
v -0.041387 0.209182 0.029927 0.584314 0.584314 0.584314
vn 0.086692 0.781869 0.617386
v -0.087721 0.215222 0.090914 0.584314 0.584314 0.584314
vn -0.527734 0.567351 0.632147
v -0.137875 0.217009 0.095261 0.584314 0.584314 0.584314
vn -0.192043 0.868361 -0.457240
v -0.137850 0.215333 -0.040879 0.584314 0.584314 0.584314
vn 0.004457 0.926433 -0.376435
v -0.123408 0.216492 -0.043184 0.584314 0.584314 0.584314
vn 0.132745 0.922946 -0.361317
v -0.108319 0.213459 -0.047839 0.584314 0.584314 0.584314
vn 0.583511 0.803342 0.118985
v -0.050703 0.218934 0.042714 0.584314 0.584314 0.584314
vn 0.120080 0.772428 0.623647
v -0.037960 0.215368 0.024561 0.584314 0.584314 0.584314
vn -0.094153 0.775964 0.623710
v -0.033273 0.224025 0.009665 0.584314 0.584314 0.584314
vn 0.123538 0.870218 0.476926
v -0.038278 0.219193 0.013117 0.584314 0.584314 0.584314
vn -0.379979 0.675389 -0.632033
v -0.036379 0.215051 -0.009319 0.584314 0.584314 0.584314
vn 0.713052 0.324143 -0.621681
v -0.019871 0.214589 -0.009180 0.584314 0.584314 0.584314
vn -0.860274 -0.509181 0.025756
v -0.181948 0.223421 0.014497 0.584314 0.584314 0.584314
vn 0.467774 0.701267 0.537970
v -0.044007 0.212044 0.026842 0.584314 0.584314 0.584314
vn 0.625247 0.522347 -0.579845
v -0.058789 0.213078 -0.030753 0.584314 0.584314 0.584314
vn 0.149660 0.935834 0.319086
v -0.054586 0.218244 0.052378 0.584314 0.584314 0.584314
vn 0.133525 0.968696 -0.209281
v -0.117825 0.215301 -0.042971 0.584314 0.584314 0.584314
vn 0.899538 0.288498 0.328024
v -0.015837 0.216550 0.003034 0.584314 0.584314 0.584314
vn -0.390400 0.880118 0.270149
v -0.141982 0.220391 0.085026 0.584314 0.584314 0.584314
vn -0.404943 0.309049 0.860529
v -0.129606 0.215906 0.101671 0.584314 0.584314 0.584314
vn 0.033232 0.939912 -0.339794
v -0.107114 0.215415 -0.038006 0.584314 0.584314 0.584314
vn -0.547479 -0.288064 0.785676
v -0.155458 0.218762 0.052982 0.584314 0.584314 0.584314
vn -0.180566 0.834297 -0.520907
v -0.070540 0.214298 -0.032775 0.584314 0.584314 0.584314
vn 0.036979 0.591123 -0.805733
v -0.043017 0.215649 -0.004301 0.584314 0.584314 0.584314
vn -0.820660 -0.290459 -0.492088
v -0.173936 0.221237 -0.017359 0.584314 0.584314 0.584314
vn 0.604139 0.794564 -0.060701
v -0.073829 0.221264 0.055225 0.584314 0.584314 0.584314
vn -0.048131 0.931964 -0.359343
v -0.114911 0.216314 -0.026240 0.584314 0.584314 0.584314
vn -0.153510 0.876129 0.456983
v -0.124221 0.219867 0.100048 0.584314 0.584314 0.584314
vn -0.129331 0.809555 -0.572620
v -0.099715 0.222173 -0.030057 0.584314 0.584314 0.584314
vn 0.502903 0.774608 0.383498
v -0.045887 0.217646 0.023395 0.584314 0.584314 0.584314
vn 0.673429 0.327566 -0.662717
v -0.049458 0.221500 -0.007972 0.584314 0.584314 0.584314
vn 0.189094 0.724925 -0.662365
v -0.131192 0.219717 -0.029193 0.584314 0.584314 0.584314
vn 0.457336 0.661682 0.594156
v -0.022997 0.225830 0.007906 0.584314 0.584314 0.584314
vn -0.081790 0.975659 0.203471
v -0.064423 0.216691 0.051601 0.584314 0.584314 0.584314
vn 0.220689 0.974864 -0.030590
v -0.063294 0.216512 0.059139 0.584314 0.584314 0.584314
vn 0.294697 0.955585 0.003452
v -0.068910 0.217122 0.052292 0.584314 0.584314 0.584314
vn 0.376359 0.769918 0.515344
v -0.081310 0.227962 0.077188 0.584314 0.584314 0.584314
vn 0.149217 0.902242 0.404591
v -0.100188 0.216397 0.088739 0.584314 0.584314 0.584314
vn -0.140775 0.595357 -0.791033
v -0.137965 0.220073 -0.030104 0.584314 0.584314 0.584314
vn 0.513515 0.855159 -0.070748
v -0.074260 0.224025 0.069377 0.584314 0.584314 0.584314
vn -0.617184 -0.103800 0.779942
v -0.163621 0.228373 0.055591 0.584314 0.584314 0.584314
vn 0.432179 0.878160 0.205076
v -0.070205 0.219020 0.038227 0.584314 0.584314 0.584314
vn -0.104131 0.964626 0.242185
v -0.065027 0.218244 0.042714 0.584314 0.584314 0.584314
vn 0.133643 0.948447 0.287381
v -0.054320 0.219988 0.050046 0.584314 0.584314 0.584314
vn -0.321940 0.824589 -0.465197
v -0.066665 0.224858 -0.015806 0.584314 0.584314 0.584314
vn -0.207513 0.421612 -0.882713
v -0.158891 0.223485 -0.028606 0.584314 0.584314 0.584314
vn 0.545665 0.767624 0.336160
v -0.051791 0.225986 0.016281 0.584314 0.584314 0.584314
vn 0.096004 0.975605 0.197430
v -0.118792 0.220128 0.089846 0.584314 0.584314 0.584314
vn 0.393090 0.627438 -0.672162
v -0.124964 0.220265 -0.025766 0.584314 0.584314 0.584314
vn 0.368968 0.692034 -0.620445
v -0.082497 0.214119 -0.022167 0.584314 0.584314 0.584314
vn -0.217729 0.944038 0.247764
v -0.065976 0.223335 0.031151 0.584314 0.584314 0.584314
vn -0.110303 0.812294 -0.572724
v -0.076858 0.218133 -0.015146 0.584314 0.584314 0.584314
vn 0.021055 0.670927 0.741224
v -0.096526 0.230212 0.078206 0.584314 0.584314 0.584314
vn 0.882950 0.469188 0.016195
v -0.017345 0.226069 0.000907 0.584314 0.584314 0.584314
vn -0.016180 0.789021 0.614153
v -0.113880 0.220779 0.085027 0.584314 0.584314 0.584314
vn -0.274722 0.887184 0.370718
v -0.138111 0.223280 0.079088 0.584314 0.584314 0.584314
vn -0.347839 0.774772 -0.527956
v -0.036815 0.225937 -0.001459 0.584314 0.584314 0.584314
vn -0.470090 0.760214 0.448431
v -0.135960 0.229374 0.072670 0.584314 0.584314 0.584314
vn -0.775380 -0.354782 0.522413
v -0.177406 0.222419 0.022686 0.584314 0.584314 0.584314
vn 0.735852 0.670501 0.094604
v -0.076935 0.226873 0.037795 0.584314 0.584314 0.584314
vn 0.326144 0.773281 0.543753
v -0.043156 0.221655 0.008092 0.584314 0.584314 0.584314
vn 0.133156 0.864164 0.485272
v -0.057523 0.227013 0.017545 0.584314 0.584314 0.584314
vn 0.670197 0.720089 -0.179745
v -0.040499 0.227706 0.000508 0.584314 0.584314 0.584314
vn -0.098480 0.943009 0.317861
v -0.118516 0.236289 0.071461 0.584314 0.584314 0.584314
vn -0.126479 0.575262 -0.808131
v -0.027627 0.223309 -0.009196 0.584314 0.584314 0.584314
vn 0.474467 0.879203 0.043395
v -0.078575 0.225061 0.061266 0.584314 0.584314 0.584314
vn -0.342121 0.789157 -0.510082
v -0.101182 0.231101 -0.014323 0.584314 0.584314 0.584314
vn -0.093770 0.991905 0.085627
v -0.070118 0.221695 0.025370 0.584314 0.584314 0.584314
vn -0.311848 0.886341 0.342274
v -0.063040 0.226103 0.026202 0.584314 0.584314 0.584314
vn -0.819075 0.121688 0.560632
v -0.168229 0.229720 0.049617 0.584314 0.584314 0.584314
vn 0.315194 0.689577 -0.652025
v -0.092989 0.227029 -0.022198 0.584314 0.584314 0.584314
vn 0.590864 0.355668 -0.724140
v -0.047601 0.232749 -0.006001 0.584314 0.584314 0.584314
vn 0.630976 0.774513 0.044712
v -0.073647 0.223969 0.028908 0.584314 0.584314 0.584314
vn 0.300374 0.766935 -0.567086
v -0.058091 0.223358 -0.019935 0.584314 0.584314 0.584314
vn -0.923552 -0.129371 0.360991
v -0.172275 0.224107 0.042807 0.584314 0.584314 0.584314
vn 0.369671 0.773753 0.514442
v -0.074474 0.224216 0.018333 0.584314 0.584314 0.584314
vn -0.814096 0.391248 0.429153
v -0.149521 0.218389 0.060013 0.584314 0.584314 0.584314
vn 0.619842 0.778667 0.097331
v -0.080731 0.230321 0.048579 0.584314 0.584314 0.584314
vn -0.066893 0.767733 -0.637269
v -0.109940 0.222951 -0.018290 0.584314 0.584314 0.584314
vn 0.044690 0.622871 -0.781047
v -0.059505 0.230669 -0.008887 0.584314 0.584314 0.584314
vn 0.496279 0.451065 -0.741787
v -0.082881 0.233290 -0.008518 0.584314 0.584314 0.584314
vn -0.132816 0.991048 0.013582
v -0.028017 0.231954 0.001913 0.584314 0.584314 0.584314
vn -0.038074 0.379852 -0.924264
v -0.135085 0.234549 -0.027535 0.584314 0.584314 0.584314
vn -0.184579 0.731127 -0.656798
v -0.071912 0.228379 -0.004139 0.584314 0.584314 0.584314
vn 0.499752 0.420609 -0.757190
v -0.076761 0.231545 -0.004123 0.584314 0.584314 0.584314
vn -0.351184 0.128893 0.927392
v -0.151411 0.223213 0.055969 0.584314 0.584314 0.584314
vn -0.014079 0.964756 0.262771
v -0.058262 0.226784 0.028849 0.584314 0.584314 0.584314
vn 0.316818 0.929288 0.189870
v -0.089328 0.232763 0.075442 0.584314 0.584314 0.584314
vn -0.924550 -0.339848 -0.172367
v -0.185758 0.231471 -0.001910 0.584314 0.584314 0.584314
vn 0.620200 0.369282 -0.692086
v -0.116363 0.228759 -0.017233 0.584314 0.584314 0.584314
vn -0.063672 0.945228 0.320140
v -0.058497 0.240615 0.004624 0.584314 0.584314 0.584314
vn -0.305081 0.537302 -0.786278
v -0.149159 0.232913 -0.022693 0.584314 0.584314 0.584314
vn 0.219534 0.972389 -0.079144
v -0.094452 0.231705 0.062387 0.584314 0.584314 0.584314
vn -0.039728 0.833519 -0.551061
v -0.053077 0.240525 -0.005520 0.584314 0.584314 0.584314
vn 0.527830 0.791396 0.308363
v -0.083048 0.237155 0.029361 0.584314 0.584314 0.584314
vn 0.600005 0.758591 0.254033
v -0.048653 0.239075 0.005761 0.584314 0.584314 0.584314
vn 0.271519 0.930891 0.244374
v -0.069169 0.238004 0.007508 0.584314 0.584314 0.584314
vn 0.861055 0.385366 0.331779
v -0.076240 0.232207 0.017472 0.584314 0.584314 0.584314
vn -0.169622 -0.161020 0.972266
v -0.158704 0.228582 0.057941 0.584314 0.584314 0.584314
vn -0.563949 0.306443 0.766847
v -0.162275 0.235070 0.055312 0.584314 0.584314 0.584314
vn 0.404000 0.414464 -0.815478
v -0.127664 0.237663 -0.025088 0.584314 0.584314 0.584314
vn -0.828784 -0.520703 -0.204902
v -0.186153 0.229264 0.005279 0.584314 0.584314 0.584314
vn 0.006217 0.800988 -0.598648
v -0.067098 0.236106 0.003193 0.584314 0.584314 0.584314
vn 0.065872 0.639054 -0.766336
v -0.106292 0.235130 -0.001639 0.584314 0.584314 0.584314
vn -0.104159 0.522438 0.846291
v -0.155169 0.238197 0.056843 0.584314 0.584314 0.584314
vn 0.559042 0.569932 -0.602204
v -0.120989 0.241710 -0.017531 0.584314 0.584314 0.584314
vn 0.602731 0.219260 -0.767229
v -0.112227 0.238781 -0.006212 0.584314 0.584314 0.584314
vn -0.891930 -0.386169 -0.235232
v -0.187405 0.244870 0.002504 0.584314 0.584314 0.584314
vn 0.473797 0.774940 -0.418310
v -0.020867 0.227963 -0.005918 0.584314 0.584314 0.584314
vn -0.405273 0.827000 0.389648
v -0.136199 0.232567 0.061563 0.584314 0.584314 0.584314
vn 0.288418 0.943141 0.165230
v -0.084023 0.231751 0.047807 0.584314 0.584314 0.584314
vn 0.150804 0.986545 -0.063142
v -0.103773 0.229901 0.049220 0.584314 0.584314 0.584314
vn 0.139007 0.976422 -0.165156
v -0.109466 0.233344 0.059799 0.584314 0.584314 0.584314
vn -0.001076 0.997823 -0.065942
v -0.096370 0.231172 0.058097 0.584314 0.584314 0.584314
vn -0.787978 -0.358093 0.500860
v -0.175287 0.232087 0.032506 0.584314 0.584314 0.584314
vn 0.023264 -0.074203 -0.996972
v -0.171060 0.237629 -0.025555 0.584314 0.584314 0.584314
vn -0.546902 -0.199478 -0.813085
v -0.180476 0.233204 -0.022766 0.584314 0.584314 0.584314
vn -0.600107 -0.293694 0.744054
v -0.171508 0.238781 0.044267 0.584314 0.584314 0.584314
vn -0.160846 0.210424 0.964287
v -0.161845 0.244187 0.048585 0.584314 0.584314 0.584314
vn -0.860817 -0.388625 -0.328579
v -0.182473 0.230621 -0.017582 0.584314 0.584314 0.584314
vn 0.479452 0.534967 0.695656
v -0.051312 0.230005 0.012140 0.584314 0.584314 0.584314
vn -0.233624 0.227948 -0.945230
v -0.163409 0.228568 -0.022495 0.584314 0.584314 0.584314
vn -0.879158 -0.292922 -0.375869
v -0.184451 0.244476 -0.009664 0.584314 0.584314 0.584314
vn 0.473873 0.864137 0.169447
v -0.114816 0.234035 0.048236 0.584314 0.584314 0.584314
vn -0.879580 -0.447688 0.160980
v -0.191769 0.230383 0.019410 0.584314 0.584314 0.584314
vn 0.106906 0.991522 0.073864
v -0.105909 0.235909 0.071247 0.584314 0.584314 0.584314
vn -0.032054 0.953775 0.298807
v -0.104461 0.230697 0.036208 0.584314 0.584314 0.584314
vn 0.019114 0.786177 -0.617706
v -0.091597 0.237076 -0.011097 0.584314 0.584314 0.584314
vn -0.094198 0.336756 0.936868
v -0.138624 0.239009 0.054694 0.584314 0.584314 0.584314
vn 0.119266 -0.311496 -0.942733
v -0.155693 0.242691 -0.023444 0.584314 0.584314 0.584314
vn -0.000272 0.940113 0.340864
v -0.089361 0.233690 0.041592 0.584314 0.584314 0.584314
vn 0.643962 0.599367 0.475470
v -0.112135 0.235606 0.033950 0.584314 0.584314 0.584314
vn 0.462354 0.593960 0.658361
v -0.071893 0.232555 0.012386 0.584314 0.584314 0.584314
vn -0.276364 0.878258 0.390237
v -0.093910 0.239001 0.030356 0.584314 0.584314 0.584314
vn 0.031437 -0.020927 -0.999287
v -0.151379 0.237453 -0.018604 0.584314 0.584314 0.584314
vn -0.908124 0.098049 -0.407060
v -0.183569 0.237252 -0.016501 0.584314 0.584314 0.584314
vn 0.684164 0.437000 0.583909
v -0.123013 0.244476 0.047632 0.584314 0.584314 0.584314
vn 0.165900 0.871704 0.461096
v -0.125136 0.234718 0.058092 0.584314 0.584314 0.584314
vn 0.198960 0.911052 0.361109
v -0.087808 0.238867 0.031237 0.584314 0.584314 0.584314
vn 0.648877 0.433064 -0.625630
v -0.076319 0.239083 -0.002322 0.584314 0.584314 0.584314
vn -0.826344 -0.530755 -0.188294
v -0.190584 0.245265 0.010609 0.584314 0.584314 0.584314
vn -0.374766 0.727777 -0.574361
v -0.095873 0.237635 -0.007927 0.584314 0.584314 0.584314
vn -0.047743 0.836612 0.545712
v -0.100015 0.235786 0.029737 0.584314 0.584314 0.584314
vn -0.025984 0.621778 -0.782762
v -0.135313 0.242073 -0.023293 0.584314 0.584314 0.584314
vn -0.798127 -0.438262 0.413424
v -0.192092 0.249766 0.019518 0.584314 0.584314 0.584314
vn -0.807459 -0.226955 0.544519
v -0.183493 0.240288 0.031930 0.584314 0.584314 0.584314
vn -0.124075 0.649207 -0.750423
v -0.091252 0.239821 -0.007143 0.584314 0.584314 0.584314
vn 0.212919 0.716656 0.664131
v -0.101590 0.241305 0.018562 0.584314 0.584314 0.584314
vn 0.552955 0.541434 0.633317
v -0.079783 0.241369 0.016999 0.584314 0.584314 0.584314
vn -0.024847 0.830122 0.557027
v -0.093054 0.242990 0.019707 0.584314 0.584314 0.584314
vn 0.064427 0.500210 0.863504
v -0.156710 0.245626 0.045125 0.584314 0.584314 0.584314
vn 0.668372 0.561651 0.487676
v -0.114212 0.241828 0.031105 0.584314 0.584314 0.584314
vn -0.664232 -0.494144 0.560909
v -0.188740 0.254695 0.025368 0.584314 0.584314 0.584314
vn 0.011187 0.288196 -0.957506
v -0.103642 0.241303 0.000177 0.584314 0.584314 0.584314
vn 0.320687 -0.239269 -0.916466
v -0.144311 0.250372 -0.024996 0.584314 0.584314 0.584314
vn -0.441037 0.384571 -0.810920
v -0.175602 0.245343 -0.022512 0.584314 0.584314 0.584314
vn 0.427045 0.192227 -0.883562
v -0.105622 0.257604 -0.002622 0.584314 0.584314 0.584314
vn -0.189551 0.544400 0.817129
v -0.146144 0.242371 0.054188 0.584314 0.584314 0.584314
vn 0.527052 0.566561 -0.633423
v -0.133110 0.247207 -0.014240 0.584314 0.584314 0.584314
vn 0.599507 0.045031 -0.799102
v -0.140132 0.255053 -0.023057 0.584314 0.584314 0.584314
vn 0.286589 0.668029 -0.686735
v -0.120338 0.247927 -0.007938 0.584314 0.584314 0.584314
vn 0.079184 0.546975 -0.833396
v -0.097558 0.246115 -0.000258 0.584314 0.584314 0.584314
vn 0.186125 -0.012148 -0.982451
v -0.142810 0.243914 -0.020775 0.584314 0.584314 0.584314
vn 0.799965 0.599785 0.017716
v -0.076160 0.246132 0.005472 0.584314 0.584314 0.584314
vn 0.226622 0.514201 0.827188
v -0.101786 0.246892 0.015705 0.584314 0.584314 0.584314
vn 0.792564 0.518169 0.321472
v -0.120138 0.252561 0.038466 0.584314 0.584314 0.584314
vn -0.398065 -0.140762 -0.906493
v -0.180419 0.249670 -0.015986 0.584314 0.584314 0.584314
vn -0.402533 -0.418096 0.814349
v -0.174893 0.244029 0.047212 0.584314 0.584314 0.584314
vn 0.073054 0.124571 -0.989518
v -0.147735 0.254267 -0.025795 0.584314 0.584314 0.584314
vn 0.565526 0.438848 0.698279
v -0.107833 0.245062 0.020232 0.584314 0.584314 0.584314
vn -0.040897 0.380390 -0.923921
v -0.115165 0.253674 -0.004551 0.584314 0.584314 0.584314
vn 0.167522 0.533938 0.828762
v -0.135605 0.249099 0.051906 0.584314 0.584314 0.584314
vn -0.674143 -0.063798 0.735840
v -0.179656 0.248873 0.044862 0.584314 0.584314 0.584314
vn -0.781107 -0.570877 -0.252925
v -0.195582 0.252587 0.003280 0.584314 0.584314 0.584314
vn 0.296370 0.720142 -0.627344
v -0.082600 0.250926 -0.002404 0.584314 0.584314 0.584314
vn 0.490910 0.631741 0.599926
v -0.124471 0.253701 0.045627 0.584314 0.584314 0.584314
vn 0.538013 0.775345 0.330731
v -0.080256 0.250881 0.010695 0.584314 0.584314 0.584314
vn 0.680252 0.690269 -0.246547
v -0.103157 0.263112 0.005012 0.584314 0.584314 0.584314
vn -0.133639 0.227910 0.964468
v -0.152198 0.250069 0.044486 0.584314 0.584314 0.584314
vn 0.139842 0.768788 0.624026
v -0.086995 0.249993 0.013962 0.584314 0.584314 0.584314
vn 0.212156 -0.008008 0.977203
v -0.158202 0.255249 0.046567 0.584314 0.584314 0.584314
vn 0.572259 0.646457 0.504593
v -0.115471 0.254099 0.022325 0.584314 0.584314 0.584314
vn 0.073929 -0.144028 -0.986808
v -0.183721 0.263013 -0.023531 0.584314 0.584314 0.584314
vn -0.727125 -0.654154 -0.208258
v -0.200027 0.252107 0.010351 0.584314 0.584314 0.584314
vn 0.029517 0.981144 -0.191009
v -0.089187 0.252423 0.004553 0.584314 0.584314 0.584314
vn 0.521800 0.838153 0.158822
v -0.097174 0.255007 0.007844 0.584314 0.584314 0.584314
vn 0.454012 0.640617 0.619260
v -0.109100 0.264849 0.013520 0.584314 0.584314 0.584314
vn -0.246840 0.285637 -0.926003
v -0.161187 0.250241 -0.023387 0.584314 0.584314 0.584314
vn -0.092040 0.088946 0.991775
v -0.168567 0.249046 0.049366 0.584314 0.584314 0.584314
vn -0.052884 0.375273 0.925405
v -0.161671 0.258800 0.046597 0.584314 0.584314 0.584314
vn -0.262346 0.357517 0.896302
v -0.172069 0.257116 0.046640 0.584314 0.584314 0.584314
vn -0.926805 -0.172768 -0.333443
v -0.200932 0.265185 0.005178 0.584314 0.584314 0.584314
vn -0.154380 0.096022 0.983334
v -0.178529 0.261498 0.041401 0.584314 0.584314 0.584314
vn -0.741324 -0.211012 0.637113
v -0.181750 0.255841 0.039970 0.584314 0.584314 0.584314
vn -0.651549 -0.522379 -0.550094
v -0.192684 0.254019 -0.018198 0.584314 0.584314 0.584314
vn 0.029874 0.019215 -0.999369
v -0.176339 0.255272 -0.015568 0.584314 0.584314 0.584314
vn -0.895918 -0.060371 -0.440098
v -0.196359 0.261561 -0.014496 0.584314 0.584314 0.584314
vn 0.149702 0.528664 -0.835526
v -0.125621 0.254398 -0.000161 0.584314 0.584314 0.584314
vn 0.656940 0.609956 0.443153
v -0.127883 0.261154 0.022061 0.584314 0.584314 0.584314
vn 0.825774 0.293753 -0.481463
v -0.135206 0.262115 -0.014438 0.584314 0.584314 0.584314
vn -0.518222 -0.444244 0.730817
v -0.191789 0.265065 0.042001 0.584314 0.584314 0.584314
vn -0.180114 0.631596 0.754085
v -0.170731 0.261474 0.044267 0.584314 0.584314 0.584314
vn 0.569686 0.711978 0.410543
v -0.132988 0.260270 0.035497 0.584314 0.584314 0.584314
vn -0.900972 -0.379807 0.209754
v -0.205357 0.256636 0.016825 0.584314 0.584314 0.584314
vn -0.951988 -0.257037 -0.166285
v -0.198256 0.259259 -0.002364 0.584314 0.584314 0.584314
vn -0.147817 0.297383 -0.943246
v -0.166973 0.257363 -0.016111 0.584314 0.584314 0.584314
vn 0.479366 0.482343 0.733180
v -0.124549 0.260854 0.018768 0.584314 0.584314 0.584314
vn 0.583671 0.557566 -0.590296
v -0.119883 0.268614 0.005419 0.584314 0.584314 0.584314
vn 0.003684 0.526284 -0.850301
v -0.118785 0.262683 0.001726 0.584314 0.584314 0.584314
vn 0.665989 0.238078 -0.706950
v -0.130561 0.261145 -0.001775 0.584314 0.584314 0.584314
vn 0.254987 -0.245476 -0.935266
v -0.168212 0.263174 -0.016794 0.584314 0.584314 0.584314
vn -0.761736 -0.372709 0.529950
v -0.201191 0.262079 0.023299 0.584314 0.584314 0.584314
vn -0.184147 0.332952 0.924788
v -0.162823 0.269554 0.038109 0.584314 0.584314 0.584314
vn 0.347459 0.864929 0.362173
v -0.115161 0.267083 0.012081 0.584314 0.584314 0.584314
vn -0.866276 -0.077602 0.493502
v -0.197135 0.270449 0.036501 0.584314 0.584314 0.584314
vn -0.528498 0.034134 -0.848248
v -0.190750 0.266738 -0.020536 0.584314 0.584314 0.584314
vn 0.253703 0.950268 -0.180623
v -0.112141 0.267083 0.007853 0.584314 0.584314 0.584314
vn -0.860560 -0.347190 0.372687
v -0.204048 0.273798 0.018934 0.584314 0.584314 0.584314
vn 0.560291 0.535344 -0.632045
v -0.133991 0.268927 -0.004588 0.584314 0.584314 0.584314
vn 0.401658 0.602755 -0.689461
v -0.142956 0.266649 -0.020015 0.584314 0.584314 0.584314
vn -0.033221 0.359171 0.932680
v -0.152113 0.266413 0.045858 0.584314 0.584314 0.584314
vn 0.499709 0.615343 0.609627
v -0.141987 0.270384 0.040518 0.584314 0.584314 0.584314
vn -0.836187 -0.386851 -0.388766
v -0.196418 0.273812 -0.012298 0.584314 0.584314 0.584314
vn -0.149266 -0.395891 -0.906085
v -0.194547 0.278819 -0.019501 0.584314 0.584314 0.584314
vn -0.055448 -0.100102 -0.993431
v -0.161891 0.265233 -0.015238 0.584314 0.584314 0.584314
vn 0.149107 0.697367 -0.701033
v -0.108449 0.263467 -0.001273 0.584314 0.584314 0.584314
vn 0.203467 0.374069 0.904806
v -0.139803 0.258395 0.044719 0.584314 0.584314 0.584314
vn 0.033411 0.105172 -0.993893
v -0.178065 0.270362 -0.021658 0.584314 0.584314 0.584314
vn -0.201429 0.361371 -0.910405
v -0.150715 0.265475 -0.022027 0.584314 0.584314 0.584314
vn 0.445873 0.764285 0.465903
v -0.128608 0.281237 0.015871 0.584314 0.584314 0.584314
vn -0.877368 -0.419908 -0.232171
v -0.202614 0.271035 0.010096 0.584314 0.584314 0.584314
vn 0.369428 0.342542 0.863822
v -0.155456 0.277858 0.037715 0.584314 0.584314 0.584314
vn 0.388792 0.676710 0.625223
v -0.134749 0.278819 0.019674 0.584314 0.584314 0.584314
vn 0.082423 0.091552 -0.992383
v -0.188679 0.278646 -0.017775 0.584314 0.584314 0.584314
vn -0.065992 -0.115754 0.991083
v -0.185221 0.267874 0.045048 0.584314 0.584314 0.584314
vn 0.789909 0.514528 0.333624
v -0.121115 0.272753 0.010830 0.584314 0.584314 0.584314
vn -0.605662 0.041693 0.794629
v -0.192285 0.274372 0.042303 0.584314 0.584314 0.584314
vn -0.064667 0.142683 0.987654
v -0.167656 0.268938 0.036774 0.584314 0.584314 0.584314
vn 0.042536 0.050269 0.997830
v -0.171628 0.281030 0.041621 0.584314 0.584314 0.584314
vn 0.369257 -0.007215 -0.929300
v -0.157147 0.272847 -0.017351 0.584314 0.584314 0.584314
vn 0.734164 0.410805 -0.540594
v -0.150130 0.272724 -0.012058 0.584314 0.584314 0.584314
vn 0.636780 0.586477 0.500556
v -0.136719 0.272956 0.027974 0.584314 0.584314 0.584314
vn 0.629449 0.574037 0.523713
v -0.146212 0.281400 0.021888 0.584314 0.584314 0.584314
vn 0.344812 -0.480023 -0.806649
v -0.159592 0.274871 -0.021396 0.584314 0.584314 0.584314
vn -0.709848 -0.465390 0.528703
v -0.199706 0.279181 0.030626 0.584314 0.584314 0.584314
vn 0.293801 0.706324 -0.644040
v -0.142809 0.275803 0.000265 0.584314 0.584314 0.584314
vn 0.725296 -0.075366 -0.684300
v -0.152666 0.281295 -0.020466 0.584314 0.584314 0.584314
vn -0.031230 -0.190995 -0.981094
v -0.169602 0.275881 -0.022095 0.584314 0.584314 0.584314
vn -0.103676 0.368762 0.923724
v -0.185689 0.278800 0.043646 0.584314 0.584314 0.584314
vn 0.708107 0.598758 0.374264
v -0.139063 0.283392 0.012426 0.584314 0.584314 0.584314
vn 0.474063 0.791030 -0.386699
v -0.125187 0.282480 0.006084 0.584314 0.584314 0.584314
vn -0.151093 0.146506 0.977603
v -0.173209 0.298063 0.038199 0.584314 0.584314 0.584314
vn -0.846460 -0.447352 -0.288758
v -0.204956 0.282180 -0.012655 0.584314 0.584314 0.584314
vn 0.765355 0.455214 0.454986
v -0.153964 0.295202 0.029888 0.584314 0.584314 0.584314
vn 0.536607 0.460451 0.707134
v -0.159730 0.295227 0.040255 0.584314 0.584314 0.584314
vn -0.682978 -0.572249 0.453952
v -0.208784 0.284514 0.026750 0.584314 0.584314 0.584314
vn 0.676188 0.558436 0.480540
v -0.148468 0.278646 0.029166 0.584314 0.584314 0.584314
vn -0.843763 -0.532686 0.065654
v -0.216341 0.280297 0.014491 0.584314 0.584314 0.584314
vn -0.462508 -0.458720 -0.758725
v -0.200480 0.280432 -0.019711 0.584314 0.584314 0.584314
vn -0.767304 -0.535699 -0.352521
v -0.208717 0.278695 0.004333 0.584314 0.584314 0.584314
vn -0.916372 -0.132832 -0.377647
v -0.209080 0.290038 -0.000887 0.584314 0.584314 0.584314
vn -0.993114 -0.094875 -0.068721
v -0.217184 0.284500 0.014578 0.584314 0.584314 0.584314
vn 0.809483 0.106703 -0.577366
v -0.145176 0.279303 0.001176 0.584314 0.584314 0.584314
vn 0.904939 -0.053634 -0.422147
v -0.145012 0.284961 -0.003078 0.584314 0.584314 0.584314
vn 0.143697 -0.276507 -0.950208
v -0.194356 0.281583 -0.020675 0.584314 0.584314 0.584314
vn 0.164084 0.101761 0.981184
v -0.189356 0.287707 0.037729 0.584314 0.584314 0.584314
vn -0.168393 -0.365411 0.915488
v -0.196445 0.284427 0.038054 0.584314 0.584314 0.584314
vn -0.709124 -0.589525 0.386787
v -0.209216 0.287102 0.031237 0.584314 0.584314 0.584314
vn -0.354582 -0.713008 0.604890
v -0.201709 0.284945 0.037968 0.584314 0.584314 0.584314
vn 0.215224 0.049416 -0.975314
v -0.158066 0.282217 -0.023813 0.584314 0.584314 0.584314
vn 0.458122 0.780473 -0.425426
v -0.136992 0.281580 0.007767 0.584314 0.584314 0.584314
vn -0.845423 -0.082997 -0.527609
v -0.205379 0.287091 -0.016474 0.584314 0.584314 0.584314
vn -0.312431 0.087156 -0.945934
v -0.197040 0.293516 -0.022140 0.584314 0.584314 0.584314
vn 0.064767 -0.095658 0.993305
v -0.163592 0.284297 0.043303 0.584314 0.584314 0.584314
vn -0.917289 -0.215628 0.334790
v -0.214227 0.292007 0.023039 0.584314 0.584314 0.584314
vn 0.767503 0.142340 0.625043
v -0.146493 0.288262 0.019359 0.584314 0.584314 0.584314
vn -0.041075 -0.274926 -0.960588
v -0.186458 0.294408 -0.022566 0.584314 0.584314 0.584314
vn -0.171674 0.373172 0.911741
v -0.179477 0.288028 0.036783 0.584314 0.584314 0.584314
vn -0.205054 0.156544 -0.966151
v -0.164641 0.286112 -0.023379 0.584314 0.584314 0.584314
vn -0.463263 -0.505644 0.727813
v -0.204690 0.292272 0.043180 0.584314 0.584314 0.584314
vn -0.012682 -0.136850 -0.990511
v -0.180985 0.286406 -0.015918 0.584314 0.584314 0.584314
vn 0.714432 0.457987 0.528994
v -0.163655 0.305527 0.022992 0.584314 0.584314 0.584314
vn 0.150157 -0.384847 -0.910684
v -0.176702 0.297373 -0.025723 0.584314 0.584314 0.584314
vn 0.762412 0.231928 0.604101
v -0.139830 0.297653 0.013718 0.584314 0.584314 0.584314
vn -0.816354 -0.573504 -0.068264
v -0.216872 0.298318 0.012122 0.584314 0.584314 0.584314
vn 0.250259 0.031045 -0.967681
v -0.165326 0.296562 -0.019897 0.584314 0.584314 0.584314
vn 0.518748 0.495184 0.696917
v -0.153326 0.301425 0.021954 0.584314 0.584314 0.584314
vn -0.324042 0.099186 -0.940829
v -0.188060 0.299324 -0.022844 0.584314 0.584314 0.584314
vn 0.311595 -0.229465 0.922092
v -0.191346 0.295982 0.042963 0.584314 0.584314 0.584314
vn -0.739548 -0.567243 -0.362360
v -0.207635 0.298169 -0.010481 0.584314 0.584314 0.584314
vn 0.540194 0.378699 -0.751517
v -0.161419 0.295726 -0.019547 0.584314 0.584314 0.584314
vn -0.253231 -0.001610 0.967404
v -0.200773 0.294696 0.045971 0.584314 0.584314 0.584314
vn 0.675130 0.403763 -0.617393
v -0.149064 0.294267 -0.006305 0.584314 0.584314 0.584314
vn -0.832025 -0.132512 0.538679
v -0.210099 0.295252 0.038850 0.584314 0.584314 0.584314
vn 0.070431 -0.234382 0.969590
v -0.178976 0.295662 0.034924 0.584314 0.584314 0.584314
vn 0.614845 -0.023396 -0.788301
v -0.167479 0.303891 -0.022336 0.584314 0.584314 0.584314
vn 0.908181 0.075668 -0.411682
v -0.140668 0.293677 0.002676 0.584314 0.584314 0.584314
vn -0.766603 -0.553053 -0.326270
v -0.211159 0.297198 0.003002 0.584314 0.584314 0.584314
vn -0.376023 -0.270275 0.886317
v -0.209897 0.308070 0.038487 0.584314 0.584314 0.584314
vn -0.807444 -0.086387 0.583585
v -0.209992 0.302203 0.037709 0.584314 0.584314 0.584314
vn 0.594279 0.733301 0.330305
v -0.145496 0.306052 0.014191 0.584314 0.584314 0.584314
vn 0.647088 0.594935 -0.476791
v -0.152551 0.307631 0.001435 0.584314 0.584314 0.584314
vn -0.183444 -0.020324 -0.982820
v -0.194093 0.308180 -0.016340 0.584314 0.584314 0.584314
vn -0.581138 -0.672438 -0.458372
v -0.218034 0.302348 -0.015241 0.584314 0.584314 0.584314
vn -0.363468 -0.311129 -0.878117
v -0.203985 0.300917 -0.015445 0.584314 0.584314 0.584314
vn 0.687552 0.292729 0.664516
v -0.167488 0.303946 0.033521 0.584314 0.584314 0.584314
vn -0.539240 -0.817569 -0.201993
v -0.220293 0.302656 -0.004312 0.584314 0.584314 0.584314
vn 0.972048 0.059935 0.227002
v -0.138448 0.294777 0.011281 0.584314 0.584314 0.584314
vn 0.095028 -0.101921 0.990243
v -0.184863 0.305048 0.042298 0.584314 0.584314 0.584314
vn 0.286543 0.067293 -0.955701
v -0.173747 0.304730 -0.026835 0.584314 0.584314 0.584314
vn -0.199180 -0.302454 -0.932121
v -0.213019 0.308413 -0.023347 0.584314 0.584314 0.584314
vn -0.723245 -0.619148 -0.305897
v -0.227846 0.303295 0.006934 0.584314 0.584314 0.584314
vn 0.766393 0.348386 -0.539694
v -0.157252 0.302920 -0.005637 0.584314 0.584314 0.584314
vn -0.314262 0.113705 -0.942502
v -0.181400 0.306009 -0.026030 0.584314 0.584314 0.584314
vn -0.906201 -0.268578 -0.326597
v -0.223712 0.309710 -0.007248 1.000000 0.000000 0.000000
vn -0.754004 -0.549130 0.360462
v -0.215203 0.303615 0.023794 0.584314 0.584314 0.584314
vn 0.809496 0.552947 -0.197396
v -0.141211 0.305084 0.007734 0.584314 0.584314 0.584314
vn -0.727583 -0.605015 -0.323390
v -0.402761 0.305111 -0.017154 0.584314 0.584314 0.584314
vn -0.399199 -0.815376 -0.419288
v -0.394570 0.304267 -0.026136 0.584314 0.584314 0.584314
vn 0.045153 -0.962914 -0.266003
v -0.384638 0.304028 -0.028435 0.584314 0.584314 0.584314
vn 0.029805 -0.999149 0.028510
v -0.388195 0.302501 -0.016297 0.584314 0.584314 0.584314
vn -0.524600 -0.666608 0.529556
v -0.214479 0.307639 0.033049 0.584314 0.584314 0.584314
vn 0.701856 0.341575 0.625080
v -0.156382 0.312873 0.013059 0.584314 0.584314 0.584314
vn 0.143891 -0.860097 -0.489416
v -0.380369 0.306603 -0.033781 0.584314 0.584314 0.584314
vn -0.187866 -0.720730 -0.667275
v -0.387013 0.306883 -0.034436 0.584314 0.584314 0.584314
vn -0.561222 -0.353213 -0.748512
v -0.392933 0.308098 -0.031885 0.584314 0.584314 0.584314
vn 0.726924 0.292856 -0.621141
v -0.164810 0.311258 -0.018390 0.584314 0.584314 0.584314
vn -0.804891 -0.468190 0.364622
v -0.226819 0.312903 0.027527 0.584314 0.584314 0.584314
vn -0.985314 -0.088245 -0.146182
v -0.407954 0.311657 -0.007277 0.584314 0.584314 0.584314
vn -0.452774 -0.841631 0.294368
v -0.404126 0.305217 -0.000422 0.584314 0.584314 0.584314
vn 0.328581 -0.936749 -0.120563
v -0.370230 0.307812 -0.024678 0.584314 0.584314 0.584314
vn 0.354994 -0.117082 0.927508
v -0.175112 0.306264 0.041658 0.584314 0.584314 0.584314
vn -0.092866 0.344999 0.933998
v -0.192865 0.309566 0.040546 0.584314 0.584314 0.584314
vn 0.194594 -0.924812 0.326887
v -0.387323 0.306562 0.001203 0.584314 0.584314 0.584314
vn -0.591328 -0.752747 0.289316
v -0.229639 0.304335 0.014489 1.000000 0.000000 0.000000
vn 0.311044 -0.859722 0.405128
v -0.376983 0.309917 0.000679 0.584314 0.584314 0.584314
vn 0.787526 0.273367 -0.552334
v -0.159959 0.314374 -0.006636 0.584314 0.584314 0.584314
vn -0.985268 0.168477 0.029360
v -0.407766 0.317994 0.001726 0.584314 0.584314 0.584314
vn -0.904869 0.043699 -0.423442
v -0.404660 0.312989 -0.014064 0.584314 0.584314 0.584314
vn 0.043433 -0.589620 -0.806512
v -0.367154 0.313409 -0.040772 0.584314 0.584314 0.584314
vn 0.325916 -0.919432 -0.220054
v -0.360487 0.312887 -0.034760 0.584314 0.584314 0.584314
vn -0.786972 -0.046458 -0.615237
v -0.398638 0.310071 -0.025608 0.584314 0.584314 0.584314
vn 0.336128 -0.936347 0.101356
v -0.371734 0.306880 -0.017872 0.584314 0.584314 0.584314
vn -0.596746 -0.692534 0.405328
v -0.222834 0.310137 0.034077 0.584314 0.584314 0.584314
vn -0.325625 -0.104495 -0.939707
v -0.381929 0.312240 -0.038123 0.584314 0.584314 0.584314
vn -0.952653 -0.288942 -0.094679
v -0.232954 0.308486 0.011000 1.000000 0.000000 0.000000
vn -0.953606 -0.091995 0.286657
v -0.407415 0.316583 0.007550 0.584314 0.584314 0.584314
vn 0.047587 -0.823672 0.565066
v -0.393340 0.309944 0.009400 0.584314 0.584314 0.584314
vn 0.101657 -0.372061 -0.922625
v -0.198344 0.319641 -0.023530 0.584314 0.584314 0.584314
vn 0.168830 0.575966 -0.799850
v -0.174294 0.315126 -0.023703 0.584314 0.584314 0.584314
vn -0.778322 -0.038346 -0.626694
v -0.400000 0.318857 -0.021485 0.584314 0.584314 0.584314
vn 0.812436 0.097512 0.574838
v -0.161671 0.315923 0.020279 0.584314 0.584314 0.584314
vn -0.534040 -0.462237 0.707912
v -0.222649 0.314356 0.038833 0.584314 0.584314 0.584314
vn 0.251045 -0.817962 0.517604
v -0.372215 0.318080 0.013289 0.584314 0.584314 0.584314
vn 0.383246 -0.889359 0.249325
v -0.356079 0.317476 -0.004141 0.584314 0.584314 0.584314
vn 0.831342 0.095277 0.547533
v -0.169040 0.315271 0.035876 0.584314 0.584314 0.584314
vn 0.791106 0.452089 0.412027
v -0.166522 0.321695 0.027869 0.584314 0.584314 0.584314
vn -0.781132 -0.225894 -0.582070
v -0.222018 0.315455 -0.014955 1.000000 0.000000 0.000000
vn 0.542651 0.498056 -0.676365
v -0.170113 0.314969 -0.021937 0.584314 0.584314 0.584314
vn 0.006799 0.020055 -0.999776
v -0.184226 0.317227 -0.019910 0.584314 0.584314 0.584314
vn -0.519770 0.071845 -0.851280
v -0.386798 0.321618 -0.031408 0.584314 0.584314 0.584314
vn -0.399830 0.166510 -0.901338
v -0.383950 0.321531 -0.032962 0.584314 0.584314 0.584314
vn 0.396178 -0.917846 0.024545
v -0.355907 0.313852 -0.024074 0.584314 0.584314 0.584314
vn -0.046446 0.059939 0.997121
v -0.189647 0.320836 0.033729 0.584314 0.584314 0.584314
vn -0.844664 -0.327154 0.423690
v -0.226905 0.319288 0.033394 1.000000 0.000000 0.000000
vn 0.370544 -0.918671 0.136896
v -0.342892 0.320274 -0.014010 0.584314 0.584314 0.584314
vn 0.361964 -0.928240 -0.085747
v -0.345552 0.318770 -0.034083 0.584314 0.584314 0.584314
vn -0.094117 0.306407 0.947236
v -0.180023 0.318448 0.040846 0.584314 0.584314 0.584314
vn -0.035859 -0.601320 0.798203
v -0.389375 0.318764 0.020196 0.584314 0.584314 0.584314
vn 0.667783 0.122268 0.734246
v -0.155764 0.325152 0.016224 0.584314 0.584314 0.584314
vn -0.167934 -0.120285 -0.978432
v -0.218234 0.323576 -0.018426 1.000000 0.000000 0.000000
vn -0.672456 -0.737708 -0.059920
v -0.233441 0.318907 0.009632 1.000000 0.000000 0.000000
vn -0.290035 0.133697 -0.947631
v -0.371471 0.317716 -0.041098 0.584314 0.584314 0.584314
vn 0.460198 0.622657 -0.632863
v -0.165329 0.322050 -0.004386 0.584314 0.584314 0.584314
vn -0.991856 -0.001005 -0.127363
v -0.406299 0.320323 -0.004314 0.584314 0.584314 0.584314
vn -0.862420 -0.341106 0.374004
v -0.408456 0.335855 -0.005953 0.584314 0.584314 0.584314
vn -0.787934 -0.614425 -0.040528
v -0.408629 0.335251 -0.015531 0.584314 0.584314 0.584314
vn -0.837816 -0.441298 0.321434
v -0.233432 0.321155 0.015075 1.000000 0.000000 0.000000
vn 0.986649 0.162393 -0.012365
v -0.150067 0.326737 0.009015 0.584314 0.584314 0.584314
vn 0.344025 -0.900082 0.267392
v -0.336578 0.324638 -0.007593 0.584314 0.584314 0.584314
vn -0.554806 -0.315817 0.769708
v -0.402788 0.317259 0.015281 0.584314 0.584314 0.584314
vn -0.725051 -0.486459 -0.487503
v -0.227439 0.319785 0.001013 1.000000 0.000000 0.000000
vn -0.285915 0.211554 -0.934611
v -0.366079 0.329651 -0.038546 0.584314 0.584314 0.584314
vn 0.148565 0.135102 0.979631
v -0.200121 0.314856 0.037124 0.584314 0.584314 0.584314
vn -0.448204 0.011169 0.893861
v -0.222590 0.324034 0.039435 1.000000 0.000000 0.000000
vn 0.448427 0.650113 -0.613405
v -0.154598 0.329046 0.002876 0.584314 0.584314 0.584314
vn 0.217076 -0.787295 -0.577100
v -0.348970 0.319259 -0.041917 0.584314 0.584314 0.584314
vn -0.596982 -0.483834 -0.639936
v -0.400432 0.328003 -0.024419 0.584314 0.584314 0.584314
vn 0.960338 0.278321 0.016963
v -0.153738 0.312548 0.007067 0.584314 0.584314 0.584314
vn 0.307508 -0.951075 0.029901
v -0.318112 0.328348 -0.024419 0.584314 0.584314 0.584314
vn -0.634390 -0.681070 0.365642
v -0.232341 0.326709 0.025542 1.000000 0.000000 0.000000
vn 0.556940 0.473249 0.682535
v -0.172559 0.324781 0.036563 0.584314 0.584314 0.584314
vn -0.149495 -0.030227 -0.988300
v -0.355820 0.322739 -0.043835 0.584314 0.584314 0.584314
vn 0.353279 -0.853105 0.383936
v -0.354120 0.323661 0.009783 0.584314 0.584314 0.584314
vn -0.611702 -0.703925 -0.360986
v -0.237289 0.327581 -0.005352 1.000000 0.000000 0.000000
vn -0.817012 0.329318 0.473330
v -0.403007 0.325617 0.012305 0.584314 0.584314 0.584314
vn 0.057638 -0.109655 0.992297
v -0.213218 0.319707 0.043815 0.584314 0.584314 0.584314
vn -0.937044 0.106920 0.332439
v -0.405868 0.333180 -0.001207 0.584314 0.584314 0.584314
vn -0.823878 -0.485416 -0.292569
v -0.225592 0.321929 -0.005394 1.000000 0.000000 0.000000
vn 0.274737 0.098778 0.956432
v -0.182054 0.327574 0.036483 0.584314 0.584314 0.584314
vn -0.371457 -0.686024 -0.625613
v -0.223298 0.322746 -0.018107 1.000000 0.000000 0.000000
vn -0.874652 -0.344427 -0.341108
v -0.403710 0.327572 -0.017257 0.584314 0.584314 0.584314
vn 0.331945 -0.926786 -0.175729
v -0.326914 0.325932 -0.037449 0.584314 0.584314 0.584314
vn 0.179759 -0.698575 -0.692589
v -0.334470 0.325683 -0.045188 0.584314 0.584314 0.584314
vn -0.579024 -0.661518 -0.476577
v -0.239848 0.324293 0.002158 1.000000 0.000000 0.000000
vn -0.735814 -0.661547 0.144684
v -0.247105 0.323663 0.011215 1.000000 0.000000 0.000000
vn -0.285705 -0.217716 -0.933259
v -0.386366 0.330592 -0.031581 0.584314 0.584314 0.584314
vn -0.247867 0.088240 -0.964767
v -0.202370 0.323734 -0.024130 1.000000 0.000000 0.000000
vn 0.248268 -0.197816 0.948278
v -0.198587 0.324594 0.037933 0.584314 0.584314 0.584314
vn 0.064916 -0.210599 0.975415
v -0.194633 0.331691 0.040340 0.584314 0.584314 0.584314
vn -0.540377 0.263051 0.799248
v -0.388659 0.332344 0.020516 0.584314 0.584314 0.584314
vn 0.212374 -0.950706 0.225956
v -0.316473 0.331714 -0.002415 0.584314 0.584314 0.584314
vn 0.786503 0.276824 0.552071
v -0.177189 0.333875 0.028815 0.584314 0.584314 0.584314
vn 0.692123 0.235221 -0.682376
v -0.175573 0.323885 -0.014161 0.584314 0.584314 0.584314
vn 0.621136 0.347311 -0.702542
v -0.168482 0.330900 0.001722 0.584314 0.584314 0.584314
vn -0.213323 -0.659878 -0.720455
v -0.395858 0.333180 -0.030546 0.584314 0.584314 0.584314
vn -0.031795 0.165376 0.985718
v -0.201018 0.333353 0.039348 0.584314 0.584314 0.584314
vn -0.074013 -0.199524 -0.977094
v -0.339852 0.327362 -0.046661 0.584314 0.584314 0.584314
vn 0.299040 -0.206786 -0.931566
v -0.186864 0.328064 -0.027425 1.000000 0.000000 0.000000
vn -0.098755 0.414491 0.904680
v -0.212154 0.327909 0.042597 0.584314 0.584314 0.584314
vn -0.093052 -0.462759 0.881587
v -0.378655 0.325091 0.024254 0.584314 0.584314 0.584314
vn 0.271120 -0.869134 0.413641
v -0.340547 0.334216 0.021314 0.584314 0.584314 0.584314
vn 0.198961 -0.844013 -0.498052
v -0.316571 0.331123 -0.046406 0.584314 0.584314 0.584314
vn 0.658429 0.431274 -0.616827
v -0.181392 0.338576 -0.023164 1.000000 0.000000 0.000000
vn 0.691410 0.505513 -0.516148
v -0.170919 0.326395 -0.003407 0.584314 0.584314 0.584314
vn -0.545396 -0.770315 -0.330391
v -0.248822 0.336459 0.002417 1.000000 0.000000 0.000000
vn 0.064135 -0.292217 -0.954199
v -0.224538 0.332082 -0.024192 1.000000 0.000000 0.000000
vn -0.872172 -0.443307 -0.206868
v -0.250289 0.332922 0.008888 1.000000 0.000000 0.000000
vn -0.620771 0.361086 0.695888
v -0.392234 0.336632 0.013548 0.584314 0.584314 0.584314
vn -0.732948 0.320304 0.600161
v -0.401985 0.334302 0.005696 0.584314 0.584314 0.584314
vn -0.603679 -0.334837 -0.723502
v -0.230407 0.327956 -0.021276 1.000000 0.000000 0.000000
vn -0.445188 -0.892915 0.067163
v -0.252878 0.338271 0.006559 0.584314 0.584314 0.584314
vn -0.089750 -0.114291 -0.989385
v -0.328467 0.333094 -0.047976 0.584314 0.584314 0.584314
vn 0.348567 0.250605 0.903160
v -0.184912 0.340216 0.039900 0.584314 0.584314 0.584314
vn -0.383979 -0.406286 0.829152
v -0.230735 0.331197 0.038079 1.000000 0.000000 0.000000
vn -0.711973 -0.342370 -0.613088
v -0.236150 0.333275 -0.014441 1.000000 0.000000 0.000000
vn -0.136663 0.360339 -0.922756
v -0.189689 0.336221 -0.027217 1.000000 0.000000 0.000000
vn 0.560582 0.457408 0.690309
v -0.168833 0.330419 0.019933 0.584314 0.584314 0.584314
vn 0.037495 -0.710275 -0.702925
v -0.385072 0.339393 -0.037449 0.584314 0.584314 0.584314
vn -0.238159 0.215353 -0.947050
v -0.349340 0.335113 -0.041751 0.584314 0.584314 0.584314
vn 0.230796 -0.776402 0.586457
v -0.357746 0.329685 0.023784 0.584314 0.584314 0.584314
vn -0.442105 0.191036 0.876384
v -0.376916 0.336822 0.026873 0.584314 0.584314 0.584314
vn -0.528328 0.270522 0.804790
v -0.382385 0.349303 0.015200 0.584314 0.584314 0.584314
vn 0.174184 0.059366 0.982922
v -0.217858 0.335406 0.037923 1.000000 0.000000 0.000000
vn 0.205224 -0.975828 0.075115
v -0.295291 0.334700 -0.012044 0.584314 0.584314 0.584314
vn 0.241602 -0.961882 -0.128108
v -0.295895 0.334997 -0.038380 0.584314 0.584314 0.584314
vn -0.071829 -0.301382 -0.950794
v -0.317086 0.334915 -0.049403 0.584314 0.584314 0.584314
vn 0.161438 -0.887235 0.432147
v -0.317422 0.338271 0.018035 0.584314 0.584314 0.584314
vn 0.576386 0.791464 0.203383
v -0.154786 0.332173 0.011621 0.584314 0.584314 0.584314
vn -0.708656 -0.552547 0.438748
v -0.250203 0.338530 0.014842 1.000000 0.000000 0.000000
vn 0.650567 0.338317 0.679930
v -0.168746 0.336201 0.016568 0.584314 0.584314 0.584314
vn 0.439292 0.321370 -0.838894
v -0.166302 0.353246 0.000399 1.000000 0.000000 0.000000
vn 0.664366 0.055731 -0.745327
v -0.171421 0.340688 -0.000862 1.000000 0.000000 0.000000
vn 0.735767 0.417490 0.533244
v -0.172914 0.331518 0.022215 0.584314 0.584314 0.584314
vn -0.036802 0.041693 -0.998452
v -0.206468 0.335586 -0.017001 1.000000 0.000000 0.000000
vn -0.488453 -0.817600 -0.304868
v -0.409070 0.336954 -0.030066 0.584314 0.584314 0.584314
vn 0.784482 0.586641 -0.201096
v -0.163828 0.334647 0.008457 0.584314 0.584314 0.584314
vn 0.730626 0.204728 0.651361
v -0.173578 0.345175 0.022781 0.584314 0.584314 0.584314
vn -0.058318 0.028949 0.997878
v -0.226934 0.341666 0.042468 1.000000 0.000000 0.000000
vn -0.179105 -0.320690 -0.930096
v -0.380400 0.333399 -0.034245 0.584314 0.584314 0.584314
vn 0.160965 0.091600 0.982700
v -0.210545 0.341095 0.032548 1.000000 0.000000 0.000000
vn 0.923751 -0.204476 -0.323843
v -0.165208 0.342500 0.004574 1.000000 0.000000 0.000000
vn 0.832235 -0.018509 0.554114
v -0.166023 0.347362 0.015487 1.000000 0.000000 0.000000
vn -0.581105 -0.639464 0.503391
v -0.242779 0.327969 0.018102 1.000000 0.000000 0.000000
vn 0.170720 -0.739869 0.650729
v -0.345400 0.339107 0.031273 0.584314 0.584314 0.584314
vn -0.217106 0.134359 -0.966857
v -0.325504 0.344104 -0.045505 0.584314 0.584314 0.584314
vn -0.079686 -0.403055 0.911700
v -0.367247 0.333529 0.029095 0.584314 0.584314 0.584314
vn -0.131773 -0.234429 -0.963161
v -0.369259 0.337465 -0.037107 0.584314 0.584314 0.584314
vn -0.443225 -0.061327 0.894310
v -0.233808 0.341637 0.039952 1.000000 0.000000 0.000000
vn -0.648945 -0.421910 0.633137
v -0.236807 0.333677 0.036814 1.000000 0.000000 0.000000
vn -0.014100 -0.379449 -0.925105
v -0.222953 0.349420 -0.023865 1.000000 0.000000 0.000000
vn 0.131685 -0.963281 0.233983
v -0.299268 0.336317 0.004682 0.584314 0.584314 0.584314
vn -0.093614 0.262210 0.960459
v -0.193419 0.340582 0.039710 1.000000 0.000000 0.000000
vn -0.760270 -0.122998 0.637857
v -0.404315 0.338875 0.001381 0.584314 0.584314 0.584314
vn 0.765300 0.437680 -0.471966
v -0.178065 0.340860 -0.011735 1.000000 0.000000 0.000000
vn 0.726227 0.380078 0.572831
v -0.178319 0.344288 0.031643 0.584314 0.584314 0.584314
vn 0.133246 -0.670700 -0.729662
v -0.374964 0.344620 -0.040890 0.584314 0.584314 0.584314
vn -0.502074 -0.785787 -0.361193
v -0.244340 0.337060 -0.003584 0.584314 0.584314 0.584314
vn -0.443030 0.260288 0.857890
v -0.364480 0.345344 0.030580 0.584314 0.584314 0.584314
vn -0.517438 0.375207 0.769076
v -0.372560 0.348022 0.021832 0.584314 0.584314 0.584314
vn 0.170587 -0.761853 -0.624885
v -0.301293 0.336413 -0.049329 0.584314 0.584314 0.584314
vn -0.473525 -0.622973 0.622639
v -0.245130 0.345245 0.027113 1.000000 0.000000 0.000000
vn -0.573077 0.041727 0.818438
v -0.397647 0.343359 0.007163 0.584314 0.584314 0.584314
vn 0.087205 -0.782554 0.616445
v -0.306455 0.348544 0.033093 0.584314 0.584314 0.584314
vn 0.084537 -0.901390 0.424676
v -0.290241 0.343017 0.020710 0.584314 0.584314 0.584314
vn 0.210389 -0.837618 -0.504115
v -0.286198 0.339504 -0.047821 0.584314 0.584314 0.584314
vn 0.087191 -0.652540 0.752721
v -0.325964 0.347763 0.035983 0.584314 0.584314 0.584314
vn -0.727002 -0.377417 -0.573606
v -0.417459 0.342560 -0.033730 0.584314 0.584314 0.584314
vn 0.218933 -0.940937 -0.258274
v -0.277556 0.340429 -0.042799 0.584314 0.584314 0.584314
vn 0.134227 -0.990900 0.009999
v -0.283855 0.336891 -0.009232 0.584314 0.584314 0.584314
vn 0.117411 -0.980892 -0.155133
v -0.265131 0.339566 -0.027180 0.584314 0.584314 0.584314
vn -0.007741 -0.998134 -0.060568
v -0.259349 0.338703 -0.013460 0.584314 0.584314 0.584314
vn 0.029357 -0.983379 0.179176
v -0.275658 0.338962 0.003797 0.584314 0.584314 0.584314
vn 0.158763 -0.955707 -0.247827
v -0.258141 0.340515 -0.028216 0.584314 0.584314 0.584314
vn -0.523031 -0.499864 0.690343
v -0.409492 0.343794 0.000259 0.584314 0.584314 0.584314
vn -0.645648 -0.704671 0.294239
v -0.414584 0.341978 -0.008707 0.584314 0.584314 0.584314
vn 0.213891 -0.905931 -0.365431
v -0.270049 0.343104 -0.044956 0.584314 0.584314 0.584314
vn -0.214651 -0.878944 -0.425891
v -0.242964 0.339036 -0.012410 0.584314 0.584314 0.584314
vn 0.029499 -0.900965 0.432889
v -0.276238 0.344288 0.021263 0.584314 0.584314 0.584314
vn 0.317904 -0.796431 -0.514427
v -0.247787 0.350093 -0.044956 0.584314 0.584314 0.584314
vn 0.349804 -0.863550 -0.363207
v -0.241434 0.344519 -0.028747 0.584314 0.584314 0.584314
vn -0.140859 -0.919092 0.368006
v -0.259608 0.341550 0.015274 0.584314 0.584314 0.584314
vn 0.159119 -0.252003 -0.954555
v -0.213940 0.344546 -0.023754 1.000000 0.000000 0.000000
vn -0.155867 0.291348 0.943834
v -0.206486 0.341270 0.033157 1.000000 0.000000 0.000000
vn 0.238332 -0.309131 0.920671
v -0.204933 0.349877 0.035507 1.000000 0.000000 0.000000
vn 0.241615 -0.711168 -0.660199
v -0.269264 0.349006 -0.054642 0.584314 0.584314 0.584314
vn -0.176143 -0.620839 -0.763893
v -0.235257 0.343307 -0.016972 0.584314 0.584314 0.584314
vn -0.152666 -0.273151 0.949780
v -0.350096 0.342599 0.034535 0.584314 0.584314 0.584314
vn -0.102564 -0.163766 -0.981153
v -0.354867 0.342733 -0.039423 0.584314 0.584314 0.584314
vn 0.425437 0.641370 0.638473
v -0.188309 0.354591 0.024521 1.000000 0.000000 0.000000
vn 0.186691 0.677227 0.711695
v -0.188506 0.347763 0.035379 1.000000 0.000000 0.000000
vn -0.143392 -0.598388 -0.788271
v -0.397406 0.341111 -0.044617 0.584314 0.584314 0.584314
vn 0.860310 -0.004922 -0.509748
v -0.162018 0.349805 0.005326 1.000000 0.000000 0.000000
vn -0.735843 -0.676447 -0.030893
v -0.421233 0.342511 -0.025315 0.584314 0.584314 0.584314
vn -0.120690 -0.258437 0.958459
v -0.331367 0.358351 0.041103 0.584314 0.584314 0.584314
vn -0.533430 0.220134 -0.816697
v -0.403365 0.347591 -0.043403 0.584314 0.584314 0.584314
vn 0.370689 0.079136 -0.925380
v -0.193063 0.346790 -0.017811 1.000000 0.000000 0.000000
vn 0.328954 -0.348812 -0.877565
v -0.212937 0.358865 -0.024874 1.000000 0.000000 0.000000
vn 0.091477 -0.630464 -0.770809
v -0.385758 0.345828 -0.048456 0.584314 0.584314 0.584314
vn -0.455973 -0.529250 -0.715530
v -0.408433 0.340457 -0.040108 0.584314 0.584314 0.584314
vn -0.296284 -0.194396 0.935107
v -0.238092 0.352300 0.035196 0.584314 0.584314 0.584314
vn 0.041006 -0.473985 -0.879577
v -0.284340 0.345657 -0.054983 0.584314 0.584314 0.584314
vn 0.053121 -0.339471 -0.939115
v -0.378747 0.351347 -0.050912 0.584314 0.584314 0.584314
vn -0.543327 0.356897 -0.759882
v -0.412335 0.347809 -0.037121 0.584314 0.584314 0.584314
vn 0.954375 0.075203 0.288986
v -0.160802 0.352300 0.009947 1.000000 0.000000 0.000000
vn -0.055820 -0.844991 0.531859
v -0.252872 0.347812 0.028729 0.584314 0.584314 0.584314
vn -0.217252 0.205663 -0.954204
v -0.297316 0.354926 -0.050348 0.584314 0.584314 0.584314
vn -0.112749 -0.180845 -0.977027
v -0.299895 0.342873 -0.053332 0.584314 0.584314 0.584314
vn 0.247959 -0.090600 0.964525
v -0.213925 0.351744 0.038060 1.000000 0.000000 0.000000
vn -0.300229 -0.141698 0.943284
v -0.380083 0.356510 0.015401 0.584314 0.584314 0.584314
vn -0.436551 0.131317 0.890044
v -0.365355 0.361250 0.020772 0.584314 0.584314 0.584314
vn -0.005079 -0.753044 0.657951
v -0.273760 0.353027 0.036156 0.584314 0.584314 0.584314
vn 0.362640 -0.825312 -0.432841
v -0.230482 0.349526 -0.026395 1.000000 0.000000 0.000000
vn 0.055138 -0.587881 -0.807067
v -0.343977 0.352986 -0.043841 0.584314 0.584314 0.584314
vn 0.101806 -0.629210 -0.770539
v -0.360943 0.350350 -0.044001 0.584314 0.584314 0.584314
vn -0.447068 0.729885 -0.517106
v -0.400259 0.356651 -0.034860 0.584314 0.584314 0.584314
vn 0.065931 -0.824342 0.562240
v -0.289982 0.348626 0.031237 0.584314 0.584314 0.584314
vn 0.045863 -0.730033 0.681871
v -0.283165 0.353372 0.037105 0.584314 0.584314 0.584314
vn -0.041087 -0.479651 0.876497
v -0.317853 0.356306 0.041419 0.584314 0.584314 0.584314
vn 0.154450 -0.192563 -0.969054
v -0.201065 0.352244 -0.025004 1.000000 0.000000 0.000000
vn -0.963871 0.034049 -0.264183
v -0.423374 0.350603 -0.024270 0.584314 0.584314 0.584314
vn -0.026440 0.587004 0.809152
v -0.193425 0.347418 0.035724 1.000000 0.000000 0.000000
vn -0.342242 -0.277059 0.897835
v -0.395521 0.348867 0.008845 0.584314 0.584314 0.584314
vn 0.454752 -0.647437 -0.611577
v -0.239462 0.354275 -0.044462 0.584314 0.584314 0.584314
vn 0.019843 -0.627583 0.778297
v -0.304601 0.356117 0.040649 0.584314 0.584314 0.584314
vn -0.840164 0.302057 0.450429
v -0.423047 0.357358 -0.003754 0.584314 0.584314 0.584314
vn -0.279352 0.120660 -0.952577
v -0.288877 0.350323 -0.056224 0.584314 0.584314 0.584314
vn -0.127231 -0.158071 -0.979197
v -0.335801 0.349144 -0.042971 0.584314 0.584314 0.584314
vn -0.061031 -0.233035 -0.970551
v -0.322441 0.356393 -0.046030 0.584314 0.584314 0.584314
vn 0.544615 0.015801 0.838537
v -0.196110 0.354228 0.032252 1.000000 0.000000 0.000000
vn -0.225069 0.465701 -0.855843
v -0.405337 0.357053 -0.032424 0.584314 0.584314 0.584314
vn -0.766840 -0.487563 0.417419
v -0.420933 0.349377 -0.002584 0.584314 0.584314 0.584314
vn -0.504746 -0.178201 0.844675
v -0.410157 0.353534 0.007824 0.584314 0.584314 0.584314
vn -0.006486 -0.792496 0.609842
v -0.264095 0.351646 0.034775 0.584314 0.584314 0.584314
vn 0.030002 -0.602274 0.797726
v -0.265131 0.358894 0.042023 0.584314 0.584314 0.584314
vn 0.741584 0.421779 -0.521685
v -0.187104 0.349384 -0.008566 1.000000 0.000000 0.000000
vn -0.816922 0.574685 0.048731
v -0.421278 0.362143 -0.012162 0.584314 0.584314 0.584314
vn 0.482656 -0.671556 -0.562189
v -0.231651 0.353286 -0.036845 0.584314 0.584314 0.584314
vn 0.499655 -0.628166 -0.596449
v -0.221612 0.359523 -0.035610 0.584314 0.584314 0.584314
vn -0.456078 0.309462 0.834402
v -0.352077 0.355716 0.033508 0.584314 0.584314 0.584314
vn 0.302856 0.544454 -0.782207
v -0.179476 0.350976 -0.001024 1.000000 0.000000 0.000000
vn -0.391052 0.224388 0.892597
v -0.342514 0.356734 0.038206 0.584314 0.584314 0.584314
vn -0.496522 0.358171 0.790683
v -0.358468 0.359664 0.025764 0.584314 0.584314 0.584314
vn 0.217203 -0.244270 -0.945069
v -0.259091 0.362087 -0.057813 0.584314 0.584314 0.584314
vn -0.271602 0.076362 -0.959375
v -0.279622 0.357658 -0.057946 0.584314 0.584314 0.584314
vn 0.470556 0.547461 0.692000
v -0.169707 0.357382 0.015114 1.000000 0.000000 0.000000
vn 0.066818 0.675113 -0.734682
v -0.169264 0.356392 0.002072 1.000000 0.000000 0.000000
vn 0.617891 0.077949 -0.782390
v -0.193684 0.359967 -0.024424 1.000000 0.000000 0.000000
vn -0.530699 0.151304 -0.833946
v -0.394841 0.352750 -0.048511 0.584314 0.584314 0.584314
vn 0.808326 0.040165 0.587364
v -0.193461 0.367702 0.032271 1.000000 0.000000 0.000000
vn 0.482157 -0.325780 -0.813260
v -0.236805 0.367021 -0.050783 0.584314 0.584314 0.584314
vn 0.029046 -0.651231 0.758324
v -0.250360 0.356170 0.039483 0.584314 0.584314 0.584314
vn 0.077952 -0.314877 -0.945926
v -0.367144 0.354213 -0.050631 0.584314 0.584314 0.584314
vn 0.453367 -0.073054 -0.888325
v -0.204396 0.366639 -0.024052 0.584314 0.584314 0.584314
vn 0.056675 -0.504997 -0.861259
v -0.353233 0.357249 -0.050269 0.584314 0.584314 0.584314
vn -0.394789 -0.082238 -0.915084
v -0.286052 0.365680 -0.050130 0.584314 0.584314 0.584314
vn 0.096895 -0.002275 0.995292
v -0.225322 0.359573 0.036050 1.000000 0.000000 0.000000
vn 0.149622 0.015326 0.988625
v -0.202934 0.361351 0.038261 1.000000 0.000000 0.000000
vn 0.041963 -0.216993 -0.975271
v -0.270077 0.357490 -0.058911 0.584314 0.584314 0.584314
vn 0.003142 -0.527270 0.849692
v -0.283165 0.365452 0.046683 0.584314 0.584314 0.584314
vn -0.011810 -0.579535 -0.814862
v -0.294548 0.366819 -0.050362 0.584314 0.584314 0.584314
vn -0.060969 0.383149 -0.921672
v -0.366856 0.365001 -0.049269 0.584314 0.584314 0.584314
vn -0.132597 0.283176 -0.949858
v -0.386682 0.362090 -0.049143 0.584314 0.584314 0.584314
vn -0.314390 -0.044034 0.948272
v -0.373356 0.374063 0.022836 0.584314 0.584314 0.584314
vn 0.616917 0.315256 -0.721129
v -0.182152 0.358050 0.004309 1.000000 0.000000 0.000000
vn 0.563478 0.735702 -0.375814
v -0.165916 0.360142 0.007590 1.000000 0.000000 0.000000
vn 0.369423 0.331239 -0.868221
v -0.178084 0.361033 0.007634 1.000000 0.000000 0.000000
vn -0.199199 -0.281727 0.938589
v -0.304996 0.368127 0.048322 0.584314 0.584314 0.584314
vn -0.169816 -0.171689 0.970405
v -0.313539 0.364935 0.045820 0.584314 0.584314 0.584314
vn -0.014823 -0.266699 -0.963666
v -0.267806 0.364848 -0.059797 0.584314 0.584314 0.584314
vn -0.394452 -0.201018 -0.896660
v -0.277894 0.366021 -0.056719 0.584314 0.584314 0.584314
vn -0.702831 0.416829 -0.576439
v -0.421230 0.357879 -0.025154 0.584314 0.584314 0.584314
vn -0.335122 -0.168816 0.926927
v -0.394567 0.359615 0.014728 0.584314 0.584314 0.584314
vn -0.129421 0.274526 -0.952830
v -0.352638 0.364987 -0.050454 0.584314 0.584314 0.584314
vn 0.521423 -0.372469 -0.767714
v -0.223453 0.367868 -0.042195 0.584314 0.584314 0.584314
vn -0.305819 -0.051034 0.950721
v -0.385885 0.365875 0.018400 0.584314 0.584314 0.584314
vn 0.342714 -0.428590 -0.835977
v -0.248375 0.359251 -0.053697 0.584314 0.584314 0.584314
vn -0.060840 -0.248454 -0.966731
v -0.308571 0.361576 -0.047649 0.584314 0.584314 0.584314
vn -0.051898 0.357801 -0.932355
v -0.399482 0.363899 -0.027180 0.584314 0.584314 0.584314
vn 0.682773 0.247063 0.687591
v -0.184495 0.360867 0.017830 1.000000 0.000000 0.000000
vn 0.632375 -0.399681 -0.663594
v -0.213271 0.367782 -0.033911 0.584314 0.584314 0.584314
vn -0.396750 0.166672 -0.902668
v -0.405603 0.372089 -0.028924 0.584314 0.584314 0.584314
vn 0.063356 -0.625019 -0.778034
v -0.325556 0.360331 -0.048206 0.584314 0.584314 0.584314
vn -0.640648 0.567567 -0.517143
v -0.410193 0.370911 -0.026567 0.000000 1.000000 0.000000
vn -0.588304 0.481703 0.649509
v -0.407469 0.360128 0.009380 0.584314 0.584314 0.584314
vn -0.494835 0.666846 0.557185
v -0.416041 0.358701 0.000195 0.584314 0.584314 0.584314
vn -0.752473 0.504347 0.423578
v -0.400516 0.365896 0.010701 0.584314 0.584314 0.584314
vn -0.034311 -0.407601 -0.912515
v -0.341771 0.360651 -0.052412 0.584314 0.584314 0.584314
vn -0.971304 0.228290 -0.066717
v -0.394898 0.361099 -0.035473 0.584314 0.584314 0.584314
vn -0.105722 -0.515171 -0.850542
v -0.281650 0.374435 -0.062680 0.584314 0.584314 0.584314
vn 0.101113 -0.260678 -0.960116
v -0.271900 0.377993 -0.063521 0.584314 0.584314 0.584314
vn 0.833335 0.213432 -0.509901
v -0.186612 0.366742 -0.009116 1.000000 0.000000 0.000000
vn 0.178938 -0.329495 0.927046
v -0.258321 0.374497 0.049720 0.584314 0.584314 0.584314
vn 0.296069 -0.243627 0.923574
v -0.235534 0.367868 0.041592 0.584314 0.584314 0.584314
vn 0.185410 -0.422452 0.887219
v -0.241472 0.359681 0.040363 0.584314 0.584314 0.584314
vn -0.394868 0.287088 0.872731
v -0.341286 0.369875 0.030928 0.584314 0.584314 0.584314
vn -0.882658 0.219543 -0.415591
v -0.392478 0.362309 -0.030105 0.584314 0.584314 0.584314
vn 0.264866 -0.229675 -0.936534
v -0.257279 0.382192 -0.061955 0.584314 0.584314 0.584314
vn 0.428745 -0.208330 -0.879077
v -0.239417 0.390908 -0.057468 0.584314 0.584314 0.584314
vn 0.743922 -0.085442 -0.662781
v -0.182466 0.367868 -0.000258 1.000000 0.000000 0.000000
vn 0.917473 0.389448 -0.081076
v -0.175648 0.364067 0.008791 1.000000 0.000000 0.000000
vn -0.489086 0.789464 0.370866
v -0.405433 0.362802 -0.002093 0.584314 0.584314 0.584314
vn -0.317211 0.127250 0.939779
v -0.322638 0.367649 0.043646 0.584314 0.584314 0.584314
vn -0.745759 0.229974 0.625264
v -0.399111 0.369959 0.012050 0.584314 0.584314 0.584314
vn -0.305193 -0.173260 0.936396
v -0.356818 0.369473 0.024780 0.584314 0.584314 0.584314
vn -0.304081 0.243897 -0.920896
v -0.341586 0.367842 -0.052381 0.584314 0.584314 0.584314
vn -0.764569 0.330884 0.553128
v -0.400235 0.367639 -0.002262 0.584314 0.584314 0.584314
vn -0.650632 0.325858 -0.685926
v -0.393908 0.369133 -0.043657 0.584314 0.584314 0.584314
vn -0.462442 0.030532 0.886124
v -0.327718 0.377306 0.033653 0.584314 0.584314 0.584314
vn -0.006176 -0.475694 0.879589
v -0.295401 0.366288 0.047542 0.584314 0.584314 0.584314
vn -0.469577 -0.456742 -0.755569
v -0.396812 0.366777 -0.027826 0.584314 0.584314 0.584314
vn -0.302391 0.569512 -0.764341
v -0.342457 0.379728 -0.042071 0.584314 0.584314 0.584314
vn -0.116098 -0.336217 -0.934601
v -0.329680 0.366612 -0.055471 0.584314 0.584314 0.584314
vn -0.091811 0.532941 -0.841157
v -0.378255 0.373305 -0.043316 0.584314 0.584314 0.584314
vn 0.343944 0.255353 0.903602
v -0.197070 0.369323 0.036261 1.000000 0.000000 0.000000
vn 0.082705 0.251613 0.964288
v -0.213804 0.368611 0.033887 0.584314 0.584314 0.584314
vn 0.712981 0.327160 0.620181
v -0.188659 0.370299 0.023363 1.000000 0.000000 0.000000
vn 0.045115 -0.391050 0.919263
v -0.272139 0.373437 0.051551 0.584314 0.584314 0.584314
vn -0.872517 -0.341870 -0.349055
v -0.397929 0.370371 -0.034083 0.584314 0.584314 0.584314
vn -0.036480 -0.583043 -0.811622
v -0.314829 0.369394 -0.058576 0.584314 0.584314 0.584314
vn 0.536509 -0.175211 -0.825505
v -0.228717 0.382624 -0.049270 0.584314 0.584314 0.584314
vn 0.789289 0.097985 0.606154
v -0.177899 0.374560 0.011429 1.000000 0.000000 0.000000
vn -0.300430 -0.135854 0.944079
v -0.303568 0.378445 0.051308 0.584314 0.584314 0.584314
vn -0.908682 0.400108 0.119207
v -0.400000 0.366526 0.000154 0.584314 0.584314 0.584314
vn -0.394382 0.478076 0.784797
v -0.384704 0.373576 0.017057 0.584314 0.584314 0.584314
vn 0.814377 0.391218 -0.428647
v -0.192304 0.380670 -0.002911 1.000000 0.000000 0.000000
vn 0.486192 0.615745 -0.620061
v -0.183035 0.381369 0.003072 1.000000 0.000000 0.000000
vn 0.788592 0.175774 -0.589258
v -0.198031 0.373943 -0.017677 0.584314 0.584314 0.584314
vn -0.461671 0.040603 0.886121
v -0.361378 0.377910 0.027345 0.584314 0.584314 0.584314
vn 0.598378 -0.195283 -0.777051
v -0.217271 0.376029 -0.040721 0.584314 0.584314 0.584314
vn 0.365600 -0.132425 0.921304
v -0.237674 0.391880 0.047670 0.584314 0.584314 0.584314
vn 0.441070 -0.103746 0.891456
v -0.227768 0.376066 0.040211 0.584314 0.584314 0.584314
vn -0.477688 0.148325 0.865918
v -0.318645 0.376345 0.041282 0.584314 0.584314 0.584314
vn -0.072394 0.550702 -0.831556
v -0.358516 0.370649 -0.046044 0.584314 0.584314 0.584314
vn -0.322042 0.691595 -0.646518
v -0.389249 0.382335 -0.036143 0.584314 0.584314 0.584314
vn 0.551441 0.612172 0.566708
v -0.195072 0.373996 0.032304 0.584314 0.584314 0.584314
vn -0.562949 0.246757 -0.788797
v -0.321823 0.389037 -0.058659 0.584314 0.584314 0.584314
vn -0.259851 0.743734 0.615903
v -0.378417 0.381339 0.010703 0.584314 0.584314 0.584314
vn -0.747367 0.551931 0.369884
v -0.404062 0.377293 -0.008846 0.584314 0.584314 0.584314
vn 0.392163 0.366890 0.843564
v -0.207145 0.380600 0.028108 0.584314 0.584314 0.584314
vn -0.210658 0.605464 -0.767487
v -0.375408 0.387801 -0.034688 0.584314 0.584314 0.584314
vn 0.727682 -0.154209 -0.668356
v -0.209136 0.379850 -0.034339 0.584314 0.584314 0.584314
vn -0.282994 -0.156297 -0.946301
v -0.313441 0.377222 -0.061734 0.584314 0.584314 0.584314
vn 0.574601 0.563672 0.593386
v -0.201363 0.381330 0.023385 0.584314 0.584314 0.584314
vn 0.817755 0.025698 -0.574992
v -0.202375 0.390474 -0.027281 0.584314 0.584314 0.584314
vn 0.374740 0.670049 0.640784
v -0.186956 0.383227 0.014696 1.000000 0.000000 0.000000
vn -0.102315 -0.229497 0.967917
v -0.292571 0.377015 0.052292 0.584314 0.584314 0.584314
vn 0.605060 0.005502 0.796161
v -0.212840 0.388233 0.031927 0.584314 0.584314 0.584314
vn 0.528880 -0.075559 0.845326
v -0.226042 0.388319 0.041074 0.584314 0.584314 0.584314
vn -0.037609 -0.399695 -0.915876
v -0.294825 0.377789 -0.065223 0.584314 0.584314 0.584314
vn -0.481969 0.611832 0.627190
v -0.370386 0.379542 0.021691 0.584314 0.584314 0.584314
vn -0.443572 0.796173 0.411524
v -0.368591 0.385385 0.010700 0.584314 0.584314 0.584314
vn -0.625203 0.760172 -0.176801
v -0.403279 0.379863 -0.018810 0.584314 0.584314 0.584314
vn 0.190189 -0.171010 -0.966739
v -0.258542 0.394869 -0.066036 0.584314 0.584314 0.584314
vn -0.608472 0.688578 0.394490
v -0.413064 0.372116 -0.012782 0.584314 0.584314 0.584314
vn -0.058346 -0.209387 0.976091
v -0.283701 0.383010 0.054262 0.584314 0.584314 0.584314
vn -0.498734 0.595196 0.630084
v -0.396059 0.380035 0.007678 0.584314 0.584314 0.584314
vn -0.900511 0.358493 0.246093
v -0.400362 0.380225 -0.002408 0.584314 0.584314 0.584314
vn -0.453278 -0.290158 0.842821
v -0.318958 0.381045 0.040890 0.584314 0.584314 0.584314
vn -0.229410 -0.349200 0.908532
v -0.338768 0.378888 0.031405 0.584314 0.584314 0.584314
vn 0.846700 0.333917 -0.414244
v -0.177476 0.379031 0.003581 1.000000 0.000000 0.000000
vn -0.202050 0.679398 -0.705403
v -0.380844 0.387456 -0.033393 0.584314 0.584314 0.584314
vn -0.646025 0.538193 -0.541295
v -0.395482 0.379241 -0.034753 0.584314 0.584314 0.584314
vn -0.256448 0.145020 0.955617
v -0.309982 0.391674 0.049639 0.584314 0.584314 0.584314
vn -0.445728 0.164249 -0.879971
v -0.329657 0.373567 -0.055810 0.584314 0.584314 0.584314
vn -0.235809 0.253813 -0.938069
v -0.337855 0.389291 -0.037037 0.584314 0.584314 0.584314
vn -0.633575 0.772619 0.040538
v -0.396049 0.386158 -0.010885 0.584314 0.584314 0.584314
vn -0.019784 0.528070 -0.848970
v -0.303354 0.386291 -0.064669 0.584314 0.584314 0.584314
vn -0.514620 -0.070212 0.854539
v -0.352194 0.386963 0.034547 0.584314 0.584314 0.584314
vn -0.641303 0.604235 0.472895
v -0.362346 0.385718 0.023459 0.584314 0.584314 0.584314
vn 0.664365 -0.065181 -0.744561
v -0.214738 0.390735 -0.040383 0.584314 0.584314 0.584314
vn -0.293537 -0.363172 0.884275
v -0.336849 0.388571 0.039916 0.584314 0.584314 0.584314
vn 0.626048 0.535334 0.566993
v -0.198537 0.384058 0.016401 0.584314 0.584314 0.584314
vn 0.023393 -0.112498 0.993377
v -0.271669 0.390509 0.055962 0.584314 0.584314 0.584314
vn 0.592635 0.779456 0.203055
v -0.179442 0.383338 0.012720 1.000000 0.000000 0.000000
vn -0.667337 0.198320 -0.717866
v -0.329342 0.393605 -0.039988 0.584314 0.584314 0.584314
vn -0.143830 0.370584 0.917595
v -0.296108 0.392116 0.051860 0.584314 0.584314 0.584314
vn 0.707899 0.207316 0.675203
v -0.213444 0.408079 0.029770 0.584314 0.584314 0.584314
vn 0.626088 0.082580 0.775368
v -0.219484 0.399450 0.036760 0.584314 0.584314 0.584314
vn 0.749964 0.165118 0.640539
v -0.206368 0.396603 0.024593 0.584314 0.584314 0.584314
vn 0.652356 0.749050 -0.115564
v -0.193770 0.386593 0.003538 0.584314 0.584314 0.584314
vn 0.876778 0.400053 0.266865
v -0.195755 0.389354 0.008802 0.584314 0.584314 0.584314
vn -0.150732 0.596029 0.788689
v -0.379463 0.387025 0.004488 0.584314 0.584314 0.584314
vn -0.253333 0.606692 0.753490
v -0.376729 0.394022 0.001235 0.584314 0.584314 0.584314
vn -0.100288 0.429473 -0.897494
v -0.355878 0.383969 -0.037494 0.584314 0.584314 0.584314
vn -0.196953 0.229084 0.953273
v -0.288764 0.390076 0.054408 0.584314 0.584314 0.584314
vn 0.983955 0.178189 0.008966
v -0.194374 0.391770 -0.002933 0.584314 0.584314 0.584314
vn -0.313967 0.227633 -0.921742
v -0.316901 0.387967 -0.061200 0.584314 0.584314 0.584314
vn 0.418491 -0.082632 -0.904454
v -0.241656 0.410170 -0.063036 0.584314 0.584314 0.584314
vn 0.745892 0.094722 -0.659297
v -0.214936 0.405316 -0.040901 0.584314 0.584314 0.584314
vn -0.245952 0.316925 0.916006
v -0.278864 0.394803 0.055142 0.584314 0.584314 0.584314
vn -0.049376 0.410904 -0.910341
v -0.288976 0.385976 -0.065581 0.584314 0.584314 0.584314
vn -0.288957 0.631724 0.719326
v -0.368332 0.389613 0.005264 0.584314 0.584314 0.584314
vn -0.424551 0.739796 0.521976
v -0.393339 0.386211 0.003202 0.584314 0.584314 0.584314
vn -0.546993 0.730706 0.408494
v -0.354718 0.393621 0.009971 0.584314 0.584314 0.584314
vn -0.776941 0.564627 0.278496
v -0.349332 0.394850 0.031759 0.584314 0.584314 0.584314
vn -0.529563 0.813649 -0.239871
v -0.391944 0.387028 -0.024093 0.584314 0.584314 0.584314
vn -0.243315 -0.144134 0.959178
v -0.324953 0.390624 0.044100 0.584314 0.584314 0.584314
vn 0.491919 0.012134 0.870556
v -0.231914 0.401791 0.045447 0.584314 0.584314 0.584314
vn 0.017769 0.979205 -0.202092
v -0.296960 0.389483 -0.057090 0.584314 0.584314 0.584314
vn -0.116578 0.094601 -0.988666
v -0.277028 0.386639 -0.066264 0.584314 0.584314 0.584314
vn -0.490632 0.788093 -0.371739
v -0.376443 0.396948 -0.022089 0.584314 0.584314 0.584314
vn -0.352812 0.555689 -0.752817
v -0.368246 0.396171 -0.031236 0.584314 0.584314 0.584314
vn 0.612453 0.646989 -0.454209
v -0.311228 0.394519 -0.050318 0.584314 0.584314 0.584314
vn 0.355239 0.913224 -0.199565
v -0.304251 0.391244 -0.046221 0.584314 0.584314 0.584314
vn -0.596491 0.802427 0.017584
v -0.370921 0.402557 -0.011303 0.584314 0.584314 0.584314
vn 0.015042 0.995774 -0.090601
v -0.295591 0.389958 -0.047717 0.584314 0.584314 0.584314
vn -0.163780 0.981873 -0.095407
v -0.287307 0.390821 -0.045991 0.584314 0.584314 0.584314
vn 0.807232 0.291230 0.513382
v -0.208439 0.413774 0.020969 0.584314 0.584314 0.584314
vn 0.871306 0.221721 0.437797
v -0.200148 0.399704 0.014208 0.584314 0.584314 0.584314
vn 0.873953 0.368956 0.316350
v -0.202511 0.414564 0.008409 0.584314 0.584314 0.584314
vn -0.621421 0.182880 -0.761833
v -0.322246 0.401419 -0.052261 0.584314 0.584314 0.584314
vn 0.020464 0.573186 -0.819170
v -0.316871 0.395577 -0.056586 0.584314 0.584314 0.584314
vn 0.183629 0.922736 -0.338878
v -0.299646 0.390562 -0.043230 0.584314 0.584314 0.584314
vn 0.094223 0.936299 -0.338330
v -0.295159 0.391080 -0.041418 0.584314 0.584314 0.584314
vn 0.021977 0.938980 -0.343270
v -0.289637 0.392547 -0.035550 0.584314 0.584314 0.584314
vn -0.354891 0.481230 0.801542
v -0.363721 0.394376 0.003829 0.584314 0.584314 0.584314
vn -0.519646 0.842157 0.144010
v -0.379022 0.396441 -0.004851 0.584314 0.584314 0.584314
vn -0.250831 0.367626 -0.895508
v -0.358495 0.396862 -0.034170 0.584314 0.584314 0.584314
vn -0.661395 0.239507 0.710770
v -0.344576 0.397535 0.037545 0.584314 0.584314 0.584314
vn 0.357914 0.062376 0.931669
v -0.244163 0.405145 0.050825 0.584314 0.584314 0.584314
vn 0.276828 0.782826 -0.557269
v -0.295159 0.396603 -0.029942 0.584314 0.584314 0.584314
vn -0.168037 0.772635 0.612208
v -0.294987 0.399795 0.044267 0.584314 0.584314 0.584314
vn 0.942709 0.100577 -0.318094
v -0.196651 0.393480 -0.015216 0.584314 0.584314 0.584314
vn -0.243300 0.111980 0.963465
v -0.327406 0.401514 0.043766 0.584314 0.584314 0.584314
vn -0.191859 0.866055 -0.461670
v -0.281744 0.393920 -0.032824 0.584314 0.584314 0.584314
vn -0.445561 0.866100 -0.226597
v -0.278260 0.393153 -0.038627 0.584314 0.584314 0.584314
vn 0.032254 0.806133 0.590854
v -0.303303 0.400403 0.043432 0.584314 0.584314 0.584314
vn -0.436821 0.816705 -0.377070
v -0.276670 0.393211 -0.059340 0.584314 0.584314 0.584314
vn 0.114337 0.175469 -0.977823
v -0.318726 0.407541 -0.051637 0.584314 0.584314 0.584314
vn -0.736093 0.569046 -0.366543
v -0.268852 0.402364 -0.033280 0.584314 0.584314 0.584314
vn -0.615490 0.786916 -0.043994
v -0.275344 0.395125 -0.048834 0.584314 0.584314 0.584314
vn 0.495629 0.672752 -0.549323
v -0.302149 0.396257 -0.036758 0.584314 0.584314 0.584314
vn 0.780614 0.293845 -0.551631
v -0.303357 0.405232 -0.031495 0.584314 0.584314 0.584314
vn -0.872029 0.413600 0.261727
v -0.345568 0.400854 0.014745 0.584314 0.584314 0.584314
vn -0.380165 0.741865 0.552368
v -0.277470 0.400745 0.050652 0.584314 0.584314 0.584314
vn -0.357937 0.330417 0.873330
v -0.266876 0.404052 0.055630 0.584314 0.584314 0.584314
vn 0.967801 0.243169 -0.065045
v -0.195437 0.402727 -0.005112 0.584314 0.584314 0.584314
vn -0.597779 0.361976 0.715285
v -0.351384 0.399173 0.007143 0.584314 0.584314 0.584314
vn -0.463976 0.668471 -0.581268
v -0.275980 0.400072 -0.030231 0.584314 0.584314 0.584314
vn -0.674241 0.285916 0.680919
v -0.342479 0.406100 0.036437 0.584314 0.584314 0.584314
vn 0.628090 -0.060672 -0.775772
v -0.227185 0.403785 -0.052985 0.584314 0.584314 0.584314
vn -0.073375 0.985502 0.152978
v -0.279728 0.406578 0.038564 0.584314 0.584314 0.584314
vn -0.609491 0.390686 0.689844
v -0.357522 0.407281 0.002534 0.584314 0.584314 0.584314
vn -0.650075 0.738296 0.179784
v -0.359617 0.411013 -0.004486 0.584314 0.584314 0.584314
vn 0.881939 0.459314 0.105897
v -0.205074 0.422921 0.000605 0.584314 0.584314 0.584314
vn 0.877199 0.437342 -0.198127
v -0.203738 0.420013 -0.015125 0.584314 0.584314 0.584314
vn -0.625578 -0.127692 -0.769641
v -0.330279 0.402557 -0.041332 0.584314 0.584314 0.584314
vn 0.170112 -0.072680 0.982741
v -0.261208 0.398549 0.055793 0.584314 0.584314 0.584314
vn 0.635147 0.156276 -0.756416
v -0.230293 0.415396 -0.055695 0.584314 0.584314 0.584314
vn -0.518320 0.680624 0.517778
v -0.368286 0.402468 -0.003067 0.584314 0.584314 0.584314
vn 0.140438 0.493952 0.858073
v -0.318512 0.404121 0.043412 0.584314 0.584314 0.584314
vn 0.932748 0.293754 0.209021
v -0.196578 0.404138 0.001178 0.584314 0.584314 0.584314
vn -0.477159 0.365894 -0.799025
v -0.273192 0.410626 -0.022328 0.584314 0.584314 0.584314
vn -0.555246 0.720102 -0.416119
v -0.368529 0.402440 -0.023839 0.584314 0.584314 0.584314
vn -0.739964 0.506830 -0.442241
v -0.260810 0.408911 -0.062605 0.584314 0.584314 0.584314
vn -0.396836 0.350437 -0.848360
v -0.354557 0.405188 -0.032705 0.584314 0.584314 0.584314
vn -0.066073 0.117676 -0.990851
v -0.254390 0.407306 -0.066483 0.584314 0.584314 0.584314
vn -0.090805 0.129765 0.987378
v -0.261852 0.407907 0.055657 0.584314 0.584314 0.584314
vn -0.193901 0.630338 -0.751716
v -0.285686 0.403006 -0.021386 0.584314 0.584314 0.584314
vn -0.899565 0.420439 -0.118383
v -0.261314 0.411814 -0.047886 0.584314 0.584314 0.584314
vn -0.356500 0.357581 -0.863159
v -0.262661 0.402686 -0.066268 0.584314 0.584314 0.584314
vn -0.009675 0.949875 0.312480
v -0.293088 0.404282 0.034947 0.584314 0.584314 0.584314
vn 0.306295 0.821802 0.480442
v -0.309049 0.404558 0.033065 0.584314 0.584314 0.584314
vn 0.840914 0.281954 -0.461916
v -0.205367 0.414259 -0.025006 0.584314 0.584314 0.584314
vn 0.075817 0.145520 -0.986446
v -0.287320 0.410566 -0.018213 0.584314 0.584314 0.584314
vn 0.391245 0.497434 -0.774265
v -0.293438 0.401655 -0.022285 0.584314 0.584314 0.584314
vn -0.011493 0.993175 0.116065
v -0.281252 0.402792 0.017038 0.584314 0.584314 0.584314
vn -0.919781 0.221251 -0.324115
v -0.261618 0.416767 -0.036350 0.584314 0.584314 0.584314
vn -0.574216 0.207209 -0.792049
v -0.333520 0.414488 -0.041111 0.584314 0.584314 0.584314
vn -0.634703 0.328218 0.699589
v -0.338714 0.416432 0.035170 0.584314 0.584314 0.584314
vn 0.093897 0.978939 -0.181278
v -0.278745 0.404117 0.032575 0.584314 0.584314 0.584314
vn -0.799971 0.252386 0.544378
v -0.267719 0.416708 0.049444 0.584314 0.584314 0.584314
vn 0.793014 0.035614 -0.608161
v -0.310983 0.405077 -0.043897 0.584314 0.584314 0.584314
vn 0.243395 0.203267 0.948389
v -0.255822 0.421314 0.053401 0.584314 0.584314 0.584314
vn -0.832502 0.545936 0.094311
v -0.272291 0.406303 0.028758 0.584314 0.584314 0.584314
vn 0.434751 0.665289 0.606945
v -0.284110 0.405419 0.010471 0.584314 0.584314 0.584314
vn -0.663664 0.720504 0.201061
v -0.272552 0.407268 0.043999 0.584314 0.584314 0.584314
vn 0.296804 0.937682 0.180718
v -0.288860 0.406957 0.020624 0.584314 0.584314 0.584314
vn -0.720574 0.677058 0.149552
v -0.352561 0.417735 -0.003524 0.584314 0.584314 0.584314
vn 0.631461 0.548561 0.548031
v -0.308317 0.410156 0.024566 0.584314 0.584314 0.584314
vn 0.449849 0.849567 0.275447
v -0.303616 0.408597 0.020624 0.584314 0.584314 0.584314
vn 0.742311 0.217536 -0.633761
v -0.222073 0.419728 -0.045128 0.584314 0.584314 0.584314
vn -0.635947 0.120860 -0.762210
v -0.326907 0.414125 -0.046501 0.584314 0.584314 0.584314
vn 0.598140 0.263985 0.756664
v -0.228435 0.419615 0.039773 0.584314 0.584314 0.584314
vn 0.541836 0.422329 0.726672
v -0.320010 0.412997 0.037364 0.584314 0.584314 0.584314
vn -0.938373 -0.202393 -0.280168
v -0.257546 0.421002 -0.057006 0.584314 0.584314 0.584314
vn -0.971962 0.070667 0.224267
v -0.270308 0.417053 0.038917 0.584314 0.584314 0.584314
vn -0.421836 0.125819 -0.897900
v -0.345679 0.409208 -0.035522 0.584314 0.584314 0.584314
vn 0.508459 0.156603 0.846726
v -0.231138 0.410319 0.044088 0.584314 0.584314 0.584314
vn 0.454510 0.286075 0.843553
v -0.239503 0.425509 0.044612 0.584314 0.584314 0.584314
vn 0.350237 0.634777 0.688761
v -0.286013 0.409891 0.010787 0.584314 0.584314 0.584314
vn 0.443220 0.285383 0.849772
v -0.299239 0.413467 0.007524 0.584314 0.584314 0.584314
vn -0.835366 0.104104 0.539746
v -0.346650 0.410057 0.009940 0.584314 0.584314 0.584314
vn 0.098091 0.099752 0.990165
v -0.289552 0.417278 0.003224 0.584314 0.584314 0.584314
vn 0.266563 0.177971 -0.947244
v -0.247177 0.421663 -0.064792 0.584314 0.584314 0.584314
vn -0.970760 -0.200240 0.132398
v -0.270892 0.418189 0.031877 0.584314 0.584314 0.584314
vn -0.942201 0.252088 0.220702
v -0.342873 0.410525 0.026939 0.584314 0.584314 0.584314
vn -0.413061 0.128316 0.901618
v -0.264307 0.429274 0.051691 0.584314 0.584314 0.584314
vn 0.817921 0.446174 0.363228
v -0.211028 0.425423 0.016223 0.584314 0.584314 0.584314
vn 0.709927 0.389000 0.587097
v -0.218130 0.425766 0.027466 0.584314 0.584314 0.584314
vn -0.429597 0.492355 0.756989
v -0.277509 0.406547 0.009972 0.584314 0.584314 0.584314
vn -0.769065 -0.082616 -0.633808
v -0.267139 0.419938 -0.025490 0.584314 0.584314 0.584314
vn 0.825098 -0.318652 -0.466555
v -0.308879 0.416243 -0.042949 0.584314 0.584314 0.584314
vn 0.859490 0.004378 0.511134
v -0.307036 0.413387 0.021220 0.584314 0.584314 0.584314
vn -0.804294 0.421341 0.419026
v -0.348160 0.419103 0.006817 0.584314 0.584314 0.584314
vn 0.689267 0.498875 0.525390
v -0.303319 0.410608 0.011364 0.584314 0.584314 0.584314
vn -0.514051 -0.389643 0.764154
v -0.282666 0.422730 0.007305 0.584314 0.584314 0.584314
vn -0.245499 -0.203554 -0.947785
v -0.277216 0.419315 -0.019440 0.584314 0.584314 0.584314
vn -0.043698 0.339762 0.939496
v -0.329848 0.414160 0.039864 0.584314 0.584314 0.584314
vn -0.908512 -0.084947 0.409133
v -0.274771 0.413126 0.012877 0.584314 0.584314 0.584314
vn 0.580724 -0.377535 0.721268
v -0.304905 0.427002 0.027422 0.584314 0.584314 0.584314
vn -0.492645 0.153439 -0.856596
v -0.320082 0.421422 -0.051545 0.584314 0.584314 0.584314
vn -0.655343 0.473804 -0.588247
v -0.325463 0.426492 -0.041895 0.584314 0.584314 0.584314
vn -0.903367 0.351153 0.246210
v -0.343330 0.422293 0.015614 0.584314 0.584314 0.584314
vn -0.742886 0.664581 0.080336
v -0.340187 0.429013 0.006029 0.584314 0.584314 0.584314
vn 0.714684 -0.457690 0.528910
v -0.300733 0.422415 0.014669 0.584314 0.584314 0.584314
vn -0.571917 0.594570 -0.565153
v -0.344305 0.417321 -0.030201 0.584314 0.584314 0.584314
vn 0.715091 0.050695 -0.697191
v -0.300756 0.412533 -0.024486 0.584314 0.584314 0.584314
vn -0.645641 0.738954 -0.192597
v -0.351355 0.417775 -0.017373 0.584314 0.584314 0.584314
vn -0.839022 0.389883 0.379517
v -0.339177 0.423671 0.029981 0.584314 0.584314 0.584314
vn -0.699871 -0.560482 0.442764
v -0.276385 0.427459 0.019566 0.584314 0.584314 0.584314
vn 0.536704 -0.007412 0.843738
v -0.313021 0.422921 0.031151 0.584314 0.584314 0.584314
vn -0.417932 0.182456 -0.889968
v -0.254979 0.420391 -0.064241 0.584314 0.584314 0.584314
vn 0.573283 0.306757 -0.759768
v -0.236977 0.428472 -0.057321 0.584314 0.584314 0.584314
vn 0.716306 0.418277 -0.558525
v -0.223904 0.429258 -0.042001 0.584314 0.584314 0.584314
vn -0.912510 -0.374472 0.164606
v -0.273760 0.425251 0.024507 0.584314 0.584314 0.584314
vn 0.402336 -0.177648 -0.898091
v -0.315431 0.418039 -0.052316 0.584314 0.584314 0.584314
vn 0.240172 0.342728 -0.908215
v -0.245975 0.428530 -0.062214 0.584314 0.584314 0.584314
vn -0.185835 0.099973 -0.977482
v -0.312874 0.429779 -0.052740 0.584314 0.584314 0.584314
vn -0.674810 0.725648 -0.134414
v -0.338559 0.429910 -0.013825 0.584314 0.584314 0.584314
vn -0.644416 0.666694 -0.374496
v -0.332436 0.428530 -0.030114 0.584314 0.584314 0.584314
vn -0.024469 0.214870 0.976336
v -0.326584 0.428410 0.035461 0.584314 0.584314 0.584314
vn -0.930893 -0.264533 -0.251912
v -0.259493 0.422527 -0.041882 0.584314 0.584314 0.584314
vn 0.281959 0.366560 0.886641
v -0.254608 0.432516 0.049317 0.584314 0.584314 0.584314
vn 0.544127 -0.445477 -0.710969
v -0.306636 0.428098 -0.050219 0.584314 0.584314 0.584314
vn 0.816931 0.555345 0.155614
v -0.210941 0.431636 0.005609 0.584314 0.584314 0.584314
vn -0.753515 -0.623384 0.208827
v -0.276089 0.431291 0.033653 0.584314 0.584314 0.584314
vn 0.825950 0.558841 -0.074185
v -0.208525 0.428961 -0.011735 0.584314 0.584314 0.584314
vn -0.656519 0.719558 -0.226315
v -0.329416 0.438108 -0.016049 0.584314 0.584314 0.584314
vn 0.400818 -0.814354 -0.419729
v -0.298179 0.431377 -0.042971 0.584314 0.584314 0.584314
vn -0.822236 -0.339432 0.456852
v -0.270912 0.428098 0.044353 0.584314 0.584314 0.584314
vn -0.653893 -0.466971 0.595283
v -0.274968 0.433448 0.042627 0.584314 0.584314 0.584314
vn 0.495082 -0.430322 -0.754796
v -0.295500 0.423758 -0.021753 0.584314 0.584314 0.584314
vn -0.535541 -0.835315 -0.124276
v -0.265529 0.429443 -0.045473 0.584314 0.584314 0.584314
vn 0.704777 0.704715 0.081649
v -0.218744 0.442089 -0.001259 0.584314 0.584314 0.584314
vn -0.458769 0.424058 0.780837
v -0.329558 0.432828 0.033453 0.584314 0.584314 0.584314
vn -0.495890 -0.558696 -0.664795
v -0.267741 0.432680 -0.057376 0.584314 0.584314 0.584314
vn 0.112886 0.342610 -0.932671
v -0.252094 0.435065 -0.061115 0.584314 0.584314 0.584314
vn 0.153755 -0.020289 0.987901
v -0.316009 0.435881 0.033768 0.584314 0.584314 0.584314
vn -0.653910 0.665209 -0.360415
v -0.323951 0.436461 -0.031630 0.584314 0.584314 0.584314
vn 0.077585 -0.742187 0.665687
v -0.289580 0.429473 0.011977 0.584314 0.584314 0.584314
vn -0.456629 -0.152695 -0.876455
v -0.260683 0.431415 -0.061143 0.584314 0.584314 0.584314
vn 0.492671 -0.823006 -0.282730
v -0.297868 0.428821 -0.034780 0.584314 0.584314 0.584314
vn -0.355245 -0.669306 -0.652557
v -0.271197 0.424215 -0.023911 0.584314 0.584314 0.584314
vn 0.022125 -0.830224 -0.556991
v -0.286020 0.430245 -0.024987 0.584314 0.584314 0.584314
vn -0.326302 -0.817491 0.474590
v -0.288946 0.438884 0.032359 0.584314 0.584314 0.584314
vn 0.752878 0.560587 -0.344843
v -0.217040 0.435668 -0.024512 0.584314 0.584314 0.584314
vn -0.519384 -0.769834 -0.370939
v -0.268594 0.428861 -0.032343 0.584314 0.584314 0.584314
vn 0.437172 0.512035 0.739392
v -0.245206 0.441043 0.040489 0.584314 0.584314 0.584314
vn -0.487300 0.012055 0.873152
v -0.270789 0.437549 0.048445 0.584314 0.584314 0.584314
vn -0.075885 -0.963427 -0.257003
v -0.277384 0.433103 -0.043489 0.584314 0.584314 0.584314
vn -0.762902 0.616490 0.194733
v -0.335173 0.433928 0.021983 0.584314 0.584314 0.584314
vn -0.613083 -0.749151 0.250804
v -0.277908 0.431974 0.025121 0.584314 0.584314 0.584314
vn 0.515415 0.523625 -0.678355
v -0.240958 0.438418 -0.054678 0.584314 0.584314 0.584314
vn 0.149158 -0.518737 -0.841822
v -0.298438 0.435592 -0.050733 0.584314 0.584314 0.584314
vn -0.414227 -0.185802 0.891007
v -0.281313 0.443209 0.042966 0.584314 0.584314 0.584314
vn 0.252878 -0.794882 0.551558
v -0.294923 0.435405 0.023749 0.584314 0.584314 0.584314
vn 0.074737 -0.456547 0.886555
v -0.304015 0.438669 0.032192 0.584314 0.584314 0.584314
vn 0.607727 0.574955 0.547809
v -0.225679 0.436712 0.027824 0.584314 0.584314 0.584314
vn -0.178220 -0.848823 -0.497732
v -0.282209 0.436000 -0.051705 0.584314 0.584314 0.584314
vn -0.567743 0.803939 -0.177063
v -0.313121 0.451801 -0.014583 0.584314 0.584314 0.584314
vn 0.100992 0.437305 0.893625
v -0.261766 0.442595 0.046338 0.584314 0.584314 0.584314
vn -0.314819 0.134165 0.939622
v -0.276176 0.442249 0.044957 0.584314 0.584314 0.584314
vn -0.107676 0.229758 -0.967273
v -0.268640 0.442203 -0.059204 0.584314 0.584314 0.584314
vn -0.210153 0.301275 -0.930091
v -0.291877 0.445761 -0.054378 0.584314 0.584314 0.584314
vn -0.215965 -0.157087 -0.963682
v -0.283228 0.443122 -0.056166 0.584314 0.584314 0.584314
vn 0.019150 0.534440 0.844989
v -0.272517 0.449130 0.043554 0.584314 0.584314 0.584314
vn 0.652358 0.602152 -0.460264
v -0.228631 0.440782 -0.035896 0.584314 0.584314 0.584314
vn -0.131866 0.067452 -0.988970
v -0.303993 0.439391 -0.053308 0.584314 0.584314 0.584314
vn 0.741935 0.657192 -0.132779
v -0.217545 0.440869 -0.013844 0.584314 0.584314 0.584314
vn 0.558479 0.411592 0.720204
v -0.234145 0.433990 0.037085 0.584314 0.584314 0.584314
vn 0.523580 0.676862 -0.517419
v -0.240394 0.444894 -0.046592 0.584314 0.584314 0.584314
vn -0.528106 0.598989 -0.601927
v -0.306259 0.443336 -0.049774 0.584314 0.584314 0.584314
vn 0.730661 0.598489 0.328551
v -0.217751 0.437373 0.013955 0.584314 0.584314 0.584314
vn -0.662915 0.746794 -0.053319
v -0.325125 0.443705 -0.003336 0.584314 0.584314 0.584314
vn -0.221833 -0.372908 0.900960
v -0.296181 0.443939 0.036462 0.584314 0.584314 0.584314
vn 0.625630 0.772822 -0.106457
v -0.226742 0.448788 -0.017100 0.584314 0.584314 0.584314
vn 0.282313 0.613317 -0.737660
v -0.254140 0.445879 -0.055323 0.584314 0.584314 0.584314
vn 0.425619 0.745667 0.512669
v -0.249476 0.451665 0.032736 0.584314 0.584314 0.584314
vn 0.575383 0.754859 0.314836
v -0.229070 0.446562 0.017430 0.584314 0.584314 0.584314
vn -0.334664 0.272194 0.902170
v -0.313708 0.445910 0.033043 0.584314 0.584314 0.584314
vn -0.552780 0.830675 -0.066431
v -0.310555 0.455020 -0.003488 0.584314 0.584314 0.584314
vn 0.500731 0.769867 -0.395693
v -0.240711 0.452000 -0.035292 0.584314 0.584314 0.584314
vn -0.130024 0.577184 -0.806196
v -0.277338 0.449218 -0.055271 0.584314 0.584314 0.584314
vn 0.514840 0.849939 0.111997
v -0.232761 0.452680 0.005083 0.584314 0.584314 0.584314
vn -0.609288 0.622928 0.490641
v -0.327791 0.438759 0.029864 0.584314 0.584314 0.584314
vn -0.630150 0.741343 0.230914
v -0.315368 0.452876 0.023344 0.584314 0.584314 0.584314
vn -0.501456 0.807601 -0.310359
v -0.306082 0.450637 -0.037151 0.584314 0.584314 0.584314
vn 0.361048 0.785244 -0.503027
v -0.250039 0.450540 -0.047335 0.584314 0.584314 0.584314
vn -0.196172 0.450892 0.870754
v -0.294905 0.456494 0.036372 0.584314 0.584314 0.584314
vn -0.229608 -0.043599 0.972306
v -0.305491 0.449564 0.035686 0.584314 0.584314 0.584314
vn 0.114596 0.717902 -0.686648
v -0.267670 0.451659 -0.053757 0.584314 0.584314 0.584314
vn 0.600267 0.751478 -0.273791
v -0.228690 0.448756 -0.024215 0.584314 0.584314 0.584314
vn 0.423684 0.904185 -0.054230
v -0.242066 0.458237 -0.014809 0.584314 0.584314 0.584314
vn 0.240780 0.656547 0.714822
v -0.261597 0.449288 0.042110 0.584314 0.584314 0.584314
vn -0.471285 0.572094 0.671267
v -0.308385 0.452616 0.034048 0.584314 0.584314 0.584314
vn -0.286069 0.812042 -0.508677
v -0.292845 0.453875 -0.045223 0.584314 0.584314 0.584314
vn 0.353380 0.872424 -0.337637
v -0.248909 0.457523 -0.031495 0.584314 0.584314 0.584314
vn -0.381677 0.901604 -0.203549
v -0.296581 0.458835 -0.025388 0.584314 0.584314 0.584314
vn 0.191904 0.900569 -0.390062
v -0.261276 0.457573 -0.042131 0.584314 0.584314 0.584314
vn -0.075244 0.553398 0.829511
v -0.278637 0.452927 0.041241 0.584314 0.584314 0.584314
vn 0.198629 0.838485 0.507435
v -0.264409 0.457764 0.031961 0.584314 0.584314 0.584314
vn 0.348596 0.904984 0.243893
v -0.252284 0.458822 0.019565 0.584314 0.584314 0.584314
vn -0.048338 0.888754 -0.455829
v -0.272919 0.456499 -0.047025 0.584314 0.584314 0.584314
vn 0.430506 0.874338 -0.224049
v -0.241056 0.456573 -0.023988 0.584314 0.584314 0.584314
vn -0.219386 0.936494 -0.273585
v -0.286753 0.460059 -0.032722 0.584314 0.584314 0.584314
vn 0.338487 0.937625 0.079286
v -0.244508 0.458472 -0.000172 0.584314 0.584314 0.584314
vn 0.076093 0.873892 0.480127
v -0.279398 0.460718 0.030570 0.584314 0.584314 0.584314
vn -0.205775 0.897119 0.390940
v -0.297427 0.460918 0.030168 0.584314 0.584314 0.584314
vn -0.216857 0.976021 0.018864
v -0.292455 0.464733 0.010505 0.584314 0.584314 0.584314
vn -0.419325 0.902443 -0.098810
v -0.301204 0.460503 -0.002931 0.584314 0.584314 0.584314
vn -0.467325 0.873486 0.136488
v -0.305931 0.458863 0.024617 0.584314 0.584314 0.584314
vn 0.251584 0.946059 -0.204150
v -0.254792 0.461343 -0.025568 0.584314 0.584314 0.584314
vn 0.060383 0.979813 0.190579
v -0.277883 0.464920 0.019857 0.584314 0.584314 0.584314
vn 0.197141 0.978536 0.060022
v -0.266128 0.464580 0.003284 0.584314 0.584314 0.584314
vn 0.221589 0.974493 -0.035520
v -0.259181 0.463866 -0.014699 0.584314 0.584314 0.584314
vn 0.206077 0.943378 0.259942
v -0.270524 0.463476 0.019458 0.584314 0.584314 0.584314
vn -0.201771 0.970163 -0.134436
v -0.287196 0.463548 -0.014804 0.584314 0.584314 0.584314
vn 0.011219 0.999621 -0.025149
v -0.274435 0.465915 -0.003606 0.584314 0.584314 0.584314
vn 0.033604 0.984688 -0.171059
v -0.270799 0.464491 -0.020015 0.584314 0.584314 0.584314
vn 0.084616 -0.995947 -0.030502
v -0.084969 -0.378011 -0.078129 0.584314 0.584314 0.584314
# 5002 vertices, 0 vertices normals

f 1//1 3//3 2//2
f 3//3 39//39 4//4
f 1//1 9//9 6//6
f 39//39 3//3 40//40
f 28//28 31//31 10//10
f 7//7 6//6 12//12
f 8//8 13//13 109//109
f 1//1 6//6 7//7
f 14//14 15//15 35//35
f 16//16 17//17 18//18
f 2//2 3//3 4//4
f 29//29 9//9 104//104
f 19//19 20//20 21//21
f 8//8 16//16 28//28
f 6//6 11//11 12//12
f 13//13 8//8 28//28
f 40//40 19//19 37//37
f 11//11 6//6 29//29
f 2//2 4//4 25//25
f 44//44 26//26 66//66
f 4//4 39//39 5//5
f 30//30 36//36 23//23
f 44//44 36//36 26//26
f 2//2 25//25 84//84
f 6//6 9//9 29//29
f 16//16 31//31 28//28
f 33//33 19//19 101//101
f 24//24 23//23 44//44
f 23//23 36//36 44//44
f 11//11 29//29 22//22
f 37//37 38//38 40//40
f 41//41 92//92 50//50
f 7//7 12//12 43//43
f 14//14 35//35 51//51
f 7//7 43//43 15//15
f 23//23 24//24 27//27
f 10//10 32//32 45//45
f 28//28 10//10 154//154
f 47//47 36//36 48//48
f 5//5 39//39 73//73
f 10//10 31//31 32//32
f 28//28 154//154 13//13
f 41//41 50//50 51//51
f 45//45 32//32 48//48
f 26//26 36//36 42//42
f 51//51 35//35 41//41
f 31//31 16//16 18//18
f 104//104 9//9 54//54
f 36//36 30//30 48//48
f 24//24 44//44 49//49
f 30//30 27//27 71//71
f 52//52 75//75 66//66
f 30//30 45//45 48//48
f 75//75 56//56 65//65
f 58//58 59//59 83//83
f 53//53 5//5 114//114
f 51//51 60//60 74//74
f 31//31 159//159 62//62
f 16//16 8//8 17//17
f 75//75 52//52 56//56
f 20//20 14//14 51//51
f 36//36 47//47 42//42
f 25//25 53//53 149//149
f 109//109 13//13 100//100
f 10//10 71//71 154//154
f 49//49 44//44 67//67
f 15//15 43//43 96//96
f 32//32 31//31 62//62
f 57//57 47//47 55//55
f 56//56 57//57 175//175
f 1//1 2//2 9//9
f 68//68 69//69 70//70
f 52//52 57//57 56//56
f 14//14 7//7 15//15
f 4//4 5//5 53//53
f 5//5 73//73 146//146
f 11//11 22//22 72//72
f 66//66 65//65 142//142
f 92//92 41//41 64//64
f 58//58 48//48 59//59
f 32//32 61//61 59//59
f 24//24 49//49 63//63
f 47//47 52//52 42//42
f 62//62 159//159 165//165
f 47//47 57//57 52//52
f 41//41 35//35 46//46
f 76//76 47//47 77//77
f 61//61 32//32 62//62
f 26//26 52//52 66//66
f 59//59 61//61 83//83
f 4//4 53//53 25//25
f 55//55 47//47 76//76
f 30//30 71//71 45//45
f 43//43 12//12 79//79
f 74//74 78//78 110//110
f 22//22 29//29 97//97
f 51//51 50//50 60//60
f 56//56 175//175 179//179
f 81//81 146//146 82//82
f 12//12 11//11 72//72
f 185//185 95//95 147//147
f 43//43 79//79 96//96
f 26//26 42//42 52//52
f 100//100 13//13 154//154
f 68//68 85//85 214//214
f 72//72 22//22 128//128
f 35//35 34//34 46//46
f 33//33 123//123 132//132
f 27//27 24//24 63//63
f 61//61 62//62 80//80
f 77//77 47//47 86//86
f 83//83 61//61 130//130
f 185//185 147//147 88//88
f 175//175 57//57 181//181
f 47//47 48//48 89//89
f 90//90 34//34 91//91
f 19//19 21//21 101//101
f 84//84 25//25 93//93
f 39//39 40//40 94//94
f 38//38 33//33 132//132
f 44//44 66//66 67//67
f 71//71 27//27 167//167
f 185//185 135//135 68//68
f 92//92 124//124 50//50
f 21//21 87//87 98//98
f 48//48 32//32 59//59
f 146//146 73//73 82//82
f 58//58 99//99 115//115
f 33//33 101//101 123//123
f 123//123 101//101 127//127
f 30//30 23//23 27//27
f 19//19 33//33 37//37
f 84//84 93//93 158//158
f 115//115 99//99 143//143
f 58//58 102//102 103//103
f 86//86 47//47 89//89
f 9//9 2//2 54//54
f 51//51 74//74 105//105
f 77//77 86//86 106//106
f 49//49 67//67 140//140
f 92//92 64//64 107//107
f 106//106 86//86 133//133
f 58//58 83//83 99//99
f 120//120 77//77 108//108
f 74//74 60//60 78//78
f 73//73 39//39 82//82
f 61//61 80//80 130//130
f 57//57 55//55 181//181
f 55//55 76//76 120//120
f 53//53 114//114 149//149
f 20//20 51//51 105//105
f 31//31 18//18 159//159
f 99//99 111//111 143//143
f 70//70 69//69 116//116
f 69//69 68//68 135//135
f 118//118 131//131 122//122
f 71//71 10//10 45//45
f 113//113 21//21 119//119
f 93//93 25//25 149//149
f 89//89 103//103 121//121
f 82//82 39//39 94//94
f 135//135 185//185 88//88
f 68//68 70//70 85//85
f 147//147 95//95 122//122
f 87//87 105//105 110//110
f 129//129 111//111 130//130
f 80//80 62//62 134//134
f 97//97 29//29 104//104
f 122//122 95//95 118//118
f 48//48 58//58 89//89
f 55//55 120//120 181//181
f 35//35 15//15 34//34
f 8//8 109//109 17//17
f 86//86 89//89 121//121
f 99//99 83//83 111//111
f 138//138 139//139 191//191
f 87//87 20//20 105//105
f 137//137 131//131 141//141
f 115//115 143//143 164//164
f 40//40 38//38 94//94
f 21//21 112//112 126//126
f 65//65 171//171 142//142
f 76//76 77//77 120//120
f 171//171 65//65 179//179
f 21//21 20//20 87//87
f 131//131 118//118 184//184
f 79//79 12//12 72//72
f 121//121 103//103 152//152
f 17//17 109//109 144//144
f 77//77 106//106 108//108
f 101//101 21//21 126//126
f 71//71 243//243 257//257
f 128//128 22//22 97//97
f 138//138 191//191 174//174
f 114//114 5//5 146//146
f 78//78 60//60 203//203
f 147//147 122//122 148//148
f 65//65 56//56 179//179
f 102//102 58//58 151//151
f 127//127 101//101 126//126
f 108//108 153//153 341//341
f 74//74 110//110 105//105
f 132//132 123//123 150//150
f 103//103 125//125 152//152
f 106//106 133//133 153//153
f 86//86 121//121 133//133
f 89//89 58//58 103//103
f 64//64 41//41 46//46
f 38//38 132//132 289//289
f 120//120 108//108 157//157
f 70//70 139//139 155//155
f 60//60 50//50 117//117
f 112//112 21//21 113//113
f 125//125 190//190 287//287
f 131//131 184//184 141//141
f 145//145 87//87 161//161
f 164//164 143//143 253//253
f 72//72 128//128 162//162
f 207//207 115//115 168//168
f 27//27 63//63 167//167
f 123//123 127//127 163//163
f 46//46 34//34 235//235
f 124//124 92//92 107//107
f 143//143 160//160 253//253
f 66//66 75//75 65//65
f 115//115 164//164 168//168
f 133//133 121//121 152//152
f 71//71 257//257 154//154
f 133//133 170//170 172//172
f 112//112 183//183 225//225
f 18//18 17//17 144//144
f 117//117 50//50 124//124
f 181//181 120//120 157//157
f 64//64 46//46 252//252
f 98//98 87//87 145//145
f 139//139 138//138 155//155
f 112//112 113//113 183//183
f 46//46 235//235 252//252
f 88//88 147//147 169//169
f 104//104 54//54 166//166
f 87//87 110//110 161//161
f 66//66 142//142 136//136
f 151//151 58//58 207//207
f 58//58 115//115 207//207
f 97//97 104//104 188//188
f 2//2 84//84 54//54
f 128//128 97//97 188//188
f 203//203 202//202 173//173
f 37//37 33//33 38//38
f 133//133 152//152 170//170
f 142//142 171//171 178//178
f 113//113 119//119 187//187
f 119//119 98//98 176//176
f 111//111 83//83 130//130
f 49//49 140//140 63//63
f 122//122 131//131 137//137
f 126//126 112//112 225//225
f 54//54 84//84 158//158
f 151//151 207//207 246//246
f 190//190 102//102 151//151
f 154//154 257//257 182//182
f 113//113 187//187 183//183
f 139//139 70//70 191//191
f 124//124 107//107 200//200
f 34//34 15//15 96//96
f 184//184 118//118 186//186
f 171//171 179//179 216//216
f 155//155 138//138 325//325
f 110//110 78//78 173//173
f 68//68 214//214 185//185
f 125//125 102//102 190//190
f 108//108 341//341 157//157
f 214//214 85//85 265//265
f 173//173 189//189 336//336
f 170//170 125//125 209//209
f 109//109 100//100 245//245
f 93//93 149//149 299//299
f 165//165 159//159 180//180
f 21//21 98//98 119//119
f 100//100 154//154 210//210
f 143//143 111//111 160//160
f 174//174 192//192 193//193
f 166//166 158//158 279//279
f 104//104 166//166 188//188
f 119//119 176//176 195//195
f 187//187 119//119 195//195
f 132//132 196//196 197//197
f 114//114 146//146 206//206
f 176//176 98//98 199//199
f 117//117 124//124 200//200
f 202//202 203//203 204//204
f 118//118 95//95 205//205
f 125//125 287//287 209//209
f 193//193 192//192 194//194
f 60//60 117//117 203//203
f 150//150 123//123 163//163
f 152//152 125//125 170//170
f 183//183 187//187 219//219
f 144//144 245//245 248//248
f 79//79 72//72 162//162
f 98//98 145//145 199//199
f 149//149 114//114 206//206
f 163//163 127//127 212//212
f 94//94 38//38 289//289
f 200//200 107//107 228//228
f 132//132 150//150 196//196
f 63//63 140//140 251//251
f 78//78 203//203 173//173
f 67//67 66//66 136//136
f 103//103 102//102 125//125
f 85//85 70//70 155//155
f 108//108 106//106 153//153
f 192//192 174//174 198//198
f 287//287 190//190 201//201
f 253//253 160//160 177//177
f 80//80 134//134 156//156
f 153//153 133//133 172//172
f 214//214 215//215 275//275
f 192//192 198//198 239//239
f 193//193 194//194 213//213
f 138//138 174//174 325//325
f 145//145 208//208 199//199
f 190//190 151//151 201//201
f 289//289 132//132 197//197
f 217//217 141//141 218//218
f 67//67 136//136 306//306
f 109//109 245//245 144//144
f 175//175 181//181 313//313
f 145//145 161//161 208//208
f 211//211 137//137 375//375
f 135//135 88//88 169//169
f 91//91 34//34 96//96
f 187//187 195//195 250//250
f 54//54 158//158 166//166
f 176//176 199//199 237//237
f 70//70 116//116 191//191
f 159//159 18//18 180//180
f 127//127 225//225 212//212
f 96//96 79//79 221//221
f 219//219 187//187 250//250
f 134//134 165//165 259//259
f 174//174 191//191 304//304
f 198//198 304//304 223//223
f 85//85 224//224 265//265
f 140//140 306//306 251//251
f 183//183 226//226 225//225
f 79//79 162//162 221//221
f 207//207 168//168 231//231
f 95//95 185//185 275//275
f 149//149 206//206 299//299
f 71//71 167//167 243//243
f 175//175 313//313 263//263
f 217//217 218//218 271//271
f 137//137 141//141 217//217
f 183//183 219//219 232//232
f 201//201 151//151 246//246
f 168//168 222//222 231//231
f 162//162 128//128 247//247
f 127//127 126//126 225//225
f 180//180 144//144 248//248
f 192//192 239//239 240//240
f 456//456 177//177 236//236
f 167//167 63//63 251//251
f 34//34 90//90 235//235
f 107//107 252//252 228//228
f 194//194 192//192 240//240
f 160//160 129//129 177//177
f 237//237 199//199 241//241
f 158//158 93//93 279//279
f 168//168 164//164 222//222
f 100//100 210//210 245//245
f 141//141 184//184 218//218
f 184//184 186//186 218//218
f 183//183 232//232 226//226
f 186//186 348//348 249//249
f 172//172 170//170 274//274
f 219//219 250//250 300//300
f 91//91 221//221 337//337
f 128//128 188//188 247//247
f 165//165 180//180 322//322
f 107//107 64//64 252//252
f 229//229 279//279 230//230
f 246//246 207//207 231//231
f 182//182 257//257 256//256
f 136//136 142//142 254//254
f 217//217 271//271 262//262
f 146//146 81//81 255//255
f 117//117 200//200 204//204
f 233//233 238//238 172//172
f 379//379 220//220 169//169
f 216//216 179//179 263//263
f 245//245 210//210 248//248
f 172//172 238//238 341//341
f 203//203 117//117 204//204
f 213//213 240//240 261//261
f 306//306 136//136 254//254
f 243//243 167//167 251//251
f 213//213 261//261 302//302
f 204//204 200//200 273//273
f 147//147 148//148 169//169
f 255//255 81//81 321//321
f 156//156 134//134 259//259
f 142//142 178//178 254//254
f 186//186 249//249 309//309
f 456//456 236//236 469//469
f 195//195 176//176 237//237
f 212//212 227//227 342//342
f 198//198 174//174 304//304
f 182//182 268//268 269//269
f 261//261 240//240 270//270
f 206//206 146//146 255//255
f 239//239 198//198 223//223
f 179//179 175//175 263//263
f 200//200 228//228 273//273
f 240//240 239//239 270//270
f 182//182 256//256 268//268
f 181//181 157//157 276//276
f 225//225 226//226 212//212
f 148//148 122//122 211//211
f 18//18 144//144 180//180
f 204//204 273//273 280//280
f 156//156 272//272 282//282
f 62//62 165//165 134//134
f 205//205 95//95 275//275
f 185//185 214//214 275//275
f 256//256 257//257 283//283
f 188//188 166//166 292//292
f 180//180 264//264 286//286
f 90//90 91//91 242//242
f 305//305 90//90 352//352
f 285//285 277//277 270//270
f 283//283 257//257 244//244
f 156//156 259//259 272//272
f 277//277 278//278 288//288
f 248//248 210//210 269//269
f 154//154 182//182 210//210
f 251//251 306//306 281//281
f 244//244 243//243 281//281
f 81//81 289//289 383//383
f 199//199 208//208 241//241
f 284//284 162//162 292//292
f 150//150 163//163 290//290
f 196//196 150//150 290//290
f 279//279 93//93 230//230
f 278//278 277//277 285//285
f 247//247 188//188 292//292
f 313//313 181//181 276//276
f 166//166 279//279 292//292
f 202//202 204//204 293//293
f 208//208 161//161 267//267
f 228//228 252//252 294//294
f 243//243 251//251 281//281
f 262//262 271//271 297//297
f 178//178 171//171 216//216
f 130//130 80//80 156//156
f 252//252 235//235 294//294
f 232//232 219//219 300//300
f 277//277 261//261 270//270
f 226//226 232//232 356//356
f 186//186 205//205 348//348
f 230//230 93//93 299//299
f 279//279 308//308 292//292
f 288//288 278//278 301//301
f 221//221 162//162 284//284
f 308//308 279//279 229//229
f 273//273 228//228 294//294
f 257//257 243//243 244//244
f 278//278 331//331 301//301
f 140//140 67//67 306//306
f 271//271 218//218 334//334
f 253//253 177//177 456//456
f 214//214 265//265 295//295
f 278//278 285//285 318//318
f 161//161 173//173 267//267
f 242//242 91//91 337//337
f 162//162 247//247 292//292
f 222//222 164//164 363//363
f 261//261 277//277 288//288
f 297//297 465//465 307//307
f 153//153 172//172 341//341
f 191//191 116//116 303//303
f 280//280 273//273 294//294
f 287//287 201//201 260//260
f 220//220 135//135 169//169
f 262//262 297//297 310//310
f 254//254 178//178 328//328
f 302//302 261//261 288//288
f 311//311 372//372 502//502
f 287//287 260//260 345//345
f 338//338 221//221 308//308
f 297//297 307//307 310//310
f 85//85 155//155 258//258
f 210//210 182//182 269//269
f 260//260 201//201 312//312
f 164//164 253//253 363//363
f 163//163 212//212 342//342
f 310//310 449//449 314//314
f 331//331 278//278 318//318
f 215//215 214//214 296//296
f 180//180 248//248 264//264
f 308//308 221//221 284//284
f 254//254 328//328 317//317
f 255//255 298//298 299//299
f 334//334 218//218 373//373
f 269//269 264//264 248//248
f 231//231 316//316 419//419
f 91//91 96//96 221//221
f 122//122 137//137 211//211
f 213//213 194//194 240//240
f 306//306 254//254 317//317
f 116//116 69//69 220//220
f 264//264 268//268 286//286
f 265//265 224//224 295//295
f 69//69 135//135 220//220
f 186//186 118//118 205//205
f 313//313 276//276 320//320
f 322//322 180//180 286//286
f 310//310 307//307 349//349
f 322//322 401//401 354//354
f 173//173 336//336 267//267
f 323//323 324//324 325//325
f 235//235 90//90 294//294
f 90//90 305//305 294//294
f 81//81 383//383 321//321
f 327//327 393//393 328//328
f 465//465 297//297 334//334
f 222//222 363//363 332//332
f 315//315 417//417 442//442
f 337//337 221//221 338//338
f 90//90 242//242 352//352
f 238//238 233//233 330//330
f 268//268 264//264 269//269
f 292//292 308//308 284//284
f 206//206 255//255 299//299
f 349//349 307//307 357//357
f 357//357 351//351 350//350
f 155//155 325//325 258//258
f 226//226 227//227 212//212
f 259//259 165//165 322//322
f 317//317 328//328 340//340
f 280//280 294//294 305//305
f 263//263 313//313 333//333
f 256//256 283//283 358//358
f 229//229 230//230 365//365
f 223//223 304//304 386//386
f 331//331 318//318 360//360
f 318//318 403//403 364//364
f 307//307 491//491 335//335
f 401//401 286//286 440//440
f 197//197 196//196 319//319
f 174//174 193//193 325//325
f 280//280 305//305 339//339
f 302//302 288//288 329//329
f 227//227 461//461 342//342
f 193//193 213//213 323//323
f 403//403 315//315 343//343
f 196//196 290//290 311//311
f 322//322 286//286 401//401
f 218//218 186//186 309//309
f 274//274 287//287 345//345
f 216//216 263//263 333//333
f 253//253 456//456 363//363
f 308//308 229//229 397//397
f 129//129 156//156 282//282
f 237//237 291//291 346//346
f 357//357 307//307 351//351
f 337//337 338//338 347//347
f 205//205 275//275 348//348
f 341//341 238//238 361//361
f 360//360 318//318 364//364
f 315//315 442//442 490//490
f 195//195 237//237 346//346
f 218//218 309//309 373//373
f 227//227 226//226 356//356
f 379//379 169//169 400//400
f 224//224 258//258 344//344
f 111//111 129//129 160//160
f 319//319 196//196 311//311
f 163//163 342//342 290//290
f 440//440 286//286 388//388
f 191//191 303//303 304//304
f 224//224 430//430 427//427
f 217//217 262//262 314//314
f 339//339 352//352 415//415
f 129//129 130//130 156//156
f 357//357 350//350 353//353
f 170//170 209//209 274//274
f 300//300 250//250 385//385
f 325//325 193//193 323//323
f 307//307 465//465 491//491
f 281//281 306//306 317//317
f 81//81 82//82 94//94
f 455//455 331//331 360//360
f 328//328 178//178 327//327
f 81//81 94//94 289//289
f 274//274 209//209 287//287
f 177//177 129//129 236//236
f 313//313 320//320 333//333
f 259//259 322//322 354//354
f 208//208 267//267 409//409
f 178//178 216//216 333//333
f 239//239 223//223 266//266
f 242//242 337//337 368//368
f 283//283 244//244 326//326
f 229//229 365//365 452//452
f 272//272 259//259 354//354
f 304//304 303//303 386//386
f 370//370 474//474 373//373
f 373//373 309//309 370//370
f 350//350 351//351 450//450
f 469//469 236//236 377//377
f 244//244 317//317 326//326
f 244//244 281//281 317//317
f 345//345 234//234 274//274
f 268//268 358//358 388//388
f 236//236 129//129 282//282
f 275//275 215//215 348//348
f 256//256 358//358 268//268
f 204//204 280//280 293//293
f 327//327 178//178 333//333
f 340//340 328//328 393//393
f 301//301 331//331 436//436
f 148//148 211//211 366//366
f 250//250 195//195 385//385
f 298//298 230//230 299//299
f 415//415 242//242 369//369
f 309//309 249//249 370//370
f 362//362 323//323 371//371
f 255//255 321//321 298//298
f 339//339 305//305 352//352
f 360//360 364//364 389//389
f 323//323 302//302 371//371
f 224//224 85//85 258//258
f 286//286 268//268 388//388
f 201//201 246//246 312//312
f 367//367 364//364 404//404
f 370//370 398//398 495//495
f 364//364 367//367 389//389
f 272//272 376//376 377//377
f 298//298 321//321 365//365
f 320//320 359//359 392//392
f 320//320 276//276 359//359
f 116//116 220//220 379//379
f 482//482 241//241 409//409
f 260//260 312//312 380//380
f 246//246 231//231 312//312
f 270//270 239//239 266//266
f 320//320 327//327 333//333
f 353//353 350//350 407//407
f 351//351 307//307 335//335
f 315//315 285//285 417//417
f 324//324 390//390 489//489
f 232//232 355//355 356//356
f 213//213 302//302 323//323
f 230//230 298//298 365//365
f 276//276 378//378 359//359
f 189//189 173//173 395//395
f 518//518 335//335 396//396
f 325//325 324//324 344//344
f 367//367 416//416 399//399
f 197//197 319//319 414//414
f 430//430 224//224 460//460
f 329//329 301//301 436//436
f 258//258 325//325 344//344
f 372//372 342//342 461//461
f 357//357 353//353 422//422
f 417//417 285//285 266//266
f 365//365 321//321 412//412
f 337//337 347//347 368//368
f 335//335 491//491 511//511
f 423//423 387//387 379//379
f 461//461 356//356 447//447
f 367//367 374//374 389//389
f 312//312 231//231 419//419
f 318//318 285//285 315//315
f 497//497 375//375 405//405
f 288//288 301//301 329//329
f 340//340 393//393 382//382
f 237//237 241//241 291//291
f 361//361 238//238 406//406
f 280//280 339//339 293//293
f 327//327 320//320 392//392
f 262//262 310//310 314//314
f 351//351 335//335 450//450
f 241//241 208//208 409//409
f 195//195 346//346 385//385
f 371//371 302//302 329//329
f 157//157 378//378 276//276
f 169//169 148//148 400//400
f 296//296 295//295 439//439
f 403//403 410//410 421//421
f 370//370 249//249 398//398
f 371//371 329//329 411//411
f 360//360 389//389 455//455
f 502//502 413//413 414//414
f 231//231 222//222 316//316
f 389//389 374//374 418//418
f 242//242 368//368 369//369
f 157//157 341//341 378//378
f 378//378 361//361 485//485
f 359//359 378//378 485//485
f 352//352 242//242 415//415
f 431//431 580//580 591//591
f 282//282 272//272 377//377
f 355//355 300//300 402//402
f 375//375 137//137 217//217
f 311//311 502//502 319//319
f 348//348 215//215 420//420
f 224//224 344//344 460//460
f 366//366 211//211 375//375
f 295//295 224//224 427//427
f 272//272 354//354 376//376
f 460//460 344//344 489//489
f 338//338 308//308 397//397
f 229//229 452//452 397//397
f 295//295 427//427 439//439
f 296//296 214//214 295//295
f 349//349 357//357 422//422
f 318//318 315//315 403//403
f 311//311 342//342 372//372
f 404//404 364//364 403//403
f 393//393 327//327 392//392
f 387//387 303//303 379//379
f 399//399 416//416 435//435
f 465//465 334//334 373//373
f 380//380 312//312 419//419
f 232//232 300//300 355//355
f 331//331 455//455 436//436
f 217//217 314//314 405//405
f 446//446 583//583 424//424
f 375//375 217//217 405//405
f 148//148 366//366 400//400
f 405//405 314//314 425//425
f 378//378 341//341 361//361
f 455//455 389//389 418//418
f 344//344 324//324 489//489
f 414//414 413//413 441//441
f 234//234 233//233 274//274
f 345//345 260//260 380//380
f 399//399 520//520 374//374
f 223//223 428//428 266//266
f 290//290 342//342 311//311
f 382//382 393//393 429//429
f 366//366 497//497 523//523
f 367//367 404//404 416//416
f 202//202 293//293 381//381
f 383//383 197//197 446//446
f 233//233 172//172 274//274
f 358//358 283//283 431//431
f 326//326 317//317 340//340
f 420//420 296//296 439//439
f 300//300 385//385 402//402
f 347//347 338//338 397//397
f 303//303 387//387 386//386
f 411//411 329//329 436//436
f 227//227 356//356 461//461
f 321//321 383//383 412//412
f 345//345 437//437 234//234
f 249//249 348//348 398//398
f 161//161 110//110 173//173
f 452//452 365//365 547//547
f 353//353 407//407 408//408
f 241//241 482//482 291//291
f 359//359 544//544 500//500
f 439//439 427//427 453//453
f 398//398 432//432 466//466
f 404//404 403//403 421//421
f 531//531 358//358 431//431
f 385//385 346//346 496//496
f 238//238 330//330 406//406
f 420//420 443//443 432//432
f 465//465 373//373 444//444
f 314//314 391//391 425//425
f 430//430 460//460 445//445
f 236//236 282//282 377//377
f 316//316 222//222 332//332
f 319//319 502//502 414//414
f 374//374 367//367 399//399
f 398//398 348//348 432//432
f 289//289 197//197 383//383
f 397//397 452//452 468//468
f 285//285 270//270 266//266
f 356//356 355//355 447//447
f 379//379 400//400 448//448
f 326//326 340//340 382//382
f 547//547 494//494 452//452
f 423//423 379//379 448//448
f 450//450 335//335 518//518
f 326//326 382//382 580//580
f 415//415 545//545 457//457
f 591//591 531//531 431//431
f 455//455 418//418 473//473
f 408//408 426//426 503//503
f 427//427 430//430 453//453
f 332//332 456//456 454//454
f 173//173 202//202 381//381
f 339//339 415//415 457//457
f 458//458 411//411 459//459
f 283//283 326//326 431//431
f 408//408 407//407 426//426
f 407//407 350//350 434//434
f 438//438 436//436 455//455
f 343//343 315//315 490//490
f 369//369 368//368 464//464
f 449//449 310//310 349//349
f 332//332 363//363 456//456
f 465//465 444//444 491//491
f 440//440 388//388 462//462
f 388//388 358//358 394//394
f 416//416 404//404 421//421
f 173//173 381//381 395//395
f 400//400 366//366 451//451
f 467//467 390//390 362//362
f 267//267 336//336 409//409
f 433//433 401//401 440//440
f 545//545 415//415 369//369
f 435//435 416//416 470//470
f 348//348 420//420 432//432
f 215//215 296//296 420//420
f 381//381 293//293 457//457
f 349//349 422//422 449//449
f 343//343 490//490 471//471
f 515//515 442//442 472//472
f 438//438 455//455 473//473
f 444//444 373//373 474//474
f 365//365 412//412 424//424
f 418//418 475//475 581//581
f 499//499 390//390 576//576
f 390//390 324//324 362//362
f 475//475 418//418 476//476
f 386//386 387//387 477//477
f 461//461 447//447 524//524
f 396//396 335//335 511//511
f 393//393 392//392 500//500
f 293//293 339//339 457//457
f 442//442 428//428 472//472
f 372//372 461//461 501//501
f 547//547 365//365 424//424
f 417//417 428//428 442//442
f 426//426 407//407 434//434
f 434//434 450//450 478//478
f 479//479 371//371 480//480
f 376//376 354//354 433//433
f 433//433 440//440 462//462
f 412//412 383//383 424//424
f 197//197 414//414 446//446
f 482//482 409//409 483//483
f 545//545 369//369 464//464
f 421//421 410//410 481//481
f 474//474 370//370 495//495
f 424//424 583//583 547//547
f 346//346 291//291 496//496
f 483//483 592//592 482//482
f 464//464 368//368 347//347
f 402//402 385//385 582//582
f 324//324 323//323 362//362
f 347//347 397//397 468//468
f 359//359 485//485 544//544
f 392//392 359//359 500//500
f 497//497 366//366 375//375
f 420//420 439//439 443//443
f 422//422 353//353 408//408
f 314//314 449//449 391//391
f 366//366 523//523 537//537
f 439//439 453//453 486//486
f 453//453 445//445 486//486
f 414//414 441//441 446//446
f 431//431 326//326 580//580
f 430//430 445//445 453//453
f 355//355 402//402 557//557
f 316//316 332//332 454//454
f 478//478 450//450 492//492
f 354//354 401//401 433//433
f 469//469 377//377 493//493
f 467//467 362//362 479//479
f 383//383 446//446 424//424
f 382//382 429//429 463//463
f 399//399 435//435 507//507
f 464//464 604//604 545//545
f 388//388 394//394 462//462
f 442//442 515//515 490//490
f 495//495 398//398 466//466
f 520//520 399//399 507//507
f 350//350 450//450 434//434
f 436//436 438//438 459//459
f 423//423 448//448 522//522
f 468//468 452//452 494//494
f 451//451 366//366 537//537
f 418//418 374//374 476//476
f 432//432 443//443 488//488
f 500//500 590//590 563//563
f 377//377 376//376 493//493
f 489//489 390//390 499//499
f 390//390 467//467 576//576
f 497//497 425//425 504//504
f 488//488 443//443 553//553
f 362//362 371//371 479//479
f 485//485 361//361 579//579
f 432//432 488//488 466//466
f 297//297 271//271 334//334
f 456//456 469//469 498//498
f 422//422 508//508 509//509
f 372//372 501//501 502//502
f 479//479 480//480 510//510
f 303//303 116//116 379//379
f 426//426 434//434 517//517
f 444//444 474//474 512//512
f 405//405 425//425 497//497
f 429//429 393//393 500//500
f 374//374 520//520 476//476
f 504//504 425//425 532//532
f 460//460 489//489 499//499
f 425//425 391//391 532//532
f 450//450 518//518 519//519
f 507//507 505//505 516//516
f 494//494 578//578 468//468
f 400//400 451//451 448//448
f 582//582 385//385 496//496
f 386//386 477//477 521//521
f 381//381 457//457 528//528
f 449//449 422//422 514//514
f 491//491 444//444 511//511
f 586//586 464//464 578//578
f 507//507 435//435 513//513
f 408//408 503//503 508//508
f 587//587 494//494 547//547
f 482//482 592//592 525//525
f 503//503 517//517 571//571
f 413//413 539//539 441//441
f 345//345 384//384 437//437
f 330//330 234//234 527//527
f 434//434 478//478 517//517
f 503//503 426//426 517//517
f 501//501 461//461 524//524
f 530//530 506//506 531//531
f 516//516 505//505 594//594
f 473//473 418//418 581//581
f 525//525 592//592 678//678
f 439//439 486//486 487//487
f 505//505 507//507 513//513
f 445//445 460//460 499//499
f 448//448 451//451 556//556
f 544//544 485//485 538//538
f 384//384 419//419 573//573
f 517//517 478//478 618//618
f 486//486 445//445 540//540
f 479//479 510//510 536//536
f 540//540 541//541 596//596
f 495//495 466//466 551//551
f 582//582 496//496 542//542
f 396//396 511//511 597//597
f 395//395 528//528 543//543
f 347//347 468//468 578//578
f 361//361 406//406 579//579
f 467//467 479//479 536//536
f 483//483 189//189 546//546
f 532//532 449//449 548//548
f 597//597 549//549 550//550
f 505//505 513//513 526//526
f 411//411 458//458 480//480
f 551//551 466//466 488//488
f 505//505 526//526 572//572
f 443//443 439//439 487//487
f 376//376 433//433 552//552
f 481//481 410//410 558//558
f 520//520 507//507 555//555
f 462//462 394//394 506//506
f 540//540 445//445 541//541
f 382//382 463//463 580//580
f 451//451 537//537 556//556
f 410//410 471//471 558//558
f 403//403 343//343 410//410
f 500//500 563//563 429//429
f 522//522 448//448 556//556
f 500//500 544//544 590//590
f 470//470 421//421 481//481
f 523//523 560//560 575//575
f 428//428 417//417 266//266
f 387//387 423//423 535//535
f 563//563 463//463 429//429
f 371//371 411//411 480//480
f 422//422 408//408 508//508
f 316//316 561//561 619//619
f 443//443 487//487 553//553
f 537//537 554//554 556//556
f 505//505 572//572 594//594
f 233//233 234//234 330//330
f 490//490 515//515 471//471
f 578//578 494//494 562//562
f 612//612 413//413 502//502
f 395//395 543//543 189//189
f 411//411 436//436 459//459
f 409//409 336//336 483//483
f 524//524 447//447 564//564
f 435//435 470//470 513//513
f 537//537 523//523 575//575
f 576//576 467//467 565//565
f 391//391 449//449 532//532
f 695//695 566//566 567//567
f 492//492 519//519 568//568
f 419//419 384//384 380//380
f 433//433 462//462 552//552
f 384//384 345//345 380//380
f 583//583 446//446 441//441
f 406//406 330//330 570//570
f 617//617 534//534 522//522
f 394//394 358//358 531//531
f 502//502 501//501 612//612
f 604//604 464//464 586//586
f 492//492 450//450 519//519
f 395//395 381//381 528//528
f 518//518 396//396 597//597
f 469//469 484//484 498//498
f 336//336 189//189 483//483
f 189//189 543//543 546//546
f 521//521 566//566 574//574
f 464//464 347//347 578//578
f 556//556 554//554 617//617
f 413//413 612//612 645//645
f 454//454 456//456 498//498
f 498//498 484//484 650//650
f 524//524 564//564 622//622
f 488//488 553//553 575//575
f 532//532 549//549 653//653
f 423//423 522//522 534//534
f 330//330 527//527 570//570
f 598//598 576//576 577//577
f 528//528 545//545 604//604
f 552//552 462//462 663//663
f 402//402 582//582 557//557
f 538//538 485//485 579//579
f 523//523 497//497 504//504
f 474//474 495//495 512//512
f 512//512 495//495 585//585
f 387//387 535//535 477//477
f 514//514 422//422 509//509
f 459//459 438//438 584//584
f 508//508 503//503 606//606
f 562//562 494//494 587//587
f 484//484 493//493 589//589
f 441//441 539//539 610//610
f 449//449 514//514 548//548
f 428//428 521//521 574//574
f 526//526 513//513 569//569
f 478//478 492//492 618//618
f 291//291 482//482 525//525
f 528//528 457//457 545//545
f 428//428 386//386 521//521
f 554//554 537//537 575//575
f 549//549 511//511 593//593
f 560//560 523//523 504//504
f 577//577 565//565 692//692
f 553//553 487//487 617//617
f 410//410 343//343 471//471
f 551//551 634//634 585//585
f 234//234 437//437 527//527
f 551//551 488//488 575//575
f 438//438 473//473 595//595
f 473//473 581//581 595//595
f 553//553 554//554 575//575
f 423//423 534//534 535//535
f 542//542 525//525 678//678
f 513//513 470//470 569//569
f 557//557 559//559 564//564
f 560//560 504//504 634//634
f 223//223 386//386 428//428
f 520//520 555//555 476//476
f 554//554 553//553 617//617
f 541//541 598//598 596//596
f 560//560 551//551 575//575
f 535//535 615//615 477//477
f 462//462 506//506 663//663
f 416//416 421//421 470//470
f 536//536 510//510 533//533
f 517//517 618//618 571//571
f 580//580 463//463 599//599
f 487//487 486//486 540//540
f 447//447 355//355 557//557
f 587//587 610//610 657//657
f 536//536 533//533 565//565
f 444//444 512//512 593//593
f 516//516 594//594 601//601
f 634//634 551//551 560//560
f 463//463 563//563 603//603
f 594//594 572//572 638//638
f 558//558 471//471 605//605
f 544//544 538//538 590//590
f 522//522 556//556 617//617
f 511//511 444//444 593//593
f 493//493 552//552 589//589
f 566//566 521//521 477//477
f 527//527 607//607 608//608
f 558//558 605//605 690//690
f 600//600 514//514 649//649
f 530//530 611//611 696//696
f 493//493 376//376 552//552
f 519//519 518//518 550//550
f 454//454 498//498 639//639
f 510//510 480//480 458//458
f 487//487 540//540 602//602
f 579//579 613//613 636//636
f 483//483 546//546 614//614
f 495//495 551//551 585//585
f 510//510 458//458 681//681
f 510//510 681//681 620//620
f 524//524 622//622 621//621
f 565//565 533//533 620//620
f 532//532 548//548 549//549
f 419//419 316//316 619//619
f 603//603 563//563 624//624
f 437//437 384//384 529//529
f 532//532 653//653 635//635
f 645//645 612//612 621//621
f 547//547 610//610 587//587
f 506//506 394//394 531//531
f 533//533 510//510 620//620
f 496//496 291//291 525//525
f 552//552 627//627 628//628
f 471//471 515//515 629//629
f 589//589 552//552 628//628
f 512//512 585//585 635//635
f 591//591 580//580 599//599
f 507//507 516//516 555//555
f 592//592 483//483 717//717
f 610//610 547//547 583//583
f 515//515 472//472 630//630
f 598//598 577//577 662//662
f 631//631 519//519 550//550
f 487//487 602//602 617//617
f 586//586 562//562 688//688
f 550//550 549//549 632//632
f 550//550 518//518 597//597
f 514//514 600//600 632//632
f 601//601 694//694 674//674
f 472//472 574//574 633//633
f 512//512 635//635 593//593
f 635//635 634//634 504//504
f 459//459 584//584 609//609
f 548//548 514//514 632//632
f 563//563 590//590 636//636
f 585//585 634//634 635//635
f 562//562 637//637 688//688
f 678//678 592//592 625//625
f 529//529 384//384 573//573
f 475//475 476//476 682//682
f 601//601 594//594 638//638
f 535//535 534//534 615//615
f 498//498 650//650 655//655
f 613//613 406//406 570//570
f 679//679 515//515 630//630
f 579//579 406//406 613//613
f 583//583 441//441 610//610
f 611//611 530//530 599//599
f 515//515 679//679 629//629
f 578//578 562//562 586//586
f 636//636 613//613 642//642
f 598//598 541//541 576//576
f 613//613 570//570 643//643
f 566//566 695//695 574//574
f 638//638 572//572 644//644
f 539//539 413//413 645//645
f 458//458 459//459 609//609
f 695//695 567//567 646//646
f 503//503 571//571 606//606
f 581//581 475//475 682//682
f 476//476 555//555 682//682
f 534//534 617//617 602//602
f 316//316 454//454 561//561
f 561//561 639//639 640//640
f 526//526 569//569 626//626
f 615//615 534//534 602//602
f 447//447 557//557 564//564
f 584//584 438//438 595//595
f 484//484 469//469 493//493
f 568//568 631//631 704//704
f 618//618 492//492 568//568
f 506//506 530//530 663//663
f 639//639 498//498 655//655
f 681//681 458//458 647//647
f 616//616 615//615 602//602
f 509//509 508//508 660//660
f 653//653 549//549 593//593
f 528//528 604//604 623//623
f 470//470 481//481 588//588
f 499//499 576//576 541//541
f 546//546 543//543 656//656
f 549//549 548//548 632//632
f 573//573 419//419 619//619
f 472//472 428//428 574//574
f 644//644 572//572 648//648
f 509//509 660//660 649//649
f 445//445 499//499 541//541
f 571//571 618//618 568//568
f 599//599 463//463 603//603
f 557//557 582//582 559//559
f 504//504 532//532 635//635
f 555//555 516//516 601//601
f 467//467 536//536 565//565
f 600//600 550//550 632//632
f 624//624 563//563 636//636
f 597//597 511//511 549//549
f 576//576 565//565 577//577
f 638//638 644//644 654//654
f 587//587 657//657 637//637
f 496//496 525//525 542//542
f 579//579 636//636 538//538
f 640//640 639//639 655//655
f 543//543 528//528 656//656
f 514//514 509//509 649//649
f 614//614 546//546 699//699
f 588//588 658//658 764//764
f 647//647 609//609 665//665
f 593//593 635//635 653//653
f 643//643 570//570 659//659
f 572//572 526//526 626//626
f 676//676 645//645 621//621
f 566//566 477//477 615//615
f 602//602 540//540 616//616
f 604//604 586//586 623//623
f 571//571 568//568 704//704
f 692//692 620//620 661//661
f 552//552 663//663 627//627
f 590//590 538//538 636//636
f 458//458 609//609 647//647
f 612//612 524//524 621//621
f 642//642 613//613 664//664
f 625//625 592//592 717//717
f 606//606 571//571 704//704
f 481//481 558//558 666//666
f 682//682 555//555 667//667
f 501//501 524//524 612//612
f 616//616 596//596 662//662
f 568//568 519//519 631//631
f 644//644 648//648 669//669
f 559//559 582//582 641//641
f 654//654 644//644 669//669
f 692//692 565//565 620//620
f 555//555 601//601 674//674
f 540//540 596//596 616//616
f 621//621 622//622 652//652
f 732//732 648//648 670//670
f 603//603 624//624 673//673
f 508//508 606//606 660//660
f 648//648 732//732 671//671
f 564//564 559//559 675//675
f 596//596 598//598 662//662
f 539//539 676//676 677//677
f 539//539 645//645 676//676
f 630//630 633//633 755//755
f 678//678 625//625 750//750
f 567//567 566//566 615//615
f 567//567 615//615 616//616
f 628//628 680//680 757//757
f 648//648 671//671 669//669
f 609//609 584//584 702//702
f 658//658 588//588 666//666
f 581//581 682//682 668//668
f 624//624 636//636 642//642
f 673//673 624//624 642//642
f 633//633 574//574 695//695
f 562//562 587//587 637//637
f 550//550 600//600 683//683
f 527//527 437//437 607//607
f 623//623 688//688 684//684
f 582//582 542//542 641//641
f 564//564 675//675 723//723
f 589//589 628//628 752//752
f 620//620 681//681 661//661
f 567//567 616//616 662//662
f 660//660 606//606 704//704
f 750//750 625//625 686//686
f 561//561 454//454 639//639
f 656//656 623//623 684//684
f 665//665 609//609 702//702
f 663//663 530//530 696//696
f 661//661 681//681 733//733
f 584//584 595//595 687//687
f 631//631 550//550 683//683
f 561//561 640//640 672//672
f 681//681 665//665 689//689
f 577//577 692//692 720//720
f 657//657 610//610 677//677
f 527//527 608//608 659//659
f 611//611 599//599 603//603
f 630//630 472//472 633//633
f 626//626 569//569 747//747
f 662//662 577//577 708//708
f 542//542 678//678 685//685
f 676//676 621//621 652//652
f 627//627 663//663 696//696
f 688//688 637//637 710//710
f 577//577 720//720 708//708
f 573//573 619//619 700//700
f 546//546 656//656 699//699
f 483//483 614//614 717//717
f 608//608 607//607 713//713
f 630//630 755//755 679//679
f 437//437 529//529 607//607
f 569//569 470//470 588//588
f 584//584 701//701 702//702
f 746//746 672//672 705//705
f 681//681 647//647 665//665
f 570//570 527//527 659//659
f 667//667 706//706 707//707
f 705//705 672//672 640//640
f 623//623 586//586 688//688
f 719//719 828//828 710//710
f 669//669 671//671 703//703
f 567//567 662//662 708//708
f 572//572 626//626 648//648
f 764//764 783//783 693//693
f 660//660 704//704 649//649
f 588//588 481//481 666//666
f 559//559 641//641 698//698
f 755//755 633//633 712//712
f 569//569 693//693 747//747
f 530//530 531//531 599//599
f 569//569 588//588 693//693
f 699//699 656//656 737//737
f 531//531 591//591 599//599
f 681//681 689//689 814//814
f 600//600 649//649 683//683
f 700//700 619//619 651//651
f 659//659 714//714 715//715
f 633//633 695//695 712//712
f 603//603 711//711 730//730
f 704//704 631//631 683//683
f 684//684 688//688 718//718
f 688//688 710//710 697//697
f 622//622 564//564 723//723
f 650//650 589//589 709//709
f 650//650 709//709 721//721
f 601//601 638//638 694//694
f 641//641 691//691 698//698
f 652//652 622//622 723//723
f 671//671 732//732 731//731
f 649//649 704//704 683//683
f 707//707 724//724 725//725
f 666//666 558//558 690//690
f 691//691 641//641 726//726
f 695//695 646//646 722//722
f 605//605 629//629 679//679
f 542//542 685//685 726//726
f 605//605 471//471 629//629
f 646//646 567//567 708//708
f 638//638 654//654 694//694
f 712//712 695//695 722//722
f 646//646 708//708 720//720
f 720//720 692//692 728//728
f 686//686 625//625 717//717
f 651//651 619//619 672//672
f 709//709 759//759 721//721
f 685//685 678//678 760//760
f 716//716 614//614 735//735
f 655//655 650//650 721//721
f 637//637 657//657 719//719
f 728//728 661//661 729//729
f 529//529 573//573 700//700
f 603//603 673//673 711//711
f 717//717 614//614 716//716
f 619//619 561//561 672//672
f 584//584 687//687 701//701
f 726//726 685//685 734//734
f 641//641 542//542 726//726
f 722//722 646//646 720//720
f 712//712 722//722 728//728
f 657//657 677//677 719//719
f 675//675 559//559 698//698
f 528//528 623//623 656//656
f 651//651 672//672 746//746
f 722//722 720//720 728//728
f 628//628 627//627 680//680
f 588//588 764//764 693//693
f 670//670 754//754 732//732
f 830//830 736//736 730//730
f 680//680 627//627 696//696
f 656//656 684//684 737//737
f 723//723 675//675 802//802
f 595//595 668//668 742//742
f 747//747 693//693 783//783
f 613//613 643//643 664//664
f 678//678 750//750 760//760
f 643//643 659//659 715//715
f 670//670 648//648 741//741
f 611//611 603//603 730//730
f 654//654 669//669 727//727
f 664//664 643//643 715//715
f 667//667 668//668 682//682
f 676//676 652//652 749//749
f 687//687 595//595 742//742
f 743//743 744//744 745//745
f 637//637 719//719 710//710
f 610//610 539//539 677//677
f 669//669 703//703 727//727
f 748//748 626//626 747//747
f 484//484 589//589 650//650
f 725//725 724//724 771//771
f 595//595 581//581 668//668
f 699//699 737//737 735//735
f 735//735 737//737 784//784
f 750//750 686//686 751//751
f 709//709 589//589 752//752
f 681//681 814//814 733//733
f 659//659 608//608 714//714
f 555//555 674//674 738//738
f 675//675 698//698 753//753
f 703//703 671//671 731//731
f 692//692 661//661 728//728
f 640//640 655//655 721//721
f 724//724 707//707 756//756
f 605//605 745//745 815//815
f 614//614 699//699 735//735
f 668//668 667//667 725//725
f 691//691 726//726 864//864
f 661//661 733//733 729//729
f 605//605 679//679 745//745
f 685//685 760//760 734//734
f 815//815 876//876 658//658
f 689//689 665//665 702//702
f 702//702 701//701 797//797
f 687//687 742//742 758//758
f 667//667 555//555 738//738
f 748//748 747//747 762//762
f 712//712 728//728 729//729
f 607//607 529//529 700//700
f 611//611 730//730 736//736
f 726//726 734//734 825//825
f 727//727 842//842 765//765
f 701//701 687//687 767//767
f 696//696 611//611 736//736
f 754//754 761//761 769//769
f 731//731 732//732 769//769
f 752//752 628//628 757//757
f 607//607 700//700 713//713
f 769//769 761//761 912//912
f 648//648 626//626 748//748
f 724//724 756//756 771//771
f 677//677 676//676 766//766
f 729//729 733//733 763//763
f 716//716 735//735 772//772
f 668//668 725//725 742//742
f 755//755 712//712 729//729
f 749//749 773//773 774//774
f 838//838 677//677 790//790
f 784//784 785//785 775//775
f 745//745 679//679 755//755
f 718//718 688//688 697//697
f 677//677 766//766 790//790
f 689//689 702//702 797//797
f 696//696 736//736 680//680
f 642//642 664//664 768//768
f 741//741 748//748 776//776
f 729//729 763//763 777//777
f 727//727 765//765 778//778
f 698//698 691//691 779//779
f 694//694 778//778 739//739
f 713//713 700//700 795//795
f 706//706 780//780 781//781
f 758//758 742//742 771//771
f 721//721 759//759 819//819
f 719//719 677//677 799//799
f 742//742 725//725 771//771
f 640//640 782//782 705//705
f 654//654 727//727 778//778
f 749//749 652//652 723//723
f 828//828 719//719 799//799
f 744//744 777//777 840//840
f 691//691 864//864 779//779
f 731//731 769//769 703//703
f 737//737 684//684 718//718
f 723//723 802//802 773//773
f 815//815 745//745 770//770
f 686//686 716//716 772//772
f 750//750 751//751 760//760
f 797//797 701//701 767//767
f 741//741 648//648 748//748
f 763//763 733//733 814//814
f 608//608 713//713 786//786
f 848//848 697//697 831//831
f 664//664 715//715 768//768
f 690//690 605//605 815//815
f 811//811 642//642 768//768
f 727//727 703//703 787//787
f 788//788 860//860 680//680
f 706//706 738//738 780//780
f 718//718 697//697 848//848
f 740//740 674//674 694//694
f 802//802 675//675 753//753
f 694//694 739//739 740//740
f 714//714 608//608 786//786
f 811//811 768//768 812//812
f 737//737 718//718 785//785
f 784//784 737//737 785//785
f 754//754 670//670 741//741
f 764//764 658//658 876//876
f 673//673 642//642 811//811
f 814//814 689//689 791//791
f 759//759 806//806 792//792
f 753//753 779//779 793//793
f 771//771 756//756 850//850
f 753//753 698//698 779//779
f 757//757 680//680 794//794
f 739//739 778//778 796//796
f 651//651 746//746 883//883
f 752//752 757//757 798//798
f 761//761 754//754 803//803
f 700//700 651//651 804//804
f 677//677 838//838 799//799
f 780//780 738//738 740//740
f 738//738 674//674 740//740
f 654//654 778//778 694//694
f 752//752 805//805 806//806
f 783//783 764//764 807//807
f 786//786 713//713 808//808
f 745//745 744//744 770//770
f 809//809 810//810 832//832
f 812//812 768//768 809//809
f 711//711 673//673 811//811
f 714//714 786//786 810//810
f 706//706 667//667 738//738
f 787//787 703//703 801//801
f 778//778 765//765 796//796
f 689//689 797//797 791//791
f 787//787 801//801 818//818
f 755//755 729//729 777//777
f 710//710 828//828 869//869
f 801//801 769//769 835//835
f 872//872 821//821 769//769
f 711//711 811//811 817//817
f 791//791 767//767 822//822
f 716//716 686//686 717//717
f 734//734 760//760 816//816
f 756//756 781//781 890//890
f 760//760 751//751 823//823
f 777//777 763//763 846//846
f 751//751 686//686 772//772
f 752//752 798//798 805//805
f 840//840 777//777 826//826
f 730//730 711//711 817//817
f 732//732 754//754 769//769
f 810//810 808//808 839//839
f 743//743 745//745 755//755
f 747//747 783//783 807//807
f 707//707 706//706 781//781
f 787//787 818//818 827//827
f 703//703 769//769 801//801
f 818//818 801//801 835//835
f 747//747 807//807 762//762
f 802//802 753//753 859//859
f 658//658 666//666 690//690
f 848//848 831//831 878//878
f 746//746 705//705 820//820
f 835//835 769//769 821//821
f 883//883 746//746 820//820
f 804//804 651//651 883//883
f 788//788 736//736 830//830
f 735//735 789//789 772//772
f 817//817 811//811 919//919
f 735//735 784//784 789//789
f 831//831 697//697 710//710
f 759//759 709//709 806//806
f 758//758 771//771 850//850
f 763//763 814//814 846//846
f 811//811 812//812 919//919
f 814//814 791//791 813//813
f 786//786 808//808 810//810
f 784//784 775//775 789//789
f 803//803 776//776 874//874
f 790//790 766//766 833//833
f 757//757 794//794 798//798
f 759//759 792//792 819//819
f 830//830 730//730 861//861
f 721//721 819//819 782//782
f 779//779 864//864 834//834
f 770//770 744//744 840//840
f 744//744 743//743 777//777
f 743//743 755//755 777//777
f 797//797 767//767 791//791
f 761//761 803//803 837//837
f 825//825 734//734 816//816
f 753//753 793//793 859//859
f 667//667 707//707 725//725
f 730//730 817//817 861//861
f 751//751 772//772 924//924
f 782//782 819//819 867//867
f 767//767 758//758 871//871
f 658//658 690//690 815//815
f 806//806 805//805 829//829
f 710//710 869//869 831//831
f 727//727 787//787 842//842
f 840//840 826//826 843//843
f 864//864 726//726 825//825
f 767//767 687//687 758//758
f 770//770 840//840 885//885
f 777//777 846//846 826//826
f 776//776 748//748 762//762
f 813//813 791//791 843//843
f 740//740 739//739 780//780
f 826//826 813//813 843//843
f 817//817 919//919 910//910
f 814//814 813//813 846//846
f 788//788 847//847 860//860
f 792//792 806//806 829//829
f 815//815 770//770 844//844
f 756//756 707//707 781//781
f 754//754 741//741 803//803
f 883//883 782//782 849//849
f 785//785 718//718 848//848
f 769//769 912//912 872//872
f 715//715 714//714 809//809
f 851//851 922//922 852//852
f 813//813 826//826 846//846
f 827//827 884//884 862//862
f 739//739 796//796 880//880
f 876//876 844//844 913//913
f 709//709 752//752 806//806
f 787//787 827//827 842//842
f 785//785 848//848 853//853
f 765//765 862//862 903//903
f 768//768 715//715 809//809
f 812//812 832//832 887//887
f 836//836 835//835 821//821
f 749//749 723//723 773//773
f 781//781 780//780 882//882
f 741//741 776//776 803//803
f 775//775 785//785 853//853
f 798//798 854//854 855//855
f 835//835 836//836 891//891
f 861//861 817//817 910//910
f 871//871 758//758 852//852
f 795//795 700//700 804//804
f 876//876 815//815 844//844
f 843//843 822//822 856//856
f 842//842 827//827 862//862
f 818//818 835//835 891//891
f 822//822 767//767 871//871
f 869//869 828//828 947//947
f 816//816 760//760 823//823
f 803//803 874//874 837//837
f 838//838 790//790 966//966
f 676//676 749//749 766//766
f 919//919 812//812 887//887
f 736//736 788//788 680//680
f 794//794 680//680 860//860
f 910//910 937//937 861//861
f 827//827 845//845 857//857
f 859//859 793//793 930//930
f 756//756 890//890 863//863
f 809//809 714//714 810//810
f 772//772 789//789 924//924
f 844//844 770//770 885//885
f 804//804 883//883 918//918
f 796//796 765//765 903//903
f 884//884 827//827 857//857
f 773//773 859//859 898//898
f 798//798 855//855 805//805
f 947//947 799//799 984//984
f 765//765 842//842 862//862
f 764//764 876//876 865//865
f 820//820 782//782 883//883
f 930//930 793//793 868//868
f 882//882 780//780 870//870
f 758//758 850//850 852//852
f 789//789 775//775 896//896
f 852//852 850//850 863//863
f 840//840 843//843 856//856
f 793//793 779//779 834//834
f 865//865 876//876 873//873
f 807//807 764//764 865//865
f 864//864 955//955 834//834
f 875//875 958//958 1032//1032
f 818//818 891//891 845//845
f 830//830 861//861 877//877
f 831//831 824//824 878//878
f 913//913 844//844 911//911
f 878//878 961//961 853//853
f 780//780 739//739 870//870
f 713//713 795//795 808//808
f 870//870 739//739 880//880
f 640//640 721//721 782//782
f 804//804 918//918 866//866
f 838//838 966//966 984//984
f 775//775 853//853 881//881
f 749//749 774//774 766//766
f 850//850 756//756 863//863
f 1023//1023 839//839 886//886
f 812//812 809//809 832//832
f 919//919 887//887 888//888
f 924//924 789//789 896//896
f 852//852 922//922 871//871
f 880//880 796//796 899//899
f 773//773 802//802 859//859
f 800//800 776//776 762//762
f 827//827 818//818 845//845
f 892//892 893//893 894//894
f 788//788 830//830 877//877
f 810//810 839//839 897//897
f 828//828 799//799 947//947
f 840//840 856//856 885//885
f 912//912 761//761 837//837
f 795//795 866//866 886//886
f 774//774 773//773 898//898
f 791//791 822//822 843//843
f 890//890 882//882 936//936
f 882//882 900//900 936//936
f 872//872 912//912 901//901
f 808//808 795//795 839//839
f 896//896 775//775 881//881
f 874//874 800//800 902//902
f 844//844 885//885 911//911
f 792//792 829//829 858//858
f 904//904 834//834 955//955
f 1048//1048 858//858 967//967
f 800//800 762//762 841//841
f 905//905 906//906 907//907
f 868//868 793//793 834//834
f 790//790 833//833 966//966
f 851//851 908//908 909//909
f 899//899 796//796 903//903
f 848//848 878//878 853//853
f 891//891 905//905 907//907
f 855//855 829//829 805//805
f 851//851 863//863 908//908
f 861//861 937//937 877//877
f 867//867 819//819 792//792
f 841//841 807//807 865//865
f 824//824 831//831 869//869
f 849//849 782//782 867//867
f 911//911 856//856 914//914
f 911//911 885//885 856//856
f 955//955 825//825 920//920
f 882//882 870//870 900//900
f 920//920 816//816 823//823
f 915//915 916//916 917//917
f 870//870 889//889 900//900
f 825//825 816//816 920//920
f 891//891 836//836 905//905
f 883//883 849//849 918//918
f 890//890 781//781 882//882
f 863//863 890//890 908//908
f 833//833 766//766 774//774
f 792//792 858//858 867//867
f 847//847 788//788 877//877
f 800//800 841//841 875//875
f 914//914 856//856 922//922
f 820//820 705//705 782//782
f 799//799 838//838 984//984
f 913//913 911//911 923//923
f 822//822 871//871 856//856
f 873//873 876//876 923//923
f 795//795 804//804 866//866
f 901//901 912//912 837//837
f 867//867 1048//1048 925//925
f 924//924 896//896 926//926
f 832//832 810//810 879//879
f 857//857 845//845 946//946
f 836//836 821//821 905//905
f 889//889 899//899 927//927
f 898//898 928//928 929//929
f 851//851 852//852 863//863
f 867//867 858//858 1048//1048
f 898//898 859//859 928//928
f 776//776 800//800 874//874
f 862//862 884//884 903//903
f 856//856 871//871 922//922
f 884//884 857//857 933//933
f 868//868 834//834 904//904
f 899//899 903//903 971//971
f 762//762 807//807 841//841
f 876//876 913//913 923//923
f 849//849 867//867 925//925
f 891//891 907//907 931//931
f 839//839 1023//1023 897//897
f 902//902 800//800 921//921
f 864//864 825//825 955//955
f 911//911 914//914 923//923
f 914//914 922//922 934//934
f 931//931 907//907 935//935
f 839//839 795//795 886//886
f 935//935 906//906 959//959
f 794//794 860//860 895//895
f 962//962 906//906 938//938
f 832//832 879//879 887//887
f 865//865 958//958 841//841
f 874//874 902//902 837//837
f 837//837 902//902 932//932
f 935//935 907//907 906//906
f 833//833 774//774 939//939
f 905//905 872//872 940//940
f 933//933 857//857 946//946
f 915//915 897//897 942//942
f 928//928 859//859 930//930
f 914//914 934//934 943//943
f 908//908 890//890 936//936
f 898//898 929//929 939//939
f 870//870 880//880 889//889
f 944//944 854//854 1030//1030
f 930//930 868//868 945//945
f 920//920 823//823 956//956
f 940//940 901//901 1021//1021
f 928//928 930//930 945//945
f 889//889 880//880 899//899
f 936//936 948//948 1009//1009
f 966//966 833//833 949//949
f 923//923 914//914 988//988
f 944//944 967//967 951//951
f 888//888 952//952 953//953
f 928//928 945//945 954//954
f 888//888 887//887 917//917
f 914//914 943//943 988//988
f 903//903 884//884 971//971
f 901//901 837//837 932//932
f 938//938 905//905 940//940
f 884//884 933//933 971//971
f 937//937 1090//1090 957//957
f 906//906 905//905 938//938
f 858//858 829//829 951//951
f 854//854 798//798 794//794
f 908//908 936//936 1009//1009
f 959//959 906//906 962//962
f 865//865 873//873 958//958
f 833//833 939//939 949//949
f 900//900 889//889 948//948
f 873//873 976//976 958//958
f 845//845 891//891 946//946
f 927//927 899//899 960//960
f 964//964 965//965 966//966
f 937//937 953//953 1090//1090
f 944//944 1029//1029 967//967
f 956//956 823//823 963//963
f 853//853 961//961 881//881
f 821//821 872//872 905//905
f 924//924 926//926 963//963
f 999//999 927//927 960//960
f 923//923 988//988 996//996
f 931//931 935//935 972//972
f 873//873 923//923 976//976
f 887//887 879//879 917//917
f 1021//1021 901//901 932//932
f 774//774 898//898 939//939
f 968//968 969//969 1038//1038
f 916//916 915//915 1070//1070
f 888//888 910//910 919//919
f 896//896 881//881 970//970
f 936//936 900//900 948//948
f 929//929 954//954 991//991
f 976//976 923//923 996//996
f 918//918 849//849 998//998
f 940//940 1021//1021 973//973
f 892//892 894//894 955//955
f 922//922 851//851 934//934
f 868//868 904//904 945//945
f 935//935 959//959 972//972
f 939//939 929//929 991//991
f 854//854 794//794 895//895
f 878//878 824//824 961//961
f 926//926 896//896 970//970
f 960//960 899//899 975//975
f 909//909 908//908 1024//1024
f 1032//1032 958//958 976//976
f 944//944 1030//1030 1029//1029
f 851//851 909//909 934//934
f 938//938 973//973 977//977
f 962//962 938//938 977//977
f 860//860 847//847 950//950
f 800//800 875//875 921//921
f 897//897 1023//1023 942//942
f 1009//1009 948//948 1025//1025
f 961//961 824//824 968//968
f 958//958 875//875 841//841
f 1030//1030 895//895 950//950
f 943//943 934//934 979//979
f 891//891 931//931 981//981
f 933//933 946//946 990//990
f 823//823 751//751 963//963
f 1017//1017 956//956 963//963
f 899//899 971//971 975//975
f 972//972 959//959 982//982
f 971//971 933//933 974//974
f 932//932 902//902 941//941
f 979//979 934//934 980//980
f 910//910 888//888 953//953
f 849//849 925//925 998//998
f 892//892 955//955 920//920
f 921//921 875//875 978//978
f 966//966 1077//1077 984//984
f 847//847 985//985 986//986
f 967//967 858//858 951//951
f 855//855 944//944 951//951
f 946//946 891//891 981//981
f 869//869 947//947 987//987
f 855//855 854//854 944//944
f 955//955 894//894 904//904
f 908//908 1009//1009 1024//1024
f 879//879 810//810 897//897
f 981//981 931//931 989//989
f 920//920 956//956 1011//1011
f 938//938 940//940 973//973
f 1021//1021 932//932 941//941
f 983//983 1032//1032 976//976
f 959//959 962//962 977//977
f 934//934 909//909 980//980
f 931//931 972//972 1028//1028
f 892//892 920//920 1011//1011
f 902//902 921//921 941//941
f 948//948 927//927 1018//1018
f 909//909 1024//1024 980//980
f 751//751 924//924 963//963
f 1028//1028 972//972 994//994
f 939//939 991//991 995//995
f 926//926 970//970 1040//1040
f 998//998 925//925 992//992
f 961//961 968//968 1038//1038
f 974//974 933//933 990//990
f 921//921 978//978 1007//1007
f 895//895 860//860 950//950
f 889//889 927//927 948//948
f 929//929 928//928 954//954
f 829//829 855//855 951//951
f 824//824 869//869 1001//1001
f 947//947 984//984 987//987
f 992//992 1000//1000 1002//1002
f 879//879 915//915 917//917
f 950//950 847//847 986//986
f 854//854 895//895 1030//1030
f 996//996 988//988 997//997
f 948//948 1018//1018 1003//1003
f 988//988 943//943 979//979
f 946//946 981//981 993//993
f 957//957 1090//1090 985//985
f 1004//1004 963//963 1045//1045
f 872//872 901//901 940//940
f 941//941 921//921 1007//1007
f 975//975 1033//1033 1057//1057
f 1021//1021 941//941 1005//1005
f 945//945 894//894 1006//1006
f 990//990 946//946 993//993
f 971//971 974//974 975//975
f 982//982 977//977 1044//1044
f 886//886 866//866 1008//1008
f 894//894 945//945 904//904
f 992//992 1002//1002 1012//1012
f 991//991 954//954 1049//1049
f 999//999 975//975 1013//1013
f 1014//1014 986//986 1015//1015
f 927//927 999//999 1018//1018
f 949//949 964//964 966//966
f 877//877 937//937 957//957
f 881//881 961//961 1038//1038
f 1040//1040 970//970 1038//1038
f 1070//1070 915//915 1016//1016
f 893//893 892//892 1011//1011
f 976//976 996//996 1019//1019
f 1039//1039 990//990 1022//1022
f 866//866 918//918 1008//1008
f 926//926 1040//1040 1045//1045
f 993//993 981//981 1020//1020
f 997//997 988//988 979//979
f 960//960 975//975 999//999
f 937//937 910//910 953//953
f 980//980 997//997 979//979
f 975//975 974//974 1033//1033
f 970//970 881//881 1038//1038
f 978//978 875//875 1032//1032
f 1009//1009 1010//1010 1024//1024
f 1025//1025 948//948 1003//1003
f 974//974 990//990 1039//1039
f 931//931 1028//1028 989//989
f 918//918 998//998 1008//1008
f 963//963 1004//1004 1017//1017
f 967//967 1029//1029 1112//1112
f 959//959 977//977 982//982
f 977//977 973//973 1027//1027
f 1011//1011 956//956 1017//1017
f 1028//1028 994//994 1056//1056
f 1086//1086 886//886 1008//1008
f 879//879 897//897 915//915
f 847//847 877//877 957//957
f 1019//1019 997//997 1031//1031
f 978//978 1032//1032 1034//1034
f 1027//1027 1128//1128 1035//1035
f 997//997 980//980 1024//1024
f 975//975 1057//1057 1013//1013
f 1037//1037 1128//1128 1027//1027
f 983//983 976//976 1019//1019
f 985//985 1090//1090 1131//1131
f 1032//1032 983//983 1061//1061
f 964//964 949//949 1073//1073
f 972//972 982//982 994//994
f 1027//1027 973//973 1021//1021
f 1005//1005 941//941 1007//1007
f 1073//1073 949//949 995//995
f 847//847 957//957 985//985
f 981//981 989//989 1020//1020
f 893//893 1011//1011 1102//1102
f 1011//1011 1017//1017 1026//1026
f 1033//1033 974//974 1039//1039
f 950//950 986//986 1014//1014
f 1061//1061 983//983 1041//1041
f 967//967 1112//1112 1048//1048
f 1017//1017 1004//1004 1026//1026
f 1102//1102 1011//1011 1026//1026
f 888//888 916//916 952//952
f 949//949 939//939 995//995
f 945//945 1006//1006 1042//1042
f 1039//1039 1036//1036 1033//1033
f 990//990 993//993 1022//1022
f 994//994 982//982 1044//1044
f 1009//1009 1025//1025 1010//1010
f 1022//1022 993//993 1020//1020
f 963//963 926//926 1045//1045
f 952//952 916//916 1070//1070
f 999//999 1013//1013 1018//1018
f 997//997 1024//1024 1031//1031
f 983//983 1019//1019 1041//1041
f 1004//1004 1045//1045 1047//1047
f 1049//1049 954//954 1063//1063
f 1026//1026 1004//1004 1067//1067
f 1005//1005 1007//1007 1050//1050
f 1032//1032 1061//1061 1034//1034
f 1023//1023 886//886 942//942
f 1018//1018 1013//1013 1051//1051
f 1067//1067 1004//1004 1052//1052
f 969//969 1053//1053 1106//1106
f 994//994 1044//1044 1054//1054
f 987//987 1077//1077 1055//1055
f 1048//1048 1112//1112 1000//1000
f 1022//1022 1020//1020 1065//1065
f 1073//1073 995//995 1049//1049
f 998//998 1079//1079 1008//1008
f 942//942 886//886 1087//1087
f 994//994 1062//1062 1056//1056
f 893//893 1102//1102 1140//1140
f 1025//1025 1003//1003 1051//1051
f 1007//1007 978//978 1084//1084
f 1031//1031 1024//1024 1058//1058
f 1001//1001 987//987 1059//1059
f 1039//1039 1022//1022 1036//1036
f 950//950 1014//1014 1030//1030
f 996//996 997//997 1019//1019
f 991//991 1049//1049 995//995
f 987//987 984//984 1077//1077
f 916//916 888//888 917//917
f 1062//1062 1071//1071 1075//1075
f 1004//1004 1047//1047 1052//1052
f 1025//1025 1051//1051 1072//1072
f 998//998 992//992 1079//1079
f 1036//1036 1022//1022 1065//1065
f 1016//1016 915//915 942//942
f 953//953 952//952 1068//1068
f 1056//1056 1069//1069 1074//1074
f 954//954 945//945 1042//1042
f 1068//1068 952//952 1070//1070
f 1069//1069 1062//1062 1075//1075
f 1071//1071 1054//1054 1064//1064
f 992//992 925//925 1048//1048
f 1010//1010 1025//1025 1072//1072
f 1016//1016 1087//1087 1119//1119
f 1056//1056 1062//1062 1069//1069
f 1073//1073 1049//1049 1096//1096
f 1072//1072 1051//1051 1076//1076
f 1050//1050 1007//1007 1115//1115
f 1057//1057 1033//1033 1066//1066
f 1053//1053 1001//1001 1059//1059
f 1044//1044 1027//1027 1035//1035
f 1067//1067 1052//1052 1078//1078
f 1051//1051 1013//1013 1057//1057
f 1070//1070 1016//1016 1046//1046
f 1006//1006 894//894 893//893
f 1003//1003 1018//1018 1051//1051
f 1058//1058 1024//1024 1010//1010
f 986//986 985//985 1015//1015
f 1084//1084 978//978 1034//1034
f 989//989 1028//1028 1074//1074
f 1041//1041 1019//1019 1031//1031
f 1116//1116 1040//1040 1117//1117
f 1026//1026 1067//1067 1102//1102
f 1047//1047 1045//1045 1153//1153
f 1061//1061 1041//1041 1081//1081
f 1033//1033 1036//1036 1066//1066
f 1065//1065 1082//1082 1176//1176
f 1075//1075 1071//1071 1083//1083
f 1034//1034 1061//1061 1084//1084
f 992//992 1012//1012 1079//1079
f 1062//1062 1054//1054 1071//1071
f 1054//1054 1044//1044 1138//1138
f 965//965 1088//1088 1089//1089
f 1020//1020 989//989 1043//1043
f 1041//1041 1031//1031 1092//1092
f 1076//1076 1093//1093 1094//1094
f 965//965 964//964 1088//1088
f 1001//1001 869//869 987//987
f 1091//1091 953//953 1068//1068
f 1077//1077 965//965 1104//1104
f 1061//1061 1081//1081 1084//1084
f 1036//1036 1065//1065 1080//1080
f 1095//1095 1096//1096 1097//1097
f 1081//1081 1041//1041 1092//1092
f 1006//1006 893//893 1124//1124
f 1064//1064 1054//1054 1138//1138
f 1010//1010 1072//1072 1092//1092
f 1000//1000 1112//1112 1098//1098
f 1049//1049 1063//1063 1096//1096
f 987//987 1055//1055 1059//1059
f 1086//1086 1008//1008 1079//1079
f 985//985 1131//1131 1060//1060
f 966//966 965//965 1077//1077
f 1072//1072 1085//1085 1092//1092
f 1036//1036 1080//1080 1114//1114
f 1074//1074 1099//1099 1139//1139
f 1044//1044 1035//1035 1100//1100
f 1069//1069 1075//1075 1101//1101
f 1040//1040 1038//1038 1117//1117
f 1066//1066 1036//1036 1114//1114
f 1007//1007 1084//1084 1103//1103
f 1084//1084 1081//1081 1105//1105
f 1072//1072 1121//1121 1085//1085
f 1014//1014 1015//1015 1109//1109
f 1044//1044 977//977 1027//1027
f 994//994 1054//1054 1062//1062
f 1000//1000 992//992 1048//1048
f 1057//1057 1066//1066 1093//1093
f 1138//1138 1044//1044 1126//1126
f 1097//1097 1110//1110 1111//1111
f 893//893 1140//1140 1124//1124
f 1072//1072 1076//1076 1121//1121
f 1046//1046 1016//1016 1119//1119
f 1058//1058 1010//1010 1092//1092
f 954//954 1042//1042 1063//1063
f 1042//1042 1006//1006 1124//1124
f 1016//1016 942//942 1087//1087
f 1045//1045 1040//1040 1153//1153
f 1107//1107 1068//1068 1113//1113
f 968//968 824//824 1001//1001
f 969//969 968//968 1053//1053
f 968//968 1001//1001 1053//1053
f 989//989 1074//1074 1043//1043
f 1087//1087 1086//1086 1174//1174
f 1153//1153 1040//1040 1116//1116
f 1081//1081 1092//1092 1085//1085
f 1038//1038 969//969 1117//1117
f 1030//1030 1014//1014 1118//1118
f 1115//1115 1007//1007 1103//1103
f 1078//1078 1052//1052 1120//1120
f 1029//1029 1030//1030 1118//1118
f 1076//1076 1122//1122 1164//1164
f 1081//1081 1085//1085 1123//1123
f 1031//1031 1058//1058 1092//1092
f 1099//1099 1074//1074 1069//1069
f 1042//1042 1124//1124 1127//1127
f 1085//1085 1121//1121 1123//1123
f 1063//1063 1042//1042 1127//1127
f 1102//1102 1125//1125 1140//1140
f 1021//1021 1037//1037 1027//1027
f 1015//1015 1060//1060 1158//1158
f 1065//1065 1043//1043 1082//1082
f 1021//1021 1005//1005 1037//1037
f 1152//1152 1035//1035 1128//1128
f 1112//1112 1029//1029 1129//1129
f 1083//1083 1071//1071 1130//1130
f 1037//1037 1050//1050 1192//1192
f 1051//1051 1057//1057 1076//1076
f 1095//1095 1073//1073 1096//1096
f 1116//1116 1117//1117 1179//1179
f 1123//1123 1132//1132 1133//1133
f 1028//1028 1056//1056 1074//1074
f 1109//1109 1015//1015 1158//1158
f 1118//1118 1109//1109 1135//1135
f 1053//1053 1059//1059 1106//1106
f 1129//1129 1136//1136 1162//1162
f 1101//1101 1075//1075 1083//1083
f 1100//1100 1035//1035 1152//1152
f 1043//1043 1139//1139 1137//1137
f 1044//1044 1100//1100 1126//1126
f 1102//1102 1067//1067 1189//1189
f 1014//1014 1109//1109 1118//1118
f 1103//1103 1084//1084 1105//1105
f 1093//1093 1114//1114 1134//1134
f 1099//1099 1069//1069 1208//1208
f 969//969 1106//1106 1117//1117
f 1071//1071 1064//1064 1130//1130
f 1125//1125 1102//1102 1189//1189
f 1002//1002 1000//1000 1141//1141
f 1029//1029 1118//1118 1129//1129
f 1123//1123 1121//1121 1142//1142
f 1091//1091 1090//1090 953//953
f 1129//1129 1162//1162 1098//1098
f 1043//1043 1137//1137 1082//1082
f 1093//1093 1134//1134 1168//1168
f 1077//1077 1104//1104 1055//1055
f 1037//1037 1005//1005 1050//1050
f 1103//1103 1105//1105 1133//1133
f 1117//1117 1144//1144 1145//1145
f 1052//1052 1047//1047 1120//1120
f 1214//1214 1109//1109 1146//1146
f 1130//1130 1064//1064 1138//1138
f 1105//1105 1123//1123 1133//1133
f 1147//1147 1148//1148 1149//1149
f 1150//1150 1125//1125 1230//1230
f 1074//1074 1139//1139 1043//1043
f 1096//1096 1063//1063 1127//1127
f 1099//1099 1208//1208 1171//1171
f 1065//1065 1020//1020 1043//1043
f 1136//1136 1118//1118 1256//1256
f 1079//1079 1012//1012 1086//1086
f 1105//1105 1081//1081 1123//1123
f 1107//1107 1113//1113 1201//1201
f 1066//1066 1114//1114 1093//1093
f 1107//1107 1108//1108 1068//1068
f 1113//1113 1046//1046 1119//1119
f 1132//1132 1123//1123 1142//1142
f 1095//1095 1097//1097 1151//1151
f 1087//1087 886//886 1086//1086
f 1119//1119 1087//1087 1155//1155
f 1093//1093 1168//1168 1094//1094
f 1131//1131 1156//1156 1157//1157
f 1158//1158 1060//1060 1159//1159
f 1002//1002 1141//1141 1012//1012
f 1070//1070 1046//1046 1113//1113
f 1000//1000 1098//1098 1141//1141
f 1145//1145 1144//1144 1160//1160
f 1124//1124 1110//1110 1127//1127
f 1110//1110 1150//1150 1161//1161
f 1111//1111 1161//1161 1163//1163
f 1139//1139 1099//1099 1171//1171
f 1165//1165 1166//1166 1167//1167
f 1122//1122 1094//1094 1168//1168
f 1060//1060 1131//1131 1159//1159
f 965//965 1089//1089 1104//1104
f 1131//1131 1157//1157 1159//1159
f 1191//1191 1115//1115 1169//1169
f 1134//1134 1143//1143 1170//1170
f 1168//1168 1134//1134 1170//1170
f 1083//1083 1186//1186 1217//1217
f 1191//1191 1050//1050 1115//1115
f 1088//1088 1095//1095 1172//1172
f 1097//1097 1111//1111 1163//1163
f 1191//1191 1169//1169 1173//1173
f 1059//1059 1055//1055 1144//1144
f 1067//1067 1078//1078 1189//1189
f 1050//1050 1191//1191 1192//1192
f 1086//1086 1147//1147 1174//1174
f 1100//1100 1152//1152 1177//1177
f 1076//1076 1057//1057 1093//1093
f 1015//1015 985//985 1060//1060
f 1146//1146 1109//1109 1158//1158
f 1164//1164 1122//1122 1185//1185
f 1156//1156 1131//1131 1091//1091
f 1088//1088 1073//1073 1095//1095
f 1121//1121 1076//1076 1164//1164
f 1091//1091 1068//1068 1108//1108
f 1216//1216 1126//1126 1177//1177
f 1149//1149 1201//1201 1155//1155
f 1117//1117 1106//1106 1144//1144
f 1110//1110 1124//1124 1140//1140
f 1201//1201 1113//1113 1155//1155
f 1147//1147 1086//1086 1012//1012
f 1122//1122 1168//1168 1195//1195
f 1113//1113 1119//1119 1155//1155
f 1103//1103 1133//1133 1169//1169
f 1090//1090 1091//1091 1131//1131
f 1068//1068 1070//1070 1113//1113
f 1185//1185 1122//1122 1195//1195
f 1012//1012 1141//1141 1180//1180
f 1080//1080 1176//1176 1143//1143
f 1149//1149 1148//1148 1201//1201
f 1080//1080 1065//1065 1176//1176
f 1140//1140 1125//1125 1150//1150
f 1182//1182 1183//1183 1184//1184
f 1083//1083 1130//1130 1186//1186
f 1133//1133 1202//1202 1178//1178
f 1185//1185 1195//1195 1238//1238
f 1128//1128 1037//1037 1192//1192
f 1168//1168 1170//1170 1220//1220
f 1169//1169 1133//1133 1178//1178
f 1218//1218 1142//1142 1121//1121
f 1149//1149 1155//1155 1174//1174
f 1110//1110 1097//1097 1127//1127
f 1116//1116 1179//1179 1184//1184
f 1114//1114 1080//1080 1134//1134
f 1157//1157 1156//1156 1250//1250
f 1135//1135 1109//1109 1214//1214
f 1087//1087 1174//1174 1155//1155
f 1152//1152 1128//1128 1175//1175
f 964//964 1073//1073 1088//1088
f 1106//1106 1059//1059 1144//1144
f 1129//1129 1118//1118 1136//1136
f 1186//1186 1130//1130 1193//1193
f 1111//1111 1110//1110 1161//1161
f 1112//1112 1129//1129 1098//1098
f 1126//1126 1100//1100 1177//1177
f 1154//1154 1126//1126 1216//1216
f 1190//1190 1171//1171 1204//1204
f 1143//1143 1188//1188 1170//1170
f 1082//1082 1137//1137 1188//1188
f 1146//1146 1158//1158 1159//1159
f 1076//1076 1094//1094 1122//1122
f 1204//1204 1171//1171 1194//1194
f 1186//1186 1193//1193 1187//1187
f 1141//1141 1098//1098 1197//1197
f 1104//1104 1089//1089 1198//1198
f 1277//1277 1199//1199 1200//1200
f 1183//1183 1116//1116 1184//1184
f 1130//1130 1154//1154 1165//1165
f 1198//1198 1089//1089 1211//1211
f 1132//1132 1142//1142 1227//1227
f 1130//1130 1138//1138 1154//1154
f 1143//1143 1176//1176 1188//1188
f 1132//1132 1227//1227 1202//1202
f 1097//1097 1096//1096 1127//1127
f 1217//1217 1186//1186 1222//1222
f 1137//1137 1171//1171 1190//1190
f 1110//1110 1140//1140 1150//1150
f 1168//1168 1220//1220 1195//1195
f 1208//1208 1069//1069 1101//1101
f 1121//1121 1164//1164 1218//1218
f 1192//1192 1191//1191 1205//1205
f 1089//1089 1206//1206 1207//1207
f 1191//1191 1173//1173 1205//1205
f 1186//1186 1187//1187 1203//1203
f 1055//1055 1104//1104 1198//1198
f 1179//1179 1145//1145 1209//1209
f 1128//1128 1192//1192 1175//1175
f 1152//1152 1175//1175 1210//1210
f 1164//1164 1185//1185 1218//1218
f 1165//1165 1154//1154 1166//1166
f 1134//1134 1080//1080 1143//1143
f 1147//1147 1149//1149 1174//1174
f 1150//1150 1230//1230 1161//1161
f 1101//1101 1083//1083 1217//1217
f 1165//1165 1187//1187 1193//1193
f 1210//1210 1259//1259 1216//1216
f 1142//1142 1218//1218 1227//1227
f 1089//1089 1172//1172 1206//1206
f 1178//1178 1202//1202 1212//1212
f 1173//1173 1248//1248 1213//1213
f 1185//1185 1238//1238 1227//1227
f 1188//1188 1190//1190 1215//1215
f 1170//1170 1188//1188 1234//1234
f 1214//1214 1146//1146 1200//1200
f 1138//1138 1126//1126 1154//1154
f 1218//1218 1185//1185 1227//1227
f 1130//1130 1165//1165 1193//1193
f 1180//1180 1141//1141 1197//1197
f 1177//1177 1152//1152 1210//1210
f 1197//1197 1098//1098 1162//1162
f 1192//1192 1205//1205 1175//1175
f 1221//1221 1160//1160 1295//1295
f 1144//1144 1055//1055 1198//1198
f 1177//1177 1210//1210 1216//1216
f 1208//1208 1217//1217 1222//1222
f 1153//1153 1116//1116 1183//1183
f 1047//1047 1183//1183 1287//1287
f 1188//1188 1137//1137 1190//1190
f 1107//1107 1201//1201 1223//1223
f 1203//1203 1187//1187 1224//1224
f 1171//1171 1208//1208 1194//1194
f 1172//1172 1151//1151 1196//1196
f 1157//1157 1146//1146 1159//1159
f 1137//1137 1139//1139 1171//1171
f 1259//1259 1210//1210 1242//1242
f 1237//1237 1188//1188 1215//1215
f 1108//1108 1107//1107 1240//1240
f 1165//1165 1167//1167 1187//1187
f 1230//1230 1125//1125 1189//1189
f 1078//1078 1279//1279 1280//1280
f 1194//1194 1208//1208 1225//1225
f 1176//1176 1082//1082 1188//1188
f 1095//1095 1151//1151 1172//1172
f 1222//1222 1203//1203 1224//1224
f 1234//1234 1188//1188 1237//1237
f 1202//1202 1133//1133 1132//1132
f 1147//1147 1012//1012 1180//1180
f 1151//1151 1097//1097 1163//1163
f 1167//1167 1166//1166 1228//1228
f 1118//1118 1135//1135 1256//1256
f 1190//1190 1231//1231 1288//1288
f 1091//1091 1108//1108 1181//1181
f 1224//1224 1232//1232 1233//1233
f 1144//1144 1198//1198 1211//1211
f 1224//1224 1187//1187 1232//1232
f 1089//1089 1088//1088 1172//1172
f 1208//1208 1101//1101 1217//1217
f 1242//1242 1175//1175 1236//1236
f 1212//1212 1202//1202 1238//1238
f 1047//1047 1153//1153 1183//1183
f 1222//1222 1239//1239 1235//1235
f 1078//1078 1120//1120 1279//1279
f 1148//1148 1147//1147 1241//1241
f 1220//1220 1170//1170 1234//1234
f 1295//1295 1160//1160 1272//1272
f 1225//1225 1208//1208 1235//1235
f 1156//1156 1091//1091 1181//1181
f 1202//1202 1227//1227 1238//1238
f 1209//1209 1145//1145 1221//1221
f 1157//1157 1243//1243 1244//1244
f 1241//1241 1180//1180 1289//1289
f 1222//1222 1186//1186 1203//1203
f 1115//1115 1103//1103 1169//1169
f 1224//1224 1233//1233 1245//1245
f 1206//1206 1196//1196 1246//1246
f 1167//1167 1228//1228 1303//1303
f 1208//1208 1222//1222 1235//1235
f 1231//1231 1204//1204 1260//1260
f 1160//1160 1211//1211 1207//1207
f 1200//1200 1146//1146 1244//1244
f 1184//1184 1179//1179 1209//1209
f 1108//1108 1308//1308 1181//1181
f 1175//1175 1205//1205 1236//1236
f 1204//1204 1194//1194 1225//1225
f 1222//1222 1224//1224 1239//1239
f 1238//1238 1195//1195 1219//1219
f 1173//1173 1169//1169 1178//1178
f 1148//1148 1241//1241 1360//1360
f 1211//1211 1089//1089 1207//1207
f 1205//1205 1173//1173 1213//1213
f 1210//1210 1175//1175 1242//1242
f 1160//1160 1144//1144 1211//1211
f 1172//1172 1196//1196 1206//1206
f 1232//1232 1167//1167 1233//1233
f 1216//1216 1259//1259 1249//1249
f 1187//1187 1167//1167 1232//1232
f 1189//1189 1078//1078 1280//1280
f 1215//1215 1190//1190 1288//1288
f 1147//1147 1180//1180 1241//1241
f 1178//1178 1212//1212 1248//1248
f 1308//1308 1240//1240 1253//1253
f 1219//1219 1220//1220 1254//1254
f 1173//1173 1178//1178 1248//1248
f 1289//1289 1180//1180 1197//1197
f 1145//1145 1160//1160 1221//1221
f 1308//1308 1108//1108 1240//1240
f 1285//1285 1136//1136 1338//1338
f 1288//1288 1231//1231 1255//1255
f 1120//1120 1047//1047 1287//1287
f 1338//1338 1136//1136 1256//1256
f 1162//1162 1136//1136 1285//1285
f 1166//1166 1216//1216 1249//1249
f 1250//1250 1156//1156 1251//1251
f 1157//1157 1250//1250 1243//1243
f 1359//1359 1251//1251 1374//1374
f 1162//1162 1226//1226 1197//1197
f 1225//1225 1258//1258 1260//1260
f 1183//1183 1182//1182 1287//1287
f 1107//1107 1223//1223 1261//1261
f 1161//1161 1230//1230 1247//1247
f 1214//1214 1262//1262 1263//1263
f 1190//1190 1204//1204 1231//1231
f 1209//1209 1221//1221 1264//1264
f 1120//1120 1287//1287 1300//1300
f 1195//1195 1220//1220 1219//1219
f 1231//1231 1260//1260 1265//1265
f 1258//1258 1235//1235 1299//1299
f 1250//1250 1251//1251 1266//1266
f 1117//1117 1145//1145 1179//1179
f 1243//1243 1266//1266 1328//1328
f 1237//1237 1268//1268 1297//1297
f 1252//1252 1219//1219 1254//1254
f 1251//1251 1181//1181 1374//1374
f 1248//1248 1290//1290 1213//1213
f 1205//1205 1213//1213 1270//1270
f 1259//1259 1242//1242 1271//1271
f 1272//1272 1160//1160 1207//1207
f 1151//1151 1163//1163 1229//1229
f 1274//1274 1255//1255 1265//1265
f 1229//1229 1163//1163 1247//1247
f 1249//1249 1259//1259 1271//1271
f 1279//1279 1120//1120 1300//1300
f 1220//1220 1234//1234 1254//1254
f 1243//1243 1328//1328 1275//1275
f 1225//1225 1235//1235 1258//1258
f 1260//1260 1204//1204 1225//1225
f 1135//1135 1214//1214 1263//1263
f 1237//1237 1215//1215 1268//1268
f 1248//1248 1212//1212 1290//1290
f 1166//1166 1154//1154 1216//1216
f 1219//1219 1252//1252 1278//1278
f 1212//1212 1238//1238 1281//1281
f 1264//1264 1221//1221 1317//1317
f 1146//1146 1157//1157 1244//1244
f 1279//1279 1300//1300 1284//1284
f 1238//1238 1219//1219 1281//1281
f 1260//1260 1258//1258 1276//1276
f 1230//1230 1189//1189 1318//1318
f 1267//1267 1215//1215 1288//1288
f 1236//1236 1205//1205 1270//1270
f 1268//1268 1215//1215 1267//1267
f 1219//1219 1278//1278 1281//1281
f 1243//1243 1250//1250 1266//1266
f 1244//1244 1243//1243 1275//1275
f 1274//1274 1265//1265 1292//1292
f 1233//1233 1167//1167 1293//1293
f 1272//1272 1207//1207 1257//1257
f 1247//1247 1345//1345 1306//1306
f 1207//1207 1206//1206 1257//1257
f 1156//1156 1181//1181 1251//1251
f 1234//1234 1237//1237 1297//1297
f 1182//1182 1264//1264 1296//1296
f 1360//1360 1241//1241 1273//1273
f 1245//1245 1233//1233 1291//1291
f 1254//1254 1269//1269 1252//1252
f 1282//1282 1281//1281 1278//1278
f 1277//1277 1244//1244 1275//1275
f 1291//1291 1233//1233 1313//1313
f 1251//1251 1359//1359 1266//1266
f 1234//1234 1297//1297 1254//1254
f 1197//1197 1226//1226 1301//1301
f 1298//1298 1270//1270 1307//1307
f 1151//1151 1229//1229 1302//1302
f 1299//1299 1235//1235 1239//1239
f 1324//1324 1246//1246 1391//1391
f 1242//1242 1236//1236 1298//1298
f 1236//1236 1270//1270 1298//1298
f 1223//1223 1360//1360 1319//1319
f 1338//1338 1256//1256 1263//1263
f 1245//1245 1291//1291 1334//1334
f 1274//1274 1267//1267 1288//1288
f 1255//1255 1231//1231 1265//1265
f 1212//1212 1281//1281 1282//1282
f 1247//1247 1230//1230 1327//1327
f 1318//1318 1280//1280 1311//1311
f 1196//1196 1302//1302 1305//1305
f 1240//1240 1107//1107 1261//1261
f 1239//1239 1224//1224 1245//1245
f 1213//1213 1290//1290 1307//1307
f 1277//1277 1200//1200 1244//1244
f 1271//1271 1242//1242 1315//1315
f 1349//1349 1307//1307 1290//1290
f 1309//1309 1253//1253 1310//1310
f 1279//1279 1284//1284 1311//1311
f 1233//1233 1293//1293 1313//1313
f 1214//1214 1199//1199 1262//1262
f 1345//1345 1247//1247 1327//1327
f 1297//1297 1268//1268 1325//1325
f 1199//1199 1352//1352 1378//1378
f 1256//1256 1135//1135 1263//1263
f 1182//1182 1184//1184 1264//1264
f 1166//1166 1249//1249 1228//1228
f 1298//1298 1314//1314 1315//1315
f 1200//1200 1199//1199 1214//1214
f 1316//1316 1422//1422 1317//1317
f 1265//1265 1260//1260 1331//1331
f 1269//1269 1254//1254 1325//1325
f 1181//1181 1308//1308 1374//1374
f 1261//1261 1223//1223 1319//1319
f 1242//1242 1298//1298 1315//1315
f 1280//1280 1279//1279 1311//1311
f 1201//1201 1148//1148 1223//1223
f 1226//1226 1162//1162 1285//1285
f 1196//1196 1151//1151 1302//1302
f 1249//1249 1271//1271 1228//1228
f 1274//1274 1292//1292 1320//1320
f 1241//1241 1289//1289 1321//1321
f 1301//1301 1226//1226 1322//1322
f 1167//1167 1303//1303 1293//1293
f 1263//1263 1323//1323 1338//1338
f 1321//1321 1301//1301 1354//1354
f 1255//1255 1274//1274 1288//1288
f 1254//1254 1297//1297 1325//1325
f 1291//1291 1313//1313 1344//1344
f 1304//1304 1245//1245 1334//1334
f 1266//1266 1359//1359 1366//1366
f 1373//1373 1285//1285 1326//1326
f 1289//1289 1197//1197 1301//1301
f 1295//1295 1272//1272 1294//1294
f 1253//1253 1240//1240 1261//1261
f 1292//1292 1265//1265 1331//1331
f 1270//1270 1213//1213 1307//1307
f 1310//1310 1253//1253 1380//1380
f 1257//1257 1246//1246 1324//1324
f 1260//1260 1276//1276 1331//1331
f 1239//1239 1245//1245 1304//1304
f 1163//1163 1161//1161 1247//1247
f 1298//1298 1307//1307 1314//1314
f 1268//1268 1267//1267 1274//1274
f 1228//1228 1271//1271 1329//1329
f 1293//1293 1303//1303 1330//1330
f 1323//1323 1263//1263 1340//1340
f 1228//1228 1329//1329 1362//1362
f 1301//1301 1322//1322 1332//1332
f 1325//1325 1388//1388 1333//1333
f 1229//1229 1247//1247 1306//1306
f 1320//1320 1292//1292 1348//1348
f 1184//1184 1209//1209 1264//1264
f 1299//1299 1239//1239 1355//1355
f 1252//1252 1269//1269 1358//1358
f 1273//1273 1241//1241 1321//1321
f 1302//1302 1229//1229 1306//1306
f 1290//1290 1282//1282 1283//1283
f 1415//1415 1266//1266 1366//1366
f 1308//1308 1309//1309 1374//1374
f 1335//1335 1336//1336 1434//1434
f 1331//1331 1337//1337 1292//1292
f 1341//1341 1252//1252 1358//1358
f 1304//1304 1364//1364 1355//1355
f 1276//1276 1258//1258 1361//1361
f 1326//1326 1285//1285 1338//1338
f 1262//1262 1199//1199 1378//1378
f 1319//1319 1396//1396 1446//1446
f 1283//1283 1282//1282 1278//1278
f 1239//1239 1304//1304 1355//1355
f 1268//1268 1274//1274 1320//1320
f 1221//1221 1295//1295 1339//1339
f 1246//1246 1196//1196 1305//1305
f 1376//1376 1315//1315 1314//1314
f 1272//1272 1257//1257 1342//1342
f 1269//1269 1325//1325 1333//1333
f 1287//1287 1182//1182 1286//1286
f 1283//1283 1278//1278 1341//1341
f 1290//1290 1212//1212 1282//1282
f 1295//1295 1294//1294 1339//1339
f 1206//1206 1246//1246 1257//1257
f 1278//1278 1252//1252 1341//1341
f 1361//1361 1258//1258 1299//1299
f 1304//1304 1334//1334 1343//1343
f 1343//1343 1353//1353 1383//1383
f 1287//1287 1286//1286 1335//1335
f 1189//1189 1280//1280 1318//1318
f 1312//1312 1362//1362 1390//1390
f 1328//1328 1266//1266 1415//1415
f 1306//1306 1384//1384 1346//1346
f 1307//1307 1349//1349 1385//1385
f 1311//1311 1284//1284 1367//1367
f 1289//1289 1301//1301 1321//1321
f 1314//1314 1307//1307 1385//1385
f 1286//1286 1296//1296 1336//1336
f 1283//1283 1400//1400 1349//1349
f 1262//1262 1378//1378 1340//1340
f 1283//1283 1341//1341 1347//1347
f 1364//1364 1304//1304 1343//1343
f 1317//1317 1221//1221 1339//1339
f 1309//1309 1474//1474 1350//1350
f 1300//1300 1335//1335 1351//1351
f 1313//1313 1293//1293 1330//1330
f 1343//1343 1334//1334 1353//1353
f 1334//1334 1291//1291 1353//1353
f 1349//1349 1290//1290 1283//1283
f 1263//1263 1262//1262 1340//1340
f 1324//1324 1391//1391 1413//1413
f 1324//1324 1413//1413 1342//1342
f 1341//1341 1358//1358 1347//1347
f 1301//1301 1332//1332 1354//1354
f 1273//1273 1398//1398 1360//1360
f 1325//1325 1268//1268 1388//1388
f 1362//1362 1329//1329 1363//1363
f 1226//1226 1373//1373 1322//1322
f 1391//1391 1246//1246 1305//1305
f 1396//1396 1319//1319 1360//1360
f 1302//1302 1346//1346 1371//1371
f 1313//1313 1330//1330 1344//1344
f 1331//1331 1276//1276 1365//1365
f 1268//1268 1320//1320 1388//1388
f 1388//1388 1320//1320 1368//1368
f 1326//1326 1323//1323 1440//1440
f 1284//1284 1351//1351 1367//1367
f 1273//1273 1354//1354 1398//1398
f 1363//1363 1329//1329 1315//1315
f 1345//1345 1327//1327 1369//1369
f 1303//1303 1228//1228 1312//1312
f 1303//1303 1312//1312 1330//1330
f 1277//1277 1275//1275 1395//1395
f 1376//1376 1314//1314 1385//1385
f 1273//1273 1321//1321 1354//1354
f 1327//1327 1356//1356 1369//1369
f 1230//1230 1318//1318 1327//1327
f 1306//1306 1345//1345 1369//1369
f 1264//1264 1317//1317 1296//1296
f 1300//1300 1287//1287 1335//1335
f 1269//1269 1333//1333 1358//1358
f 1305//1305 1302//1302 1371//1371
f 1318//1318 1311//1311 1372//1372
f 1309//1309 1350//1350 1435//1435
f 1284//1284 1300//1300 1351//1351
f 1365//1365 1276//1276 1361//1361
f 1309//1309 1310//1310 1474//1474
f 1348//1348 1368//1368 1320//1320
f 1377//1377 1344//1344 1393//1393
f 1286//1286 1182//1182 1296//1296
f 1275//1275 1328//1328 1395//1395
f 1291//1291 1344//1344 1353//1353
f 1366//1366 1359//1359 1375//1375
f 1396//1396 1360//1360 1398//1398
f 1315//1315 1376//1376 1414//1414
f 1319//1319 1446//1446 1380//1380
f 1223//1223 1148//1148 1360//1360
f 1308//1308 1253//1253 1309//1309
f 1311//1311 1367//1367 1357//1357
f 1435//1435 1359//1359 1374//1374
f 1296//1296 1317//1317 1422//1422
f 1337//1337 1365//1365 1381//1381
f 1312//1312 1228//1228 1362//1362
f 1299//1299 1355//1355 1361//1361
f 1384//1384 1306//1306 1369//1369
f 1347//1347 1358//1358 1370//1370
f 1398//1398 1354//1354 1404//1404
f 1400//1400 1283//1283 1370//1370
f 1369//1369 1356//1356 1384//1384
f 1381//1381 1386//1386 1397//1397
f 1382//1382 1377//1377 1387//1387
f 1383//1383 1353//1353 1382//1382
f 1364//1364 1343//1343 1450//1450
f 1470//1470 1373//1373 1497//1497
f 1357//1357 1367//1367 1389//1389
f 1316//1316 1317//1317 1339//1339
f 1372//1372 1421//1421 1356//1356
f 1385//1385 1416//1416 1376//1376
f 1393//1393 1330//1330 1410//1410
f 1352//1352 1394//1394 1459//1459
f 1355//1355 1423//1423 1392//1392
f 1365//1365 1361//1361 1381//1381
f 1302//1302 1306//1306 1346//1346
f 1354//1354 1428//1428 1404//1404
f 1336//1336 1296//1296 1482//1482
f 1327//1327 1318//1318 1372//1372
f 1353//1353 1344//1344 1377//1377
f 1362//1362 1363//1363 1390//1390
f 1226//1226 1285//1285 1373//1373
f 1329//1329 1271//1271 1315//1315
f 1355//1355 1364//1364 1423//1423
f 1283//1283 1347//1347 1370//1370
f 1335//1335 1286//1286 1336//1336
f 1410//1410 1330//1330 1390//1390
f 1337//1337 1331//1331 1365//1365
f 1338//1338 1323//1323 1326//1326
f 1199//1199 1277//1277 1352//1352
f 1354//1354 1332//1332 1428//1428
f 1323//1323 1408//1408 1440//1440
f 1358//1358 1333//1333 1401//1401
f 1353//1353 1377//1377 1382//1382
f 1383//1383 1382//1382 1402//1402
f 1316//1316 1403//1403 1444//1444
f 1305//1305 1371//1371 1391//1391
f 1257//1257 1324//1324 1342//1342
f 1343//1343 1383//1383 1405//1405
f 1366//1366 1375//1375 1406//1406
f 1335//1335 1434//1434 1351//1351
f 1368//1368 1348//1348 1407//1407
f 1330//1330 1312//1312 1390//1390
f 1344//1344 1330//1330 1393//1393
f 1337//1337 1381//1381 1397//1397
f 1253//1253 1261//1261 1380//1380
f 1339//1339 1294//1294 1409//1409
f 1323//1323 1340//1340 1408//1408
f 1467//1467 1424//1424 1402//1402
f 1392//1392 1423//1423 1412//1412
f 1450//1450 1343//1343 1405//1405
f 1379//1379 1342//1342 1429//1429
f 1385//1385 1349//1349 1416//1416
f 1408//1408 1340//1340 1378//1378
f 1402//1402 1382//1382 1456//1456
f 1363//1363 1315//1315 1414//1414
f 1470//1470 1322//1322 1373//1373
f 1370//1370 1358//1358 1401//1401
f 1361//1361 1355//1355 1392//1392
f 1356//1356 1327//1327 1372//1372
f 1333//1333 1388//1388 1419//1419
f 1395//1395 1328//1328 1505//1505
f 1417//1417 1522//1522 1418//1418
f 1311//1311 1357//1357 1372//1372
f 1346//1346 1384//1384 1420//1420
f 1336//1336 1482//1482 1481//1481
f 1388//1388 1368//1368 1407//1407
f 1405//1405 1424//1424 1425//1425
f 1359//1359 1435//1435 1375//1375
f 1309//1309 1435//1435 1374//1374
f 1505//1505 1415//1415 1427//1427
f 1394//1394 1352//1352 1395//1395
f 1386//1386 1381//1381 1392//1392
f 1401//1401 1419//1419 1454//1454
f 1378//1378 1352//1352 1499//1499
f 1383//1383 1402//1402 1424//1424
f 1391//1391 1441//1441 1483//1483
f 1333//1333 1419//1419 1401//1401
f 1342//1342 1413//1413 1510//1510
f 1382//1382 1387//1387 1456//1456
f 1391//1391 1371//1371 1441//1441
f 1425//1425 1546//1546 1432//1432
f 1310//1310 1380//1380 1433//1433
f 1272//1272 1342//1342 1379//1379
f 1413//1413 1391//1391 1483//1483
f 1292//1292 1337//1337 1436//1436
f 1370//1370 1401//1401 1437//1437
f 1352//1352 1277//1277 1395//1395
f 1372//1372 1357//1357 1421//1421
f 1381//1381 1361//1361 1392//1392
f 1419//1419 1430//1430 1439//1439
f 1400//1400 1370//1370 1437//1437
f 1373//1373 1326//1326 1497//1497
f 1395//1395 1505//1505 1394//1394
f 1407//1407 1348//1348 1436//1436
f 1402//1402 1456//1456 1438//1438
f 1388//1388 1407//1407 1430//1430
f 1399//1399 1393//1393 1442//1442
f 1261//1261 1319//1319 1380//1380
f 1386//1386 1392//1392 1412//1412
f 1405//1405 1383//1383 1424//1424
f 1406//1406 1375//1375 1435//1435
f 1357//1357 1389//1389 1443//1443
f 1393//1393 1410//1410 1442//1442
f 1408//1408 1378//1378 1498//1498
f 1410//1410 1390//1390 1445//1445
f 1387//1387 1377//1377 1399//1399
f 1433//1433 1446//1446 1455//1455
f 1429//1429 1342//1342 1510//1510
f 1442//1442 1410//1410 1521//1521
f 1402//1402 1438//1438 1467//1467
f 1407//1407 1436//1436 1451//1451
f 1377//1377 1393//1393 1399//1399
f 1489//1489 1414//1414 1376//1376
f 1390//1390 1363//1363 1445//1445
f 1371//1371 1420//1420 1449//1449
f 1439//1439 1452//1452 1453//1453
f 1272//1272 1379//1379 1294//1294
f 1419//1419 1388//1388 1430//1430
f 1443//1443 1389//1389 1488//1488
f 1296//1296 1422//1422 1482//1482
f 1401//1401 1454//1454 1437//1437
f 1326//1326 1440//1440 1497//1497
f 1433//1433 1380//1380 1446//1446
f 1423//1423 1364//1364 1426//1426
f 1430//1430 1407//1407 1457//1457
f 1376//1376 1416//1416 1489//1489
f 1489//1489 1416//1416 1462//1462
f 1505//1505 1427//1427 1516//1516
f 1426//1426 1364//1364 1450//1450
f 1387//1387 1399//1399 1511//1511
f 1546//1546 1425//1425 1458//1458
f 1400//1400 1411//1411 1478//1478
f 1332//1332 1322//1322 1460//1460
f 1474//1474 1310//1310 1433//1433
f 1404//1404 1428//1428 1461//1461
f 1396//1396 1398//1398 1463//1463
f 1405//1405 1425//1425 1450//1450
f 1455//1455 1464//1464 1465//1465
f 1348//1348 1292//1292 1436//1436
f 1414//1414 1489//1489 1513//1513
f 1351//1351 1434//1434 1472//1472
f 1456//1456 1387//1387 1469//1469
f 1458//1458 1424//1424 1467//1467
f 1497//1497 1440//1440 1431//1431
f 1356//1356 1421//1421 1471//1471
f 1389//1389 1367//1367 1472//1472
f 1409//1409 1294//1294 1379//1379
f 1440//1440 1408//1408 1496//1496
f 1349//1349 1400//1400 1416//1416
f 1427//1427 1473//1473 1516//1516
f 1398//1398 1404//1404 1463//1463
f 1474//1474 1433//1433 1476//1476
f 1371//1371 1346//1346 1420//1420
f 1437//1437 1454//1454 1411//1411
f 1450//1450 1432//1432 1426//1426
f 1467//1467 1438//1438 1477//1477
f 1446//1446 1396//1396 1463//1463
f 1411//1411 1400//1400 1437//1437
f 1403//1403 1316//1316 1339//1339
f 1472//1472 1434//1434 1518//1518
f 1378//1378 1499//1499 1498//1498
f 1438//1438 1456//1456 1468//1468
f 1456//1456 1469//1469 1468//1468
f 1439//1439 1457//1457 1484//1484
f 1496//1496 1408//1408 1498//1498
f 1366//1366 1406//1406 1427//1427
f 1439//1439 1453//1453 1454//1454
f 1337//1337 1397//1397 1418//1418
f 1428//1428 1332//1332 1461//1461
f 1464//1464 1463//1463 1494//1494
f 1446//1446 1463//1463 1464//1464
f 1420//1420 1384//1384 1485//1485
f 1384//1384 1356//1356 1485//1485
f 1481//1481 1518//1518 1434//1434
f 1412//1412 1423//1423 1448//1448
f 1499//1499 1352//1352 1459//1459
f 1477//1477 1490//1490 1549//1549
f 1322//1322 1470//1470 1460//1460
f 1445//1445 1363//1363 1491//1491
f 1366//1366 1427//1427 1415//1415
f 1440//1440 1496//1496 1492//1492
f 1410//1410 1445//1445 1503//1503
f 1367//1367 1351//1351 1472//1472
f 1404//1404 1461//1461 1494//1494
f 1337//1337 1418//1418 1436//1436
f 1420//1420 1485//1485 1486//1486
f 1332//1332 1475//1475 1461//1461
f 1463//1463 1404//1404 1494//1494
f 1485//1485 1471//1471 1486//1486
f 1363//1363 1414//1414 1491//1491
f 1421//1421 1357//1357 1471//1471
f 1422//1422 1479//1479 1482//1482
f 1422//1422 1447//1447 1479//1479
f 1411//1411 1453//1453 1478//1478
f 1472//1472 1518//1518 1563//1563
f 1451//1451 1436//1436 1522//1522
f 1511//1511 1521//1521 1589//1589
f 1481//1481 1482//1482 1502//1502
f 1423//1423 1426//1426 1448//1448
f 1496//1496 1498//1498 1504//1504
f 1379//1379 1429//1429 1538//1538
f 1441//1441 1371//1371 1449//1449
f 1418//1418 1522//1522 1436//1436
f 1403//1403 1506//1506 1444//1444
f 1459//1459 1394//1394 1512//1512
f 1455//1455 1446//1446 1464//1464
f 1332//1332 1460//1460 1475//1475
f 1460//1460 1470//1470 1493//1493
f 1510//1510 1413//1413 1501//1501
f 1397//1397 1386//1386 1418//1418
f 1403//1403 1339//1339 1409//1409
f 1449//1449 1572//1572 1466//1466
f 1489//1489 1462//1462 1508//1508
f 1413//1413 1483//1483 1501//1501
f 1493//1493 1470//1470 1500//1500
f 1521//1521 1410//1410 1503//1503
f 1440//1440 1492//1492 1431//1431
f 1496//1496 1504//1504 1492//1492
f 1539//1539 1653//1653 1652//1652
f 1425//1425 1432//1432 1450//1450
f 1394//1394 1505//1505 1512//1512
f 1438//1438 1468//1468 1477//1477
f 1328//1328 1415//1415 1505//1505
f 1464//1464 1494//1494 1495//1495
f 1356//1356 1471//1471 1485//1485
f 1414//1414 1513//1513 1491//1491
f 1487//1487 1474//1474 1541//1541
f 1471//1471 1357//1357 1443//1443
f 1486//1486 1471//1471 1514//1514
f 1417//1417 1386//1386 1412//1412
f 1419//1419 1439//1439 1454//1454
f 1386//1386 1417//1417 1418//1418
f 1445//1445 1491//1491 1515//1515
f 1458//1458 1467//1467 1554//1554
f 1447//1447 1316//1316 1509//1509
f 1554//1554 1477//1477 1517//1517
f 1481//1481 1502//1502 1518//1518
f 1417//1417 1480//1480 1519//1519
f 1484//1484 1457//1457 1520//1520
f 1433//1433 1455//1455 1476//1476
f 1407//1407 1451//1451 1457//1457
f 1442//1442 1521//1521 1511//1511
f 1491//1491 1513//1513 1523//1523
f 1416//1416 1400//1400 1462//1462
f 1455//1455 1465//1465 1524//1524
f 1474//1474 1476//1476 1541//1541
f 1389//1389 1472//1472 1507//1507
f 1478//1478 1453//1453 1548//1548
f 1471//1471 1443//1443 1514//1514
f 1406//1406 1435//1435 1525//1525
f 1454//1454 1453//1453 1411//1411
f 1468//1468 1469//1469 1526//1526
f 1425//1425 1424//1424 1458//1458
f 1508//1508 1462//1462 1478//1478
f 1403//1403 1409//1409 1543//1543
f 1452//1452 1439//1439 1484//1484
f 1512//1512 1516//1516 1527//1527
f 1585//1585 1539//1539 1652//1652
f 1512//1512 1505//1505 1516//1516
f 1336//1336 1481//1481 1434//1434
f 1399//1399 1442//1442 1511//1511
f 1316//1316 1444//1444 1509//1509
f 1483//1483 1466//1466 1575//1575
f 1429//1429 1510//1510 1536//1536
f 1350//1350 1474//1474 1487//1487
f 1387//1387 1511//1511 1528//1528
f 1483//1483 1441//1441 1466//1466
f 1477//1477 1468//1468 1490//1490
f 1500//1500 1497//1497 1529//1529
f 1539//1539 1475//1475 1530//1530
f 1478//1478 1548//1548 1531//1531
f 1426//1426 1432//1432 1533//1533
f 1465//1465 1464//1464 1495//1495
f 1350//1350 1487//1487 1550//1550
f 1426//1426 1533//1533 1448//1448
f 1420//1420 1486//1486 1557//1557
f 1490//1490 1526//1526 1558//1558
f 1514//1514 1443//1443 1488//1488
f 1488//1488 1389//1389 1507//1507
f 1475//1475 1460//1460 1530//1530
f 1522//1522 1417//1417 1552//1552
f 1469//1469 1387//1387 1528//1528
f 1489//1489 1508//1508 1544//1544
f 1490//1490 1558//1558 1534//1534
f 1503//1503 1445//1445 1515//1515
f 1479//1479 1447//1447 1535//1535
f 1477//1477 1549//1549 1517//1517
f 1536//1536 1537//1537 1538//1538
f 1528//1528 1511//1511 1545//1545
f 1429//1429 1536//1536 1538//1538
f 1435//1435 1350//1350 1525//1525
f 1501//1501 1575//1575 1577//1577
f 1539//1539 1567//1567 1540//1540
f 1527//1527 1516//1516 1547//1547
f 1550//1550 1487//1487 1541//1541
f 1499//1499 1459//1459 1542//1542
f 1427//1427 1406//1406 1532//1532
f 1520//1520 1457//1457 1451//1451
f 1439//1439 1430//1430 1457//1457
f 1422//1422 1316//1316 1447//1447
f 1409//1409 1379//1379 1543//1543
f 1431//1431 1492//1492 1529//1529
f 1470//1470 1497//1497 1500//1500
f 1400//1400 1478//1478 1462//1462
f 1495//1495 1494//1494 1585//1585
f 1441//1441 1449//1449 1466//1466
f 1406//1406 1525//1525 1532//1532
f 1459//1459 1527//1527 1542//1542
f 1516//1516 1473//1473 1547//1547
f 1452//1452 1484//1484 1583//1583
f 1475//1475 1539//1539 1585//1585
f 1490//1490 1534//1534 1549//1549
f 1460//1460 1493//1493 1530//1530
f 1529//1529 1492//1492 1617//1617
f 1521//1521 1503//1503 1589//1589
f 1467//1467 1477//1477 1554//1554
f 1533//1533 1546//1546 1551//1551
f 1417//1417 1519//1519 1552//1552
f 1494//1494 1461//1461 1585//1585
f 1491//1491 1523//1523 1600//1600
f 1539//1539 1540//1540 1653//1653
f 1482//1482 1479//1479 1502//1502
f 1472//1472 1563//1563 1507//1507
f 1504//1504 1555//1555 1556//1556
f 1558//1558 1559//1559 1560//1560
f 1420//1420 1557//1557 1561//1561
f 1417//1417 1412//1412 1480//1480
f 1492//1492 1504//1504 1617//1617
f 1458//1458 1554//1554 1593//1593
f 1522//1522 1552//1552 1520//1520
f 1511//1511 1589//1589 1545//1545
f 1447//1447 1509//1509 1535//1535
f 1490//1490 1468//1468 1526//1526
f 1508//1508 1478//1478 1564//1564
f 1412//1412 1448//1448 1480//1480
f 1524//1524 1465//1465 1609//1609
f 1549//1549 1534//1534 1566//1566
f 1514//1514 1488//1488 1595//1595
f 1461//1461 1475//1475 1585//1585
f 1534//1534 1599//1599 1566//1566
f 1541//1541 1524//1524 1609//1609
f 1565//1565 1549//1549 1566//1566
f 1432//1432 1546//1546 1533//1533
f 1513//1513 1489//1489 1544//1544
f 1541//1541 1476//1476 1524//1524
f 1523//1523 1513//1513 1544//1544
f 1525//1525 1350//1350 1550//1550
f 1449//1449 1420//1420 1561//1561
f 1589//1589 1503//1503 1590//1590
f 1476//1476 1455//1455 1524//1524
f 1552//1552 1519//1519 1569//1569
f 1539//1539 1530//1530 1567//1567
f 1379//1379 1538//1538 1543//1543
f 1506//1506 1403//1403 1543//1543
f 1493//1493 1500//1500 1567//1567
f 1575//1575 1466//1466 1572//1572
f 1565//1565 1566//1566 1602//1602
f 1507//1507 1611//1611 1579//1579
f 1451//1451 1522//1522 1520//1520
f 1528//1528 1545//1545 1573//1573
f 1506//1506 1543//1543 1562//1562
f 1480//1480 1448//1448 1570//1570
f 1544//1544 1508//1508 1610//1610
f 1479//1479 1535//1535 1625//1625
f 1486//1486 1615//1615 1557//1557
f 1453//1453 1452//1452 1548//1548
f 1595//1595 1488//1488 1579//1579
f 1572//1572 1449//1449 1561//1561
f 1501//1501 1483//1483 1575//1575
f 1488//1488 1507//1507 1579//1579
f 1534//1534 1558//1558 1599//1599
f 1568//1568 1550//1550 1541//1541
f 1523//1523 1544//1544 1600//1600
f 1583//1583 1484//1484 1634//1634
f 1518//1518 1502//1502 1563//1563
f 1535//1535 1509//1509 1553//1553
f 1531//1531 1548//1548 1584//1584
f 1526//1526 1469//1469 1571//1571
f 1459//1459 1512//1512 1527//1527
f 1580//1580 1638//1638 1659//1659
f 1671//1671 1555//1555 1659//1659
f 1550//1550 1568//1568 1582//1582
f 1568//1568 1541//1541 1576//1576
f 1609//1609 1465//1465 1608//1608
f 1571//1571 1573//1573 1707//1707
f 1498//1498 1499//1499 1555//1555
f 1517//1517 1549//1549 1565//1565
f 1542//1542 1527//1527 1580//1580
f 1484//1484 1520//1520 1578//1578
f 1611//1611 1507//1507 1619//1619
f 1499//1499 1542//1542 1555//1555
f 1469//1469 1528//1528 1571//1571
f 1508//1508 1564//1564 1610//1610
f 1473//1473 1427//1427 1532//1532
f 1581//1581 1591//1591 1592//1592
f 1546//1546 1458//1458 1593//1593
f 1452//1452 1583//1583 1548//1548
f 1567//1567 1500//1500 1574//1574
f 1504//1504 1498//1498 1555//1555
f 1570//1570 1551//1551 1596//1596
f 1497//1497 1431//1431 1529//1529
f 1581//1581 1592//1592 1594//1594
f 1547//1547 1473//1473 1597//1597
f 1581//1581 1565//1565 1602//1602
f 1569//1569 1519//1519 1588//1588
f 1608//1608 1465//1465 1598//1598
f 1555//1555 1542//1542 1659//1659
f 1590//1590 1503//1503 1515//1515
f 1556//1556 1555//1555 1671//1671
f 1536//1536 1577//1577 1537//1537
f 1448//1448 1533//1533 1570//1570
f 1564//1564 1531//1531 1601//1601
f 1563//1563 1502//1502 1632//1632
f 1569//1569 1588//1588 1603//1603
f 1515//1515 1491//1491 1600//1600
f 1548//1548 1583//1583 1584//1584
f 1519//1519 1480//1480 1588//1588
f 1478//1478 1531//1531 1564//1564
f 1543//1543 1537//1537 1562//1562
f 1617//1617 1504//1504 1556//1556
f 1568//1568 1576//1576 1604//1604
f 1526//1526 1571//1571 1558//1558
f 1588//1588 1480//1480 1605//1605
f 1520//1520 1569//1569 1578//1578
f 1515//1515 1600//1600 1644//1644
f 1502//1502 1479//1479 1632//1632
f 1612//1612 1613//1613 1614//1614
f 1486//1486 1586//1586 1615//1615
f 1540//1540 1567//1567 1574//1574
f 1575//1575 1572//1572 1657//1657
f 1570//1570 1596//1596 1605//1605
f 1444//1444 1506//1506 1620//1620
f 1507//1507 1563//1563 1619//1619
f 1634//1634 1484//1484 1578//1578
f 1510//1510 1501//1501 1577//1577
f 1480//1480 1570//1570 1605//1605
f 1584//1584 1583//1583 1634//1634
f 1537//1537 1622//1622 1623//1623
f 1509//1509 1444//1444 1620//1620
f 1558//1558 1571//1571 1559//1559
f 1588//1588 1605//1605 1624//1624
f 1611//1611 1619//1619 1673//1673
f 1566//1566 1599//1599 1668//1668
f 1600//1600 1544//1544 1610//1610
f 1603//1603 1588//1588 1624//1624
f 1568//1568 1656//1656 1639//1639
f 1542//1542 1580//1580 1659//1659
f 1568//1568 1604//1604 1656//1656
f 1575//1575 1657//1657 1663//1663
f 1626//1626 1627//1627 1628//1628
f 1525//1525 1550//1550 1582//1582
f 1620//1620 1506//1506 1630//1630
f 1570//1570 1533//1533 1551//1551
f 1612//1612 1578//1578 1603//1603
f 1509//1509 1620//1620 1553//1553
f 1590//1590 1515//1515 1699//1699
f 1586//1586 1635//1635 1636//1636
f 1558//1558 1560//1560 1599//1599
f 1600//1600 1610//1610 1644//1644
f 1562//1562 1537//1537 1667//1667
f 1610//1610 1564//1564 1601//1601
f 1541//1541 1609//1609 1576//1576
f 1500//1500 1529//1529 1587//1587
f 1486//1486 1514//1514 1586//1586
f 1574//1574 1500//1500 1587//1587
f 1554//1554 1517//1517 1565//1565
f 1582//1582 1639//1639 1662//1662
f 1473//1473 1532//1532 1629//1629
f 1540//1540 1574//1574 1640//1640
f 1531//1531 1584//1584 1618//1618
f 1610//1610 1601//1601 1690//1690
f 1578//1578 1612//1612 1614//1614
f 1690//1690 1601//1601 1661//1661
f 1620//1620 1683//1683 1676//1676
f 1579//1579 1611//1611 1641//1641
f 1605//1605 1596//1596 1642//1642
f 1599//1599 1560//1560 1695//1695
f 1538//1538 1537//1537 1543//1543
f 1545//1545 1589//1589 1607//1607
f 1561//1561 1557//1557 1643//1643
f 1625//1625 1535//1535 1553//1553
f 1580//1580 1547//1547 1597//1597
f 1626//1626 1615//1615 1627//1627
f 1495//1495 1585//1585 1645//1645
f 1465//1465 1495//1495 1598//1598
f 1473//1473 1629//1629 1597//1597
f 1532//1532 1582//1582 1662//1662
f 1587//1587 1529//1529 1617//1617
f 1563//1563 1632//1632 1674//1674
f 1581//1581 1602//1602 1637//1637
f 1479//1479 1625//1625 1632//1632
f 1552//1552 1569//1569 1520//1520
f 1571//1571 1528//1528 1573//1573
f 1578//1578 1569//1569 1603//1603
f 1546//1546 1594//1594 1646//1646
f 1629//1629 1647//1647 1648//1648
f 1624//1624 1605//1605 1649//1649
f 1593//1593 1581//1581 1594//1594
f 1561//1561 1643//1643 1687//1687
f 1515//1515 1644//1644 1631//1631
f 1604//1604 1576//1576 1651//1651
f 1645//1645 1654//1654 1655//1655
f 1572//1572 1687//1687 1657//1657
f 1532//1532 1525//1525 1582//1582
f 1586//1586 1514//1514 1595//1595
f 1597//1597 1629//1629 1648//1648
f 1584//1584 1634//1634 1650//1650
f 1619//1619 1563//1563 1674//1674
f 1546//1546 1593//1593 1594//1594
f 1618//1618 1584//1584 1650//1650
f 1537//1537 1577//1577 1622//1622
f 1605//1605 1642//1642 1649//1649
f 1559//1559 1707//1707 1658//1658
f 1644//1644 1610//1610 1690//1690
f 1632//1632 1698//1698 1684//1684
f 1594//1594 1592//1592 1703//1703
f 1660//1660 1661//1661 1650//1650
f 1629//1629 1532//1532 1662//1662
f 1602//1602 1566//1566 1668//1668
f 1582//1582 1568//1568 1639//1639
f 1674//1674 1632//1632 1684//1684
f 1617//1617 1556//1556 1616//1616
f 1617//1617 1616//1616 1587//1587
f 1633//1633 1579//1579 1641//1641
f 1590//1590 1699//1699 1755//1755
f 1622//1622 1577//1577 1664//1664
f 1649//1649 1705//1705 1665//1665
f 1596//1596 1646//1646 1678//1678
f 1663//1663 1657//1657 1706//1706
f 1586//1586 1595//1595 1635//1635
f 1551//1551 1546//1546 1646//1646
f 1531//1531 1618//1618 1661//1661
f 1630//1630 1562//1562 1667//1667
f 1601//1601 1531//1531 1661//1661
f 1527//1527 1547//1547 1580//1580
f 1643//1643 1626//1626 1670//1670
f 1530//1530 1493//1493 1567//1567
f 1662//1662 1639//1639 1666//1666
f 1557//1557 1626//1626 1643//1643
f 1669//1669 1591//1591 1719//1719
f 1637//1637 1602//1602 1668//1668
f 1661//1661 1618//1618 1650//1650
f 1671//1671 1659//1659 1672//1672
f 1573//1573 1545//1545 1607//1607
f 1611//1611 1673//1673 1641//1641
f 1668//1668 1711//1711 1691//1691
f 1690//1690 1661//1661 1675//1675
f 1667//1667 1537//1537 1623//1623
f 1596//1596 1551//1551 1646//1646
f 1577//1577 1575//1575 1663//1663
f 1506//1506 1562//1562 1630//1630
f 1623//1623 1622//1622 1664//1664
f 1589//1589 1590//1590 1606//1606
f 1606//1606 1590//1590 1755//1755
f 1638//1638 1580//1580 1677//1677
f 1644//1644 1690//1690 1720//1720
f 1646//1646 1703//1703 1678//1678
f 1604//1604 1651//1651 1656//1656
f 1574//1574 1587//1587 1679//1679
f 1668//1668 1599//1599 1695//1695
f 1614//1614 1613//1613 1680//1680
f 1556//1556 1671//1671 1681//1681
f 1682//1682 1713//1713 1723//1723
f 1620//1620 1630//1630 1683//1683
f 1573//1573 1607//1607 1685//1685
f 1641//1641 1739//1739 1686//1686
f 1621//1621 1603//1603 1665//1665
f 1660//1660 1650//1650 1680//1680
f 1707//1707 1573//1573 1685//1685
f 1624//1624 1649//1649 1665//1665
f 1612//1612 1603//1603 1688//1688
f 1572//1572 1561//1561 1687//1687
f 1646//1646 1594//1594 1703//1703
f 1595//1595 1579//1579 1633//1633
f 1607//1607 1606//1606 1689//1689
f 1653//1653 1540//1540 1640//1640
f 1692//1692 1693//1693 1751//1751
f 1885//1885 1694//1694 1560//1560
f 1554//1554 1565//1565 1593//1593
f 1598//1598 1495//1495 1645//1645
f 1591//1591 1581//1581 1637//1637
f 1654//1654 1653//1653 1696//1696
f 1619//1619 1674//1674 1673//1673
f 1673//1673 1674//1674 1738//1738
f 1591//1591 1637//1637 1682//1682
f 1559//1559 1571//1571 1707//1707
f 1630//1630 1667//1667 1683//1683
f 1580//1580 1597//1597 1648//1648
f 1613//1613 1688//1688 1788//1788
f 1553//1553 1676//1676 1715//1715
f 1671//1671 1672//1672 1769//1769
f 1675//1675 1661//1661 1660//1660
f 1643//1643 1670//1670 1687//1687
f 1625//1625 1553//1553 1715//1715
f 1719//1719 1591//1591 1682//1682
f 1700//1700 1627//1627 1701//1701
f 1634//1634 1578//1578 1614//1614
f 1682//1682 1637//1637 1713//1713
f 1698//1698 1625//1625 1715//1715
f 1553//1553 1620//1620 1676//1676
f 1613//1613 1612//1612 1688//1688
f 1631//1631 1720//1720 1699//1699
f 1603//1603 1621//1621 1688//1688
f 1707//1707 1685//1685 1702//1702
f 1678//1678 1703//1703 1704//1704
f 1705//1705 1743//1743 1621//1621
f 1647//1647 1629//1629 1662//1662
f 1738//1738 1674//1674 1753//1753
f 1690//1690 1708//1708 1741//1741
f 1637//1637 1691//1691 1713//1713
f 1703//1703 1592//1592 1669//1669
f 1609//1609 1608//1608 1709//1709
f 1662//1662 1666//1666 1697//1697
f 1616//1616 1556//1556 1681//1681
f 1653//1653 1640//1640 1696//1696
f 1655//1655 1654//1654 1710//1710
f 1691//1691 1711//1711 1712//1712
f 1711//1711 1668//1668 1695//1695
f 1634//1634 1614//1614 1650//1650
f 1650//1650 1614//1614 1680//1680
f 1637//1637 1668//1668 1691//1691
f 1702//1702 1658//1658 1707//1707
f 1632//1632 1625//1625 1698//1698
f 1536//1536 1510//1510 1577//1577
f 1631//1631 1644//1644 1720//1720
f 1627//1627 1636//1636 1701//1701
f 1680//1680 1613//1613 1763//1763
f 1755//1755 1699//1699 1714//1714
f 1674//1674 1684//1684 1753//1753
f 1615//1615 1586//1586 1636//1636
f 1560//1560 1559//1559 1658//1658
f 1664//1664 1663//1663 1799//1799
f 1603//1603 1624//1624 1665//1665
f 1626//1626 1628//1628 1670//1670
f 1716//1716 1693//1693 1848//1848
f 1709//1709 1608//1608 1717//1717
f 1592//1592 1591//1591 1669//1669
f 1577//1577 1663//1663 1664//1664
f 1693//1693 1716//1716 1717//1717
f 1645//1645 1655//1655 1721//1721
f 1621//1621 1665//1665 1705//1705
f 1714//1714 1720//1720 1722//1722
f 1666//1666 1639//1639 1724//1724
f 1714//1714 1722//1722 1725//1725
f 1715//1715 1676//1676 1683//1683
f 1652//1652 1653//1653 1654//1654
f 1701//1701 1727//1727 1728//1728
f 1587//1587 1616//1616 1729//1729
f 1626//1626 1557//1557 1615//1615
f 1576//1576 1609//1609 1709//1709
f 1636//1636 1635//1635 1735//1735
f 1715//1715 1683//1683 1731//1731
f 1565//1565 1581//1581 1593//1593
f 1683//1683 1667//1667 1732//1732
f 1713//1713 1691//1691 1723//1723
f 1714//1714 1699//1699 1720//1720
f 1673//1673 1738//1738 1739//1739
f 1560//1560 1694//1694 1695//1695
f 1688//1688 1621//1621 1740//1740
f 1677//1677 1580//1580 1648//1648
f 1662//1662 1697//1697 1647//1647
f 1685//1685 1607//1607 1736//1736
f 1659//1659 1638//1638 1672//1672
f 1719//1719 1682//1682 1810//1810
f 1647//1647 1697//1697 1742//1742
f 1695//1695 1694//1694 1711//1711
f 1515//1515 1631//1631 1699//1699
f 1675//1675 1660//1660 1737//1737
f 1765//1765 1704//1704 1745//1745
f 1642//1642 1596//1596 1678//1678
f 1606//1606 1755//1755 1689//1689
f 1704//1704 1703//1703 1752//1752
f 1702//1702 1685//1685 1736//1736
f 1746//1746 1687//1687 1874//1874
f 1706//1706 1657//1657 1744//1744
f 1697//1697 1666//1666 1730//1730
f 1670//1670 1628//1628 1764//1764
f 1669//1669 1719//1719 1747//1747
f 1701//1701 1735//1735 1748//1748
f 1731//1731 1732//1732 1749//1749
f 1700//1700 1701//1701 1728//1728
f 1645//1645 1585//1585 1652//1652
f 1587//1587 1729//1729 1762//1762
f 1716//1716 1862//1862 1750//1750
f 1628//1628 1627//1627 1700//1700
f 1613//1613 1788//1788 1763//1763
f 1678//1678 1704//1704 1765//1765
f 1607//1607 1689//1689 1736//1736
f 1721//1721 1806//1806 1751//1751
f 1589//1589 1606//1606 1607//1607
f 1658//1658 1702//1702 1726//1726
f 1677//1677 1648//1648 1772//1772
f 1684//1684 1698//1698 1753//1753
f 1753//1753 1698//1698 1754//1754
f 1616//1616 1681//1681 1756//1756
f 1656//1656 1651//1651 1724//1724
f 1735//1735 1635//1635 1734//1734
f 1660//1660 1680//1680 1763//1763
f 1729//1729 1616//1616 1756//1756
f 1724//1724 1757//1757 1730//1730
f 1560//1560 1658//1658 1726//1726
f 1648//1648 1647//1647 1772//1772
f 1671//1671 1769//1769 1681//1681
f 1722//1722 1720//1720 1741//1741
f 1701//1701 1636//1636 1735//1735
f 1667//1667 1623//1623 1758//1758
f 1663//1663 1706//1706 1733//1733
f 1720//1720 1690//1690 1741//1741
f 1642//1642 1678//1678 1765//1765
f 1651//1651 1760//1760 1947//1947
f 1640//1640 1761//1761 1696//1696
f 1654//1654 1696//1696 1710//1710
f 1762//1762 1729//1729 1861//1861
f 1660//1660 1763//1763 1737//1737
f 1816//1816 1649//1649 1642//1642
f 1705//1705 1649//1649 1816//1816
f 1642//1642 1765//1765 1869//1869
f 1740//1740 1743//1743 1865//1865
f 1721//1721 1655//1655 1806//1806
f 1641//1641 1673//1673 1739//1739
f 1714//1714 1725//1725 1850//1850
f 1666//1666 1724//1724 1730//1730
f 1755//1755 1714//1714 1766//1766
f 1816//1816 1642//1642 1869//1869
f 1677//1677 1772//1772 1847//1847
f 1679//1679 1762//1762 1839//1839
f 1664//1664 1799//1799 1718//1718
f 1799//1799 1663//1663 1733//1733
f 1723//1723 1691//1691 1803//1803
f 1670//1670 1768//1768 1874//1874
f 1733//1733 1746//1746 1855//1855
f 1689//1689 1766//1766 1770//1770
f 1690//1690 1675//1675 1708//1708
f 1712//1712 1711//1711 1780//1780
f 1633//1633 1686//1686 1771//1771
f 1745//1745 1704//1704 1752//1752
f 1731//1731 1683//1683 1732//1732
f 1688//1688 1740//1740 1788//1788
f 1738//1738 1753//1753 1767//1767
f 1670//1670 1764//1764 1768//1768
f 1623//1623 1664//1664 1718//1718
f 1689//1689 1755//1755 1766//1766
f 1722//1722 1776//1776 1785//1785
f 1708//1708 1675//1675 1737//1737
f 1738//1738 1767//1767 1774//1774
f 1712//1712 1780//1780 1775//1775
f 1740//1740 1621//1621 1743//1743
f 1722//1722 1741//1741 1776//1776
f 1727//1727 1777//1777 1728//1728
f 1703//1703 1669//1669 1752//1752
f 1651//1651 1709//1709 1716//1716
f 1595//1595 1633//1633 1635//1635
f 1598//1598 1645//1645 1721//1721
f 1608//1608 1598//1598 1721//1721
f 1748//1748 1735//1735 1779//1779
f 1640//1640 1679//1679 1761//1761
f 1710//1710 1696//1696 1863//1863
f 1737//1737 1763//1763 1831//1831
f 1763//1763 1788//1788 1831//1831
f 1743//1743 1705//1705 1816//1816
f 1783//1783 1789//1789 1781//1781
f 1697//1697 1730//1730 1742//1742
f 1783//1783 1814//1814 1789//1789
f 1773//1773 1803//1803 1784//1784
f 1727//1727 1701//1701 1748//1748
f 1687//1687 1746//1746 1744//1744
f 1732//1732 1667//1667 1758//1758
f 1716//1716 1709//1709 1717//1717
f 1783//1783 1781//1781 1787//1787
f 1719//1719 1810//1810 1747//1747
f 1759//1759 1791//1791 1841//1841
f 1777//1777 1727//1727 1793//1793
f 1627//1627 1615//1615 1636//1636
f 1780//1780 1694//1694 1795//1795
f 1743//1743 1816//1816 1796//1796
f 1806//1806 1655//1655 1710//1710
f 1865//1865 1743//1743 1797//1797
f 1740//1740 1865//1865 1821//1821
f 1776//1776 1741//1741 1708//1708
f 1759//1759 1723//1723 1791//1791
f 1712//1712 1775//1775 1798//1798
f 1770//1770 1766//1766 1786//1786
f 1758//1758 1623//1623 1718//1718
f 1739//1739 1738//1738 1774//1774
f 1773//1773 1800//1800 1801//1801
f 1775//1775 1780//1780 1795//1795
f 1732//1732 1758//1758 1749//1749
f 1802//1802 1784//1784 1803//1803
f 1712//1712 1798//1798 1803//1803
f 1639//1639 1656//1656 1724//1724
f 1752//1752 1669//1669 1747//1747
f 1783//1783 1787//1787 1795//1795
f 1638//1638 1677//1677 1672//1672
f 1691//1691 1712//1712 1803//1803
f 1768//1768 1764//1764 1804//1804
f 1723//1723 1803//1803 1773//1773
f 1787//1787 1775//1775 1795//1795
f 1798//1798 1781//1781 1805//1805
f 1814//1814 1783//1783 1807//1807
f 1808//1808 1777//1777 1809//1809
f 1789//1789 1814//1814 1790//1790
f 1778//1778 1754//1754 1811//1811
f 1784//1784 1802//1802 1844//1844
f 1702//1702 1736//1736 1794//1794
f 1885//1885 1560//1560 1726//1726
f 1802//1802 1805//1805 1875//1875
f 1812//1812 1800//1800 1813//1813
f 1827//1827 1836//1836 1838//1838
f 1717//1717 1608//1608 1721//1721
f 1813//1813 1800//1800 1815//1815
f 1753//1753 1778//1778 1767//1767
f 1813//1813 1815//1815 1836//1836
f 1726//1726 1832//1832 1817//1817
f 1807//1807 1818//1818 1819//1819
f 1775//1775 1787//1787 1798//1798
f 1711//1711 1694//1694 1780//1780
f 1759//1759 1841//1841 1840//1840
f 1679//1679 1839//1839 1761//1761
f 1716//1716 1750//1750 1760//1760
f 1869//1869 1765//1765 1782//1782
f 1727//1727 1748//1748 1793//1793
f 1787//1787 1781//1781 1798//1798
f 1645//1645 1652//1652 1654//1654
f 1693//1693 1692//1692 1848//1848
f 1679//1679 1587//1587 1762//1762
f 1682//1682 1723//1723 1759//1759
f 1715//1715 1731//1731 1820//1820
f 1822//1822 1823//1823 1824//1824
f 1800//1800 1784//1784 1844//1844
f 1628//1628 1700//1700 1764//1764
f 1825//1825 1696//1696 1761//1761
f 1803//1803 1798//1798 1805//1805
f 1827//1827 1813//1813 1836//1836
f 1725//1725 1722//1722 1785//1785
f 1789//1789 1790//1790 1834//1834
f 1733//1733 1744//1744 1746//1746
f 1773//1773 1784//1784 1800//1800
f 1783//1783 1795//1795 1807//1807
f 1700//1700 1728//1728 1829//1829
f 1693//1693 1721//1721 1751//1751
f 1771//1771 1686//1686 1830//1830
f 1800//1800 1844//1844 1815//1815
f 1734//1734 1635//1635 1771//1771
f 1777//1777 1793//1793 1809//1809
f 1635//1635 1633//1633 1771//1771
f 1812//1812 1813//1813 1827//1827
f 1805//1805 1781//1781 1789//1789
f 1754//1754 1715//1715 1820//1820
f 1708//1708 1737//1737 1833//1833
f 1802//1802 1803//1803 1805//1805
f 1731//1731 1749//1749 1820//1820
f 1745//1745 1752//1752 1792//1792
f 1791//1791 1773//1773 1801//1801
f 1789//1789 1834//1834 1835//1835
f 1838//1838 1836//1836 1868//1868
f 1814//1814 1864//1864 1837//1837
f 1801//1801 1906//1906 1842//1842
f 1672//1672 1677//1677 1847//1847
f 1765//1765 1745//1745 1782//1782
f 1739//1739 1774//1774 1843//1843
f 1681//1681 1769//1769 1756//1756
f 1746//1746 1874//1874 1881//1881
f 1777//1777 1845//1845 1829//1829
f 1757//1757 1907//1907 1742//1742
f 1687//1687 1670//1670 1874//1874
f 1830//1830 1843//1843 1846//1846
f 1756//1756 1769//1769 1859//1859
f 1814//1814 1819//1819 1864//1864
f 1766//1766 1850//1850 1786//1786
f 1794//1794 1736//1736 1849//1849
f 1790//1790 1837//1837 1873//1873
f 1726//1726 1702//1702 1794//1794
f 1574//1574 1679//1679 1640//1640
f 1814//1814 1807//1807 1819//1819
f 1818//1818 1807//1807 1851//1851
f 1837//1837 1870//1870 1899//1899
f 1827//1827 1852//1852 1891//1891
f 1827//1827 1838//1838 1852//1852
f 1782//1782 1745//1745 1853//1853
f 1788//1788 1821//1821 1831//1831
f 1752//1752 1747//1747 1792//1792
f 1726//1726 1817//1817 1854//1854
f 1776//1776 1708//1708 1833//1833
f 1714//1714 1850//1850 1766//1766
f 1716//1716 1848//1848 1862//1862
f 1846//1846 1857//1857 1858//1858
f 1657//1657 1687//1687 1744//1744
f 1723//1723 1773//1773 1791//1791
f 1792//1792 1810//1810 1828//1828
f 1837//1837 1864//1864 1870//1870
f 1729//1729 1756//1756 1861//1861
f 1748//1748 1779//1779 1793//1793
f 1859//1859 1860//1860 1861//1861
f 1651//1651 1947//1947 1724//1724
f 1801//1801 1812//1812 1826//1826
f 1851//1851 1694//1694 1885//1885
f 1726//1726 1794//1794 1832//1832
f 1827//1827 1891//1891 1909//1909
f 1810//1810 1682//1682 1840//1840
f 1776//1776 1833//1833 1856//1856
f 1790//1790 1873//1873 1834//1834
f 1764//1764 1700//1700 1829//1829
f 1801//1801 1800//1800 1812//1812
f 1779//1779 1734//1734 1866//1866
f 1864//1864 1819//1819 1867//1867
f 1816//1816 1869//1869 1796//1796
f 1831//1831 1821//1821 1833//1833
f 1686//1686 1739//1739 1843//1843
f 1756//1756 1859//1859 1861//1861
f 1735//1735 1734//1734 1779//1779
f 1788//1788 1740//1740 1821//1821
f 1797//1797 1796//1796 1923//1923
f 1682//1682 1759//1759 1840//1840
f 1633//1633 1641//1641 1686//1686
f 1693//1693 1717//1717 1721//1721
f 1718//1718 1799//1799 1880//1880
f 1749//1749 1921//1921 1871//1871
f 1868//1868 1836//1836 1872//1872
f 1768//1768 1804//1804 1874//1874
f 1847//1847 1772//1772 1994//1994
f 1812//1812 1827//1827 1826//1826
f 1844//1844 1822//1822 1815//1815
f 1806//1806 1863//1863 1876//1876
f 1795//1795 1694//1694 1851//1851
f 1877//1877 1878//1878 1924//1924
f 1820//1820 1749//1749 1871//1871
f 1807//1807 1795//1795 1851//1851
f 1749//1749 1758//1758 1880//1880
f 1832//1832 1794//1794 1849//1849
f 1689//1689 1770//1770 1849//1849
f 1758//1758 1718//1718 1880//1880
f 1782//1782 1853//1853 1879//1879
f 1826//1826 1827//1827 1909//1909
f 1742//1742 1907//1907 1894//1894
f 1856//1856 1833//1833 1912//1912
f 1651//1651 1716//1716 1760//1760
f 1754//1754 1698//1698 1715//1715
f 1710//1710 1863//1863 1806//1806
f 1762//1762 1861//1861 1839//1839
f 1792//1792 1747//1747 1810//1810
f 1818//1818 1851//1851 1882//1882
f 1883//1883 1751//1751 1919//1919
f 1761//1761 1839//1839 1910//1910
f 1809//1809 1878//1878 1884//1884
f 1651//1651 1576//1576 1709//1709
f 1835//1835 1834//1834 1886//1886
f 1822//1822 1824//1824 1872//1872
f 1836//1836 1822//1822 1872//1872
f 1802//1802 1875//1875 1844//1844
f 1796//1796 1869//1869 1923//1923
f 1791//1791 1801//1801 1842//1842
f 1853//1853 1792//1792 1915//1915
f 1737//1737 1831//1831 1833//1833
f 1777//1777 1808//1808 1845//1845
f 1793//1793 1779//1779 1890//1890
f 1921//1921 1749//1749 1880//1880
f 1864//1864 1867//1867 1888//1888
f 1811//1811 1754//1754 1820//1820
f 1830//1830 1686//1686 1843//1843
f 1870//1870 1918//1918 1911//1911
f 1725//1725 1785//1785 1892//1892
f 1797//1797 1923//1923 1945//1945
f 1734//1734 1771//1771 1866//1866
f 1870//1870 1864//1864 1918//1918
f 1855//1855 1881//1881 1989//1989
f 1892//1892 1785//1785 1893//1893
f 1799//1799 1733//1733 1929//1929
f 1994//1994 1772//1772 1894//1894
f 1805//1805 1789//1789 1835//1835
f 1834//1834 1873//1873 1895//1895
f 1726//1726 1854//1854 1885//1885
f 1647//1647 1742//1742 1772//1772
f 1878//1878 1877//1877 1884//1884
f 1801//1801 1826//1826 1906//1906
f 1810//1810 1840//1840 1828//1828
f 1850//1850 1725//1725 1892//1892
f 1805//1805 1835//1835 1875//1875
f 1866//1866 1896//1896 1897//1897
f 1846//1846 1843//1843 1898//1898
f 1785//1785 1776//1776 1856//1856
f 1786//1786 1850//1850 1892//1892
f 1852//1852 1900//1900 1901//1901
f 1823//1823 1822//1822 1844//1844
f 1880//1880 1799//1799 1929//1929
f 1774//1774 1767//1767 1898//1898
f 1724//1724 1947//1947 1932//1932
f 1767//1767 1778//1778 1904//1904
f 1887//1887 1994//1994 1905//1905
f 1878//1878 1793//1793 1890//1890
f 1910//1910 1839//1839 1902//1902
f 1872//1872 1824//1824 1922//1922
f 1724//1724 1932//1932 1757//1757
f 1823//1823 1844//1844 1875//1875
f 1870//1870 1911//1911 1899//1899
f 1887//1887 1847//1847 1994//1994
f 1760//1760 1750//1750 1947//1947
f 1840//1840 1841//1841 1908//1908
f 1890//1890 1897//1897 1927//1927
f 1745//1745 1792//1792 1853//1853
f 1753//1753 1754//1754 1778//1778
f 1924//1924 1890//1890 1927//1927
f 1733//1733 1706//1706 1744//1744
f 1838//1838 1868//1868 1852//1852
f 1743//1743 1796//1796 1797//1797
f 1843//1843 1774//1774 1898//1898
f 1826//1826 1909//1909 1906//1906
f 1918//1918 1864//1864 1888//1888
f 1909//1909 1891//1891 1920//1920
f 1811//1811 1820//1820 1871//1871
f 1869//1869 1879//1879 1923//1923
f 1825//1825 1761//1761 1910//1910
f 1736//1736 1689//1689 1849//1849
f 1790//1790 1814//1814 1837//1837
f 1786//1786 1892//1892 1954//1954
f 1824//1824 1823//1823 1913//1913
f 1769//1769 1672//1672 1847//1847
f 1809//1809 1793//1793 1878//1878
f 1853//1853 1915//1915 1988//1988
f 1885//1885 1854//1854 1882//1882
f 1730//1730 1757//1757 1742//1742
f 1835//1835 1886//1886 1914//1914
f 1833//1833 1821//1821 1912//1912
f 1882//1882 1854//1854 1817//1817
f 1924//1924 1878//1878 1890//1890
f 1818//1818 1882//1882 1917//1917
f 1751//1751 1806//1806 1919//1919
f 1906//1906 1909//1909 1938//1938
f 1900//1900 1852//1852 1922//1922
f 1786//1786 1954//1954 1934//1934
f 1821//1821 1889//1889 1912//1912
f 1848//1848 1692//1692 1952//1952
f 1891//1891 1963//1963 1920//1920
f 1804//1804 1764//1764 1829//1829
f 1825//1825 1910//1910 1925//1925
f 1855//1855 1989//1989 1926//1926
f 1869//1869 1782//1782 1879//1879
f 1797//1797 1945//1945 1903//1903
f 1772//1772 1742//1742 1894//1894
f 1728//1728 1777//1777 1829//1829
f 1769//1769 1847//1847 1859//1859
f 1908//1908 1841//1841 1928//1928
f 1836//1836 1815//1815 1822//1822
f 1871//1871 1921//1921 2002//2002
f 1915//1915 1828//1828 1931//1931
f 1907//1907 1757//1757 1932//1932
f 1834//1834 1895//1895 1886//1886
f 1821//1821 1865//1865 1889//1889
f 1804//1804 1845//1845 1930//1930
f 1770//1770 1786//1786 1934//1934
f 1846//1846 1898//1898 1933//1933
f 1934//1934 2011//2011 1956//1956
f 1863//1863 1696//1696 1825//1825
f 1891//1891 1852//1852 1901//1901
f 1911//1911 1918//1918 1935//1935
f 1879//1879 1853//1853 1936//1936
f 1929//1929 1855//1855 1937//1937
f 1811//1811 1871//1871 2002//2002
f 1884//1884 1877//1877 1974//1974
f 1943//1943 1950//1950 1949//1949
f 1955//1955 1873//1873 1939//1939
f 1692//1692 1751//1751 1883//1883
f 1876//1876 1863//1863 1940//1940
f 1792//1792 1828//1828 1915//1915
f 1909//1909 1920//1920 1938//1938
f 1918//1918 1888//1888 1941//1941
f 1808//1808 1809//1809 1884//1884
f 1873//1873 1837//1837 1939//1939
f 1866//1866 1858//1858 1896//1896
f 1892//1892 1893//1893 1944//1944
f 1904//1904 1778//1778 1811//1811
f 1797//1797 1903//1903 1865//1865
f 1779//1779 1866//1866 1890//1890
f 1946//1946 1848//1848 1981//1981
f 1771//1771 1830//1830 1858//1858
f 1808//1808 1943//1943 1949//1949
f 1865//1865 1903//1903 1889//1889
f 1883//1883 1919//1919 2016//2016
f 1952//1952 1883//1883 1951//1951
f 1828//1828 1840//1840 1908//1908
f 1819//1819 1818//1818 1867//1867
f 1960//1960 1948//1948 2047//2047
f 1862//1862 1848//1848 1946//1946
f 1893//1893 1785//1785 1856//1856
f 1888//1888 1867//1867 1941//1941
f 1941//1941 1867//1867 2075//2075
f 1808//1808 1884//1884 1943//1943
f 1733//1733 1855//1855 1929//1929
f 1841//1841 1791//1791 1928//1928
f 1857//1857 1846//1846 1933//1933
f 1911//1911 1935//1935 1953//1953
f 1839//1839 1861//1861 1902//1902
f 1899//1899 1916//1916 1957//1957
f 1849//1849 1770//1770 1934//1934
f 1923//1923 1879//1879 1945//1945
f 2002//2002 2018//2018 2052//2052
f 1895//1895 1873//1873 1955//1955
f 1874//1874 1804//1804 1930//1930
f 1806//1806 1876//1876 1919//1919
f 1891//1891 1901//1901 1963//1963
f 1903//1903 1945//1945 2034//2034
f 1855//1855 1926//1926 1937//1937
f 1829//1829 1845//1845 1804//1804
f 1939//1939 1899//1899 1957//1957
f 1867//1867 1818//1818 1958//1958
f 1791//1791 1842//1842 1928//1928
f 1898//1898 1767//1767 1904//1904
f 1837//1837 1899//1899 1939//1939
f 1692//1692 1883//1883 1952//1952
f 1899//1899 1911//1911 1942//1942
f 1939//1939 1957//1957 2022//2022
f 1824//1824 1913//1913 1962//1962
f 1913//1913 1823//1823 1914//1914
f 1963//1963 1964//1964 1965//1965
f 1898//1898 1904//1904 1933//1933
f 1830//1830 1846//1846 1858//1858
f 1981//1981 1848//1848 1952//1952
f 1859//1859 1847//1847 1887//1887
f 1962//1962 1886//1886 1966//1966
f 1942//1942 1911//1911 1953//1953
f 1832//1832 1849//1849 1956//1956
f 1943//1943 1884//1884 1950//1950
f 1868//1868 1872//1872 1922//1922
f 1954//1954 1892//1892 1944//1944
f 1917//1917 1817//1817 1959//1959
f 1921//1921 1880//1880 1929//1929
f 1936//1936 1853//1853 1967//1967
f 2034//2034 1945//1945 1968//1968
f 1875//1875 1835//1835 1914//1914
f 1969//1969 1928//1928 1970//1970
f 1940//1940 1925//1925 1971//1971
f 1972//1972 1881//1881 1973//1973
f 1746//1746 1881//1881 1855//1855
f 1916//1916 1899//1899 1942//1942
f 1901//1901 1900//1900 1975//1975
f 1976//1976 1977//1977 1978//1978
f 1979//1979 1955//1955 2022//2022
f 1881//1881 1874//1874 1973//1973
f 1894//1894 1907//1907 1980//1980
f 1930//1930 1845//1845 1982//1982
f 1906//1906 1948//1948 1842//1842
f 1916//1916 1976//1976 1978//1978
f 1919//1919 1876//1876 1983//1983
f 1984//1984 1985//1985 1986//1986
f 1916//1916 1942//1942 1976//1976
f 1955//1955 1939//1939 2022//2022
f 1817//1817 1832//1832 1987//1987
f 1876//1876 1940//1940 1983//1983
f 1900//1900 1950//1950 1974//1974
f 1959//1959 1990//1990 1991//1991
f 1853//1853 1988//1988 1967//1967
f 1896//1896 2014//2014 1992//1992
f 1931//1931 1828//1828 1993//1993
f 1994//1994 1995//1995 1905//1905
f 1906//1906 1938//1938 1948//1948
f 1824//1824 1962//1962 1996//1996
f 1862//1862 1946//1946 1984//1984
f 1949//1949 1997//1997 1998//1998
f 1999//1999 2000//2000 2001//2001
f 1904//1904 1811//1811 2002//2002
f 1877//1877 1924//1924 2005//2005
f 1919//1919 1983//1983 2004//2004
f 1845//1845 1808//1808 1982//1982
f 1902//1902 1860//1860 2006//2006
f 1977//1977 1946//1946 1981//1981
f 1884//1884 1974//1974 1950//1950
f 1900//1900 1922//1922 2003//2003
f 2016//2016 2007//2007 2041//2041
f 2009//2009 2010//2010 2082//2082
f 2016//2016 1919//1919 2004//2004
f 2022//2022 1957//1957 2012//2012
f 1863//1863 1825//1825 1925//1925
f 1951//1951 1883//1883 2016//2016
f 1882//1882 1851//1851 1885//1885
f 1857//1857 1933//1933 2014//2014
f 1860//1860 1859//1859 1887//1887
f 1935//1935 1918//1918 1941//1941
f 1993//1993 1908//1908 1969//1969
f 1881//1881 1972//1972 1989//1989
f 1823//1823 1875//1875 1914//1914
f 1907//1907 1932//1932 1980//1980
f 1852//1852 1868//1868 1922//1922
f 1964//1964 1963//1963 1975//1975
f 1957//1957 1978//1978 2017//2017
f 1922//1922 1824//1824 1961//1961
f 1860//1860 1887//1887 1905//1905
f 1928//1928 1842//1842 1970//1970
f 1999//1999 1947//1947 2019//2019
f 1750//1750 1986//1986 2019//2019
f 1966//1966 1886//1886 1979//1979
f 1981//1981 1952//1952 2012//2012
f 1982//1982 1949//1949 1998//1998
f 2011//2011 2020//2020 1987//1987
f 2048//2048 1938//1938 1920//1920
f 1750//1750 1862//1862 1986//1986
f 1950//1950 1900//1900 2003//2003
f 1949//1949 1950//1950 1997//1997
f 1915//1915 1931//1931 1988//1988
f 1818//1818 1917//1917 1958//1958
f 1978//1978 1981//1981 2017//2017
f 1828//1828 1908//1908 1993//1993
f 1890//1890 1866//1866 1897//1897
f 1981//1981 2012//2012 2017//2017
f 2005//2005 1924//1924 2008//2008
f 1984//1984 1946//1946 2024//2024
f 2022//2022 2012//2012 2023//2023
f 1978//1978 1977//1977 1981//1981
f 2012//2012 1957//1957 2017//2017
f 2012//2012 2025//2025 2023//2023
f 1921//1921 1929//1929 2018//2018
f 1966//1966 1979//1979 2023//2023
f 1965//1965 1964//1964 2005//2005
f 2047//2047 1938//1938 2026//2026
f 1832//1832 1956//1956 1987//1987
f 1993//1993 1969//1969 2098//2098
f 1931//1931 1993//1993 2099//2099
f 1900//1900 1974//1974 1975//1975
f 1963//1963 1901//1901 1975//1975
f 1947//1947 1750//1750 2019//2019
f 1924//1924 1927//1927 2008//2008
f 2019//2019 1986//1986 2117//2117
f 2045//2045 1944//1944 2035//2035
f 1889//1889 1903//1903 2028//2028
f 1925//1925 2030//2030 2031//2031
f 1863//1863 1925//1925 1940//1940
f 1945//1945 1879//1879 1968//1968
f 1996//1996 1962//1962 2013//2013
f 1935//1935 1941//1941 2050//2050
f 1950//1950 2003//2003 1997//1997
f 1932//1932 1947//1947 2015//2015
f 1992//1992 2014//2014 2092//2092
f 2015//2015 2001//2001 2032//2032
f 1922//1922 1961//1961 2003//2003
f 1894//1894 1980//1980 1995//1995
f 1994//1994 1894//1894 1995//1995
f 1917//1917 1959//1959 1991//1991
f 1946//1946 1977//1977 2024//2024
f 1895//1895 1955//1955 1979//1979
f 1914//1914 1886//1886 1962//1962
f 1842//1842 1960//1960 1970//1970
f 1904//1904 2002//2002 2033//2033
f 2028//2028 1903//1903 2034//2034
f 1877//1877 2005//2005 1964//1964
f 1882//1882 1817//1817 1917//1917
f 1968//1968 1879//1879 1936//1936
f 1976//1976 1942//1942 2051//2051
f 1893//1893 1856//1856 2029//2029
f 1999//1999 2001//2001 2015//2015
f 1956//1956 2011//2011 1987//1987
f 1952//1952 1951//1951 2012//2012
f 2034//2034 1968//1968 2085//2085
f 1953//1953 2036//2036 2101//2101
f 2085//2085 1968//1968 2037//2037
f 1927//1927 1897//1897 2009//2009
f 2002//2002 1921//1921 2018//2018
f 1849//1849 1934//1934 1956//1956
f 1913//1913 1914//1914 1962//1962
f 1929//1929 1937//1937 2018//2018
f 1958//1958 1917//1917 2057//2057
f 2003//2003 1961//1961 1997//1997
f 1957//1957 1916//1916 1978//1978
f 2029//2029 1912//1912 2028//2028
f 1902//1902 1861//1861 1860//1860
f 1856//1856 1912//1912 2029//2029
f 2098//2098 1969//1969 2038//2038
f 1862//1862 1984//1984 1986//1986
f 1941//1941 2075//2075 2050//2050
f 1920//1920 1963//1963 2048//2048
f 2011//2011 1954//1954 2045//2045
f 1912//1912 1889//1889 2028//2028
f 1933//1933 1904//1904 2033//2033
f 1893//1893 2029//2029 2039//2039
f 1908//1908 1928//1928 1969//1969
f 1966//1966 2023//2023 2041//2041
f 2012//2012 1951//1951 2025//2025
f 1936//1936 1967//1967 2076//2076
f 1996//1996 2013//2013 2042//2042
f 2004//2004 2007//2007 2016//2016
f 2013//2013 1962//1962 2078//2078
f 2093//2093 2043//2043 2044//2044
f 1995//1995 1980//1980 2061//2061
f 2065//2065 2033//2033 2054//2054
f 1951//1951 2016//2016 2025//2025
f 1985//1985 1984//1984 2024//2024
f 2021//2021 1905//1905 2046//2046
f 2047//2047 2026//2026 2070//2070
f 1842//1842 1948//1948 1960//1960
f 1910//1910 1902//1902 2030//2030
f 1968//1968 1936//1936 2076//2076
f 1944//1944 1893//1893 2039//2039
f 1934//1934 1954//1954 2011//2011
f 2035//2035 1944//1944 2039//2039
f 2006//2006 1860//1860 2021//2021
f 1963//1963 1965//1965 2095//2095
f 1942//1942 1953//1953 2051//2051
f 2057//2057 1991//1991 2043//2043
f 1959//1959 1817//1817 1987//1987
f 1959//1959 1987//1987 1990//1990
f 2023//2023 2025//2025 2041//2041
f 1886//1886 1895//1895 1979//1979
f 1860//1860 1905//1905 2021//2021
f 2014//2014 1933//1933 2065//2065
f 1948//1948 1938//1938 2047//2047
f 2052//2052 2053//2053 2054//2054
f 1977//1977 1976//1976 2051//2051
f 1982//1982 1998//1998 2055//2055
f 1979//1979 2022//2022 2023//2023
f 1962//1962 1966//1966 2078//2078
f 2004//2004 1983//1983 2056//2056
f 1938//1938 2048//2048 2049//2049
f 1877//1877 1964//1964 1974//1974
f 1985//1985 2024//2024 2141//2141
f 2093//2093 2075//2075 2057//2057
f 1771//1771 1858//1858 1866//1866
f 1997//1997 2042//2042 2059//2059
f 2155//2155 1972//1972 2086//2086
f 1972//1972 1973//1973 2086//2086
f 1971//1971 1925//1925 2031//2031
f 1896//1896 1858//1858 2014//2014
f 2040//2040 2035//2035 2039//2039
f 2062//2062 1998//1998 2121//2121
f 1927//1927 2009//2009 2082//2082
f 1937//1937 1926//1926 2112//2112
f 2041//2041 2007//2007 2064//2064
f 2018//2018 1937//1937 2112//2112
f 2112//2112 1926//1926 2102//2102
f 2040//2040 2039//2039 2029//2029
f 2024//2024 2066//2066 2147//2147
f 2005//2005 2008//2008 2067//2067
f 2026//2026 1938//1938 2049//2049
f 2043//2043 2093//2093 2057//2057
f 2061//2061 1980//1980 2032//2032
f 2271//2271 2056//2056 2068//2068
f 1998//1998 2059//2059 2121//2121
f 2052//2052 2018//2018 2112//2112
f 2075//2075 1958//1958 2057//2057
f 1977//1977 2051//2051 2066//2066
f 2030//2030 1902//1902 2006//2006
f 1997//1997 1996//1996 2042//2042
f 2095//2095 1965//1965 2063//2063
f 1961//1961 1824//1824 1996//1996
f 2027//2027 2004//2004 2056//2056
f 1966//1966 2064//2064 2069//2069
f 2006//2006 2021//2021 2071//2071
f 2099//2099 1993//1993 2098//2098
f 1953//1953 2101//2101 2051//2051
f 1961//1961 1996//1996 1997//1997
f 1933//1933 2033//2033 2065//2065
f 1974//1974 1964//1964 1975//1975
f 2045//2045 2020//2020 2011//2011
f 1990//1990 1987//1987 2072//2072
f 2048//2048 1963//1963 2095//2095
f 1999//1999 2019//2019 2117//2117
f 1954//1954 1944//1944 2045//2045
f 2024//2024 1977//1977 2066//2066
f 2008//2008 1927//1927 2082//2082
f 1930//1930 1982//1982 2073//2073
f 2097//2097 2095//2095 2063//2063
f 1858//1858 1857//1857 2014//2014
f 1970//1970 1960//1960 2080//2080
f 1925//1925 1910//1910 2030//2030
f 1969//1969 1970//1970 2038//2038
f 2055//2055 1998//1998 2062//2062
f 2016//2016 2041//2041 2025//2025
f 1874//1874 1930//1930 1973//1973
f 1905//1905 1995//1995 2046//2046
f 1932//1932 2015//2015 2032//2032
f 1987//1987 2020//2020 2072//2072
f 1991//1991 2072//2072 2108//2108
f 1808//1808 1949//1949 1982//1982
f 1967//1967 1988//1988 2089//2089
f 1917//1917 1991//1991 2057//2057
f 2053//2053 2052//2052 2112//2112
f 2002//2002 2052//2052 2033//2033
f 2064//2064 2007//2007 2069//2069
f 1897//1897 1896//1896 2009//2009
f 2013//2013 2078//2078 2081//2081
f 1953//1953 1935//1935 2036//2036
f 1988//1988 1931//1931 2089//2089
f 2033//2033 2052//2052 2054//2054
f 2047//2047 2070//2070 2083//2083
f 2038//2038 1970//1970 2080//2080
f 2036//2036 1935//1935 2091//2091
f 1931//1931 2099//2099 2089//2089
f 2045//2045 2074//2074 2113//2113
f 2058//2058 2141//2141 2087//2087
f 1999//1999 2117//2117 2060//2060
f 2067//2067 2082//2082 2088//2088
f 2076//2076 1967//1967 2089//2089
f 1998//1998 1997//1997 2059//2059
f 2030//2030 2006//2006 2071//2071
f 1947//1947 1999//1999 2015//2015
f 1965//1965 2005//2005 2063//2063
f 1986//1986 1985//1985 2058//2058
f 2072//2072 2020//2020 2108//2108
f 2029//2029 2028//2028 2090//2090
f 1935//1935 2050//2050 2091//2091
f 2045//2045 2035//2035 2074//2074
f 1989//1989 1972//1972 1926//1926
f 2090//2090 2028//2028 2120//2120
f 1980//1980 1932//1932 2032//2032
f 2034//2034 2085//2085 2116//2116
f 2049//2049 2048//2048 2138//2138
f 2075//2075 2093//2093 2152//2152
f 2036//2036 2077//2077 2148//2148
f 1991//1991 1990//1990 2072//2072
f 2078//2078 1966//1966 2079//2079
f 2081//2081 2078//2078 2094//2094
f 1960//1960 2047//2047 2083//2083
f 2136//2136 2038//2038 2096//2096
f 2070//2070 2026//2026 2114//2114
f 1982//1982 2055//2055 2073//2073
f 1966//1966 2069//2069 2079//2079
f 2092//2092 2014//2014 2065//2065
f 2042//2042 2013//2013 2100//2100
f 2148//2148 2066//2066 2101//2101
f 2028//2028 2034//2034 2116//2116
f 2117//2117 1986//1986 2058//2058
f 2080//2080 1960//1960 2083//2083
f 2038//2038 2080//2080 2096//2096
f 2032//2032 2001//2001 2104//2104
f 2046//2046 1995//1995 2105//2105
f 2000//2000 1999//1999 2060//2060
f 2007//2007 2004//2004 2027//2027
f 2106//2106 1992//1992 2107//2107
f 1966//1966 2041//2041 2064//2064
f 2037//2037 1968//1968 2076//2076
f 2035//2035 2040//2040 2074//2074
f 2077//2077 2111//2111 2208//2208
f 2155//2155 2086//2086 2165//2165
f 2036//2036 2148//2148 2101//2101
f 2046//2046 2105//2105 2021//2021
f 2113//2113 2074//2074 2123//2123
f 2081//2081 2094//2094 2100//2100
f 2112//2112 2102//2102 2188//2188
f 2098//2098 2038//2038 2136//2136
f 1991//1991 2108//2108 2109//2109
f 2020//2020 2113//2113 2108//2108
f 2050//2050 2075//2075 2152//2152
f 2135//2135 2099//2099 2136//2136
f 2020//2020 2045//2045 2113//2113
f 2062//2062 2121//2121 2115//2115
f 1985//1985 2141//2141 2058//2058
f 2037//2037 2076//2076 2131//2131
f 2044//2044 2043//2043 2169//2169
f 2058//2058 2087//2087 2117//2117
f 2063//2063 2005//2005 2067//2067
f 2021//2021 2105//2105 2118//2118
f 2120//2120 2028//2028 2116//2116
f 2105//2105 2104//2104 2119//2119
f 2107//2107 1992//1992 2092//2092
f 2066//2066 2051//2051 2101//2101
f 1926//1926 1972//1972 2102//2102
f 1995//1995 2104//2104 2105//2105
f 2121//2121 2100//2100 2122//2122
f 2010//2010 2009//2009 2106//2106
f 2069//2069 2007//2007 2125//2125
f 2048//2048 2095//2095 2138//2138
f 2078//2078 2079//2079 2094//2094
f 2108//2108 2113//2113 2149//2149
f 2138//2138 2095//2095 2097//2097
f 2091//2091 2050//2050 2153//2153
f 2089//2089 2099//2099 2135//2135
f 2092//2092 2054//2054 2126//2126
f 2050//2050 2152//2152 2153//2153
f 1972//1972 2155//2155 2102//2102
f 2102//2102 2155//2155 2188//2188
f 2121//2121 2122//2122 2127//2127
f 2128//2128 2100//2100 2094//2094
f 2049//2049 2138//2138 2145//2145
f 2073//2073 2055//2055 2129//2129
f 2075//2075 1867//1867 1958//1958
f 1973//1973 1930//1930 2073//2073
f 2111//2111 2091//2091 2153//2153
f 2060//2060 2117//2117 2132//2132
f 2067//2067 2008//2008 2082//2082
f 2069//2069 2125//2125 2133//2133
f 2031//2031 2071//2071 2134//2134
f 2179//2179 2135//2135 2136//2136
f 2065//2065 2054//2054 2092//2092
f 2141//2141 2024//2024 2147//2147
f 2068//2068 2056//2056 2137//2137
f 2062//2062 2115//2115 2129//2129
f 2109//2109 2108//2108 2149//2149
f 2123//2123 2124//2124 2191//2191
f 2123//2123 2074//2074 2124//2124
f 2084//2084 2037//2037 2151//2151
f 2076//2076 2089//2089 2131//2131
f 2134//2134 2150//2150 2140//2140
f 2040//2040 2029//2029 2090//2090
f 2063//2063 2067//2067 2103//2103
f 2099//2099 2098//2098 2136//2136
f 2119//2119 2104//2104 2173//2173
f 2042//2042 2100//2100 2121//2121
f 2114//2114 2049//2049 2145//2145
f 2116//2116 2084//2084 2170//2170
f 2142//2142 2133//2133 2143//2143
f 2079//2079 2069//2069 2133//2133
f 2059//2059 2042//2042 2121//2121
f 1973//1973 2073//2073 2086//2086
f 2131//2131 2089//2089 2175//2175
f 2113//2113 2123//2123 2149//2149
f 2103//2103 2088//2088 2214//2214
f 2040//2040 2124//2124 2074//2074
f 2106//2106 2009//2009 1992//1992
f 2149//2149 2123//2123 2162//2162
f 2007//2007 2027//2027 2125//2125
f 1995//1995 2061//2061 2104//2104
f 2040//2040 2090//2090 2156//2156
f 1971//1971 2031//2031 2134//2134
f 2147//2147 2066//2066 2148//2148
f 2013//2013 2081//2081 2100//2100
f 2055//2055 2062//2062 2129//2129
f 2031//2031 2030//2030 2071//2071
f 2089//2089 2130//2130 2175//2175
f 2118//2118 2105//2105 2119//2119
f 2088//2088 2082//2082 2110//2110
f 2139//2139 2027//2027 2154//2154
f 2009//2009 1896//1896 1992//1992
f 2077//2077 2036//2036 2091//2091
f 2056//2056 1971//1971 2137//2137
f 2129//2129 2157//2157 2177//2177
f 2037//2037 2131//2131 2151//2151
f 2123//2123 2191//2191 2162//2162
f 2094//2094 2133//2133 2142//2142
f 1983//1983 1971//1971 2056//2056
f 2125//2125 2027//2027 2139//2139
f 2043//2043 1991//1991 2109//2109
f 2097//2097 2063//2063 2158//2158
f 2186//2186 2159//2159 2160//2160
f 2054//2054 2053//2053 2126//2126
f 2071//2071 2021//2021 2118//2118
f 2136//2136 2096//2096 2144//2144
f 2130//2130 2135//2135 2179//2179
f 2107//2107 2092//2092 2126//2126
f 2087//2087 2141//2141 2183//2183
f 2155//2155 2165//2165 2166//2166
f 2073//2073 2129//2129 2086//2086
f 2109//2109 2149//2149 2162//2162
f 2126//2126 2167//2167 2220//2220
f 1940//1940 1971//1971 1983//1983
f 2128//2128 2094//2094 2142//2142
f 2107//2107 2126//2126 2220//2220
f 2093//2093 2161//2161 2171//2171
f 2124//2124 2172//2172 2222//2222
f 2096//2096 2080//2080 2174//2174
f 2120//2120 2156//2156 2090//2090
f 2156//2156 2120//2120 2170//2170
f 2001//2001 2000//2000 2104//2104
f 2086//2086 2129//2129 2177//2177
f 2089//2089 2135//2135 2130//2130
f 2130//2130 2194//2194 2175//2175
f 2077//2077 2091//2091 2111//2111
f 2144//2144 2178//2178 2179//2179
f 2134//2134 2071//2071 2118//2118
f 2115//2115 2127//2127 2180//2180
f 2085//2085 2037//2037 2084//2084
f 2043//2043 2109//2109 2160//2160
f 2067//2067 2088//2088 2103//2103
f 2214//2214 2197//2197 2181//2181
f 2170//2170 2084//2084 2182//2182
f 2183//2183 2147//2147 2205//2205
f 2146//2146 2097//2097 2196//2196
f 2085//2085 2084//2084 2116//2116
f 2080//2080 2083//2083 2174//2174
f 2068//2068 2140//2140 2253//2253
f 2061//2061 2032//2032 2104//2104
f 2094//2094 2079//2079 2133//2133
f 2063//2063 2103//2103 2158//2158
f 2183//2183 2205//2205 2184//2184
f 1971//1971 2134//2134 2137//2137
f 2044//2044 2169//2169 2161//2161
f 2116//2116 2170//2170 2120//2120
f 2115//2115 2121//2121 2127//2127
f 2133//2133 2125//2125 2139//2139
f 2188//2188 2155//2155 2166//2166
f 2138//2138 2097//2097 2146//2146
f 2010//2010 2106//2106 2187//2187
f 2166//2166 2213//2213 2188//2188
f 2130//2130 2179//2179 2194//2194
f 2145//2145 2138//2138 2146//2146
f 2190//2190 2174//2174 2083//2083
f 2093//2093 2044//2044 2161//2161
f 2087//2087 2183//2183 2192//2192
f 2253//2253 2140//2140 2193//2193
f 2212//2212 2077//2077 2208//2208
f 2156//2156 2170//2170 2172//2172
f 2111//2111 2199//2199 2242//2242
f 2160//2160 2159//2159 2169//2169
f 2153//2153 2152//2152 2199//2199
f 2187//2187 2107//2107 2227//2227
f 2053//2053 2112//2112 2188//2188
f 2104//2104 2000//2000 2173//2173
f 2173//2173 2000//2000 2198//2198
f 2110//2110 2236//2236 2197//2197
f 2060//2060 2164//2164 2198//2198
f 2162//2162 2191//2191 2186//2186
f 2172//2172 2170//2170 2185//2185
f 2147//2147 2148//2148 2205//2205
f 2117//2117 2087//2087 2132//2132
f 2169//2169 2043//2043 2160//2160
f 2040//2040 2156//2156 2124//2124
f 2148//2148 2077//2077 2212//2212
f 2124//2124 2222//2222 2191//2191
f 2087//2087 2192//2192 2132//2132
f 2103//2103 2214//2214 2218//2218
f 2082//2082 2010//2010 2110//2110
f 2192//2192 2183//2183 2184//2184
f 2141//2141 2147//2147 2183//2183
f 2152//2152 2093//2093 2171//2171
f 2106//2106 2107//2107 2187//2187
f 2157//2157 2115//2115 2180//2180
f 2068//2068 2137//2137 2140//2140
f 2070//2070 2163//2163 2083//2083
f 2224//2224 2191//2191 2201//2201
f 2096//2096 2174//2174 2216//2216
f 2202//2202 2203//2203 2204//2204
f 2175//2175 2194//2194 2206//2206
f 2131//2131 2175//2175 2206//2206
f 2255//2255 2185//2185 2207//2207
f 2160//2160 2109//2109 2162//2162
f 2186//2186 2191//2191 2224//2224
f 2122//2122 2100//2100 2128//2128
f 2168//2168 2151//2151 2202//2202
f 2119//2119 2173//2173 2230//2230
f 2172//2172 2185//2185 2209//2209
f 2201//2201 2191//2191 2222//2222
f 2119//2119 2150//2150 2118//2118
f 2158//2158 2103//2103 2218//2218
f 2026//2026 2049//2049 2114//2114
f 2000//2000 2060//2060 2198//2198
f 2178//2178 2144//2144 2216//2216
f 2165//2165 2177//2177 2176//2176
f 2111//2111 2153//2153 2199//2199
f 2224//2224 2201//2201 2211//2211
f 2189//2189 2161//2161 2200//2200
f 2203//2203 2202//2202 2206//2206
f 2084//2084 2151//2151 2182//2182
f 2216//2216 2174//2174 2264//2264
f 2145//2145 2210//2210 2215//2215
f 2129//2129 2115//2115 2157//2157
f 2127//2127 2122//2122 2247//2247
f 2182//2182 2168//2168 2207//2207
f 2151//2151 2131//2131 2202//2202
f 2150//2150 2119//2119 2241//2241
f 2110//2110 2010//2010 2236//2236
f 2146//2146 2195//2195 2210//2210
f 2159//2159 2217//2217 2169//2169
f 2187//2187 2227//2227 2235//2235
f 2097//2097 2158//2158 2196//2196
f 2056//2056 2271//2271 2154//2154
f 2236//2236 2187//2187 2235//2235
f 2010//2010 2187//2187 2236//2236
f 2167//2167 2053//2053 2188//2188
f 2144//2144 2096//2096 2216//2216
f 2194//2194 2179//2179 2244//2244
f 2124//2124 2156//2156 2172//2172
f 2222//2222 2172//2172 2221//2221
f 2170//2170 2182//2182 2185//2185
f 2163//2163 2070//2070 2114//2114
f 2166//2166 2176//2176 2277//2277
f 2143//2143 2133//2133 2139//2139
f 2145//2145 2146//2146 2210//2210
f 2122//2122 2128//2128 2142//2142
f 2208//2208 2111//2111 2219//2219
f 2179//2179 2136//2136 2144//2144
f 2202//2202 2131//2131 2206//2206
f 2212//2212 2208//2208 2219//2219
f 2200//2200 2161//2161 2169//2169
f 2213//2213 2167//2167 2188//2188
f 2158//2158 2218//2218 2196//2196
f 2152//2152 2171//2171 2199//2199
f 2111//2111 2242//2242 2219//2219
f 2027//2027 2056//2056 2154//2154
f 2159//2159 2186//2186 2224//2224
f 2172//2172 2209//2209 2221//2221
f 2114//2114 2145//2145 2215//2215
f 2271//2271 2068//2068 2253//2253
f 2148//2148 2212//2212 2205//2205
f 2261//2261 2205//2205 2212//2212
f 2060//2060 2132//2132 2164//2164
f 2247//2247 2122//2122 2226//2226
f 2244//2244 2179//2179 2178//2178
f 2126//2126 2053//2053 2167//2167
f 2220//2220 2167//2167 2213//2213
f 2242//2242 2199//2199 2225//2225
f 2150//2150 2134//2134 2118//2118
f 2217//2217 2237//2237 2254//2254
f 2220//2220 2275//2275 2227//2227
f 2190//2190 2083//2083 2228//2228
f 2165//2165 2176//2176 2166//2166
f 2088//2088 2110//2110 2197//2197
f 2173//2173 2229//2229 2230//2230
f 2196//2196 2283//2283 2262//2262
f 2177//2177 2157//2157 2231//2231
f 2146//2146 2196//2196 2195//2195
f 2202//2202 2204//2204 2232//2232
f 2207//2207 2232//2232 2233//2233
f 2107//2107 2220//2220 2227//2227
f 2083//2083 2163//2163 2228//2228
f 2213//2213 2166//2166 2277//2277
f 2160//2160 2162//2162 2186//2186
f 2217//2217 2200//2200 2169//2169
f 2137//2137 2134//2134 2140//2140
f 2171//2171 2161//2161 2189//2189
f 2283//2283 2218//2218 2181//2181
f 2142//2142 2143//2143 2226//2226
f 2206//2206 2194//2194 2251//2251
f 2177//2177 2231//2231 2239//2239
f 2168//2168 2202//2202 2232//2232
f 2127//2127 2247//2247 2180//2180
f 2151//2151 2168//2168 2182//2182
f 2150//2150 2241//2241 2240//2240
f 2303//2303 2242//2242 2243//2243
f 2203//2203 2206//2206 2251//2251
f 2217//2217 2159//2159 2248//2248
f 2178//2178 2272//2272 2244//2244
f 2212//2212 2219//2219 2259//2259
f 2197//2197 2236//2236 2245//2245
f 2192//2192 2184//2184 2238//2238
f 2163//2163 2114//2114 2215//2215
f 2184//2184 2261//2261 2238//2238
f 2204//2204 2299//2299 2293//2293
f 2086//2086 2177//2177 2165//2165
f 2207//2207 2246//2246 2284//2284
f 2122//2122 2142//2142 2226//2226
f 2143//2143 2139//2139 2223//2223
f 2163//2163 2215//2215 2270//2270
f 2185//2185 2182//2182 2207//2207
f 2189//2189 2200//2200 2280//2280
f 2200//2200 2217//2217 2254//2254
f 2119//2119 2230//2230 2241//2241
f 2139//2139 2154//2154 2223//2223
f 2159//2159 2224//2224 2248//2248
f 2225//2225 2189//2189 2243//2243
f 2184//2184 2205//2205 2261//2261
f 2185//2185 2255//2255 2209//2209
f 2194//2194 2244//2244 2251//2251
f 2193//2193 2140//2140 2240//2240
f 2226//2226 2143//2143 2234//2234
f 2201//2201 2222//2222 2252//2252
f 2176//2176 2177//2177 2239//2239
f 2171//2171 2189//2189 2225//2225
f 2178//2178 2216//2216 2272//2272
f 2224//2224 2211//2211 2248//2248
f 2207//2207 2168//2168 2232//2232
f 2190//2190 2228//2228 2256//2256
f 2221//2221 2257//2257 2258//2258
f 2237//2237 2217//2217 2248//2248
f 2218//2218 2214//2214 2181//2181
f 2318//2318 2211//2211 2260//2260
f 2222//2222 2221//2221 2252//2252
f 2233//2233 2204//2204 2293//2293
f 2195//2195 2196//2196 2262//2262
f 2318//2318 2260//2260 2263//2263
f 2221//2221 2209//2209 2257//2257
f 2214//2214 2088//2088 2197//2197
f 2164//2164 2265//2265 2266//2266
f 2211//2211 2237//2237 2248//2248
f 2326//2326 2181//2181 2245//2245
f 2259//2259 2242//2242 2317//2317
f 2299//2299 2204//2204 2267//2267
f 2247//2247 2226//2226 2268//2268
f 2209//2209 2255//2255 2257//2257
f 2154//2154 2250//2250 2223//2223
f 2192//2192 2238//2238 2297//2297
f 2174//2174 2190//2190 2264//2264
f 2261//2261 2212//2212 2259//2259
f 2199//2199 2171//2171 2225//2225
f 2164//2164 2132//2132 2265//2265
f 2173//2173 2198//2198 2229//2229
f 2196//2196 2218//2218 2283//2283
f 2210//2210 2195//2195 2262//2262
f 2157//2157 2180//2180 2231//2231
f 2211//2211 2201//2201 2260//2260
f 2237//2237 2211//2211 2318//2318
f 2244//2244 2272//2272 2322//2322
f 2180//2180 2247//2247 2231//2231
f 2247//2247 2268//2268 2273//2273
f 2280//2280 2200//2200 2254//2254
f 2213//2213 2277//2277 2298//2298
f 2232//2232 2204//2204 2233//2233
f 2255//2255 2207//2207 2284//2284
f 2216//2216 2264//2264 2272//2272
f 2201//2201 2252//2252 2260//2260
f 2250//2250 2234//2234 2223//2223
f 2251//2251 2244//2244 2310//2310
f 2306//2306 2254//2254 2276//2276
f 2193//2193 2278//2278 2279//2279
f 2253//2253 2193//2193 2279//2279
f 2298//2298 2277//2277 2288//2288
f 2143//2143 2223//2223 2234//2234
f 2207//2207 2233//2233 2246//2246
f 2226//2226 2234//2234 2268//2268
f 2252//2252 2258//2258 2281//2281
f 2251//2251 2310//2310 2203//2203
f 2140//2140 2150//2150 2240//2240
f 2163//2163 2270//2270 2228//2228
f 2249//2249 2250//2250 2271//2271
f 2252//2252 2221//2221 2258//2258
f 2272//2272 2264//2264 2282//2282
f 2285//2285 2284//2284 2292//2292
f 2235//2235 2227//2227 2295//2295
f 2284//2284 2246//2246 2292//2292
f 2260//2260 2252//2252 2281//2281
f 2270//2270 2215//2215 2269//2269
f 2256//2256 2228//2228 2270//2270
f 2238//2238 2261//2261 2287//2287
f 2253//2253 2249//2249 2271//2271
f 2164//2164 2266//2266 2333//2333
f 2255//2255 2284//2284 2257//2257
f 2227//2227 2275//2275 2295//2295
f 2299//2299 2267//2267 2359//2359
f 2240//2240 2241//2241 2348//2348
f 2281//2281 2300//2300 2331//2331
f 2259//2259 2219//2219 2242//2242
f 2263//2263 2260//2260 2281//2281
f 2345//2345 2361//2361 2290//2290
f 2258//2258 2257//2257 2285//2285
f 2273//2273 2268//2268 2286//2286
f 2253//2253 2279//2279 2249//2249
f 2268//2268 2234//2234 2286//2286
f 2280//2280 2254//2254 2306//2306
f 2264//2264 2190//2190 2335//2335
f 2231//2231 2247//2247 2291//2291
f 2210//2210 2262//2262 2269//2269
f 2262//2262 2283//2283 2319//2319
f 2254//2254 2237//2237 2276//2276
f 2284//2284 2285//2285 2257//2257
f 2292//2292 2246//2246 2293//2293
f 2233//2233 2293//2293 2246//2246
f 2275//2275 2294//2294 2295//2295
f 2241//2241 2289//2289 2348//2348
f 2283//2283 2181//2181 2326//2326
f 2322//2322 2272//2272 2282//2282
f 2287//2287 2259//2259 2339//2339
f 2181//2181 2197//2197 2245//2245
f 2193//2193 2240//2240 2278//2278
f 2282//2282 2264//2264 2335//2335
f 2285//2285 2292//2292 2300//2300
f 2242//2242 2225//2225 2243//2243
f 2300//2300 2292//2292 2307//2307
f 2266//2266 2265//2265 2301//2301
f 2245//2245 2236//2236 2302//2302
f 2296//2296 2243//2243 2313//2313
f 2301//2301 2304//2304 2305//2305
f 2250//2250 2154//2154 2271//2271
f 2244//2244 2322//2322 2310//2310
f 2319//2319 2283//2283 2336//2336
f 2292//2292 2293//2293 2307//2307
f 2300//2300 2258//2258 2285//2285
f 2132//2132 2297//2297 2304//2304
f 2230//2230 2229//2229 2289//2289
f 2274//2274 2176//2176 2239//2239
f 2303//2303 2317//2317 2242//2242
f 2287//2287 2339//2339 2308//2308
f 2256//2256 2270//2270 2309//2309
f 2190//2190 2256//2256 2335//2335
f 2301//2301 2265//2265 2304//2304
f 2213//2213 2298//2298 2275//2275
f 2276//2276 2290//2290 2332//2332
f 2276//2276 2318//2318 2290//2290
f 2263//2263 2281//2281 2331//2331
f 2261//2261 2259//2259 2287//2287
f 2241//2241 2230//2230 2289//2289
f 2274//2274 2311//2311 2312//2312
f 2247//2247 2273//2273 2291//2291
f 2215//2215 2210//2210 2269//2269
f 2265//2265 2132//2132 2304//2304
f 2250//2250 2314//2314 2315//2315
f 2256//2256 2309//2309 2342//2342
f 2238//2238 2287//2287 2297//2297
f 2198//2198 2164//2164 2229//2229
f 2243//2243 2296//2296 2303//2303
f 2243//2243 2189//2189 2280//2280
f 2132//2132 2192//2192 2297//2297
f 2176//2176 2274//2274 2277//2277
f 2293//2293 2299//2299 2307//2307
f 2235//2235 2295//2295 2302//2302
f 2236//2236 2235//2235 2302//2302
f 2245//2245 2302//2302 2327//2327
f 2345//2345 2290//2290 2318//2318
f 2270//2270 2269//2269 2309//2309
f 2311//2311 2291//2291 2362//2362
f 2286//2286 2234//2234 2315//2315
f 2204//2204 2203//2203 2267//2267
f 2237//2237 2318//2318 2276//2276
f 2295//2295 2367//2367 2330//2330
f 2263//2263 2331//2331 2321//2321
f 2275//2275 2298//2298 2288//2288
f 2234//2234 2250//2250 2315//2315
f 2259//2259 2317//2317 2339//2339
f 2297//2297 2287//2287 2323//2323
f 2240//2240 2348//2348 2324//2324
f 2229//2229 2164//2164 2333//2333
f 2336//2336 2283//2283 2326//2326
f 2243//2243 2280//2280 2306//2306
f 2320//2320 2323//2323 2329//2329
f 2316//2316 2307//2307 2299//2299
f 2300//2300 2307//2307 2334//2334
f 2282//2282 2335//2335 2358//2358
f 2220//2220 2213//2213 2275//2275
f 2300//2300 2369//2369 2331//2331
f 2326//2326 2245//2245 2327//2327
f 2335//2335 2256//2256 2342//2342
f 2306//2306 2276//2276 2332//2332
f 2240//2240 2324//2324 2278//2278
f 2266//2266 2325//2325 2333//2333
f 2320//2320 2297//2297 2323//2323
f 2314//2314 2250//2250 2249//2249
f 2281//2281 2258//2258 2300//2300
f 2322//2322 2282//2282 2358//2358
f 2231//2231 2291//2291 2311//2311
f 2239//2239 2231//2231 2311//2311
f 2279//2279 2278//2278 2396//2396
f 2317//2317 2303//2303 2296//2296
f 2277//2277 2274//2274 2288//2288
f 2262//2262 2319//2319 2269//2269
f 2288//2288 2312//2312 2364//2364
f 2229//2229 2333//2333 2289//2289
f 2304//2304 2297//2297 2320//2320
f 2312//2312 2311//2311 2362//2362
f 2335//2335 2342//2342 2340//2340
f 2273//2273 2286//2286 2341//2341
f 2338//2338 2337//2337 2342//2342
f 2299//2299 2359//2359 2366//2366
f 2294//2294 2275//2275 2288//2288
f 2321//2321 2369//2369 2343//2343
f 2348//2348 2289//2289 2344//2344
f 2269//2269 2319//2319 2376//2376
f 2289//2289 2333//2333 2344//2344
f 2309//2309 2269//2269 2376//2376
f 2345//2345 2321//2321 2370//2370
f 2323//2323 2308//2308 2399//2399
f 2341//2341 2346//2346 2347//2347
f 2307//2307 2316//2316 2334//2334
f 2437//2437 2349//2349 2350//2350
f 2328//2328 2319//2319 2336//2336
f 2321//2321 2331//2331 2369//2369
f 2305//2305 2304//2304 2320//2320
f 2332//2332 2290//2290 2373//2373
f 2287//2287 2308//2308 2323//2323
f 2314//2314 2249//2249 2279//2279
f 2286//2286 2315//2315 2346//2346
f 2324//2324 2348//2348 2409//2409
f 2288//2288 2274//2274 2312//2312
f 2336//2336 2327//2327 2352//2352
f 2339//2339 2351//2351 2353//2353
f 2317//2317 2296//2296 2412//2412
f 2263//2263 2321//2321 2345//2345
f 2291//2291 2273//2273 2354//2354
f 2336//2336 2352//2352 2355//2355
f 2301//2301 2305//2305 2325//2325
f 2322//2322 2358//2358 2310//2310
f 2333//2333 2392//2392 2344//2344
f 2369//2369 2300//2300 2334//2334
f 2243//2243 2306//2306 2313//2313
f 2318//2318 2263//2263 2345//2345
f 2326//2326 2327//2327 2336//2336
f 2364//2364 2365//2365 2356//2356
f 2308//2308 2353//2353 2399//2399
f 2266//2266 2301//2301 2325//2325
f 2347//2347 2346//2346 2357//2357
f 2274//2274 2239//2239 2311//2311
f 2335//2335 2340//2340 2358//2358
f 2351//2351 2317//2317 2412//2412
f 2313//2313 2332//2332 2371//2371
f 2367//2367 2295//2295 2294//2294
f 2339//2339 2317//2317 2351//2351
f 2319//2319 2328//2328 2376//2376
f 2334//2334 2316//2316 2388//2388
f 2341//2341 2286//2286 2346//2346
f 2267//2267 2310//2310 2360//2360
f 2333//2333 2416//2416 2392//2392
f 2373//2373 2290//2290 2361//2361
f 2328//2328 2336//2336 2393//2393
f 2308//2308 2339//2339 2353//2353
f 2347//2347 2357//2357 2417//2417
f 2312//2312 2362//2362 2363//2363
f 2288//2288 2364//2364 2356//2356
f 2313//2313 2306//2306 2332//2332
f 2369//2369 2334//2334 2388//2388
f 2338//2338 2309//2309 2376//2376
f 2309//2309 2338//2338 2342//2342
f 2327//2327 2302//2302 2330//2330
f 2329//2329 2323//2323 2399//2399
f 2358//2358 2340//2340 2372//2372
f 2267//2267 2203//2203 2310//2310
f 2310//2310 2358//2358 2368//2368
f 2336//2336 2355//2355 2393//2393
f 2316//2316 2299//2299 2366//2366
f 2327//2327 2330//2330 2352//2352
f 2353//2353 2434//2434 2422//2422
f 2371//2371 2373//2373 2375//2375
f 2360//2360 2310//2310 2368//2368
f 2330//2330 2377//2377 2352//2352
f 2340//2340 2342//2342 2378//2378
f 2416//2416 2325//2325 2379//2379
f 2296//2296 2313//2313 2380//2380
f 2412//2412 2296//2296 2381//2381
f 2312//2312 2363//2363 2364//2364
f 2362//2362 2349//2349 2363//2363
f 2353//2353 2351//2351 2418//2418
f 2316//2316 2366//2366 2388//2388
f 2370//2370 2343//2343 2382//2382
f 2383//2383 2384//2384 2385//2385
f 2368//2368 2372//2372 2414//2414
f 2396//2396 2278//2278 2324//2324
f 2358//2358 2372//2372 2368//2368
f 2386//2386 2359//2359 2387//2387
f 2325//2325 2416//2416 2333//2333
f 2314//2314 2279//2279 2357//2357
f 2351//2351 2412//2412 2418//2418
f 2367//2367 2356//2356 2389//2389
f 2374//2374 2385//2385 2390//2390
f 2348//2348 2344//2344 2391//2391
f 2391//2391 2344//2344 2392//2392
f 2321//2321 2343//2343 2370//2370
f 2288//2288 2356//2356 2294//2294
f 2302//2302 2295//2295 2330//2330
f 2305//2305 2320//2320 2329//2329
f 2371//2371 2375//2375 2380//2380
f 2332//2332 2373//2373 2371//2371
f 2364//2364 2363//2363 2365//2365
f 2356//2356 2365//2365 2389//2389
f 2388//2388 2386//2386 2382//2382
f 2366//2366 2386//2386 2388//2388
f 2366//2366 2359//2359 2386//2386
f 2350//2350 2354//2354 2394//2394
f 2388//2388 2382//2382 2343//2343
f 2369//2369 2388//2388 2343//2343
f 2382//2382 2386//2386 2405//2405
f 2359//2359 2374//2374 2387//2387
f 2409//2409 2348//2348 2391//2391
f 2313//2313 2371//2371 2380//2380
f 2296//2296 2380//2380 2381//2381
f 2341//2341 2347//2347 2398//2398
f 2376//2376 2328//2328 2393//2393
f 2399//2399 2353//2353 2422//2422
f 2356//2356 2367//2367 2294//2294
f 2370//2370 2382//2382 2405//2405
f 2350//2350 2291//2291 2354//2354
f 2412//2412 2381//2381 2400//2400
f 2338//2338 2376//2376 2401//2401
f 2346//2346 2315//2315 2357//2357
f 2405//2405 2386//2386 2402//2402
f 2365//2365 2349//2349 2403//2403
f 2383//2383 2368//2368 2414//2414
f 2374//2374 2360//2360 2385//2385
f 2395//2395 2406//2406 2524//2524
f 2407//2407 2408//2408 2409//2409
f 2315//2315 2314//2314 2357//2357
f 2273//2273 2341//2341 2354//2354
f 2347//2347 2417//2417 2411//2411
f 2386//2386 2387//2387 2402//2402
f 2408//2408 2396//2396 2409//2409
f 2372//2372 2340//2340 2378//2378
f 2329//2329 2399//2399 2379//2379
f 2279//2279 2396//2396 2357//2357
f 2372//2372 2378//2378 2432//2432
f 2389//2389 2424//2424 2453//2453
f 2396//2396 2324//2324 2409//2409
f 2370//2370 2405//2405 2413//2413
f 2410//2410 2467//2467 2528//2528
f 2403//2403 2349//2349 2454//2454
f 2375//2375 2410//2410 2415//2415
f 2359//2359 2267//2267 2360//2360
f 2354//2354 2341//2341 2398//2398
f 2330//2330 2367//2367 2377//2377
f 2387//2387 2395//2395 2402//2402
f 2380//2380 2375//2375 2415//2415
f 2387//2387 2374//2374 2406//2406
f 2434//2434 2353//2353 2418//2418
f 2305//2305 2329//2329 2379//2379
f 2357//2357 2397//2397 2417//2417
f 2414//2414 2372//2372 2432//2432
f 2367//2367 2389//2389 2377//2377
f 2413//2413 2419//2419 2420//2420
f 2391//2391 2392//2392 2421//2421
f 2416//2416 2379//2379 2423//2423
f 2410//2410 2361//2361 2467//2467
f 2376//2376 2393//2393 2401//2401
f 2377//2377 2389//2389 2453//2453
f 2389//2389 2365//2365 2424//2424
f 2352//2352 2377//2377 2425//2425
f 2408//2408 2407//2407 2428//2428
f 2337//2337 2338//2338 2426//2426
f 2370//2370 2413//2413 2420//2420
f 2355//2355 2352//2352 2425//2425
f 2363//2363 2349//2349 2365//2365
f 2325//2325 2305//2305 2379//2379
f 2407//2407 2391//2391 2421//2421
f 2481//2481 2529//2529 2429//2429
f 2397//2397 2357//2357 2396//2396
f 2379//2379 2399//2399 2427//2427
f 2426//2426 2338//2338 2440//2440
f 2402//2402 2395//2395 2404//2404
f 2345//2345 2370//2370 2420//2420
f 2365//2365 2403//2403 2424//2424
f 2415//2415 2410//2410 2445//2445
f 2427//2427 2422//2422 2461//2461
f 2432//2432 2337//2337 2426//2426
f 2401//2401 2355//2355 2506//2506
f 2381//2381 2415//2415 2445//2445
f 2392//2392 2416//2416 2421//2421
f 2350//2350 2436//2436 2437//2437
f 2435//2435 2431//2431 2438//2438
f 2406//2406 2390//2390 2439//2439
f 2385//2385 2384//2384 2390//2390
f 2431//2431 2435//2435 2450//2450
f 2425//2425 2377//2377 2442//2442
f 2438//2438 2431//2431 2441//2441
f 2381//2381 2380//2380 2415//2415
f 2377//2377 2453//2453 2442//2442
f 2435//2435 2438//2438 2443//2443
f 2423//2423 2508//2508 2444//2444
f 2373//2373 2361//2361 2410//2410
f 2374//2374 2390//2390 2406//2406
f 2397//2397 2408//2408 2428//2428
f 2396//2396 2408//2408 2397//2397
f 2405//2405 2402//2402 2404//2404
f 2435//2435 2443//2443 2498//2498
f 2350//2350 2349//2349 2362//2362
f 2478//2478 2430//2430 2462//2462
f 2393//2393 2355//2355 2401//2401
f 2431//2431 2450//2450 2480//2480
f 2434//2434 2418//2418 2456//2456
f 2407//2407 2421//2421 2452//2452
f 2427//2427 2399//2399 2422//2422
f 2405//2405 2404//2404 2413//2413
f 2416//2416 2423//2423 2421//2421
f 2452//2452 2421//2421 2507//2507
f 2412//2412 2400//2400 2418//2418
f 2398//2398 2347//2347 2457//2457
f 2378//2378 2342//2342 2337//2337
f 2451//2451 2430//2430 2475//2475
f 2417//2417 2397//2397 2446//2446
f 2355//2355 2425//2425 2458//2458
f 2423//2423 2379//2379 2508//2508
f 2450//2450 2459//2459 2469//2469
f 2448//2448 2455//2455 2463//2463
f 2409//2409 2391//2391 2407//2407
f 2425//2425 2442//2442 2460//2460
f 2430//2430 2431//2431 2462//2462
f 2440//2440 2401//2401 2506//2506
f 2448//2448 2451//2451 2455//2455
f 2349//2349 2437//2437 2454//2454
f 2448//2448 2441//2441 2451//2451
f 2375//2375 2373//2373 2410//2410
f 2457//2457 2411//2411 2464//2464
f 2448//2448 2449//2449 2438//2438
f 2440//2440 2338//2338 2401//2401
f 2438//2438 2441//2441 2448//2448
f 2430//2430 2478//2478 2475//2475
f 2406//2406 2439//2439 2466//2466
f 2361//2361 2420//2420 2467//2467
f 2404//2404 2395//2395 2468//2468
f 2462//2462 2431//2431 2480//2480
f 2441//2441 2430//2430 2451//2451
f 2463//2463 2455//2455 2470//2470
f 2378//2378 2337//2337 2432//2432
f 2467//2467 2420//2420 2479//2479
f 2506//2506 2355//2355 2458//2458
f 2449//2449 2443//2443 2438//2438
f 2469//2469 2459//2459 2501//2501
f 2436//2436 2394//2394 2472//2472
f 2458//2458 2425//2425 2460//2460
f 2449//2449 2448//2448 2463//2463
f 2395//2395 2387//2387 2406//2406
f 2424//2424 2403//2403 2593//2593
f 2434//2434 2456//2456 2433//2433
f 2394//2394 2398//2398 2472//2472
f 2431//2431 2430//2430 2441//2441
f 2428//2428 2407//2407 2452//2452
f 2461//2461 2482//2482 2531//2531
f 2421//2421 2423//2423 2444//2444
f 2447//2447 2424//2424 2483//2483
f 2449//2449 2463//2463 2473//2473
f 2480//2480 2450//2450 2465//2465
f 2446//2446 2397//2397 2428//2428
f 2450//2450 2435//2435 2459//2459
f 2480//2480 2465//2465 2484//2484
f 2480//2480 2484//2484 2493//2493
f 2447//2447 2442//2442 2453//2453
f 2474//2474 2463//2463 2497//2497
f 2427//2427 2461//2461 2508//2508
f 2379//2379 2427//2427 2508//2508
f 2443//2443 2489//2489 2498//2498
f 2473//2473 2474//2474 2490//2490
f 2404//2404 2468//2468 2481//2481
f 2473//2473 2463//2463 2474//2474
f 2384//2384 2590//2590 2491//2491
f 2435//2435 2498//2498 2459//2459
f 2478//2478 2462//2462 2487//2487
f 2487//2487 2462//2462 2493//2493
f 2451//2451 2477//2477 2476//2476
f 2506//2506 2458//2458 2494//2494
f 2383//2383 2414//2414 2495//2495
f 2451//2451 2475//2475 2477//2477
f 2398//2398 2471//2471 2472//2472
f 2495//2495 2414//2414 2432//2432
f 2394//2394 2354//2354 2398//2398
f 2465//2465 2450//2450 2469//2469
f 2459//2459 2498//2498 2505//2505
f 2470//2470 2513//2513 2497//2497
f 2359//2359 2360//2360 2374//2374
f 2403//2403 2454//2454 2593//2593
f 2410//2410 2528//2528 2445//2445
f 2417//2417 2446//2446 2499//2499
f 2400//2400 2381//2381 2445//2445
f 2501//2501 2459//2459 2505//2505
f 2458//2458 2460//2460 2500//2500
f 2446//2446 2428//2428 2488//2488
f 2501//2501 2505//2505 2502//2502
f 2456//2456 2400//2400 2539//2539
f 2508//2508 2461//2461 2531//2531
f 2454//2454 2437//2437 2503//2503
f 2499//2499 2446//2446 2504//2504
f 2361//2361 2345//2345 2420//2420
f 2474//2474 2497//2497 2510//2510
f 2419//2419 2413//2413 2429//2429
f 2362//2362 2291//2291 2350//2350
f 2449//2449 2473//2473 2496//2496
f 2455//2455 2451//2451 2476//2476
f 2400//2400 2445//2445 2549//2549
f 2478//2478 2487//2487 2492//2492
f 2418//2418 2400//2400 2456//2456
f 2421//2421 2444//2444 2507//2507
f 2428//2428 2452//2452 2558//2558
f 2417//2417 2499//2499 2411//2411
f 2463//2463 2470//2470 2497//2497
f 2446//2446 2488//2488 2504//2504
f 2462//2462 2480//2480 2493//2493
f 2420//2420 2419//2419 2479//2479
f 2470//2470 2455//2455 2476//2476
f 2487//2487 2509//2509 2492//2492
f 2350//2350 2394//2394 2436//2436
f 2524//2524 2406//2406 2466//2466
f 2476//2476 2477//2477 2546//2546
f 2489//2489 2443//2443 2520//2520
f 2429//2429 2529//2529 2523//2523
f 2440//2440 2506//2506 2511//2511
f 2384//2384 2383//2383 2495//2495
f 2524//2524 2466//2466 2521//2521
f 2443//2443 2449//2449 2496//2496
f 2505//2505 2551//2551 2515//2515
f 2460//2460 2447//2447 2554//2554
f 2509//2509 2487//2487 2547//2547
f 2487//2487 2493//2493 2547//2547
f 2384//2384 2491//2491 2439//2439
f 2516//2516 2490//2490 2519//2519
f 2419//2419 2429//2429 2523//2523
f 2466//2466 2439//2439 2517//2517
f 2518//2518 2433//2433 2456//2456
f 2549//2549 2445//2445 2528//2528
f 2413//2413 2404//2404 2481//2481
f 2468//2468 2395//2395 2524//2524
f 2593//2593 2454//2454 2577//2577
f 2422//2422 2434//2434 2461//2461
f 2426//2426 2563//2563 2522//2522
f 2428//2428 2558//2558 2488//2488
f 2454//2454 2503//2503 2577//2577
f 2495//2495 2432//2432 2569//2569
f 2426//2426 2440//2440 2511//2511
f 2368//2368 2383//2383 2385//2385
f 2490//2490 2474//2474 2519//2519
f 2477//2477 2556//2556 2573//2573
f 2473//2473 2490//2490 2544//2544
f 2469//2469 2501//2501 2526//2526
f 2535//2535 2484//2484 2538//2538
f 2475//2475 2478//2478 2492//2492
f 2474//2474 2512//2512 2519//2519
f 2477//2477 2573//2573 2546//2546
f 2512//2512 2474//2474 2510//2510
f 2500//2500 2460//2460 2554//2554
f 2447//2447 2453//2453 2424//2424
f 2507//2507 2444//2444 2587//2587
f 2443//2443 2496//2496 2520//2520
f 2521//2521 2466//2466 2529//2529
f 2516//2516 2519//2519 2561//2561
f 2452//2452 2507//2507 2558//2558
f 2590//2590 2384//2384 2495//2495
f 2551//2551 2505//2505 2532//2532
f 2502//2502 2505//2505 2515//2515
f 2505//2505 2498//2498 2532//2532
f 2398//2398 2457//2457 2471//2471
f 2520//2520 2496//2496 2603//2603
f 2494//2494 2458//2458 2500//2500
f 2484//2484 2465//2465 2533//2533
f 2436//2436 2472//2472 2534//2534
f 2502//2502 2527//2527 2601//2601
f 2481//2481 2468//2468 2521//2521
f 2533//2533 2526//2526 2552//2552
f 2514//2514 2513//2513 2476//2476
f 2547//2547 2493//2493 2535//2535
f 2465//2465 2526//2526 2533//2533
f 2532//2532 2498//2498 2536//2536
f 2468//2468 2524//2524 2521//2521
f 2529//2529 2481//2481 2521//2521
f 2496//2496 2473//2473 2544//2544
f 2413//2413 2481//2481 2429//2429
f 2526//2526 2502//2502 2575//2575
f 2496//2496 2544//2544 2603//2603
f 2512//2512 2510//2510 2537//2537
f 2541//2541 2492//2492 2509//2509
f 2466//2466 2517//2517 2581//2581
f 2529//2529 2466//2466 2581//2581
f 2493//2493 2484//2484 2535//2535
f 2426//2426 2511//2511 2542//2542
f 2433//2433 2618//2618 2482//2482
f 2512//2512 2553//2553 2519//2519
f 2528//2528 2486//2486 2543//2543
f 2509//2509 2547//2547 2578//2578
f 2536//2536 2545//2545 2548//2548
f 2465//2465 2469//2469 2526//2526
f 2472//2472 2471//2471 2534//2534
f 2519//2519 2553//2553 2561//2561
f 2526//2526 2575//2575 2552//2552
f 2518//2518 2456//2456 2539//2539
f 2553//2553 2512//2512 2550//2550
f 2558//2558 2507//2507 2587//2587
f 2532//2532 2548//2548 2551//2551
f 2477//2477 2475//2475 2492//2492
f 2490//2490 2516//2516 2525//2525
f 2536//2536 2498//2498 2489//2489
f 2539//2539 2400//2400 2549//2549
f 2489//2489 2520//2520 2555//2555
f 2532//2532 2536//2536 2548//2548
f 2492//2492 2541//2541 2556//2556
f 2432//2432 2522//2522 2569//2569
f 2534//2534 2471//2471 2600//2600
f 2411//2411 2499//2499 2557//2557
f 2390//2390 2384//2384 2439//2439
f 2471//2471 2457//2457 2666//2666
f 2525//2525 2516//2516 2559//2559
f 2461//2461 2434//2434 2482//2482
f 2546//2546 2573//2573 2560//2560
f 2513//2513 2470//2470 2476//2476
f 2600//2600 2471//2471 2666//2666
f 2444//2444 2508//2508 2531//2531
f 2546//2546 2560//2560 2514//2514
f 2476//2476 2546//2546 2514//2514
f 2490//2490 2525//2525 2544//2544
f 2535//2535 2562//2562 2592//2592
f 2347//2347 2411//2411 2457//2457
f 2555//2555 2520//2520 2564//2564
f 2506//2506 2494//2494 2511//2511
f 2432//2432 2426//2426 2522//2522
f 2536//2536 2564//2564 2565//2565
f 2523//2523 2529//2529 2581//2581
f 2515//2515 2551//2551 2566//2566
f 2484//2484 2533//2533 2567//2567
f 2509//2509 2578//2578 2568//2568
f 2442//2442 2447//2447 2460//2460
f 2360//2360 2368//2368 2385//2385
f 2433//2433 2518//2518 2618//2618
f 2501//2501 2502//2502 2526//2526
f 2545//2545 2536//2536 2565//2565
f 2552//2552 2575//2575 2608//2608
f 2439//2439 2491//2491 2517//2517
f 2556//2556 2477//2477 2492//2492
f 2549//2549 2528//2528 2543//2543
f 2515//2515 2566//2566 2527//2527
f 2437//2437 2436//2436 2623//2623
f 2483//2483 2424//2424 2593//2593
f 2436//2436 2534//2534 2623//2623
f 2467//2467 2486//2486 2528//2528
f 2556//2556 2541//2541 2580//2580
f 2578//2578 2547//2547 2653//2653
f 2551//2551 2548//2548 2613//2613
f 2479//2479 2523//2523 2570//2570
f 2504//2504 2488//2488 2571//2571
f 2561//2561 2550//2550 2636//2636
f 2484//2484 2567//2567 2538//2538
f 2557//2557 2499//2499 2574//2574
f 2537//2537 2510//2510 2576//2576
f 2587//2587 2444//2444 2531//2531
f 2533//2533 2552//2552 2567//2567
f 2553//2553 2550//2550 2561//2561
f 2579//2579 2609//2609 2604//2604
f 2571//2571 2488//2488 2558//2558
f 2541//2541 2509//2509 2568//2568
f 2572//2572 2573//2573 2580//2580
f 2447//2447 2483//2483 2554//2554
f 2434//2434 2433//2433 2482//2482
f 2609//2609 2579//2579 2646//2646
f 2502//2502 2601//2601 2575//2575
f 2610//2610 2514//2514 2694//2694
f 2570//2570 2523//2523 2581//2581
f 2411//2411 2557//2557 2464//2464
f 2541//2541 2568//2568 2583//2583
f 2551//2551 2613//2613 2566//2566
f 2539//2539 2549//2549 2584//2584
f 2536//2536 2489//2489 2555//2555
f 2535//2535 2538//2538 2562//2562
f 2581//2581 2517//2517 2586//2586
f 2587//2587 2588//2588 2589//2589
f 2547//2547 2535//2535 2592//2592
f 2545//2545 2565//2565 2604//2604
f 2518//2518 2539//2539 2540//2540
f 2639//2639 2552//2552 2608//2608
f 2573//2573 2556//2556 2580//2580
f 2545//2545 2609//2609 2548//2548
f 2609//2609 2545//2545 2604//2604
f 2512//2512 2537//2537 2550//2550
f 2603//2603 2544//2544 2591//2591
f 2486//2486 2467//2467 2485//2485
f 2522//2522 2563//2563 2594//2594
f 2510//2510 2497//2497 2513//2513
f 2568//2568 2578//2578 2596//2596
f 2536//2536 2555//2555 2564//2564
f 2571//2571 2611//2611 2597//2597
f 2563//2563 2426//2426 2542//2542
f 2559//2559 2516//2516 2595//2595
f 2560//2560 2573//2573 2572//2572
f 2479//2479 2419//2419 2523//2523
f 2550//2550 2537//2537 2757//2757
f 2590//2590 2599//2599 2702//2702
f 2608//2608 2575//2575 2601//2601
f 2530//2530 2479//2479 2570//2570
f 2502//2502 2515//2515 2527//2527
f 2544//2544 2525//2525 2559//2559
f 2560//2560 2572//2572 2602//2602
f 2554//2554 2483//2483 2598//2598
f 2565//2565 2564//2564 2605//2605
f 2592//2592 2606//2606 2653//2653
f 2558//2558 2587//2587 2611//2611
f 2516//2516 2561//2561 2595//2595
f 2562//2562 2538//2538 2648//2648
f 2584//2584 2549//2549 2690//2690
f 2540//2540 2539//2539 2584//2584
f 2567//2567 2552//2552 2677//2677
f 2510//2510 2513//2513 2576//2576
f 2513//2513 2514//2514 2610//2610
f 2569//2569 2522//2522 2594//2594
f 2588//2588 2531//2531 2482//2482
f 2580//2580 2541//2541 2583//2583
f 2552//2552 2639//2639 2677//2677
f 2562//2562 2648//2648 2624//2624
f 2547//2547 2592//2592 2653//2653
f 2542//2542 2612//2612 2615//2615
f 2538//2538 2567//2567 2648//2648
f 2566//2566 2613//2613 2683//2683
f 2504//2504 2571//2571 2597//2597
f 2766//2766 2491//2491 2707//2707
f 2464//2464 2619//2619 2620//2620
f 2604//2604 2565//2565 2605//2605
f 2574//2574 2504//2504 2597//2597
f 2500//2500 2554//2554 2598//2598
f 2618//2618 2518//2518 2621//2621
f 2467//2467 2479//2479 2530//2530
f 2559//2559 2595//2595 2622//2622
f 2577//2577 2503//2503 2625//2625
f 2626//2626 2627//2627 2628//2628
f 2593//2593 2577//2577 2633//2633
f 2437//2437 2623//2623 2665//2665
f 2542//2542 2615//2615 2715//2715
f 2603//2603 2591//2591 2614//2614
f 2571//2571 2558//2558 2611//2611
f 2527//2527 2566//2566 2697//2697
f 2605//2605 2603//2603 2638//2638
f 2569//2569 2594//2594 2629//2629
f 2564//2564 2603//2603 2605//2605
f 2564//2564 2520//2520 2603//2603
f 2714//2714 2527//2527 2697//2697
f 2583//2583 2568//2568 2596//2596
f 2482//2482 2618//2618 2588//2588
f 2678//2678 2622//2622 2635//2635
f 2574//2574 2499//2499 2504//2504
f 2530//2530 2570//2570 2637//2637
f 2548//2548 2609//2609 2613//2613
f 2588//2588 2587//2587 2531//2531
f 2638//2638 2614//2614 2585//2585
f 2544//2544 2559//2559 2591//2591
f 2585//2585 2534//2534 2655//2655
f 2596//2596 2578//2578 2680//2680
f 2595//2595 2582//2582 2617//2617
f 2591//2591 2559//2559 2622//2622
f 2517//2517 2491//2491 2766//2766
f 2607//2607 2598//2598 2641//2641
f 2530//2530 2637//2637 2485//2485
f 2601//2601 2527//2527 2714//2714
f 2604//2604 2605//2605 2643//2643
f 2457//2457 2464//2464 2666//2666
f 2587//2587 2589//2589 2611//2611
f 2630//2630 2604//2604 2643//2643
f 2491//2491 2590//2590 2707//2707
f 2485//2485 2637//2637 2645//2645
f 2561//2561 2636//2636 2582//2582
f 2599//2599 2569//2569 2629//2629
f 2628//2628 2572//2572 2626//2626
f 2483//2483 2593//2593 2598//2598
f 2614//2614 2647//2647 2585//2585
f 2633//2633 2698//2698 2641//2641
f 2603//2603 2614//2614 2638//2638
f 2494//2494 2500//2500 2607//2607
f 2665//2665 2623//2623 2649//2649
f 2500//2500 2598//2598 2607//2607
f 2642//2642 2606//2606 2650//2650
f 2608//2608 2719//2719 2639//2639
f 2683//2683 2613//2613 2651//2651
f 2613//2613 2609//2609 2651//2651
f 2561//2561 2582//2582 2595//2595
f 2437//2437 2665//2665 2640//2640
f 2590//2590 2702//2702 2654//2654
f 2612//2612 2511//2511 2494//2494
f 2598//2598 2633//2633 2641//2641
f 2643//2643 2655//2655 2656//2656
f 2677//2677 2639//2639 2709//2709
f 2605//2605 2638//2638 2643//2643
f 2623//2623 2534//2534 2652//2652
f 2608//2608 2601//2601 2719//2719
f 2576//2576 2513//2513 2610//2610
f 2707//2707 2590//2590 2654//2654
f 2739//2739 2576//2576 2703//2703
f 2579//2579 2658//2658 2657//2657
f 2542//2542 2511//2511 2612//2612
f 2590//2590 2495//2495 2569//2569
f 2518//2518 2540//2540 2659//2659
f 2602//2602 2572//2572 2628//2628
f 2514//2514 2560//2560 2602//2602
f 2653//2653 2606//2606 2642//2642
f 2630//2630 2643//2643 2660//2660
f 2596//2596 2680//2680 2661//2661
f 2503//2503 2437//2437 2640//2640
f 2627//2627 2626//2626 2662//2662
f 2591//2591 2622//2622 2678//2678
f 2643//2643 2638//2638 2655//2655
f 2648//2648 2567//2567 2634//2634
f 2595//2595 2617//2617 2663//2663
f 2648//2648 2675//2675 2624//2624
f 2656//2656 2600//2600 2660//2660
f 2534//2534 2600//2600 2655//2655
f 2611//2611 2667//2667 2597//2597
f 2583//2583 2596//2596 2664//2664
f 2580//2580 2616//2616 2626//2626
f 2648//2648 2634//2634 2675//2675
f 2660//2660 2643//2643 2656//2656
f 2503//2503 2640//2640 2668//2668
f 2633//2633 2625//2625 2698//2698
f 2579//2579 2630//2630 2658//2658
f 2602//2602 2628//2628 2754//2754
f 2534//2534 2585//2585 2652//2652
f 2625//2625 2503//2503 2668//2668
f 2574//2574 2597//2597 2670//2670
f 2550//2550 2757//2757 2636//2636
f 2562//2562 2624//2624 2671//2671
f 2614//2614 2591//2591 2647//2647
f 2566//2566 2683//2683 2697//2697
f 2655//2655 2600//2600 2656//2656
f 2567//2567 2677//2677 2634//2634
f 2635//2635 2622//2622 2663//2663
f 2638//2638 2585//2585 2655//2655
f 2549//2549 2543//2543 2690//2690
f 2578//2578 2653//2653 2680//2680
f 2621//2621 2518//2518 2659//2659
f 2653//2653 2642//2642 2673//2673
f 2616//2616 2664//2664 2674//2674
f 2630//2630 2660//2660 2696//2696
f 2485//2485 2467//2467 2530//2530
f 2633//2633 2577//2577 2625//2625
f 2598//2598 2593//2593 2633//2633
f 2606//2606 2592//2592 2671//2671
f 2678//2678 2635//2635 2679//2679
f 2661//2661 2680//2680 2681//2681
f 2658//2658 2630//2630 2669//2669
f 2464//2464 2620//2620 2705//2705
f 2579//2579 2604//2604 2630//2630
f 2601//2601 2714//2714 2719//2719
f 2671//2671 2592//2592 2562//2562
f 2585//2585 2647//2647 2652//2652
f 2622//2622 2595//2595 2663//2663
f 2673//2673 2642//2642 2684//2684
f 2494//2494 2607//2607 2612//2612
f 2574//2574 2670//2670 2676//2676
f 2464//2464 2557//2557 2619//2619
f 2572//2572 2580//2580 2626//2626
f 2646//2646 2657//2657 2685//2685
f 2612//2612 2607//2607 2641//2641
f 2563//2563 2644//2644 2594//2594
f 2589//2589 2588//2588 2631//2631
f 2588//2588 2618//2618 2631//2631
f 2632//2632 2624//2624 2686//2686
f 2464//2464 2705//2705 2666//2666
f 2694//2694 2514//2514 2602//2602
f 2688//2688 2634//2634 2677//2677
f 2679//2679 2635//2635 2720//2720
f 2596//2596 2661//2661 2664//2664
f 2629//2629 2594//2594 2765//2765
f 2671//2671 2632//2632 2689//2689
f 2517//2517 2766//2766 2586//2586
f 2649//2649 2652//2652 2691//2691
f 2835//2835 2715//2715 2746//2746
f 2557//2557 2574//2574 2619//2619
f 2660//2660 2705//2705 2696//2696
f 2540//2540 2584//2584 2693//2693
f 2623//2623 2652//2652 2649//2649
f 2703//2703 2610//2610 2694//2694
f 2662//2662 2626//2626 2695//2695
f 2600//2600 2666//2666 2660//2660
f 2616//2616 2583//2583 2664//2664
f 2674//2674 2664//2664 2692//2692
f 2590//2590 2569//2569 2599//2599
f 2606//2606 2671//2671 2650//2650
f 2591//2591 2678//2678 2647//2647
f 2660//2660 2666//2666 2705//2705
f 2691//2691 2652//2652 2701//2701
f 2630//2630 2696//2696 2669//2669
f 2650//2650 2671//2671 2689//2689
f 2739//2739 2699//2699 2537//2537
f 2597//2597 2667//2667 2670//2670
f 2599//2599 2629//2629 2704//2704
f 2543//2543 2486//2486 2713//2713
f 2640//2640 2649//2649 2687//2687
f 2576//2576 2610//2610 2703//2703
f 2668//2668 2640//2640 2687//2687
f 2589//2589 2631//2631 2667//2667
f 2570//2570 2581//2581 2682//2682
f 2671//2671 2624//2624 2632//2632
f 2581//2581 2586//2586 2682//2682
f 2625//2625 2668//2668 2722//2722
f 2632//2632 2686//2686 2711//2711
f 2697//2697 2779//2779 2714//2714
f 2616//2616 2674//2674 2695//2695
f 2646//2646 2579//2579 2657//2657
f 2757//2757 2537//2537 2699//2699
f 2667//2667 2631//2631 2721//2721
f 2720//2720 2663//2663 2617//2617
f 2642//2642 2650//2650 2684//2684
f 2650//2650 2689//2689 2710//2710
f 2639//2639 2719//2719 2709//2709
f 2658//2658 2669//2669 2716//2716
f 2649//2649 2640//2640 2665//2665
f 2563//2563 2715//2715 2644//2644
f 2718//2718 2725//2725 2657//2657
f 2754//2754 2628//2628 2627//2627
f 2647//2647 2678//2678 2701//2701
f 2764//2764 2761//2761 2681//2681
f 2702//2702 2599//2599 2704//2704
f 2698//2698 2625//2625 2722//2722
f 2679//2679 2700//2700 2701//2701
f 2602//2602 2754//2754 2717//2717
f 2612//2612 2641//2641 2698//2698
f 2563//2563 2542//2542 2715//2715
f 2696//2696 2705//2705 2728//2728
f 2618//2618 2621//2621 2631//2631
f 2753//2753 2679//2679 2720//2720
f 2611//2611 2589//2589 2667//2667
f 2621//2621 2659//2659 2721//2721
f 2651//2651 2741//2741 2683//2683
f 2580//2580 2583//2583 2616//2616
f 2652//2652 2647//2647 2701//2701
f 2634//2634 2688//2688 2675//2675
f 2719//2719 2706//2706 2723//2723
f 2722//2722 2668//2668 2727//2727
f 2631//2631 2621//2621 2721//2721
f 2678//2678 2679//2679 2701//2701
f 2719//2719 2714//2714 2706//2706
f 2644//2644 2715//2715 2835//2835
f 2612//2612 2698//2698 2724//2724
f 2594//2594 2644//2644 2765//2765
f 2674//2674 2692//2692 2752//2752
f 2649//2649 2691//2691 2687//2687
f 2711//2711 2686//2686 2726//2726
f 2615//2615 2612//2612 2724//2724
f 2698//2698 2722//2722 2724//2724
f 2728//2728 2756//2756 2800//2800
f 2726//2726 2675//2675 2688//2688
f 2700//2700 2691//2691 2701//2701
f 2486//2486 2485//2485 2729//2729
f 2679//2679 2753//2753 2700//2700
f 2695//2695 2674//2674 2731//2731
f 2732//2732 2617//2617 2730//2730
f 2626//2626 2616//2616 2695//2695
f 2706//2706 2779//2779 2749//2749
f 2582//2582 2636//2636 2794//2794
f 2624//2624 2675//2675 2686//2686
f 2651//2651 2646//2646 2685//2685
f 2680//2680 2672//2672 2735//2735
f 2692//2692 2661//2661 2761//2761
f 2619//2619 2574//2574 2676//2676
f 2734//2734 2732//2732 2856//2856
f 2692//2692 2664//2664 2661//2661
f 2694//2694 2602//2602 2717//2717
f 2662//2662 2695//2695 2731//2731
f 2727//2727 2668//2668 2687//2687
f 2676//2676 2670//2670 2737//2737
f 2659//2659 2540//2540 2693//2693
f 2688//2688 2677//2677 2709//2709
f 2617//2617 2582//2582 2730//2730
f 2615//2615 2767//2767 2746//2746
f 2708//2708 2654//2654 2850//2850
f 2718//2718 2657//2657 2658//2658
f 2738//2738 2682//2682 2740//2740
f 2755//2755 2683//2683 2741//2741
f 2753//2753 2720//2720 2734//2734
f 2672//2672 2673//2673 2748//2748
f 2637//2637 2570//2570 2682//2682
f 2687//2687 2691//2691 2769//2769
f 2615//2615 2724//2724 2742//2742
f 2719//2719 2723//2723 2743//2743
f 2635//2635 2663//2663 2720//2720
f 2767//2767 2615//2615 2742//2742
f 2650//2650 2710//2710 2684//2684
f 2673//2673 2672//2672 2653//2653
f 2721//2721 2659//2659 2736//2736
f 2754//2754 2627//2627 2777//2777
f 2718//2718 2658//2658 2716//2716
f 2715//2715 2615//2615 2746//2746
f 2739//2739 2703//2703 2806//2806
f 2609//2609 2646//2646 2651//2651
f 2757//2757 2699//2699 2733//2733
f 2667//2667 2721//2721 2745//2745
f 2737//2737 2670//2670 2745//2745
f 2690//2690 2543//2543 2713//2713
f 2670//2670 2667//2667 2745//2745
f 2693//2693 2690//2690 2747//2747
f 2683//2683 2755//2755 2697//2697
f 2688//2688 2709//2709 2743//2743
f 2680//2680 2653//2653 2672//2672
f 2637//2637 2682//2682 2712//2712
f 2682//2682 2586//2586 2740//2740
f 2750//2750 2727//2727 2802//2802
f 2791//2791 2751//2751 2768//2768
f 2750//2750 2802//2802 2845//2845
f 2629//2629 2765//2765 2771//2771
f 2724//2724 2722//2722 2742//2742
f 2632//2632 2711//2711 2689//2689
f 2708//2708 2707//2707 2654//2654
f 2766//2766 2707//2707 2744//2744
f 2661//2661 2681//2681 2761//2761
f 2712//2712 2682//2682 2738//2738
f 2788//2788 2627//2627 2662//2662
f 2729//2729 2485//2485 2645//2645
f 2662//2662 2731//2731 2783//2783
f 2674//2674 2816//2816 2731//2731
f 2742//2742 2722//2722 2750//2750
f 2688//2688 2743//2743 2809//2809
f 2697//2697 2755//2755 2779//2779
f 2686//2686 2675//2675 2726//2726
f 2704//2704 2629//2629 2771//2771
f 2758//2758 2821//2821 2787//2787
f 2700//2700 2753//2753 2760//2760
f 2713//2713 2729//2729 2759//2759
f 2716//2716 2776//2776 2815//2815
f 2586//2586 2766//2766 2740//2740
f 2720//2720 2732//2732 2734//2734
f 2748//2748 2673//2673 2782//2782
f 2752//2752 2692//2692 2761//2761
f 2723//2723 2706//2706 2749//2749
f 2651//2651 2685//2685 2741//2741
f 2745//2745 2736//2736 2768//2768
f 2689//2689 2711//2711 2763//2763
f 2636//2636 2757//2757 2775//2775
f 2767//2767 2742//2742 2784//2784
f 2684//2684 2710//2710 2758//2758
f 2657//2657 2725//2725 2685//2685
f 2730//2730 2582//2582 2794//2794
f 2732//2732 2720//2720 2617//2617
f 2722//2722 2727//2727 2750//2750
f 2842//2842 2750//2750 2845//2845
f 2737//2737 2745//2745 2797//2797
f 2721//2721 2736//2736 2745//2745
f 2680//2680 2735//2735 2817//2817
f 2765//2765 2644//2644 2762//2762
f 2693//2693 2584//2584 2690//2690
f 2681//2681 2680//2680 2817//2817
f 2696//2696 2728//2728 2669//2669
f 2620//2620 2619//2619 2756//2756
f 2765//2765 2770//2770 2771//2771
f 2752//2752 2761//2761 2773//2773
f 2691//2691 2700//2700 2769//2769
f 2764//2764 2774//2774 2838//2838
f 2684//2684 2758//2758 2782//2782
f 2779//2779 2755//2755 2780//2780
f 2797//2797 2745//2745 2768//2768
f 2756//2756 2619//2619 2781//2781
f 2673//2673 2684//2684 2782//2782
f 2747//2747 2690//2690 2759//2759
f 2753//2753 2734//2734 2772//2772
f 2816//2816 2674//2674 2752//2752
f 2744//2744 2740//2740 2766//2766
f 2644//2644 2835//2835 2762//2762
f 2809//2809 2786//2786 2726//2726
f 2705//2705 2620//2620 2728//2728
f 2576//2576 2739//2739 2537//2537
f 2859//2859 2723//2723 2789//2789
f 2773//2773 2761//2761 2790//2790
f 2736//2736 2659//2659 2791//2791
f 2712//2712 2738//2738 2744//2744
f 2757//2757 2733//2733 2839//2839
f 2742//2742 2750//2750 2784//2784
f 2821//2821 2763//2763 2792//2792
f 2763//2763 2711//2711 2814//2814
f 2735//2735 2672//2672 2748//2748
f 2790//2790 2761//2761 2764//2764
f 2710//2710 2689//2689 2763//2763
f 2768//2768 2736//2736 2791//2791
f 2744//2744 2738//2738 2740//2740
f 2756//2756 2781//2781 2795//2795
f 2732//2732 2730//2730 2856//2856
f 2662//2662 2783//2783 2836//2836
f 2888//2888 2769//2769 2812//2812
f 2708//2708 2850//2850 2798//2798
f 2764//2764 2681//2681 2774//2774
f 2707//2707 2708//2708 2744//2744
f 2711//2711 2726//2726 2814//2814
f 2746//2746 2767//2767 2843//2843
f 2727//2727 2687//2687 2802//2802
f 2702//2702 2704//2704 2848//2848
f 2743//2743 2864//2864 2809//2809
f 2693//2693 2747//2747 2791//2791
f 2703//2703 2694//2694 2717//2717
f 2781//2781 2737//2737 2797//2797
f 2750//2750 2842//2842 2784//2784
f 2712//2712 2744//2744 2798//2798
f 2843//2843 2767//2767 2804//2804
f 2723//2723 2749//2749 2789//2789
f 2773//2773 2790//2790 2879//2879
f 2793//2793 2768//2768 2805//2805
f 2645//2645 2637//2637 2712//2712
f 2797//2797 2768//2768 2793//2793
f 2821//2821 2792//2792 2876//2876
f 2735//2735 2748//2748 2819//2819
f 2758//2758 2710//2710 2821//2821
f 2788//2788 2662//2662 2836//2836
f 2688//2688 2809//2809 2726//2726
f 2708//2708 2798//2798 2744//2744
f 2782//2782 2758//2758 2787//2787
f 2747//2747 2759//2759 2810//2810
f 2848//2848 2704//2704 2853//2853
f 2783//2783 2801//2801 2836//2836
f 2685//2685 2725//2725 2796//2796
f 2619//2619 2676//2676 2781//2781
f 2845//2845 2802//2802 2877//2877
f 2816//2816 2752//2752 2773//2773
f 2659//2659 2693//2693 2791//2791
f 2821//2821 2710//2710 2763//2763
f 2706//2706 2714//2714 2779//2779
f 2712//2712 2798//2798 2837//2837
f 2749//2749 2924//2924 2789//2789
f 2811//2811 2739//2739 2806//2806
f 2821//2821 2828//2828 2787//2787
f 2713//2713 2486//2486 2729//2729
f 2685//2685 2796//2796 2741//2741
f 2777//2777 2627//2627 2788//2788
f 2769//2769 2700//2700 2812//2812
f 2718//2718 2716//2716 2815//2815
f 2687//2687 2769//2769 2802//2802
f 2728//2728 2620//2620 2756//2756
f 2700//2700 2760//2760 2812//2812
f 2850//2850 2702//2702 2848//2848
f 2754//2754 2777//2777 2785//2785
f 2788//2788 2875//2875 2930//2930
f 2835//2835 2746//2746 2834//2834
f 2872//2872 2760//2760 2863//2863
f 2748//2748 2818//2818 2849//2849
f 2699//2699 2739//2739 2778//2778
f 2810//2810 2729//2729 2820//2820
f 2741//2741 2796//2796 2929//2929
f 2783//2783 2731//2731 2816//2816
f 2772//2772 2856//2856 2831//2831
f 2778//2778 2811//2811 2884//2884
f 2735//2735 2827//2827 2817//2817
f 2725//2725 2718//2718 2866//2866
f 2794//2794 2636//2636 2775//2775
f 2810//2810 2820//2820 2822//2822
f 2792//2792 2763//2763 2825//2825
f 2749//2749 2780//2780 2913//2913
f 2730//2730 2794//2794 2824//2824
f 2746//2746 2843//2843 2834//2834
f 2774//2774 2681//2681 2817//2817
f 2816//2816 2773//2773 2801//2801
f 2756//2756 2795//2795 2800//2800
f 2676//2676 2737//2737 2781//2781
f 2703//2703 2717//2717 2902//2902
f 2773//2773 2879//2879 2826//2826
f 2812//2812 2760//2760 2872//2872
f 2654//2654 2702//2702 2850//2850
f 2669//2669 2728//2728 2807//2807
f 2749//2749 2779//2779 2780//2780
f 2787//2787 2828//2828 2829//2829
f 2780//2780 2755//2755 2803//2803
f 2811//2811 2806//2806 2918//2918
f 2808//2808 2787//2787 2829//2829
f 2787//2787 2808//2808 2818//2818
f 2728//2728 2800//2800 2807//2807
f 2703//2703 2902//2902 2918//2918
f 2717//2717 2754//2754 2785//2785
f 2799//2799 2645//2645 2837//2837
f 2839//2839 2733//2733 2830//2830
f 2748//2748 2849//2849 2819//2819
f 2802//2802 2769//2769 2877//2877
f 2774//2774 2817//2817 2862//2862
f 2690//2690 2713//2713 2759//2759
f 2775//2775 2757//2757 2839//2839
f 2729//2729 2645//2645 2832//2832
f 2743//2743 2723//2723 2859//2859
f 2795//2795 2781//2781 2833//2833
f 2760//2760 2772//2772 2863//2863
f 2778//2778 2739//2739 2811//2811
f 2782//2782 2787//2787 2818//2818
f 2709//2709 2719//2719 2743//2743
f 2791//2791 2747//2747 2891//2891
f 2929//2929 2796//2796 2946//2946
f 2784//2784 2804//2804 2767//2767
f 2716//2716 2669//2669 2807//2807
f 2828//2828 2876//2876 2874//2874
f 2734//2734 2856//2856 2772//2772
f 2839//2839 2830//2830 2840//2840
f 2807//2807 2914//2914 2776//2776
f 2699//2699 2778//2778 2733//2733
f 2841//2841 2784//2784 2842//2842
f 2863//2863 2772//2772 2831//2831
f 2748//2748 2782//2782 2818//2818
f 2763//2763 2814//2814 2825//2825
f 2817//2817 2827//2827 2862//2862
f 2718//2718 2815//2815 2866//2866
f 2844//2844 2845//2845 2846//2846
f 2806//2806 2703//2703 2918//2918
f 2813//2813 2814//2814 2726//2726
f 2891//2891 2747//2747 2810//2810
f 2879//2879 2790//2790 2847//2847
f 2781//2781 2797//2797 2833//2833
f 2704//2704 2771//2771 2853//2853
f 2725//2725 2882//2882 2796//2796
f 2760//2760 2753//2753 2772//2772
f 2788//2788 2930//2930 2854//2854
f 2821//2821 2876//2876 2828//2828
f 2735//2735 2819//2819 2827//2827
f 2645//2645 2712//2712 2837//2837
f 2902//2902 2785//2785 2855//2855
f 2814//2814 2813//2813 2865//2865
f 2788//2788 2836//2836 2867//2867
f 2778//2778 2884//2884 2851//2851
f 2834//2834 2762//2762 2835//2835
f 2829//2829 2828//2828 2874//2874
f 2801//2801 2783//2783 2816//2816
f 2902//2902 2855//2855 2857//2857
f 2847//2847 2790//2790 2838//2838
f 2645//2645 2799//2799 2832//2832
f 2862//2862 2860//2860 2893//2893
f 2801//2801 2858//2858 2861//2861
f 2834//2834 2843//2843 2916//2916
f 2888//2888 2812//2812 2872//2872
f 2856//2856 2730//2730 2824//2824
f 2768//2768 2751//2751 2805//2805
f 2729//2729 2832//2832 2899//2899
f 2825//2825 2814//2814 2865//2865
f 2882//2882 2866//2866 2896//2896
f 2775//2775 2839//2839 2883//2883
f 2859//2859 2789//2789 2901//2901
f 2840//2840 2910//2910 2969//2969
f 2868//2868 2909//2909 3018//3018
f 2749//2749 2913//2913 2924//2924
f 2911//2911 2809//2809 2864//2864
f 2755//2755 2741//2741 2803//2803
f 2849//2849 2818//2818 2808//2808
f 2785//2785 2777//2777 2855//2855
f 2848//2848 2870//2870 2890//2890
f 2797//2797 2793//2793 2871//2871
f 2888//2888 2872//2872 2941//2941
f 2733//2733 2778//2778 2830//2830
f 2777//2777 2854//2854 2855//2855
f 2875//2875 2788//2788 2867//2867
f 2845//2845 2844//2844 2903//2903
f 2808//2808 2873//2873 2880//2880
f 2862//2862 2827//2827 2860//2860
f 2776//2776 2716//2716 2807//2807
f 2899//2899 2940//2940 2881//2881
f 2803//2803 2741//2741 2936//2936
f 2743//2743 2859//2859 2864//2864
f 2843//2843 2804//2804 2916//2916
f 2884//2884 2811//2811 2885//2885
f 2853//2853 2771//2771 2852//2852
f 2849//2849 2808//2808 2880//2880
f 2786//2786 2809//2809 2911//2911
f 2856//2856 2909//2909 2868//2868
f 2808//2808 2829//2829 2873//2873
f 2845//2845 2903//2903 2842//2842
f 2775//2775 2883//2883 2889//2889
f 2780//2780 2803//2803 2934//2934
f 2798//2798 2850//2850 2890//2890
f 2877//2877 2769//2769 2888//2888
f 2717//2717 2785//2785 2902//2902
f 2773//2773 2826//2826 2801//2801
f 2827//2827 2819//2819 2900//2900
f 2793//2793 2805//2805 2878//2878
f 2801//2801 2861//2861 2836//2836
f 2880//2880 2886//2886 2892//2892
f 2790//2790 2764//2764 2838//2838
f 2838//2838 2774//2774 2893//2893
f 2839//2839 2840//2840 2883//2883
f 2794//2794 2775//2775 2889//2889
f 2789//2789 2924//2924 2901//2901
f 2837//2837 2798//2798 2895//2895
f 2815//2815 2776//2776 3004//3004
f 2866//2866 2815//2815 2896//2896
f 2825//2825 2920//2920 2792//2792
f 2887//2887 2874//2874 2912//2912
f 2774//2774 2862//2862 2893//2893
f 2830//2830 2778//2778 2851//2851
f 2799//2799 2895//2895 2933//2933
f 2848//2848 2853//2853 2870//2870
f 2832//2832 2799//2799 2899//2899
f 2856//2856 2868//2868 2831//2831
f 2810//2810 2822//2822 2908//2908
f 2870//2870 2938//2938 2933//2933
f 2726//2726 2786//2786 2813//2813
f 2891//2891 2810//2810 2908//2908
f 2751//2751 2791//2791 2891//2891
f 2799//2799 2837//2837 2895//2895
f 2804//2804 2841//2841 2916//2916
f 2770//2770 2765//2765 2762//2762
f 2824//2824 2794//2794 2889//2889
f 2875//2875 2867//2867 2861//2861
f 2841//2841 2842//2842 2963//2963
f 2819//2819 2904//2904 2900//2900
f 2865//2865 2813//2813 2869//2869
f 2751//2751 2823//2823 2805//2805
f 2824//2824 2889//2889 2905//2905
f 2804//2804 2784//2784 2841//2841
f 2874//2874 2876//2876 2912//2912
f 2876//2876 2792//2792 2898//2898
f 2825//2825 2865//2865 2920//2920
f 2869//2869 2786//2786 2906//2906
f 2895//2895 2798//2798 2890//2890
f 2902//2902 2857//2857 2907//2907
f 2870//2870 2853//2853 2938//2938
f 2741//2741 2929//2929 2936//2936
f 2770//2770 2762//2762 2834//2834
f 2820//2820 2729//2729 2881//2881
f 2876//2876 2898//2898 2912//2912
f 2823//2823 2751//2751 2942//2942
f 2934//2934 2803//2803 2937//2937
f 2911//2911 2864//2864 2923//2923
f 2770//2770 2834//2834 2916//2916
f 2860//2860 2827//2827 2900//2900
f 2850//2850 2848//2848 2890//2890
f 2899//2899 2933//2933 2938//2938
f 2796//2796 2882//2882 2946//2946
f 2880//2880 2873//2873 2886//2886
f 2884//2884 2885//2885 2917//2917
f 2899//2899 2799//2799 2933//2933
f 2918//2918 2902//2902 2907//2907
f 2916//2916 2841//2841 2919//2919
f 2899//2899 2938//2938 2940//2940
f 2888//2888 2941//2941 2925//2925
f 2801//2801 2826//2826 2858//2858
f 2838//2838 2893//2893 2921//2921
f 2807//2807 2800//2800 2922//2922
f 2771//2771 2770//2770 2852//2852
f 2886//2886 2874//2874 2887//2887
f 2729//2729 2899//2899 2881//2881
f 2846//2846 2877//2877 2888//2888
f 2795//2795 2833//2833 2922//2922
f 2751//2751 2891//2891 2942//2942
f 2826//2826 2943//2943 2944//2944
f 2905//2905 2889//2889 2997//2997
f 2883//2883 2840//2840 2985//2985
f 2852//2852 3056//3056 2939//2939
f 2851//2851 2884//2884 2910//2910
f 2777//2777 2788//2788 2854//2854
f 2952//2952 2901//2901 3009//3009
f 2759//2759 2729//2729 2810//2810
f 2887//2887 2912//2912 2926//2926
f 2875//2875 2861//2861 2927//2927
f 2919//2919 2841//2841 2928//2928
f 2869//2869 2813//2813 2786//2786
f 2890//2890 2870//2870 2933//2933
f 2885//2885 2811//2811 2918//2918
f 2858//2858 2826//2826 2944//2944
f 2963//2963 2842//2842 2903//2903
f 2844//2844 2846//2846 3022//3022
f 2889//2889 2883//2883 2985//2985
f 2820//2820 2881//2881 2980//2980
f 2940//2940 2938//2938 2939//2939
f 2891//2891 2908//2908 2942//2942
f 2863//2863 2831//2831 2931//2931
f 2861//2861 2867//2867 2836//2836
f 2916//2916 2919//2919 2932//2932
f 2826//2826 2879//2879 2943//2943
f 2815//2815 3004//3004 2896//2896
f 2770//2770 2916//2916 2932//2932
f 2923//2923 2864//2864 2952//2952
f 2847//2847 2921//2921 2993//2993
f 2938//2938 2853//2853 2939//2939
f 2895//2895 2890//2890 2933//2933
f 2882//2882 2725//2725 2866//2866
f 2921//2921 2893//2893 3006//3006
f 2932//2932 2919//2919 2928//2928
f 2852//2852 2770//2770 2932//2932
f 2840//2840 2851//2851 2910//2910
f 2859//2859 2901//2901 2952//2952
f 2854//2854 2930//2930 2956//2956
f 2786//2786 2911//2911 2894//2894
f 2807//2807 2922//2922 2897//2897
f 2833//2833 2797//2797 2871//2871
f 2855//2855 2854//2854 2956//2956
f 2913//2913 2934//2934 2935//2935
f 2882//2882 2896//2896 2946//2946
f 2909//2909 2824//2824 2905//2905
f 2924//2924 2913//2913 2935//2935
f 2864//2864 2859//2859 2952//2952
f 3006//3006 2860//2860 2947//2947
f 2948//2948 2937//2937 2949//2949
f 2861//2861 2858//2858 2950//2950
f 2792//2792 2920//2920 2898//2898
f 2881//2881 2940//2940 2980//2980
f 2945//2945 2951//2951 2982//2982
f 2831//2831 2976//2976 2931//2931
f 2921//2921 3006//3006 2993//2993
f 2863//2863 2931//2931 3008//3008
f 2913//2913 2780//2780 2934//2934
f 2879//2879 2847//2847 2962//2962
f 2901//2901 2924//2924 3009//3009
f 2823//2823 2942//2942 2953//2953
f 2896//2896 3004//3004 3057//3057
f 2954//2954 3064//3064 3084//3084
f 2841//2841 2963//2963 2928//2928
f 2946//2946 2896//2896 2960//2960
f 3026//3026 3044//3044 2956//2956
f 2940//2940 2939//2939 3066//3066
f 3056//3056 2852//2852 2957//2957
f 2829//2829 2874//2874 2886//2886
f 2873//2873 2829//2829 2886//2886
f 2893//2893 2860//2860 3006//3006
f 2805//2805 2823//2823 2878//2878
f 2958//2958 2823//2823 2959//2959
f 2845//2845 2877//2877 2846//2846
f 2786//2786 2894//2894 2906//2906
f 2945//2945 2871//2871 2951//2951
f 2833//2833 2871//2871 2945//2945
f 2868//2868 3018//3018 2976//2976
f 2885//2885 2918//2918 2966//2966
f 2819//2819 2849//2849 2904//2904
f 2822//2822 2820//2820 2971//2971
f 2943//2943 2879//2879 2962//2962
f 2889//2889 2985//2985 2997//2997
f 2961//2961 2948//2948 2949//2949
f 2823//2823 2953//2953 2959//2959
f 2776//2776 2914//2914 2986//2986
f 2831//2831 2868//2868 2976//2976
f 2823//2823 2958//2958 2878//2878
f 2914//2914 2807//2807 2897//2897
f 2985//2985 2840//2840 2964//2964
f 2872//2872 2863//2863 3008//3008
f 2846//2846 2888//2888 2925//2925
f 2943//2943 2962//2962 3027//3027
f 2922//2922 2833//2833 2945//2945
f 2918//2918 2907//2907 2966//2966
f 2920//2920 2865//2865 2990//2990
f 2822//2822 2971//2971 2967//2967
f 2871//2871 2793//2793 2878//2878
f 3004//3004 2776//2776 2986//2986
f 2922//2922 2945//2945 2897//2897
f 2942//2942 2822//2822 2953//2953
f 2911//2911 2923//2923 2894//2894
f 2865//2865 2869//2869 3074//3074
f 2910//2910 2884//2884 2917//2917
f 2936//2936 2937//2937 2803//2803
f 2910//2910 2917//2917 3089//3089
f 2946//2946 2960//2960 3030//3030
f 2852//2852 2932//2932 2957//2957
f 2840//2840 2830//2830 2851//2851
f 2956//2956 2930//2930 3026//3026
f 2970//2970 2892//2892 3017//3017
f 2853//2853 2852//2852 2939//2939
f 2949//2949 2937//2937 3151//3151
f 2929//2929 2972//2972 2936//2936
f 2800//2800 2795//2795 2922//2922
f 2900//2900 2904//2904 2973//2973
f 2908//2908 2822//2822 2942//2942
f 2951//2951 2871//2871 2974//2974
f 2904//2904 2880//2880 2970//2970
f 2887//2887 2926//2926 2977//2977
f 2965//2965 2941//2941 2872//2872
f 2856//2856 2824//2824 2909//2909
f 2914//2914 2897//2897 2915//2915
f 3064//3064 2941//2941 2965//2965
f 2973//2973 2904//2904 2970//2970
f 2960//2960 2896//2896 3057//3057
f 2953//2953 2822//2822 2967//2967
f 2965//2965 2872//2872 3008//3008
f 2962//2962 2847//2847 2991//2991
f 3022//3022 2846//2846 2954//2954
f 2974//2974 2878//2878 2958//2958
f 2987//2987 2963//2963 2981//2981
f 2897//2897 2945//2945 2982//2982
f 2946//2946 3030//3030 2972//2972
f 2880//2880 2892//2892 2970//2970
f 2898//2898 2920//2920 2990//2990
f 2981//2981 2903//2903 3034//3034
f 2892//2892 2886//2886 2977//2977
f 2959//2959 2953//2953 2967//2967
f 2869//2869 2906//2906 2975//2975
f 2977//2977 2926//2926 2983//2983
f 2923//2923 2952//2952 2984//2984
f 2869//2869 2975//2975 3074//3074
f 2964//2964 3001//3001 2985//2985
f 3026//3026 2927//2927 3025//3025
f 2847//2847 2993//2993 2968//2968
f 2875//2875 2927//2927 2930//2930
f 2959//2959 2967//2967 3033//3033
f 2855//2855 2956//2956 2979//2979
f 2966//2966 2907//2907 3048//3048
f 2936//2936 2972//2972 2978//2978
f 2944//2944 2943//2943 2989//2989
f 2857//2857 2855//2855 2979//2979
f 3009//3009 2924//2924 2955//2955
f 3027//3027 2962//2962 3016//3016
f 2871//2871 2878//2878 2974//2974
f 2907//2907 2857//2857 3048//3048
f 2846//2846 2925//2925 2954//2954
f 3007//3007 3002//3002 3040//3040
f 2912//2912 2898//2898 2926//2926
f 2865//2865 3074//3074 2990//2990
f 2937//2937 2936//2936 2978//2978
f 3016//3016 2962//2962 2991//2991
f 2932//2932 2928//2928 2992//2992
f 2915//2915 2897//2897 2982//2982
f 2927//2927 2950//2950 3025//3025
f 2943//2943 3027//3027 2989//2989
f 2994//2994 3002//3002 3007//3007
f 2995//2995 2988//2988 2989//2989
f 2952//2952 3009//3009 3019//3019
f 2988//2988 2944//2944 2989//2989
f 2994//2994 3007//3007 2996//2996
f 3057//3057 3004//3004 2998//2998
f 2934//2934 2937//2937 2948//2948
f 2950//2950 2858//2858 2999//2999
f 2931//2931 2976//2976 3003//3003
f 2928//2928 2963//2963 2987//2987
f 2909//2909 2905//2905 2997//2997
f 2886//2886 2887//2887 2977//2977
f 2894//2894 2923//2923 2984//2984
f 3000//3000 2894//2894 2984//2984
f 2957//2957 2932//2932 2992//2992
f 2847//2847 2838//2838 2921//2921
f 2964//2964 2840//2840 2969//2969
f 2860//2860 2900//2900 2947//2947
f 2947//2947 2900//2900 2973//2973
f 3066//3066 3055//3055 3013//3013
f 2927//2927 2861//2861 2950//2950
f 2940//2940 3066//3066 2980//2980
f 2997//2997 2985//2985 3001//3001
f 2928//2928 2987//2987 2992//2992
f 3066//3066 2939//2939 3056//3056
f 2935//2935 2934//2934 2948//2948
f 2999//2999 2858//2858 2988//2988
f 2991//2991 2847//2847 2968//2968
f 2996//2996 3053//3053 3043//3043
f 2906//2906 2894//2894 3000//3000
f 3018//3018 2909//2909 2997//2997
f 2958//2958 2959//2959 3033//3033
f 2980//2980 3066//3066 3013//3013
f 2955//2955 2935//2935 2961//2961
f 2885//2885 2966//2966 3014//3014
f 2977//2977 3061//3061 2892//2892
f 3018//3018 2997//2997 3020//3020
f 3064//3064 2965//2965 3063//3063
f 3077//3077 2969//2969 3087//3087
f 2987//2987 2981//2981 3036//3036
f 2910//2910 3089//3089 3021//3021
f 2994//2994 2996//2996 3039//3039
f 2969//2969 2910//2910 3021//3021
f 2997//2997 3001//3001 3020//3020
f 2991//2991 2968//2968 3028//3028
f 2858//2858 2944//2944 2988//2988
f 3010//3010 2971//2971 3023//3023
f 2963//2963 2903//2903 2981//2981
f 2924//2924 2935//2935 2955//2955
f 3003//3003 3078//3078 3008//3008
f 2983//2983 2926//2926 3102//3102
f 3022//3022 3084//3084 3185//3185
f 3074//3074 2975//2975 3145//3145
f 2971//2971 2820//2820 3013//3013
f 2844//2844 3185//3185 3034//3034
f 3053//3053 3007//3007 3035//3035
f 2984//2984 2952//2952 3019//3019
f 3151//3151 2937//2937 2978//2978
f 2917//2917 3014//3014 3015//3015
f 2996//2996 3007//3007 3053//3053
f 2996//2996 3045//3045 3039//3039
f 2996//2996 3038//3038 3045//3045
f 2973//2973 2970//2970 3017//3017
f 2964//2964 2969//2969 3077//3077
f 2950//2950 2999//2999 3024//3024
f 3037//3037 3041//3041 3042//3042
f 2960//2960 3057//3057 3012//3012
f 2930//2930 2927//2927 3026//3026
f 3075//3075 3038//3038 3043//3043
f 2986//2986 2914//2914 2915//2915
f 2974//2974 2958//2958 3011//3011
f 3004//3004 2986//2986 2998//2998
f 2964//2964 3077//3077 3031//3031
f 2915//2915 2982//2982 3005//3005
f 2967//2967 2971//2971 3010//3010
f 2820//2820 2980//2980 3013//3013
f 2898//2898 2990//2990 3082//3082
f 3079//3079 3003//3003 3047//3047
f 2903//2903 2844//2844 3034//3034
f 3007//3007 3040//3040 3035//3035
f 2917//2917 2885//2885 3014//3014
f 2957//2957 2992//2992 3111//3111
f 2906//2906 3000//3000 2975//2975
f 2978//2978 2972//2972 3029//3029
f 2999//2999 2988//2988 3072//3072
f 3078//3078 3032//3032 3008//3008
f 2925//2925 2941//2941 3064//3064
f 3030//3030 2960//2960 3012//3012
f 3040//3040 3046//3046 3133//3133
f 2978//2978 3029//3029 3211//3211
f 2984//2984 3049//3049 3134//3134
f 3040//3040 3002//3002 3046//3046
f 2971//2971 3013//3013 3023//3023
f 2992//2992 2987//2987 3036//3036
f 3001//3001 2964//2964 3031//3031
f 3087//3087 2969//2969 3021//3021
f 3075//3075 3043//3043 3050//3050
f 3045//3045 3038//3038 3076//3076
f 3089//3089 2917//2917 3015//3015
f 3051//3051 3087//3087 3104//3104
f 3003//3003 2976//2976 3047//3047
f 3041//3041 3006//3006 3052//3052
f 2992//2992 3086//3086 3111//3111
f 3041//3041 3052//3052 3054//3054
f 2975//2975 3000//3000 3058//3058
f 3106//3106 3045//3045 3076//3076
f 3035//3035 3040//3040 3133//3133
f 3158//3158 3094//3094 3009//3009
f 3017//3017 2892//2892 3061//3061
f 2844//2844 3022//3022 3185//3185
f 3028//3028 3037//3037 3062//3062
f 2955//2955 2961//2961 3158//3158
f 2981//2981 3034//3034 3141//3141
f 2965//2965 3032//3032 3063//3063
f 3002//3002 2994//2994 3046//3046
f 3038//3038 3075//3075 3076//3076
f 2965//2965 3008//3008 3032//3032
f 2976//2976 3018//3018 3047//3047
f 2990//2990 3074//3074 3082//3082
f 2982//2982 2951//2951 3069//3069
f 2935//2935 2948//2948 2961//2961
f 3000//3000 2984//2984 3134//3134
f 3057//3057 2998//2998 3059//3059
f 3010//3010 3088//3088 3070//3070
f 3048//3048 2857//2857 3067//3067
f 3018//3018 3020//3020 3138//3138
f 2998//2998 2915//2915 3071//3071
f 3085//3085 3039//3039 3073//3073
f 2994//2994 3039//3039 3085//3085
f 2966//2966 3048//3048 3014//3014
f 2994//2994 3085//3085 3046//3046
f 3038//3038 2996//2996 3043//3043
f 3056//3056 2957//2957 3111//3111
f 2954//2954 3084//3084 3022//3022
f 3036//3036 2981//2981 3141//3141
f 3076//3076 3075//3075 3098//3098
f 2993//2993 3006//3006 3041//3041
f 2849//2849 2880//2880 2904//2904
f 3067//3067 2857//2857 2979//2979
f 3012//3012 3057//3057 3080//3080
f 3073//3073 3039//3039 3081//3081
f 3089//3089 3015//3015 3104//3104
f 3001//3001 3031//3031 3060//3060
f 3094//3094 3019//3019 3009//3009
f 3116//3116 3018//3018 3138//3138
f 3024//3024 2999//2999 3072//3072
f 2974//2974 3011//3011 3069//3069
f 3011//3011 2958//2958 3033//3033
f 3036//3036 3068//3068 3088//3088
f 3104//3104 3021//3021 3089//3089
f 2967//2967 3010//3010 3070//3070
f 3066//3066 3056//3056 3111//3111
f 2898//2898 3082//3082 3221//3221
f 3098//3098 3201//3201 3146//3146
f 3104//3104 3015//3015 3091//3091
f 3025//3025 2950//2950 3024//3024
f 2989//2989 3027//3027 3092//3092
f 3039//3039 3045//3045 3081//3081
f 3016//3016 3062//3062 3093//3093
f 3050//3050 3043//3043 3053//3053
f 2951//2951 2974//2974 3069//3069
f 3029//3029 3030//3030 3228//3228
f 3055//3055 3036//3036 3088//3088
f 3086//3086 2992//2992 3036//3036
f 2967//2967 3070//3070 3097//3097
f 3095//3095 3098//3098 3107//3107
f 3086//3086 3036//3036 3055//3055
f 3014//3014 3048//3048 3203//3203
f 3106//3106 3095//3095 3110//3110
f 3010//3010 3023//3023 3088//3088
f 3023//3023 3013//3013 3055//3055
f 3023//3023 3055//3055 3088//3088
f 2979//2979 2956//2956 3044//3044
f 3095//3095 3107//3107 3108//3108
f 3070//3070 3088//3088 3100//3100
f 3016//3016 2991//2991 3028//3028
f 3095//3095 3108//3108 3103//3103
f 3105//3105 3119//3119 3101//3101
f 3113//3113 3160//3160 3130//3130
f 3128//3128 3113//3113 3137//3137
f 3152//3152 3044//3044 3090//3090
f 3123//3123 3119//3119 3105//3105
f 3044//3044 3026//3026 3090//3090
f 3015//3015 3014//3014 3091//3091
f 3106//3106 3076//3076 3095//3095
f 2929//2929 2946//2946 2972//2972
f 2983//2983 3102//3102 3109//3109
f 3009//3009 2955//2955 3158//3158
f 3157//3157 3073//3073 3189//3189
f 3032//3032 3078//3078 3198//3198
f 2954//2954 2925//2925 3064//3064
f 3095//3095 3103//3103 3110//3110
f 3189//3189 3073//3073 3233//3233
f 3046//3046 3085//3085 3157//3157
f 3075//3075 3050//3050 3195//3195
f 3088//3088 3068//3068 3100//3100
f 3005//3005 2982//2982 3069//3069
f 3128//3128 3112//3112 3113//3113
f 3035//3035 3133//3133 3065//3065
f 2915//2915 3005//3005 3071//3071
f 3020//3020 3060//3060 3115//3115
f 3047//3047 3018//3018 3116//3116
f 3033//3033 3097//3097 3011//3011
f 2973//2973 3017//3017 3052//3052
f 3050//3050 3053//3053 3096//3096
f 3125//3125 3101//3101 3148//3148
f 3086//3086 3055//3055 3111//3111
f 3091//3091 3014//3014 3219//3219
f 3081//3081 3045//3045 3106//3106
f 2972//2972 3030//3030 3029//3029
f 3101//3101 3119//3119 3108//3108
f 3087//3087 3021//3021 3104//3104
f 3113//3113 3130//3130 3129//3129
f 3066//3066 3111//3111 3055//3055
f 3400//3400 3374//3374 3118//3118
f 3082//3082 3074//3074 3114//3114
f 3079//3079 3047//3047 3116//3116
f 2998//2998 3071//3071 3059//3059
f 3008//3008 2931//2931 3003//3003
f 3152//3152 3090//3090 3121//3121
f 2986//2986 2915//2915 2998//2998
f 3073//3073 3081//3081 3233//3233
f 3085//3085 3073//3073 3157//3157
f 3103//3103 3108//3108 3119//3119
f 3160//3160 3113//3113 3112//3112
f 3028//3028 2968//2968 3037//3037
f 3137//3137 3113//3113 3129//3129
f 3123//3123 3126//3126 3127//3127
f 3081//3081 3106//3106 3132//3132
f 3120//3120 3103//3103 3154//3154
f 3006//3006 2947//2947 3052//3052
f 3108//3108 3107//3107 3131//3131
f 3123//3123 3105//3105 3126//3126
f 3095//3095 3076//3076 3098//3098
f 3195//3195 3050//3050 3223//3223
f 3119//3119 3123//3123 3150//3150
f 3103//3103 3119//3119 3154//3154
f 3228//3228 3030//3030 3012//3012
f 3059//3059 3071//3071 3164//3164
f 3003//3003 3079//3079 3266//3266
f 3101//3101 3108//3108 3131//3131
f 3107//3107 3181//3181 3131//3131
f 3154//3154 3119//3119 3150//3150
f 2975//2975 3058//3058 3145//3145
f 2995//2995 2989//2989 3092//3092
f 3157//3157 3189//3189 3247//3247
f 3057//3057 3059//3059 3080//3080
f 3133//3133 3046//3046 3157//3157
f 3092//3092 3016//3016 3135//3135
f 3129//3129 3136//3136 3137//3137
f 3074//3074 3145//3145 3114//3114
f 3035//3035 3065//3065 3139//3139
f 2977//2977 2983//2983 3061//3061
f 3026//3026 3025//3025 3140//3140
f 3020//3020 3001//3001 3060//3060
f 2978//2978 3211//3211 3151//3151
f 3123//3123 3124//3124 3175//3175
f 3105//3105 3101//3101 3125//3125
f 3036//3036 3141//3141 3068//3068
f 3126//3126 3105//3105 3148//3148
f 3123//3123 3175//3175 3150//3150
f 3132//3132 3110//3110 3143//3143
f 3081//3081 3132//3132 3233//3233
f 3134//3134 3049//3049 3118//3118
f 3031//3031 3122//3122 3224//3224
f 3160//3160 3112//3112 3255//3255
f 3181//3181 3107//3107 3146//3146
f 2926//2926 2898//2898 3221//3221
f 3138//3138 3020//3020 3115//3115
f 2988//2988 2995//2995 3072//3072
f 3094//3094 3158//3158 3149//3149
f 3148//3148 3101//3101 3188//3188
f 3062//3062 3037//3037 3153//3153
f 2979//2979 3099//3099 3067//3067
f 3122//3122 3077//3077 3196//3196
f 3201//3201 3098//3098 3195//3195
f 3098//3098 3075//3075 3195//3195
f 3031//3031 3077//3077 3122//3122
f 3105//3105 3125//3125 3148//3148
f 3185//3185 3084//3084 3155//3155
f 3126//3126 3148//3148 3156//3156
f 3110//3110 3103//3103 3120//3120
f 3158//3158 2961//2961 3144//3144
f 3024//3024 3072//3072 3184//3184
f 3025//3025 3024//3024 3140//3140
f 3033//3033 2967//2967 3097//3097
f 3106//3106 3110//3110 3132//3132
f 3070//3070 3100//3100 3161//3161
f 3050//3050 3096//3096 3223//3223
f 3060//3060 3031//3031 3224//3224
f 3221//3221 3082//3082 3114//3114
f 3044//3044 3152//3152 3099//3099
f 3151//3151 3211//3211 3213//3213
f 3144//3144 2949//2949 3322//3322
f 3223//3223 3096//3096 3163//3163
f 3219//3219 3203//3203 3237//3237
f 3058//3058 3000//3000 3134//3134
f 3029//3029 3228//3228 3254//3254
f 3005//3005 3069//3069 3272//3272
f 3065//3065 3133//3133 3248//3248
f 3078//3078 3003//3003 3266//3266
f 3154//3154 3150//3150 3166//3166
f 3090//3090 3026//3026 3121//3121
f 3139//3139 3065//3065 3169//3169
f 3127//3127 3126//3126 3170//3170
f 3092//3092 3135//3135 3212//3212
f 3152//3152 3121//3121 3366//3366
f 3061//3061 3171//3171 3172//3172
f 3014//3014 3203//3203 3219//3219
f 3128//3128 3137//3137 3159//3159
f 3017//3017 3061//3061 3172//3172
f 2926//2926 3221//3221 3102//3102
f 3063//3063 3032//3032 3117//3117
f 3012//3012 3080//3080 3083//3083
f 3148//3148 3173//3173 3156//3156
f 3183//3183 3129//3129 3174//3174
f 3148//3148 3188//3188 3173//3173
f 3176//3176 3177//3177 3187//3187
f 3178//3178 3179//3179 3281//3281
f 3019//3019 3310//3310 3049//3049
f 2983//2983 3109//3109 3171//3171
f 3069//3069 3011//3011 3147//3147
f 3143//3143 3110//3110 3120//3120
f 2984//2984 3019//3019 3049//3049
f 3048//3048 3067//3067 3203//3203
f 3058//3058 3374//3374 3313//3313
f 3120//3120 3180//3180 3143//3143
f 3016//3016 3028//3028 3062//3062
f 3116//3116 3138//3138 3275//3275
f 2961//2961 2949//2949 3144//3144
f 3126//3126 3162//3162 3170//3170
f 3150//3150 3175//3175 3166//3166
f 2979//2979 3044//3044 3099//3099
f 3099//3099 3152//3152 3286//3286
f 3168//3168 3166//3166 3187//3187
f 3131//3131 3181//3181 3188//3188
f 3096//3096 3139//3139 3225//3225
f 3053//3053 3035//3035 3139//3139
f 3129//3129 3130//3130 3174//3174
f 3093//3093 3062//3062 3190//3190
f 2947//2947 2973//2973 3052//3052
f 3136//3136 3191//3191 3186//3186
f 3101//3101 3131//3131 3188//3188
f 3124//3124 3123//3123 3127//3127
f 3052//3052 3192//3192 3193//3193
f 3157//3157 3247//3247 3248//3248
f 3133//3133 3157//3157 3248//3248
f 3016//3016 3093//3093 3135//3135
f 3112//3112 3128//3128 3159//3159
f 3162//3162 3194//3194 3268//3268
f 3012//3012 3083//3083 3228//3228
f 3072//3072 2995//2995 3184//3184
f 3077//3077 3087//3087 3196//3196
f 3117//3117 3032//3032 3198//3198
f 3141//3141 3034//3034 3185//3185
f 3171//3171 3109//3109 3316//3316
f 3080//3080 3059//3059 3197//3197
f 3149//3149 3158//3158 3199//3199
f 3087//3087 3051//3051 3196//3196
f 3144//3144 3322//3322 3227//3227
f 3165//3165 3079//3079 3116//3116
f 3170//3170 3162//3162 3200//3200
f 3136//3136 3129//3129 3183//3183
f 3137//3137 3186//3186 3202//3202
f 3084//3084 3064//3064 3167//3167
f 3139//3139 3169//3169 3225//3225
f 3167//3167 3063//3063 3117//3117
f 3225//3225 3169//3169 3206//3206
f 3054//3054 3193//3193 3257//3257
f 3155//3155 3084//3084 3167//3167
f 3099//3099 3286//3286 3209//3209
f 3161//3161 3100//3100 3282//3282
f 3097//3097 3161//3161 3210//3210
f 3107//3107 3098//3098 3146//3146
f 3112//3112 3159//3159 3271//3271
f 3011//3011 3097//3097 3245//3245
f 3102//3102 3221//3221 3250//3250
f 3201//3201 3195//3195 3214//3214
f 3121//3121 3026//3026 3140//3140
f 3078//3078 3266//3266 3198//3198
f 3071//3071 3005//3005 3272//3272
f 3245//3245 3097//3097 3210//3210
f 3180//3180 3120//3120 3154//3154
f 3141//3141 3185//3185 3215//3215
f 3181//3181 3146//3146 3231//3231
f 3052//3052 3017//3017 3192//3192
f 2968//2968 2993//2993 3037//3037
f 3188//3188 3181//3181 3216//3216
f 3206//3206 3248//3248 3207//3207
f 3124//3124 3127//3127 3217//3217
f 3170//3170 3200//3200 3234//3234
f 3158//3158 3144//3144 3199//3199
f 3132//3132 3143//3143 3208//3208
f 3130//3130 3160//3160 3238//3238
f 3183//3183 3174//3174 3218//3218
f 3168//3168 3180//3180 3154//3154
f 3117//3117 3198//3198 3220//3220
f 3318//3318 3211//3211 3334//3334
f 3109//3109 3281//3281 3316//3316
f 3011//3011 3245//3245 3147//3147
f 3127//3127 3170//3170 3217//3217
f 3400//3400 3049//3049 3377//3377
f 2995//2995 3092//3092 3212//3212
f 3221//3221 3114//3114 3222//3222
f 3096//3096 3053//3053 3139//3139
f 3275//3275 3138//3138 3276//3276
f 3058//3058 3313//3313 3314//3314
f 3137//3137 3136//3136 3186//3186
f 3165//3165 3116//3116 3275//3275
f 3162//3162 3156//3156 3194//3194
f 3124//3124 3217//3217 3259//3259
f 3185//3185 3155//3155 3215//3215
f 3064//3064 3063//3063 3167//3167
f 3160//3160 3255//3255 3238//3238
f 3136//3136 3218//3218 3191//3191
f 3156//3156 3173//3173 3229//3229
f 3193//3193 3192//3192 3230//3230
f 3181//3181 3231//3231 3216//3216
f 3151//3151 3322//3322 2949//2949
f 3200//3200 3268//3268 3232//3232
f 3211//3211 3254//3254 3334//3334
f 3163//3163 3225//3225 3345//3345
f 3118//3118 3374//3374 3058//3058
f 3069//3069 3147//3147 3272//3272
f 3140//3140 3024//3024 3184//3184
f 3183//3183 3218//3218 3136//3136
f 3203//3203 3209//3209 3237//3237
f 3102//3102 3250//3250 3178//3178
f 3114//3114 3145//3145 3304//3304
f 3145//3145 3058//3058 3314//3314
f 3166//3166 3175//3175 3176//3176
f 3159//3159 3137//3137 3202//3202
f 3115//3115 3060//3060 3182//3182
f 3164//3164 3307//3307 3197//3197
f 3182//3182 3060//3060 3224//3224
f 3100//3100 3068//3068 3297//3297
f 3065//3065 3248//3248 3206//3206
f 3219//3219 3237//3237 3327//3327
f 3290//3290 3091//3091 3219//3219
f 3174//3174 3130//3130 3238//3238
f 3126//3126 3156//3156 3162//3162
f 3054//3054 3052//3052 3193//3193
f 3180//3180 3239//3239 3240//3240
f 3144//3144 3227//3227 3199//3199
f 3241//3241 3242//3242 3263//3263
f 3191//3191 3218//3218 3243//3243
f 3162//3162 3268//3268 3200//3200
f 3168//3168 3187//3187 3244//3244
f 3400//3400 3118//3118 3049//3049
f 3097//3097 3070//3070 3161//3161
f 3027//3027 3016//3016 3092//3092
f 3189//3189 3246//3246 3247//3247
f 3049//3049 3310//3310 3377//3377
f 3149//3149 3199//3199 3461//3461
f 3134//3134 3118//3118 3058//3058
f 3223//3223 3163//3163 3249//3249
f 3096//3096 3225//3225 3163//3163
f 3267//3267 3207//3207 3253//3253
f 3169//3169 3065//3065 3206//3206
f 3080//3080 3197//3197 3083//3083
f 3234//3234 3241//3241 3258//3258
f 3461//3461 3310//3310 3149//3149
f 3091//3091 3051//3051 3104//3104
f 3174//3174 3238//3238 3262//3262
f 3272//3272 3147//3147 3264//3264
f 3234//3234 3200//3200 3241//3241
f 3239//3239 3168//3168 3244//3244
f 3165//3165 3265//3265 3266//3266
f 3217//3217 3234//3234 3259//3259
f 3266//3266 3079//3079 3165//3165
f 3164//3164 3272//3272 3291//3291
f 3224//3224 3122//3122 3342//3342
f 3156//3156 3229//3229 3284//3284
f 3245//3245 3210//3210 3386//3386
f 3198//3198 3266//3266 3279//3279
f 3037//3037 3042//3042 3153//3153
f 3253//3253 3207//3207 3256//3256
f 3166//3166 3176//3176 3187//3187
f 3233//3233 3132//3132 3320//3320
f 3178//3178 3250//3250 3251//3251
f 3146//3146 3201//3201 3231//3231
f 3141//3141 3236//3236 3068//3068
f 3196//3196 3051//3051 3226//3226
f 3093//3093 3190//3190 3258//3258
f 3037//3037 2993//2993 3041//3041
f 3218//3218 3174//3174 3261//3261
f 3217//3217 3170//3170 3234//3234
f 3135//3135 3093//3093 3258//3258
f 3175//3175 3124//3124 3259//3259
f 3228//3228 3083//3083 3269//3269
f 3184//3184 2995//2995 3287//3287
f 3067//3067 3099//3099 3209//3209
f 3203//3203 3067//3067 3209//3209
f 3142//3142 3141//3141 3215//3215
f 3062//3062 3153//3153 3190//3190
f 3263//3263 3135//3135 3258//3258
f 3206//3206 3207//3207 3267//3267
f 3208//3208 3240//3240 3292//3292
f 3071//3071 3272//3272 3164//3164
f 3212//3212 3135//3135 3263//3263
f 3152//3152 3366//3366 3277//3277
f 3242//3242 3241//3241 3232//3232
f 3266//3266 3265//3265 3279//3279
f 3173//3173 3188//3188 3229//3229
f 3205//3205 3273//3273 3274//3274
f 3248//3248 3247//3247 3246//3246
f 3207//3207 3248//3248 3256//3256
f 3138//3138 3115//3115 3276//3276
f 3182//3182 3397//3397 3336//3336
f 3241//3241 3263//3263 3258//3258
f 3235//3235 3190//3190 3289//3289
f 3068//3068 3236//3236 3297//3297
f 3190//3190 3153//3153 3387//3387
f 3112//3112 3271//3271 3255//3255
f 3182//3182 3224//3224 3397//3397
f 3083//3083 3321//3321 3269//3269
f 3154//3154 3166//3166 3168//3168
f 3167//3167 3117//3117 3344//3344
f 3051//3051 3091//3091 3226//3226
f 3163//3163 3345//3345 3249//3249
f 3254//3254 3228//3228 3269//3269
f 3243//3243 3278//3278 3302//3302
f 3143//3143 3180//3180 3240//3240
f 3310//3310 3461//3461 3280//3280
f 3201//3201 3205//3205 3231//3231
f 3304//3304 3145//3145 3314//3314
f 3286//3286 3152//3152 3277//3277
f 3205//3205 3201//3201 3214//3214
f 3214//3214 3195//3195 3223//3223
f 3238//3238 3255//3255 3415//3415
f 3161//3161 3282//3282 3283//3283
f 3109//3109 3102//3102 3178//3178
f 3114//3114 3304//3304 3222//3222
f 3194//3194 3156//3156 3284//3284
f 3061//3061 2983//2983 3171//3171
f 3283//3283 3282//3282 3361//3361
f 3261//3261 3174//3174 3260//3260
f 3140//3140 3285//3285 3379//3379
f 3225//3225 3206//3206 3267//3267
f 3115//3115 3182//3182 3336//3336
f 3243//3243 3218//3218 3278//3278
f 3059//3059 3164//3164 3197//3197
f 3310//3310 3094//3094 3149//3149
f 3196//3196 3226//3226 3332//3332
f 3235//3235 3176//3176 3259//3259
f 3017//3017 3172//3172 3192//3192
f 3174//3174 3262//3262 3260//3260
f 3176//3176 3175//3175 3259//3259
f 3330//3330 3278//3278 3270//3270
f 3180//3180 3168//3168 3239//3239
f 3141//3141 3142//3142 3236//3236
f 3208//3208 3288//3288 3320//3320
f 3282//3282 3297//3297 3361//3361
f 3290//3290 3327//3327 3603//3603
f 3213//3213 3211//3211 3318//3318
f 3254//3254 3269//3269 3325//3325
f 3100//3100 3297//3297 3282//3282
f 3165//3165 3275//3275 3265//3265
f 3304//3304 3314//3314 3556//3556
f 3248//3248 3246//3246 3256//3256
f 3209//3209 3286//3286 3424//3424
f 3221//3221 3222//3222 3250//3250
f 3220//3220 3198//3198 3279//3279
f 3147//3147 3245//3245 3264//3264
f 3197//3197 3409//3409 3321//3321
f 3214//3214 3223//3223 3294//3294
f 3140//3140 3184//3184 3285//3285
f 3151//3151 3213//3213 3322//3322
f 3275//3275 3276//3276 3464//3464
f 3218//3218 3270//3270 3278//3278
f 3267//3267 3253//3253 3357//3357
f 3345//3345 3225//3225 3267//3267
f 3211//3211 3029//3029 3254//3254
f 3461//3461 3199//3199 3425//3425
f 3215//3215 3398//3398 3298//3298
f 3242//3242 3232//3232 3299//3299
f 3284//3284 3229//3229 3301//3301
f 2995//2995 3212//3212 3287//3287
f 3210//3210 3161//3161 3283//3283
f 3307//3307 3164//3164 3291//3291
f 3208//3208 3292//3292 3288//3288
f 3397//3397 3224//3224 3342//3342
f 3250//3250 3222//3222 3303//3303
f 3132//3132 3208//3208 3320//3320
f 3240//3240 3239//3239 3292//3292
f 3140//3140 3379//3379 3366//3366
f 3366//3366 3121//3121 3140//3140
f 3243//3243 3302//3302 3324//3324
f 3235//3235 3234//3234 3258//3258
f 3294//3294 3423//3423 3305//3305
f 3288//3288 3244//3244 3306//3306
f 3268//3268 3295//3295 3296//3296
f 3297//3297 3236//3236 3354//3354
f 3197//3197 3307//3307 3409//3409
f 3042//3042 3041//3041 3054//3054
f 3334//3334 3254//3254 3325//3325
f 3332//3332 3226//3226 3404//3404
f 3308//3308 3291//3291 3309//3309
f 3220//3220 3279//3279 3343//3343
f 3344//3344 3117//3117 3220//3220
f 3215//3215 3298//3298 3142//3142
f 3330//3330 3338//3338 3278//3278
f 3218//3218 3261//3261 3270//3270
f 3261//3261 3260//3260 3311//3311
f 3330//3330 3270//3270 3312//3312
f 3239//3239 3244//3244 3292//3292
f 3391//3391 3287//3287 3315//3315
f 3300//3300 3391//3391 3315//3315
f 3176//3176 3235//3235 3289//3289
f 3279//3279 3371//3371 3416//3416
f 3212//3212 3263//3263 3315//3315
f 3256//3256 3246//3246 3427//3427
f 3019//3019 3094//3094 3310//3310
f 3286//3286 3277//3277 3465//3465
f 3281//3281 3109//3109 3178//3178
f 3159//3159 3202//3202 3319//3319
f 3208//3208 3143//3143 3240//3240
f 3276//3276 3115//3115 3336//3336
f 3271//3271 3159//3159 3350//3350
f 3189//3189 3233//3233 3252//3252
f 3155//3155 3167//3167 3204//3204
f 3216//3216 3231//3231 3293//3293
f 3172//3172 3230//3230 3192//3192
f 3205//3205 3274//3274 3452//3452
f 3312//3312 3261//3261 3311//3311
f 3291//3291 3272//3272 3309//3309
f 3300//3300 3315//3315 3329//3329
f 3404//3404 3331//3331 3332//3332
f 3270//3270 3261//3261 3312//3312
f 3172//3172 3171//3171 3316//3316
f 3324//3324 3319//3319 3202//3202
f 3351//3351 3369//3369 3333//3333
f 3318//3318 3334//3334 3335//3335
f 3287//3287 3212//3212 3315//3315
f 3252//3252 3320//3320 3378//3378
f 3285//3285 3184//3184 3391//3391
f 3245//3245 3386//3386 3264//3264
f 3272//3272 3264//3264 3309//3309
f 3255//3255 3271//3271 3350//3350
f 3333//3333 3369//3369 3339//3339
f 3358//3358 3337//3337 3340//3340
f 3281//3281 3179//3179 3341//3341
f 3083//3083 3197//3197 3321//3321
f 3216//3216 3293//3293 3376//3376
f 3315//3315 3242//3242 3329//3329
f 3227//3227 3322//3322 3364//3364
f 3209//3209 3424//3424 3346//3346
f 3199//3199 3227//3227 3426//3426
f 3188//3188 3216//3216 3347//3347
f 3190//3190 3235//3235 3258//3258
f 3349//3349 3339//3339 3348//3348
f 3253//3253 3256//3256 3357//3357
f 3330//3330 3337//3337 3338//3338
f 3361//3361 3297//3297 3372//3372
f 3307//3307 3291//3291 3436//3436
f 3351//3351 3333//3333 3352//3352
f 3289//3289 3190//3190 3353//3353
f 3204//3204 3167//3167 3344//3344
f 3345//3345 3267//3267 3356//3356
f 3423//3423 3249//3249 3356//3356
f 3342//3342 3196//3196 3332//3332
f 3356//3356 3267//3267 3357//3357
f 3222//3222 3304//3304 3503//3503
f 3186//3186 3191//3191 3324//3324
f 3246//3246 3189//3189 3252//3252
f 3191//3191 3243//3243 3324//3324
f 3397//3397 3342//3342 3328//3328
f 3427//3427 3323//3323 3359//3359
f 3263//3263 3242//3242 3315//3315
f 3362//3362 3309//3309 3363//3363
f 3363//3363 3264//3264 3365//3365
f 3339//3339 3369//3369 3375//3375
f 3234//3234 3235//3235 3259//3259
f 3364//3364 3322//3322 3367//3367
f 3300//3300 3329//3329 3368//3368
f 3262//3262 3370//3370 3502//3502
f 3293//3293 3205//3205 3452//3452
f 3237//3237 3346//3346 3360//3360
f 3262//3262 3238//3238 3415//3415
f 3372//3372 3354//3354 3381//3381
f 3316//3316 3281//3281 3355//3355
f 3215//3215 3204//3204 3398//3398
f 3343//3343 3344//3344 3220//3220
f 3122//3122 3196//3196 3342//3342
f 3249//3249 3345//3345 3356//3356
f 3231//3231 3205//3205 3293//3293
f 3186//3186 3324//3324 3202//3202
f 3252//3252 3378//3378 3323//3323
f 3190//3190 3387//3387 3353//3353
f 3322//3322 3213//3213 3367//3367
f 3269//3269 3321//3321 3380//3380
f 3229//3229 3347//3347 3301//3301
f 3318//3318 3335//3335 3367//3367
f 3320//3320 3288//3288 3417//3417
f 3294//3294 3249//3249 3423//3423
f 3382//3382 3383//3383 3384//3384
f 3337//3337 3352//3352 3389//3389
f 3232//3232 3268//3268 3296//3296
f 3352//3352 3333//3333 3385//3385
f 3365//3365 3264//3264 3386//3386
f 3237//3237 3209//3209 3346//3346
f 3262//3262 3502//3502 3260//3260
f 3153//3153 3042//3042 3445//3445
f 3337//3337 3330//3330 3340//3340
f 3302//3302 3278//3278 3469//3469
f 3329//3329 3299//3299 3368//3368
f 3313//3313 3374//3374 3388//3388
f 3229//3229 3188//3188 3347//3347
f 3337//3337 3351//3351 3352//3352
f 3255//3255 3350//3350 3415//3415
f 3343//3343 3279//3279 3416//3416
f 3376//3376 3293//3293 3452//3452
f 3348//3348 3375//3375 3392//3392
f 3153//3153 3445//3445 3387//3387
f 3265//3265 3275//3275 3464//3464
f 3213//3213 3318//3318 3367//3367
f 3384//3384 3351//3351 3358//3358
f 3205//3205 3214//3214 3317//3317
f 3316//3316 3355//3355 3394//3394
f 3395//3395 3396//3396 3620//3620
f 3341//3341 3179//3179 3466//3466
f 3319//3319 3324//3324 3399//3399
f 3308//3308 3309//3309 3362//3362
f 3179//3179 3178//3178 3251//3251
f 3159//3159 3319//3319 3350//3350
f 3297//3297 3354//3354 3372//3372
f 3307//3307 3436//3436 3453//3453
f 3210//3210 3283//3283 3386//3386
f 3278//3278 3338//3338 3469//3469
f 3536//3536 3445//3445 3257//3257
f 3226//3226 3290//3290 3404//3404
f 3311//3311 3401//3401 3402//3402
f 3369//3369 3384//3384 3393//3393
f 3382//3382 3402//3402 3559//3559
f 3382//3382 3384//3384 3358//3358
f 3330//3330 3312//3312 3340//3340
f 3333//3333 3349//3349 3385//3385
f 3394//3394 3355//3355 3405//3405
f 3327//3327 3237//3237 3360//3360
f 3292//3292 3244//3244 3288//3288
f 3344//3344 3343//3343 3484//3484
f 3317//3317 3214//3214 3407//3407
f 3314//3314 3313//3313 3439//3439
f 3358//3358 3340//3340 3382//3382
f 3382//3382 3340//3340 3402//3402
f 3490//3490 3306//3306 3441//3441
f 3327//3327 3290//3290 3219//3219
f 3380//3380 3409//3409 3410//3410
f 3333//3333 3339//3339 3349//3349
f 3389//3389 3352//3352 3411//3411
f 3409//3409 3307//3307 3453//3453
f 3416//3416 3371//3371 3412//3412
f 3236//3236 3142//3142 3354//3354
f 3214//3214 3294//3294 3407//3407
f 3300//3300 3368//3368 3473//3473
f 3344//3344 3484//3484 3486//3486
f 3336//3336 3397//3397 3413//3413
f 3353//3353 3387//3387 3414//3414
f 3193//3193 3326//3326 3421//3421
f 3427//3427 3359//3359 3422//3422
f 3299//3299 3296//3296 3432//3432
f 3273//3273 3407//3407 3570//3570
f 3268//3268 3194//3194 3284//3284
f 3484//3484 3416//3416 3412//3412
f 3484//3484 3343//3343 3416//3416
f 3352//3352 3385//3385 3411//3411
f 3406//3406 3442//3442 3435//3435
f 3398//3398 3204//3204 3344//3344
f 3308//3308 3362//3362 3507//3507
f 3377//3377 3310//3310 3280//3280
f 3370//3370 3415//3415 3418//3418
f 3435//3435 3442//3442 3434//3434
f 3289//3289 3353//3353 3419//3419
f 3283//3283 3365//3365 3386//3386
f 3155//3155 3204//3204 3215//3215
f 3486//3486 3444//3444 3344//3344
f 3244//3244 3187//3187 3306//3306
f 3375//3375 3369//3369 3393//3393
f 3281//3281 3341//3341 3355//3355
f 3325//3325 3380//3380 3497//3497
f 3562//3562 3290//3290 3603//3603
f 3556//3556 3314//3314 3439//3439
f 3187//3187 3177//3177 3420//3420
f 3426//3426 3227//3227 3373//3373
f 3360//3360 3346//3346 3543//3543
f 3334//3334 3325//3325 3428//3428
f 3179//3179 3251//3251 3466//3466
f 3242//3242 3299//3299 3329//3329
f 3284//3284 3301//3301 3508//3508
f 3246//3246 3252//3252 3323//3323
f 3395//3395 3620//3620 3448//3448
f 3324//3324 3302//3302 3399//3399
f 3379//3379 3285//3285 3429//3429
f 3200//3200 3232//3232 3241//3241
f 3269//3269 3380//3380 3325//3325
f 3313//3313 3388//3388 3439//3439
f 3332//3332 3331//3331 3476//3476
f 3424//3424 3286//3286 3465//3465
f 3415//3415 3350//3350 3406//3406
f 3291//3291 3308//3308 3436//3436
f 3340//3340 3312//3312 3402//3402
f 3426//3426 3373//3373 3514//3514
f 3337//3337 3389//3389 3338//3338
f 3172//3172 3316//3316 3394//3394
f 3380//3380 3410//3410 3497//3497
f 3347//3347 3216//3216 3376//3376
f 3415//3415 3406//3406 3418//3418
f 3356//3356 3357//3357 3422//3422
f 3348//3348 3339//3339 3375//3375
f 3428//3428 3325//3325 3440//3440
f 3301//3301 3347//3347 3395//3395
f 3420//3420 3177//3177 3441//3441
f 3309//3309 3264//3264 3363//3363
f 3357//3357 3256//3256 3427//3427
f 3349//3349 3348//3348 3504//3504
f 3367//3367 3335//3335 3431//3431
f 3407//3407 3294//3294 3566//3566
f 3354//3354 3298//3298 3381//3381
f 3277//3277 3366//3366 3465//3465
f 3406//3406 3435//3435 3418//3418
f 3276//3276 3336//3336 3438//3438
f 3232//3232 3296//3296 3299//3299
f 3223//3223 3249//3249 3294//3294
f 3349//3349 3504//3504 3443//3443
f 3285//3285 3391//3391 3474//3474
f 3279//3279 3265//3265 3371//3371
f 3388//3388 3374//3374 3400//3400
f 3367//3367 3431//3431 3554//3554
f 3395//3395 3376//3376 3396//3396
f 3390//3390 3338//3338 3389//3389
f 3336//3336 3413//3413 3438//3438
f 3434//3434 3463//3463 3447//3447
f 3327//3327 3360//3360 3433//3433
f 3404//3404 3582//3582 3331//3331
f 3193//3193 3230//3230 3326//3326
f 3425//3425 3437//3437 3461//3461
f 3301//3301 3395//3395 3448//3448
f 3375//3375 3393//3393 3449//3449
f 3369//3369 3351//3351 3384//3384
f 3372//3372 3381//3381 3361//3361
f 3433//3433 3360//3360 3543//3543
f 3381//3381 3283//3283 3361//3361
f 3507//3507 3454//3454 3458//3458
f 3347//3347 3376//3376 3395//3395
f 3356//3356 3422//3422 3423//3423
f 3455//3455 3456//3456 3392//3392
f 3406//3406 3350//3350 3442//3442
f 3449//3449 3459//3459 3460//3460
f 3308//3308 3507//3507 3436//3436
f 3371//3371 3265//3265 3545//3545
f 3462//3462 3463//3463 3442//3442
f 3357//3357 3427//3427 3422//3422
f 3508//3508 3301//3301 3448//3448
f 3484//3484 3412//3412 3636//3636
f 3507//3507 3362//3362 3454//3454
f 3342//3342 3332//3332 3476//3476
f 3445//3445 3536//3536 3451//3451
f 3328//3328 3342//3342 3476//3476
f 3251//3251 3250//3250 3303//3303
f 3545//3545 3265//3265 3464//3464
f 3465//3465 3512//3512 3446//3446
f 3338//3338 3390//3390 3469//3469
f 3385//3385 3349//3349 3443//3443
f 3408//3408 3467//3467 3468//3468
f 3434//3434 3442//3442 3463//3463
f 3142//3142 3298//3298 3354//3354
f 3409//3409 3453//3453 3493//3493
f 3388//3388 3528//3528 3470//3470
f 3365//3365 3283//3283 3381//3381
f 3230//3230 3172//3172 3394//3394
f 3370//3370 3262//3262 3415//3415
f 3388//3388 3400//3400 3528//3528
f 3454//3454 3363//3363 3513//3513
f 3327//3327 3433//3433 3603//3603
f 3257//3257 3193//3193 3421//3421
f 3464//3464 3276//3276 3438//3438
f 3320//3320 3417//3417 3475//3475
f 3312//3312 3311//3311 3402//3402
f 3504//3504 3348//3348 3471//3471
f 3487//3487 3328//3328 3476//3476
f 3319//3319 3399//3399 3408//3408
f 3306//3306 3187//3187 3420//3420
f 3304//3304 3556//3556 3503//3503
f 3350//3350 3319//3319 3477//3477
f 3471//3471 3392//3392 3478//3478
f 3199//3199 3426//3426 3425//3425
f 3273//3273 3317//3317 3407//3407
f 3319//3319 3408//3408 3477//3477
f 3444//3444 3602//3602 3480//3480
f 3393//3393 3384//3384 3506//3506
f 3368//3368 3299//3299 3432//3432
f 3323//3323 3430//3430 3481//3481
f 3353//3353 3654//3654 3482//3482
f 3392//3392 3456//3456 3478//3478
f 3227//3227 3364//3364 3373//3373
f 3427//3427 3246//3246 3323//3323
f 3295//3295 3284//3284 3508//3508
f 3184//3184 3287//3287 3391//3391
f 3365//3365 3381//3381 3513//3513
f 3325//3325 3497//3497 3440//3440
f 3348//3348 3392//3392 3471//3471
f 3435//3435 3434//3434 3457//3457
f 3418//3418 3435//3435 3457//3457
f 3394//3394 3405//3405 3485//3485
f 3603//3603 3433//3433 3588//3588
f 3490//3490 3441//3441 3573//3573
f 3273//3273 3570//3570 3489//3489
f 3273//3273 3205//3205 3317//3317
f 3455//3455 3392//3392 3460//3460
f 3410//3410 3409//3409 3493//3493
f 3434//3434 3447//3447 3457//3457
f 3457//3457 3447//3447 3509//3509
f 3425//3425 3426//3426 3514//3514
f 3447//3447 3492//3492 3509//3509
f 3493//3493 3453//3453 3577//3577
f 3473//3473 3494//3494 3633//3633
f 3311//3311 3260//3260 3401//3401
f 3471//3471 3478//3478 3491//3491
f 3396//3396 3452//3452 3495//3495
f 3176//3176 3289//3289 3496//3496
f 3370//3370 3418//3418 3595//3595
f 3397//3397 3328//3328 3413//3413
f 3477//3477 3468//3468 3462//3462
f 3295//3295 3498//3498 3499//3499
f 3404//3404 3290//3290 3562//3562
f 3433//3433 3543//3543 3588//3588
f 3341//3341 3478//3478 3456//3456
f 3447//3447 3463//3463 3492//3492
f 3288//3288 3306//3306 3490//3490
f 3403//3403 3260//3260 3502//3502
f 3391//3391 3300//3300 3473//3473
f 3364//3364 3367//3367 3554//3554
f 3465//3465 3366//3366 3379//3379
f 3362//3362 3363//3363 3454//3454
f 3373//3373 3364//3364 3599//3599
f 3392//3392 3375//3375 3449//3449
f 3226//3226 3091//3091 3290//3290
f 3450//3450 3280//3280 3472//3472
f 3464//3464 3438//3438 3524//3524
f 3431//3431 3335//3335 3598//3598
f 3438//3438 3413//3413 3505//3505
f 3577//3577 3453//3453 3510//3510
f 3439//3439 3388//3388 3470//3470
f 3252//3252 3233//3233 3320//3320
f 3177//3177 3496//3496 3527//3527
f 3396//3396 3376//3376 3452//3452
f 3295//3295 3268//3268 3284//3284
f 3341//3341 3405//3405 3355//3355
f 3497//3497 3410//3410 3522//3522
f 3379//3379 3511//3511 3512//3512
f 3483//3483 3443//3443 3555//3555
f 3368//3368 3432//3432 3494//3494
f 3484//3484 3636//3636 3546//3546
f 3408//3408 3399//3399 3467//3467
f 3418//3418 3457//3457 3595//3595
f 3251//3251 3501//3501 3466//3466
f 3305//3305 3423//3423 3515//3515
f 3289//3289 3419//3419 3496//3496
f 3288//3288 3490//3490 3417//3417
f 3359//3359 3323//3323 3481//3481
f 3385//3385 3443//3443 3483//3483
f 3389//3389 3411//3411 3500//3500
f 3438//3438 3505//3505 3590//3590
f 3377//3377 3280//3280 3400//3400
f 3424//3424 3465//3465 3446//3446
f 3042//3042 3054//3054 3445//3445
f 3481//3481 3430//3430 3671//3671
f 3417//3417 3517//3517 3518//3518
f 3417//3417 3490//3490 3517//3517
f 3582//3582 3404//3404 3562//3562
f 3452//3452 3274//3274 3488//3488
f 3485//3485 3585//3585 3519//3519
f 3425//3425 3520//3520 3437//3437
f 3455//3455 3460//3460 3542//3542
f 3341//3341 3466//3466 3478//3478
f 3524//3524 3438//3438 3521//3521
f 3387//3387 3445//3445 3414//3414
f 3770//3770 3479//3479 3519//3519
f 3442//3442 3350//3350 3477//3477
f 3398//3398 3344//3344 3444//3444
f 3378//3378 3475//3475 3523//3523
f 3488//3488 3274//3274 3518//3518
f 3517//3517 3488//3488 3518//3518
f 3545//3545 3464//3464 3524//3524
f 3408//3408 3468//3468 3477//3477
f 3441//3441 3306//3306 3420//3420
f 3475//3475 3417//3417 3518//3518
f 3177//3177 3176//3176 3496//3496
f 3602//3602 3444//3444 3486//3486
f 3445//3445 3054//3054 3257//3257
f 3483//3483 3555//3555 3568//3568
f 3471//3471 3491//3491 3525//3525
f 3326//3326 3230//3230 3394//3394
f 3346//3346 3424//3424 3550//3550
f 3526//3526 3509//3509 3492//3492
f 3222//3222 3503//3503 3303//3303
f 3496//3496 3419//3419 3527//3527
f 3513//3513 3381//3381 3565//3565
f 3405//3405 3456//3456 3455//3455
f 3441//3441 3529//3529 3573//3573
f 3412//3412 3371//3371 3545//3545
f 3432//3432 3295//3295 3499//3499
f 3530//3530 3531//3531 3532//3532
f 3441//3441 3177//3177 3527//3527
f 3423//3423 3422//3422 3534//3534
f 3380//3380 3321//3321 3409//3409
f 3422//3422 3359//3359 3534//3534
f 3413//3413 3328//3328 3487//3487
f 3414//3414 3445//3445 3451//3451
f 3490//3490 3495//3495 3517//3517
f 3543//3543 3346//3346 3516//3516
f 3274//3274 3273//3273 3489//3489
f 3556//3556 3439//3439 3470//3470
f 3458//3458 3454//3454 3535//3535
f 3335//3335 3428//3428 3598//3598
f 3497//3497 3522//3522 3533//3533
f 3495//3495 3488//3488 3517//3517
f 3442//3442 3477//3477 3462//3462
f 3441//3441 3527//3527 3529//3529
f 3407//3407 3566//3566 3570//3570
f 3430//3430 3378//3378 3523//3523
f 3443//3443 3504//3504 3555//3555
f 3298//3298 3398//3398 3565//3565
f 3400//3400 3280//3280 3450//3450
f 3495//3495 3452//3452 3488//3488
f 3390//3390 3389//3389 3500//3500
f 3509//3509 3526//3526 3560//3560
f 3440//3440 3497//3497 3533//3533
f 3351//3351 3337//3337 3358//3358
f 3494//3494 3499//3499 3540//3540
f 3598//3598 3428//3428 3440//3440
f 3463//3463 3462//3462 3581//3581
f 3363//3363 3365//3365 3513//3513
f 3396//3396 3495//3495 3541//3541
f 3411//3411 3385//3385 3500//3500
f 3438//3438 3590//3590 3521//3521
f 3530//3530 3476//3476 3531//3531
f 3516//3516 3346//3346 3550//3550
f 3518//3518 3274//3274 3489//3489
f 3378//3378 3320//3320 3475//3475
f 3405//3405 3341//3341 3456//3456
f 3475//3475 3518//3518 3489//3489
f 3590//3590 3505//3505 3544//3544
f 3294//3294 3305//3305 3566//3566
f 3523//3523 3475//3475 3489//3489
f 3495//3495 3490//3490 3541//3541
f 3381//3381 3298//3298 3565//3565
f 3486//3486 3484//3484 3546//3546
f 3465//3465 3379//3379 3512//3512
f 3525//3525 3491//3491 3626//3626
f 3385//3385 3539//3539 3547//3547
f 3474//3474 3473//3473 3633//3633
f 3302//3302 3469//3469 3548//3548
f 3483//3483 3568//3568 3539//3539
f 3499//3499 3498//3498 3551//3551
f 3431//3431 3553//3553 3554//3554
f 3401//3401 3260//3260 3403//3403
f 3392//3392 3449//3449 3460//3460
f 3506//3506 3557//3557 3558//3558
f 3510//3510 3507//3507 3458//3458
f 3502//3502 3370//3370 3595//3595
f 3493//3493 3577//3577 3561//3561
f 3364//3364 3554//3554 3599//3599
f 3398//3398 3480//3480 3565//3565
f 3326//3326 3394//3394 3485//3485
f 3524//3524 3521//3521 3545//3545
f 3453//3453 3436//3436 3510//3510
f 3474//3474 3391//3391 3473//3473
f 3487//3487 3530//3530 3611//3611
f 3529//3529 3527//3527 3567//3567
f 3285//3285 3474//3474 3429//3429
f 3429//3429 3474//3474 3569//3569
f 3473//3473 3368//3368 3494//3494
f 3471//3471 3525//3525 3504//3504
f 3492//3492 3463//3463 3581//3581
f 3530//3530 3532//3532 3611//3611
f 3510//3510 3458//3458 3657//3657
f 3436//3436 3507//3507 3510//3510
f 3393//3393 3506//3506 3558//3558
f 3550//3550 3424//3424 3571//3571
f 3505//3505 3413//3413 3487//3487
f 3478//3478 3466//3466 3491//3491
f 3431//3431 3598//3598 3553//3553
f 3620//3620 3396//3396 3541//3541
f 3400//3400 3450//3450 3528//3528
f 3531//3531 3331//3331 3574//3574
f 3457//3457 3509//3509 3560//3560
f 3398//3398 3444//3444 3480//3480
f 3410//3410 3493//3493 3561//3561
f 3487//3487 3476//3476 3530//3530
f 3617//3617 3575//3575 3582//3582
f 3489//3489 3570//3570 3523//3523
f 3527//3527 3419//3419 3567//3567
f 3472//3472 3280//3280 3461//3461
f 3503//3503 3556//3556 3578//3578
f 3474//3474 3633//3633 3680//3680
f 3251//3251 3303//3303 3501//3501
f 3466//3466 3501//3501 3552//3552
f 3419//3419 3353//3353 3482//3482
f 3459//3459 3393//3393 3558//3558
f 3384//3384 3383//3383 3506//3506
f 3303//3303 3503//3503 3578//3578
f 3383//3383 3559//3559 3642//3642
f 3581//3581 3583//3583 3492//3492
f 3520//3520 3514//3514 3714//3714
f 3335//3335 3334//3334 3428//3428
f 3522//3522 3410//3410 3561//3561
f 3462//3462 3576//3576 3583//3583
f 3599//3599 3554//3554 3553//3553
f 3542//3542 3584//3584 3585//3585
f 3534//3534 3359//3359 3481//3481
f 3529//3529 3586//3586 3573//3573
f 3472//3472 3461//3461 3437//3437
f 3595//3595 3457//3457 3560//3560
f 3513//3513 3565//3565 3580//3580
f 3468//3468 3467//3467 3587//3587
f 3469//3469 3390//3390 3538//3538
f 3555//3555 3504//3504 3549//3549
f 3412//3412 3545//3545 3589//3589
f 3539//3539 3568//3568 3664//3664
f 3548//3548 3469//3469 3538//3538
f 3541//3541 3490//3490 3573//3573
f 3303//3303 3616//3616 3501//3501
f 3559//3559 3564//3564 3642//3642
f 3504//3504 3525//3525 3549//3549
f 3581//3581 3462//3462 3583//3583
f 3401//3401 3403//3403 3601//3601
f 3403//3403 3502//3502 3572//3572
f 3449//3449 3393//3393 3459//3459
f 3626//3626 3491//3491 3552//3552
f 3505//3505 3487//3487 3611//3611
f 3537//3537 3451//3451 3536//3536
f 3323//3323 3378//3378 3430//3430
f 3405//3405 3455//3455 3585//3585
f 3535//3535 3454//3454 3622//3622
f 3572//3572 3595//3595 3639//3639
f 3498//3498 3508//3508 3448//3448
f 3257//3257 3421//3421 3563//3563
f 3486//3486 3546//3546 3596//3596
f 3536//3536 3257//3257 3563//3563
f 3579//3579 3668//3668 3597//3597
f 3620//3620 3541//3541 3624//3624
f 3561//3561 3577//3577 3592//3592
f 3510//3510 3657//3657 3577//3577
f 3561//3561 3592//3592 3629//3629
f 3589//3589 3545//3545 3593//3593
f 3296//3296 3295//3295 3432//3432
f 3454//3454 3513//3513 3580//3580
f 3511//3511 3600//3600 3571//3571
f 3538//3538 3390//3390 3500//3500
f 3383//3383 3382//3382 3559//3559
f 3440//3440 3533//3533 3698//3698
f 3500//3500 3385//3385 3547//3547
f 3305//3305 3515//3515 3566//3566
f 3679//3679 3429//3429 3691//3691
f 3557//3557 3506//3506 3642//3642
f 3604//3604 3645//3645 3605//3605
f 3582//3582 3562//3562 3606//3606
f 3498//3498 3295//3295 3508//3508
f 3577//3577 3672//3672 3607//3607
f 3534//3534 3481//3481 3638//3638
f 3595//3595 3560//3560 3594//3594
f 3472//3472 3437//3437 3520//3520
f 3636//3636 3412//3412 3589//3589
f 3522//3522 3561//3561 3629//3629
f 3476//3476 3331//3331 3531//3531
f 3578//3578 3556//3556 3640//3640
f 3402//3402 3401//3401 3609//3609
f 3385//3385 3483//3483 3539//3539
f 3482//3482 3654//3654 3610//3610
f 3521//3521 3590//3590 3593//3593
f 3622//3622 3454//3454 3580//3580
f 3514//3514 3373//3373 3612//3612
f 3548//3548 3538//3538 3614//3614
f 3576//3576 3587//3587 3615//3615
f 3538//3538 3500//3500 3711//3711
f 3633//3633 3494//3494 3694//3694
f 3303//3303 3578//3578 3616//3616
f 3403//3403 3572//3572 3601//3601
f 3562//3562 3603//3603 3606//3606
f 3399//3399 3548//3548 3634//3634
f 3424//3424 3446//3446 3571//3571
f 3582//3582 3606//3606 3617//3617
f 3399//3399 3302//3302 3548//3548
f 3429//3429 3679//3679 3511//3511
f 3574//3574 3331//3331 3582//3582
f 3541//3541 3573//3573 3624//3624
f 3498//3498 3448//3448 3625//3625
f 3515//3515 3423//3423 3534//3534
f 3570//3570 3566//3566 3613//3613
f 3532//3532 3531//3531 3621//3621
f 3622//3622 3480//3480 3602//3602
f 3540//3540 3499//3499 3675//3675
f 3492//3492 3583//3583 3526//3526
f 3566//3566 3515//3515 3637//3637
f 3577//3577 3657//3657 3672//3672
f 3556//3556 3470//3470 3640//3640
f 3593//3593 3740//3740 3619//3619
f 3592//3592 3607//3607 3629//3629
f 3414//3414 3451//3451 3537//3537
f 3567//3567 3482//3482 3630//3630
f 3616//3616 3578//3578 3693//3693
f 3591//3591 3570//3570 3613//3613
f 3625//3625 3620//3620 3624//3624
f 3552//3552 3501//3501 3616//3616
f 3462//3462 3468//3468 3576//3576
f 3353//3353 3414//3414 3654//3654
f 3607//3607 3672//3672 3689//3689
f 3480//3480 3622//3622 3580//3580
f 3687//3687 3836//3836 3635//3635
f 3576//3576 3468//3468 3587//3587
f 3502//3502 3595//3595 3572//3572
f 3606//3606 3603//3603 3732//3732
f 3515//3515 3534//3534 3638//3638
f 3580//3580 3565//3565 3480//3480
f 3545//3545 3521//3521 3593//3593
f 3536//3536 3563//3563 3635//3635
f 3448//3448 3620//3620 3625//3625
f 3627//3627 3552//3552 3616//3616
f 3622//3622 3602//3602 3623//3623
f 3693//3693 3578//3578 3641//3641
f 3401//3401 3601//3601 3609//3609
f 3470//3470 3528//3528 3644//3644
f 3511//3511 3379//3379 3429//3429
f 3547//3547 3643//3643 3722//3722
f 3549//3549 3628//3628 3647//3647
f 3506//3506 3383//3383 3642//3642
f 3624//3624 3586//3586 3625//3625
f 3491//3491 3466//3466 3552//3552
f 3579//3579 3597//3597 3644//3644
f 3446//3446 3512//3512 3571//3571
f 3532//3532 3574//3574 3575//3575
f 3399//3399 3634//3634 3467//3467
f 3544//3544 3505//3505 3611//3611
f 3596//3596 3546//3546 3646//3646
f 3568//3568 3555//3555 3647//3647
f 3572//3572 3639//3639 3652//3652
f 3516//3516 3550//3550 3648//3648
f 3511//3511 3679//3679 3649//3649
f 3520//3520 3425//3425 3514//3514
f 3543//3543 3516//3516 3618//3618
f 3531//3531 3574//3574 3621//3621
f 3573//3573 3586//3586 3624//3624
f 3535//3535 3697//3697 3782//3782
f 3567//3567 3630//3630 3688//3688
f 3585//3585 3455//3455 3542//3542
f 3602//3602 3486//3486 3596//3596
f 3586//3586 3498//3498 3625//3625
f 3566//3566 3637//3637 3613//3613
f 3419//3419 3482//3482 3567//3567
f 3611//3611 3532//3532 3650//3650
f 3546//3546 3636//3636 3646//3646
f 3555//3555 3549//3549 3647//3647
f 3373//3373 3599//3599 3612//3612
f 3588//3588 3618//3618 3702//3702
f 3512//3512 3511//3511 3571//3571
f 3515//3515 3638//3638 3637//3637
f 3601//3601 3652//3652 3653//3653
f 3429//3429 3569//3569 3691//3691
f 3402//3402 3609//3609 3655//3655
f 3526//3526 3583//3583 3658//3658
f 3714//3714 3514//3514 3612//3612
f 3632//3632 3520//3520 3714//3714
f 3485//3485 3405//3405 3585//3585
f 3472//3472 3520//3520 3632//3632
f 3592//3592 3577//3577 3607//3607
f 3481//3481 3671//3671 3638//3638
f 3542//3542 3460//3460 3631//3631
f 3523//3523 3570//3570 3591//3591
f 3618//3618 3516//3516 3660//3660
f 3460//3460 3459//3459 3631//3631
f 3636//3636 3589//3589 3646//3646
f 3642//3642 3656//3656 3733//3733
f 3557//3557 3642//3642 3733//3733
f 3533//3533 3522//3522 3629//3629
f 3569//3569 3474//3474 3680//3680
f 3653//3653 3652//3652 3707//3707
f 3543//3543 3618//3618 3588//3588
f 3559//3559 3402//3402 3655//3655
f 3432//3432 3499//3499 3494//3494
f 3539//3539 3664//3664 3643//3643
f 3606//3606 3732//3732 3716//3716
f 3498//3498 3586//3586 3688//3688
f 3421//3421 3479//3479 3563//3563
f 3558//3558 3557//3557 3667//3667
f 3579//3579 3528//3528 3450//3450
f 3535//3535 3622//3622 3697//3697
f 3594//3594 3560//3560 3526//3526
f 3578//3578 3640//3640 3641//3641
f 3804//3804 3668//3668 3669//3669
f 3583//3583 3576//3576 3658//3658
f 3574//3574 3532//3532 3621//3621
f 3603//3603 3588//3588 3702//3702
f 3430//3430 3523//3523 3591//3591
f 3584//3584 3519//3519 3585//3585
f 3575//3575 3574//3574 3582//3582
f 3529//3529 3567//3567 3586//3586
f 3665//3665 3607//3607 3670//3670
f 3596//3596 3731//3731 3743//3743
f 3602//3602 3743//3743 3623//3623
f 3599//3599 3673//3673 3612//3612
f 3532//3532 3575//3575 3650//3650
f 3564//3564 3559//3559 3655//3655
f 3611//3611 3661//3661 3544//3544
f 3584//3584 3542//3542 3604//3604
f 3762//3762 3618//3618 3677//3677
f 3654//3654 3666//3666 3678//3678
f 3525//3525 3626//3626 3549//3549
f 3640//3640 3644//3644 3663//3663
f 3598//3598 3698//3698 3659//3659
f 3414//3414 3537//3537 3666//3666
f 3600//3600 3511//3511 3649//3649
f 3591//3591 3613//3613 3637//3637
f 3470//3470 3644//3644 3640//3640
f 3676//3676 3650//3650 3696//3696
f 3549//3549 3626//3626 3628//3628
f 3593//3593 3619//3619 3589//3589
f 3553//3553 3598//3598 3659//3659
f 3596//3596 3646//3646 3731//3731
f 3626//3626 3552//3552 3627//3627
f 3609//3609 3601//3601 3681//3681
f 3537//3537 3608//3608 3666//3666
f 3672//3672 3682//3682 3683//3683
f 3590//3590 3544//3544 3740//3740
f 3599//3599 3553//3553 3673//3673
f 3671//3671 3430//3430 3591//3591
f 3672//3672 3657//3657 3682//3682
f 3627//3627 3616//3616 3725//3725
f 3500//3500 3547//3547 3711//3711
f 3668//3668 3579//3579 3450//3450
f 3662//3662 3650//3650 3676//3676
f 3611//3611 3650//3650 3661//3661
f 3618//3618 3660//3660 3677//3677
f 3689//3689 3672//3672 3753//3753
f 3671//3671 3591//3591 3637//3637
f 3661//3661 3650//3650 3662//3662
f 3674//3674 3551//3551 3688//3688
f 3547//3547 3539//3539 3643//3643
f 3680//3680 3633//3633 3690//3690
f 3533//3533 3629//3629 3746//3746
f 3467//3467 3634//3634 3692//3692
f 3519//3519 3584//3584 3686//3686
f 3571//3571 3600//3600 3648//3648
f 3651//3651 3526//3526 3658//3658
f 3494//3494 3540//3540 3694//3694
f 3598//3598 3440//3440 3698//3698
f 3690//3690 3633//3633 3694//3694
f 3648//3648 3550//3550 3571//3571
f 3678//3678 3666//3666 3608//3608
f 3603//3603 3702//3702 3732//3732
f 3587//3587 3467//3467 3695//3695
f 3650//3650 3575//3575 3696//3696
f 3668//3668 3450//3450 3669//3669
f 3634//3634 3548//3548 3772//3772
f 3458//3458 3535//3535 3657//3657
f 3637//3637 3638//3638 3671//3671
f 3537//3537 3536//3536 3635//3635
f 3595//3595 3594//3594 3639//3639
f 3646//3646 3589//3589 3619//3619
f 3661//3661 3662//3662 3730//3730
f 3731//3731 3646//3646 3619//3619
f 3602//3602 3596//3596 3743//3743
f 3730//3730 3662//3662 3699//3699
f 3760//3760 3619//3619 3700//3700
f 3693//3693 3701//3701 3725//3725
f 3593//3593 3590//3590 3740//3740
f 3782//3782 3697//3697 3776//3776
f 3626//3626 3627//3627 3703//3703
f 3694//3694 3540//3540 3704//3704
f 3669//3669 3472//3472 3705//3705
f 3450//3450 3472//3472 3669//3669
f 3654//3654 3414//3414 3666//3666
f 3652//3652 3639//3639 3706//3706
f 3681//3681 3653//3653 3707//3707
f 3708//3708 3683//3683 3800//3800
f 3655//3655 3609//3609 3681//3681
f 3628//3628 3703//3703 3709//3709
f 3659//3659 3721//3721 3710//3710
f 3617//3617 3606//3606 3716//3716
f 3601//3601 3653//3653 3681//3681
f 3607//3607 3689//3689 3670//3670
f 3711//3711 3547//3547 3722//3722
f 3673//3673 3553//3553 3710//3710
f 3651//3651 3685//3685 3715//3715
f 3639//3639 3594//3594 3715//3715
f 3622//3622 3623//3623 3697//3697
f 3699//3699 3676//3676 3799//3799
f 3616//3616 3693//3693 3725//3725
f 3772//3772 3614//3614 3717//3717
f 3815//3815 3648//3648 3718//3718
f 3662//3662 3676//3676 3699//3699
f 3564//3564 3655//3655 3656//3656
f 3720//3720 3796//3796 3721//3721
f 3722//3722 3643//3643 3723//3723
f 3614//3614 3538//3538 3711//3711
f 3459//3459 3558//3558 3631//3631
f 3569//3569 3680//3680 3771//3771
f 3658//3658 3576//3576 3684//3684
f 3640//3640 3663//3663 3641//3641
f 3711//3711 3722//3722 3726//3726
f 3663//3663 3644//3644 3783//3783
f 3629//3629 3607//3607 3665//3665
f 3576//3576 3615//3615 3684//3684
f 3594//3594 3526//3526 3651//3651
f 3740//3740 3544//3544 3730//3730
f 3675//3675 3551//3551 3674//3674
f 3729//3729 3792//3792 3730//3730
f 3544//3544 3661//3661 3730//3730
f 3499//3499 3551//3551 3675//3675
f 3731//3731 3619//3619 3727//3727
f 3586//3586 3567//3567 3688//3688
f 3799//3799 3696//3696 3748//3748
f 3614//3614 3735//3735 3717//3717
f 3648//3648 3815//3815 3736//3736
f 3557//3557 3734//3734 3737//3737
f 3722//3722 3723//3723 3802//3802
f 3482//3482 3610//3610 3630//3630
f 3672//3672 3683//3683 3753//3753
f 3691//3691 3569//3569 3771//3771
f 3629//3629 3665//3665 3746//3746
f 3568//3568 3647//3647 3664//3664
f 3594//3594 3651//3651 3715//3715
f 3684//3684 3695//3695 3719//3719
f 3618//3618 3762//3762 3702//3702
f 3601//3601 3572//3572 3652//3652
f 3615//3615 3587//3587 3695//3695
f 3783//3783 3644//3644 3597//3597
f 3600//3600 3649//3649 3741//3741
f 3683//3683 3682//3682 3811//3811
f 3632//3632 3714//3714 3742//3742
f 3548//3548 3614//3614 3772//3772
f 3642//3642 3564//3564 3656//3656
f 3719//3719 3695//3695 3764//3764
f 3635//3635 3563//3563 3687//3687
f 3553//3553 3659//3659 3710//3710
f 3660//3660 3648//3648 3736//3736
f 3619//3619 3740//3740 3700//3700
f 3619//3619 3760//3760 3727//3727
f 3551//3551 3498//3498 3688//3688
f 3614//3614 3711//3711 3735//3735
f 3752//3752 3704//3704 3842//3842
f 3648//3648 3600//3600 3718//3718
f 3655//3655 3681//3681 3744//3744
f 3703//3703 3627//3627 3724//3724
f 3610//3610 3749//3749 3745//3745
f 3667//3667 3557//3557 3737//3737
f 3707//3707 3652//3652 3747//3747
f 3684//3684 3615//3615 3695//3695
f 3685//3685 3651//3651 3788//3788
f 3726//3726 3722//3722 3802//3802
f 3639//3639 3715//3715 3728//3728
f 3610//3610 3654//3654 3749//3749
f 3643//3643 3664//3664 3723//3723
f 3750//3750 3751//3751 3823//3823
f 3604//3604 3542//3542 3631//3631
f 3623//3623 3743//3743 3776//3776
f 3725//3725 3701//3701 3755//3755
f 3742//3742 3714//3714 3756//3756
f 3645//3645 3631//3631 3667//3667
f 3697//3697 3623//3623 3776//3776
f 3676//3676 3696//3696 3799//3799
f 3608//3608 3635//3635 3836//3836
f 3757//3757 3707//3707 3758//3758
f 3711//3711 3726//3726 3759//3759
f 3735//3735 3712//3712 3717//3717
f 3730//3730 3700//3700 3740//3740
f 3735//3735 3711//3711 3759//3759
f 3557//3557 3733//3733 3734//3734
f 3656//3656 3655//3655 3713//3713
f 3698//3698 3746//3746 3720//3720
f 3735//3735 3759//3759 3775//3775
f 3770//3770 3519//3519 3686//3686
f 3535//3535 3782//3782 3682//3682
f 3804//3804 3669//3669 3705//3705
f 3681//3681 3707//3707 3744//3744
f 3641//3641 3663//3663 3761//3761
f 3792//3792 3700//3700 3730//3730
f 3670//3670 3689//3689 3754//3754
f 3658//3658 3684//3684 3847//3847
f 3691//3691 3763//3763 3679//3679
f 3658//3658 3847//3847 3788//3788
f 3706//3706 3639//3639 3728//3728
f 3758//3758 3747//3747 3764//3764
f 3714//3714 3612//3612 3756//3756
f 3709//3709 3703//3703 3739//3739
f 3654//3654 3678//3678 3749//3749
f 3689//3689 3753//3753 3754//3754
f 3698//3698 3533//3533 3746//3746
f 3655//3655 3744//3744 3767//3767
f 3712//3712 3655//3655 3767//3767
f 3744//3744 3707//3707 3757//3757
f 3575//3575 3617//3617 3748//3748
f 3733//3733 3656//3656 3768//3768
f 3645//3645 3667//3667 3737//3737
f 3630//3630 3610//3610 3745//3745
f 3694//3694 3704//3704 3752//3752
f 3717//3717 3767//3767 3757//3757
f 3659//3659 3698//3698 3721//3721
f 3693//3693 3641//3641 3701//3701
f 3717//3717 3712//3712 3767//3767
f 3645//3645 3604//3604 3631//3631
f 3772//3772 3717//3717 3779//3779
f 3701//3701 3641//3641 3761//3761
f 3326//3326 3485//3485 3519//3519
f 3628//3628 3626//3626 3703//3703
f 3540//3540 3675//3675 3704//3704
f 3516//3516 3648//3648 3660//3660
f 3746//3746 3665//3665 3720//3720
f 3699//3699 3799//3799 3729//3729
f 3528//3528 3579//3579 3644//3644
f 3715//3715 3685//3685 3728//3728
f 3692//3692 3634//3634 3772//3772
f 3710//3710 3721//3721 3825//3825
f 3744//3744 3757//3757 3767//3767
f 3690//3690 3694//3694 3752//3752
f 3729//3729 3730//3730 3699//3699
f 3717//3717 3757//3757 3779//3779
f 3773//3773 3777//3777 3774//3774
f 3712//3712 3735//3735 3775//3775
f 3655//3655 3712//3712 3713//3713
f 3696//3696 3575//3575 3748//3748
f 3713//3713 3712//3712 3775//3775
f 3768//3768 3713//3713 3775//3775
f 3608//3608 3537//3537 3635//3635
f 3631//3631 3558//3558 3667//3667
f 3732//3732 3702//3702 3762//3762
f 3707//3707 3747//3747 3758//3758
f 3656//3656 3713//3713 3768//3768
f 3757//3757 3758//3758 3779//3779
f 3842//3842 3704//3704 3780//3780
f 3597//3597 3668//3668 3804//3804
f 3663//3663 3783//3783 3784//3784
f 3664//3664 3647//3647 3781//3781
f 3651//3651 3658//3658 3788//3788
f 3724//3724 3725//3725 3755//3755
f 3686//3686 3604//3604 3856//3856
f 3763//3763 3691//3691 3771//3771
f 3467//3467 3692//3692 3695//3695
f 3698//3698 3720//3720 3721//3721
f 3785//3785 3778//3778 3839//3839
f 3771//3771 3680//3680 3807//3807
f 3716//3716 3732//3732 3819//3819
f 3747//3747 3786//3786 3764//3764
f 3657//3657 3535//3535 3682//3682
f 3472//3472 3632//3632 3705//3705
f 3778//3778 3685//3685 3788//3788
f 3673//3673 3710//3710 3825//3825
f 3762//3762 3832//3832 3789//3789
f 3790//3790 3692//3692 3791//3791
f 3727//3727 3760//3760 3777//3777
f 3785//3785 3728//3728 3778//3778
f 3733//3733 3768//3768 3734//3734
f 3479//3479 3421//3421 3519//3519
f 3743//3743 3731//3731 3808//3808
f 3645//3645 3793//3793 3605//3605
f 3584//3584 3604//3604 3686//3686
f 3628//3628 3709//3709 3751//3751
f 3751//3751 3709//3709 3823//3823
f 3627//3627 3725//3725 3724//3724
f 3663//3663 3784//3784 3761//3761
f 3647//3647 3751//3751 3781//3781
f 3677//3677 3827//3827 3832//3832
f 3780//3780 3674//3674 3794//3794
f 3764//3764 3695//3695 3790//3790
f 3779//3779 3758//3758 3791//3791
f 3723//3723 3664//3664 3781//3781
f 3825//3825 3721//3721 3796//3796
f 3783//3783 3597//3597 3784//3784
f 3665//3665 3797//3797 3798//3798
f 3679//3679 3763//3763 3649//3649
f 3748//3748 3617//3617 3810//3810
f 3753//3753 3708//3708 3754//3754
f 3764//3764 3790//3790 3791//3791
f 3727//3727 3777//3777 3800//3800
f 3731//3731 3727//3727 3800//3800
f 3732//3732 3762//3762 3819//3819
f 3810//3810 3716//3716 3819//3819
f 3617//3617 3716//3716 3810//3810
f 3773//3773 3774//3774 3846//3846
f 3688//3688 3630//3630 3745//3745
f 3692//3692 3772//3772 3779//3779
f 3723//3723 3781//3781 3802//3802
f 3770//3770 3856//3856 3766//3766
f 3734//3734 3768//3768 3803//3803
f 3665//3665 3670//3670 3797//3797
f 3738//3738 3724//3724 3755//3755
f 3692//3692 3779//3779 3791//3791
f 3804//3804 3705//3705 3845//3845
f 3701//3701 3814//3814 3755//3755
f 3718//3718 3600//3600 3741//3741
f 3647//3647 3628//3628 3751//3751
f 3805//3805 3742//3742 3855//3855
f 3678//3678 3608//3608 3896//3896
f 3802//3802 3781//3781 3750//3750
f 3845//3845 3705//3705 3813//3813
f 3729//3729 3799//3799 3820//3820
f 3776//3776 3743//3743 3808//3808
f 3695//3695 3692//3692 3790//3790
f 3776//3776 3812//3812 3782//3782
f 3775//3775 3759//3759 3806//3806
f 3720//3720 3665//3665 3798//3798
f 3796//3796 3720//3720 3833//3833
f 3803//3803 3806//3806 3822//3822
f 3800//3800 3683//3683 3809//3809
f 3604//3604 3605//3605 3856//3856
f 3652//3652 3706//3706 3747//3747
f 3706//3706 3728//3728 3785//3785
f 3674//3674 3688//3688 3745//3745
f 3787//3787 3673//3673 3825//3825
f 3751//3751 3750//3750 3781//3781
f 3758//3758 3764//3764 3791//3791
f 3747//3747 3706//3706 3786//3786
f 3803//3803 3768//3768 3806//3806
f 3479//3479 3770//3770 3816//3816
f 3680//3680 3690//3690 3807//3807
f 3847//3847 3684//3684 3719//3719
f 3704//3704 3675//3675 3780//3780
f 3762//3762 3677//3677 3832//3832
f 3701//3701 3761//3761 3814//3814
f 3763//3763 3769//3769 3871//3871
f 3745//3745 3749//3749 3794//3794
f 3742//3742 3756//3756 3855//3855
f 3811//3811 3682//3682 3782//3782
f 3856//3856 3849//3849 3885//3885
f 3687//3687 3479//3479 3816//3816
f 3726//3726 3802//3802 3806//3806
f 3808//3808 3811//3811 3812//3812
f 3768//3768 3775//3775 3806//3806
f 3759//3759 3726//3726 3806//3806
f 3720//3720 3798//3798 3833//3833
f 3683//3683 3811//3811 3809//3809
f 3756//3756 3673//3673 3855//3855
f 3808//3808 3731//3731 3809//3809
f 3737//3737 3734//3734 3803//3803
f 3760//3760 3700//3700 3774//3774
f 3563//3563 3479//3479 3687//3687
f 3784//3784 3804//3804 3845//3845
f 3675//3675 3674//3674 3780//3780
f 3756//3756 3612//3612 3673//3673
f 3739//3739 3724//3724 3738//3738
f 3805//3805 3855//3855 3829//3829
f 3719//3719 3764//3764 3848//3848
f 3811//3811 3782//3782 3812//3812
f 3793//3793 3822//3822 3823//3823
f 3706//3706 3785//3785 3786//3786
f 3896//3896 3608//3608 3831//3831
f 3748//3748 3810//3810 3821//3821
f 3764//3764 3786//3786 3848//3848
f 3731//3731 3800//3800 3809//3809
f 3737//3737 3803//3803 3822//3822
f 3741//3741 3649//3649 3871//3871
f 3761//3761 3784//3784 3868//3868
f 3825//3825 3796//3796 3834//3834
f 3784//3784 3597//3597 3804//3804
f 3677//3677 3660//3660 3736//3736
f 3709//3709 3739//3739 3859//3859
f 3776//3776 3808//3808 3812//3812
f 3673//3673 3787//3787 3855//3855
f 3856//3856 3605//3605 3849//3849
f 3736//3736 3815//3815 3826//3826
f 3800//3800 3777//3777 3837//3837
f 3797//3797 3874//3874 3878//3878
f 3649//3649 3763//3763 3871//3871
f 3794//3794 3749//3749 3795//3795
f 3774//3774 3700//3700 3801//3801
f 3819//3819 3762//3762 3817//3817
f 3807//3807 3690//3690 3830//3830
f 3754//3754 3708//3708 3818//3818
f 3836//3836 3687//3687 3838//3838
f 3799//3799 3748//3748 3821//3821
f 3806//3806 3750//3750 3822//3822
f 3798//3798 3797//3797 3833//3833
f 3786//3786 3785//3785 3839//3839
f 3792//3792 3729//3729 3877//3877
f 3821//3821 3810//3810 3828//3828
f 3750//3750 3806//3806 3802//3802
f 3873//3873 3678//3678 3896//3896
f 3797//3797 3670//3670 3874//3874
f 3700//3700 3792//3792 3801//3801
f 3822//3822 3750//3750 3823//3823
f 3608//3608 3836//3836 3831//3831
f 3753//3753 3683//3683 3708//3708
f 3755//3755 3814//3814 3887//3887
f 3777//3777 3760//3760 3774//3774
f 3687//3687 3816//3816 3838//3838
f 3770//3770 3766//3766 3816//3816
f 3807//3807 3830//3830 3841//3841
f 3830//3830 3752//3752 3842//3842
f 3835//3835 3807//3807 3843//3843
f 3833//3833 3797//3797 3878//3878
f 3645//3645 3737//3737 3793//3793
f 3811//3811 3808//3808 3809//3809
f 3810//3810 3819//3819 3828//3828
f 3801//3801 3792//3792 3877//3877
f 3868//3868 3784//3784 3858//3858
f 3787//3787 3918//3918 3898//3898
f 3763//3763 3771//3771 3835//3835
f 3762//3762 3789//3789 3817//3817
f 3774//3774 3801//3801 3846//3846
f 3807//3807 3841//3841 3843//3843
f 3769//3769 3763//3763 3835//3835
f 3827//3827 3677//3677 3736//3736
f 3703//3703 3724//3724 3739//3739
f 3847//3847 3719//3719 3848//3848
f 3749//3749 3873//3873 3795//3795
f 3814//3814 3761//3761 3868//3868
f 3778//3778 3788//3788 3847//3847
f 3728//3728 3685//3685 3778//3778
f 3828//3828 3819//3819 3840//3840
f 3827//3827 3736//3736 3826//3826
f 3754//3754 3818//3818 3874//3874
f 3738//3738 3887//3887 3850//3850
f 3839//3839 3847//3847 3848//3848
f 3765//3765 3766//3766 3851//3851
f 3839//3839 3778//3778 3847//3847
f 3819//3819 3817//3817 3840//3840
f 3605//3605 3793//3793 3853//3853
f 3834//3834 3796//3796 3883//3883
f 3786//3786 3839//3839 3848//3848
f 3793//3793 3823//3823 3866//3866
f 3813//3813 3705//3705 3861//3861
f 3833//3833 3878//3878 3857//3857
f 3674//3674 3745//3745 3794//3794
f 3632//3632 3742//3742 3844//3844
f 3818//3818 3708//3708 3897//3897
f 3844//3844 3805//3805 3861//3861
f 3708//3708 3837//3837 3897//3897
f 3670//3670 3754//3754 3874//3874
f 3835//3835 3843//3843 3769//3769
f 3863//3863 3864//3864 3865//3865
f 3771//3771 3807//3807 3835//3835
f 3741//3741 3871//3871 3854//3854
f 3918//3918 3787//3787 3834//3834
f 3742//3742 3805//3805 3844//3844
f 3826//3826 3927//3927 3867//3867
f 3869//3869 3823//3823 3860//3860
f 3705//3705 3632//3632 3844//3844
f 3769//3769 3870//3870 3871//3871
f 3794//3794 3795//3795 3872//3872
f 3842//3842 3780//3780 3862//3862
f 3840//3840 3817//3817 3920//3920
f 3887//3887 3814//3814 3909//3909
f 3855//3855 3787//3787 3898//3898
f 3831//3831 3836//3836 3852//3852
f 3739//3739 3738//3738 3850//3850
f 3828//3828 3840//3840 3891//3891
f 3749//3749 3678//3678 3873//3873
f 3833//3833 3857//3857 3883//3883
f 3853//3853 3793//3793 3866//3866
f 3793//3793 3737//3737 3822//3822
f 3849//3849 3605//3605 3853//3853
f 3853//3853 3866//3866 3890//3890
f 3738//3738 3755//3755 3887//3887
f 3832//3832 3827//3827 3867//3867
f 3421//3421 3326//3326 3519//3519
f 3859//3859 3850//3850 3879//3879
f 3770//3770 3686//3686 3856//3856
f 3815//3815 3824//3824 3902//3902
f 3705//3705 3844//3844 3861//3861
f 3718//3718 3741//3741 3854//3854
f 3842//3842 3862//3862 3901//3901
f 3836//3836 3838//3838 3852//3852
f 3690//3690 3752//3752 3830//3830
f 3892//3892 3840//3840 3915//3915
f 3920//3920 3817//3817 3789//3789
f 3820//3820 3799//3799 3821//3821
f 3832//3832 3867//3867 3789//3789
f 3889//3889 3856//3856 3885//3885
f 3829//3829 3855//3855 3898//3898
f 3813//3813 3861//3861 3886//3886
f 3874//3874 3818//3818 3910//3910
f 3795//3795 3907//3907 3900//3900
f 3861//3861 3805//3805 3829//3829
f 3784//3784 3845//3845 3858//3858
f 3854//3854 3870//3870 3888//3888
f 3708//3708 3800//3800 3837//3837
f 3766//3766 3856//3856 3889//3889
f 3830//3830 3842//3842 3881//3881
f 3859//3859 3739//3739 3850//3850
f 3891//3891 3840//3840 3892//3892
f 3878//3878 3874//3874 3880//3880
f 3831//3831 3852//3852 3882//3882
f 3831//3831 3863//3863 3865//3865
f 3896//3896 3831//3831 3865//3865
f 3865//3865 3864//3864 3928//3928
f 3821//3821 3828//3828 3891//3891
f 3796//3796 3833//3833 3883//3883
f 3874//3874 3910//3910 3880//3880
f 3729//3729 3820//3820 3877//3877
f 3777//3777 3773//3773 3908//3908
f 3846//3846 3875//3875 3893//3893
f 3877//3877 3820//3820 3876//3876
f 3789//3789 3867//3867 3935//3935
f 3894//3894 3852//3852 3838//3838
f 3795//3795 3873//3873 3907//3907
f 3854//3854 3871//3871 3870//3870
f 3886//3886 3829//3829 3895//3895
f 3877//3877 3876//3876 3939//3939
f 3769//3769 3843//3843 3870//3870
f 3813//3813 3886//3886 3913//3913
f 3837//3837 3777//3777 3908//3908
f 3823//3823 3859//3859 3860//3860
f 3816//3816 3765//3765 3838//3838
f 3859//3859 3879//3879 3953//3953
f 3787//3787 3825//3825 3834//3834
f 3888//3888 3870//3870 3965//3965
f 3814//3814 3868//3868 3909//3909
f 3862//3862 3794//3794 3872//3872
f 3891//3891 3892//3892 3899//3899
f 3858//3858 3845//3845 3913//3913
f 3860//3860 3859//3859 3953//3953
f 3780//3780 3794//3794 3862//3862
f 3823//3823 3709//3709 3859//3859
f 3815//3815 3718//3718 3854//3854
f 3910//3910 3940//3940 3880//3880
f 3826//3826 3815//3815 3902//3902
f 3875//3875 3877//3877 3939//3939
f 3921//3921 3908//3908 3926//3926
f 3851//3851 3903//3903 3904//3904
f 3834//3834 3948//3948 3918//3918
f 3908//3908 3773//3773 3905//3905
f 3834//3834 3883//3883 3906//3906
f 3887//3887 3909//3909 3942//3942
f 3841//3841 3830//3830 3881//3881
f 3846//3846 3801//3801 3875//3875
f 3842//3842 3901//3901 3881//3881
f 3840//3840 3920//3920 3915//3915
f 3915//3915 4011//4011 3916//3916
f 3917//3917 3918//3918 3919//3919
f 3866//3866 3869//3869 3890//3890
f 3914//3914 3875//3875 3939//3939
f 3875//3875 3801//3801 3877//3877
f 3820//3820 3821//3821 3884//3884
f 3827//3827 3826//3826 3867//3867
f 3897//3897 3837//3837 3921//3921
f 3899//3899 3892//3892 3916//3916
f 3872//3872 3795//3795 3900//3900
f 3843//3843 3841//3841 3912//3912
f 3893//3893 3875//3875 3922//3922
f 3765//3765 3851//3851 3933//3933
f 3841//3841 3881//3881 3923//3923
f 3905//3905 3773//3773 3924//3924
f 3917//3917 3898//3898 3918//3918
f 3789//3789 3935//3935 3920//3920
f 3863//3863 3882//3882 3894//3894
f 3925//3925 3922//3922 3914//3914
f 3899//3899 3884//3884 3891//3891
f 3948//3948 3834//3834 3906//3906
f 3826//3826 3902//3902 3927//3927
f 3892//3892 3915//3915 3916//3916
f 3893//3893 3922//3922 3924//3924
f 3818//3818 3897//3897 3910//3910
f 3824//3824 3815//3815 3854//3854
f 3773//3773 3893//3893 3924//3924
f 3837//3837 3908//3908 3921//3921
f 3857//3857 3956//3956 3906//3906
f 3884//3884 3821//3821 3891//3891
f 3850//3850 3887//3887 3931//3931
f 3824//3824 3854//3854 3888//3888
f 3766//3766 3889//3889 3903//3903
f 3866//3866 3823//3823 3869//3869
f 3876//3876 3820//3820 3884//3884
f 3878//3878 3880//3880 3956//3956
f 3766//3766 3765//3765 3816//3816
f 3773//3773 3846//3846 3893//3893
f 3910//3910 3897//3897 3943//3943
f 3829//3829 3898//3898 3917//3917
f 3861//3861 3829//3829 3886//3886
f 3873//3873 3896//3896 3907//3907
f 3863//3863 3831//3831 3882//3882
f 3870//3870 3843//3843 3912//3912
f 3876//3876 3884//3884 3937//3937
f 3863//3863 3894//3894 3938//3938
f 3901//3901 3862//3862 3930//3930
f 3912//3912 3965//3965 3870//3870
f 3838//3838 3765//3765 3933//3933
f 3905//3905 3926//3926 3908//3908
f 3956//3956 3880//3880 3940//3940
f 3920//3920 3935//3935 3934//3934
f 3905//3905 3922//3922 3926//3926
f 3851//3851 3766//3766 3903//3903
f 3899//3899 3916//3916 3978//3978
f 3922//3922 3905//3905 3924//3924
f 3914//3914 3939//3939 3970//3970
f 3864//3864 3863//3863 3938//3938
f 3927//3927 3902//3902 3941//3941
f 3881//3881 3901//3901 3929//3929
f 3858//3858 3913//3913 3944//3944
f 3881//3881 3929//3929 3923//3923
f 3862//3862 3900//3900 3930//3930
f 3869//3869 3860//3860 3945//3945
f 3897//3897 3921//3921 3943//3943
f 3912//3912 3841//3841 3923//3923
f 3944//3944 3913//3913 4046//4046
f 3867//3867 3927//3927 3935//3935
f 3860//3860 3953//3953 3945//3945
f 3921//3921 3926//3926 3943//3943
f 3938//3938 3998//3998 3947//3947
f 3919//3919 3918//3918 3948//3948
f 3936//3936 3876//3876 3937//3937
f 3965//3965 3912//3912 3997//3997
f 3849//3849 3853//3853 3890//3890
f 3845//3845 3813//3813 3913//3913
f 3902//3902 3824//3824 3941//3941
f 3886//3886 3895//3895 3932//3932
f 3948//3948 3971//3971 3955//3955
f 3890//3890 3949//3949 3950//3950
f 3900//3900 3907//3907 3911//3911
f 3935//3935 3927//3927 3972//3972
f 3903//3903 3889//3889 3946//3946
f 3879//3879 3850//3850 3931//3931
f 3927//3927 3941//3941 3951//3951
f 3824//3824 3888//3888 3981//3981
f 3934//3934 3972//3972 3952//3952
f 3934//3934 3935//3935 3972//3972
f 3937//3937 3884//3884 3899//3899
f 3888//3888 3965//3965 3981//3981
f 3857//3857 3878//3878 3956//3956
f 3926//3926 3925//3925 3943//3943
f 3910//3910 3943//3943 3954//3954
f 3939//3939 3936//3936 3970//3970
f 3948//3948 3906//3906 3971//3971
f 3926//3926 3922//3922 3925//3925
f 3943//3943 3925//3925 3954//3954
f 3868//3868 3858//3858 3909//3909
f 3901//3901 3930//3930 3929//3929
f 3939//3939 3876//3876 3936//3936
f 3890//3890 3869//3869 3949//3949
f 3925//3925 3914//3914 3954//3954
f 3940//3940 3910//3910 3954//3954
f 3954//3954 3970//3970 3959//3959
f 4046//4046 3913//3913 3960//3960
f 3862//3862 3872//3872 3900//3900
f 3930//3930 3900//3900 3957//3957
f 3937//3937 3899//3899 3978//3978
f 3957//3957 3961//3961 3962//3962
f 3865//3865 3928//3928 3963//3963
f 3912//3912 3923//3923 3997//3997
f 3894//3894 3838//3838 3933//3933
f 3978//3978 3916//3916 3964//3964
f 3949//3949 3869//3869 3945//3945
f 3919//3919 3948//3948 3966//3966
f 3915//3915 3920//3920 3934//3934
f 3875//3875 3914//3914 3922//3922
f 3940//3940 3954//3954 3959//3959
f 3885//3885 3849//3849 3958//3958
f 3940//3940 3959//3959 3967//3967
f 3962//3962 3997//3997 3929//3929
f 3883//3883 3857//3857 3906//3906
f 3824//3824 3981//3981 3941//3941
f 4003//4003 3965//3965 4024//4024
f 3927//3927 3951//3951 3972//3972
f 3887//3887 3942//3942 3984//3984
f 3914//3914 3970//3970 3954//3954
f 3980//3980 3885//3885 3973//3973
f 3915//3915 3934//3934 3989//3989
f 3919//3919 3966//3966 3975//3975
f 3958//3958 3950//3950 3977//3977
f 3829//3829 3917//3917 3895//3895
f 3907//3907 3896//3896 3963//3963
f 3977//3977 3950//3950 3999//3999
f 3938//3938 3947//3947 4010//4010
f 3971//3971 3956//3956 3974//3974
f 3971//3971 3906//3906 3956//3956
f 3916//3916 4011//4011 3964//3964
f 3945//3945 3953//3953 3982//3982
f 3971//3971 3974//3974 3983//3983
f 3882//3882 3852//3852 3894//3894
f 3890//3890 3950//3950 3958//3958
f 4011//4011 3915//3915 3989//3989
f 3969//3969 3933//3933 3985//3985
f 3998//3998 3894//3894 3933//3933
f 3968//3968 3955//3955 3971//3971
f 3934//3934 3952//3952 3989//3989
f 3950//3950 3949//3949 3999//3999
f 3972//3972 3951//3951 3987//3987
f 3989//3989 3952//3952 3988//3988
f 3987//3987 4065//4065 3988//3988
f 4065//4065 3987//3987 3951//3951
f 3952//3952 3972//3972 3987//3987
f 3936//3936 3978//3978 3990//3990
f 3938//3938 3894//3894 3998//3998
f 3942//3942 3909//3909 4004//4004
f 3931//3931 3887//3887 3984//3984
f 3951//3951 3941//3941 3991//3991
f 3956//3956 3940//3940 3967//3967
f 3998//3998 3969//3969 3992//3992
f 3911//3911 3907//3907 4009//4009
f 3956//3956 3967//3967 3974//3974
f 3928//3928 3864//3864 3938//3938
f 3886//3886 3932//3932 3993//3993
f 3946//3946 3889//3889 3980//3980
f 3896//3896 3865//3865 3963//3963
f 3936//3936 4002//4002 3994//3994
f 3849//3849 3890//3890 3958//3958
f 3967//3967 3959//3959 4013//4013
f 3970//3970 3936//3936 3994//3994
f 3941//3941 3981//3981 4027//4027
f 3963//3963 3928//3928 3979//3979
f 3953//3953 3879//3879 3976//3976
f 3885//3885 3958//3958 3973//3973
f 3958//3958 3977//3977 3973//3973
f 3913//3913 3886//3886 3960//3960
f 3960//3960 3886//3886 3993//3993
f 3948//3948 3955//3955 4016//4016
f 3917//3917 3919//3919 4028//4028
f 3900//3900 3911//3911 3957//3957
f 3982//3982 3953//3953 3976//3976
f 3990//3990 3964//3964 4062//4062
f 3968//3968 3986//3986 4016//4016
f 3923//3923 3929//3929 3997//3997
f 3938//3938 4010//4010 4000//4000
f 3966//3966 3948//3948 4016//4016
f 3885//3885 3980//3980 3889//3889
f 3909//3909 3858//3858 3944//3944
f 3996//3996 4005//4005 4006//4006
f 3984//3984 3942//3942 4007//4007
f 3936//3936 3937//3937 3978//3978
f 3907//3907 3963//3963 4009//4009
f 3960//3960 3993//3993 4008//4008
f 3949//3949 3982//3982 3999//3999
f 4004//4004 3944//3944 4046//4046
f 3960//3960 4008//4008 4047//4047
f 3963//3963 3979//3979 4009//4009
f 3957//3957 3911//3911 3995//3995
f 3990//3990 4062//4062 4017//4017
f 3909//3909 3944//3944 4004//4004
f 3968//3968 3971//3971 3983//3983
f 3999//3999 4006//4006 4070//4070
f 4024//4024 3965//3965 3997//3997
f 3904//3904 3903//3903 3946//3946
f 3992//3992 3969//3969 4012//4012
f 3959//3959 3970//3970 4034//4034
f 3949//3949 3945//3945 3982//3982
f 3970//3970 3994//3994 4034//4034
f 4010//4010 3947//3947 4014//4014
f 4015//4015 4065//4065 4081//4081
f 3955//3955 3968//3968 4016//4016
f 4019//4019 3989//3989 3988//3988
f 3933//3933 3851//3851 3985//3985
f 3917//3917 4028//4028 3895//3895
f 4019//4019 3988//3988 4015//4015
f 3981//3981 3965//3965 4003//4003
f 3973//3973 3977//3977 4018//4018
f 3966//3966 4051//4051 4030//4030
f 3928//3928 3938//3938 4000//4000
f 3967//3967 4013//4013 4001//4001
f 3968//3968 3983//3983 3986//3986
f 3974//3974 3967//3967 4001//4001
f 4062//4062 3964//3964 4048//4048
f 3977//3977 3999//3999 4018//4018
f 3959//3959 4034//4034 4013//4013
f 3961//3961 3957//3957 4054//4054
f 4047//4047 4008//4008 4032//4032
f 3966//3966 4033//4033 4051//4051
f 4016//4016 3986//3986 4023//4023
f 3851//3851 3904//3904 3985//3985
f 4047//4047 4025//4025 4039//4039
f 3904//3904 3946//3946 4127//4127
f 4022//4022 4019//4019 4026//4026
f 3942//3942 4004//4004 4007//4007
f 4046//4046 3960//3960 4047//4047
f 3975//3975 3966//3966 4030//4030
f 3989//3989 4019//4019 4022//4022
f 4011//4011 3989//3989 4022//4022
f 4002//4002 3936//3936 3990//3990
f 4029//4029 4030//4030 4031//4031
f 3932//3932 3895//3895 4028//4028
f 3975//3975 4030//4030 4029//4029
f 3946//3946 3980//3980 4035//4035
f 3919//3919 3975//3975 4028//4028
f 3992//3992 4012//4012 4109//4109
f 3928//3928 4000//4000 4036//4036
f 3976//3976 3996//3996 4006//4006
f 3991//3991 4027//4027 4050//4050
f 4037//4037 4127//4127 4038//4038
f 4040//4040 4041//4041 4042//4042
f 4003//4003 4024//4024 4056//4056
f 4033//4033 4023//4023 4043//4043
f 3951//3951 3991//3991 4073//4073
f 4009//4009 4020//4020 3911//3911
f 3979//3979 3928//3928 4036//4036
f 3983//3983 3974//3974 4001//4001
f 3947//3947 3992//3992 4014//4014
f 4073//4073 3991//3991 4050//4050
f 4036//4036 4044//4044 4045//4045
f 4000//4000 4010//4010 4044//4044
f 4065//4065 3951//3951 4073//4073
f 4033//4033 4016//4016 4023//4023
f 4017//4017 4002//4002 3990//3990
f 3983//3983 4001//4001 4017//4017
f 3983//3983 4017//4017 4068//4068
f 3978//3978 3964//3964 3990//3990
f 4027//4027 3981//3981 4003//4003
f 4050//4050 4027//4027 4049//4049
f 3929//3929 3957//3957 3962//3962
f 3993//3993 3932//3932 4008//4008
f 3932//3932 4028//4028 4008//4008
f 3986//3986 3983//3983 4068//4068
f 4010//4010 4014//4014 4044//4044
f 4036//4036 4000//4000 4044//4044
f 3973//3973 4018//4018 4053//4053
f 3952//3952 3987//3987 3988//3988
f 4047//4047 4039//4039 4046//4046
f 3998//3998 3992//3992 3947//3947
f 3994//3994 4002//4002 4034//4034
f 4029//4029 4021//4021 4028//4028
f 4051//4051 4033//4033 4058//4058
f 3961//3961 4054//4054 4055//4055
f 3975//3975 4029//4029 4028//4028
f 4034//4034 4002//4002 4013//4013
f 4001//4001 4002//4002 4017//4017
f 4023//4023 3986//3986 4043//4043
f 4002//4002 4001//4001 4013//4013
f 4027//4027 4003//4003 4056//4056
f 3964//3964 4011//4011 4048//4048
f 4011//4011 4022//4022 4048//4048
f 4012//4012 3969//3969 4042//4042
f 4039//4039 4004//4004 4046//4046
f 4030//4030 4051//4051 4057//4057
f 3980//3980 3973//3973 4035//4035
f 3976//3976 3931//3931 3996//3996
f 3962//3962 3961//3961 3997//3997
f 4035//4035 4053//4053 4069//4069
f 4043//4043 4059//4059 4060//4060
f 3879//3879 3931//3931 3976//3976
f 4009//4009 3979//3979 4020//4020
f 3996//3996 3931//3931 3984//3984
f 3929//3929 3930//3930 3957//3957
f 4017//4017 4062//4062 4068//4068
f 4008//4008 4021//4021 4032//4032
f 4048//4048 4061//4061 4115//4115
f 4062//4062 4115//4115 4159//4159
f 3911//3911 4020//4020 3995//3995
f 4044//4044 4014//4014 4063//4063
f 4026//4026 4019//4019 4015//4015
f 4051//4051 4058//4058 4064//4064
f 3999//3999 4070//4070 4018//4018
f 3973//3973 4053//4053 4035//4035
f 3999//3999 3982//3982 4006//4006
f 3982//3982 3976//3976 4006//4006
f 4048//4048 4115//4115 4062//4062
f 4021//4021 4008//4008 4028//4028
f 4033//4033 3966//3966 4016//4016
f 3941//3941 4027//4027 3991//3991
f 4032//4032 4066//4066 4085//4085
f 4024//4024 3997//3997 3961//3961
f 4048//4048 4022//4022 4061//4061
f 4022//4022 4026//4026 4061//4061
f 4024//4024 3961//3961 4055//4055
f 4056//4056 4024//4024 4067//4067
f 3996//3996 3984//3984 4005//4005
f 4020//4020 4096//4096 3995//3995
f 4024//4024 4055//4055 4067//4067
f 4015//4015 3988//3988 4065//4065
f 3946//3946 4035//4035 4038//4038
f 4007//4007 4039//4039 4052//4052
f 4007//4007 4004//4004 4039//4039
f 4056//4056 4067//4067 4071//4071
f 4080//4080 4064//4064 4058//4058
f 4073//4073 4100//4100 4102//4102
f 4057//4057 4097//4097 4137//4137
f 4026//4026 4015//4015 4074//4074
f 4070//4070 4006//4006 4078//4078
f 4096//4096 4020//4020 4172//4172
f 3985//3985 3904//3904 4072//4072
f 4031//4031 4030//4030 4057//4057
f 4073//4073 4050//4050 4100//4100
f 4015//4015 4081//4081 4074//4074
f 4057//4057 4051//4051 4064//4064
f 3979//3979 4045//4045 4075//4075
f 4066//4066 4031//4031 4094//4094
f 4025//4025 4085//4085 4076//4076
f 4050//4050 4049//4049 4100//4100
f 4007//4007 4052//4052 4088//4088
f 4071//4071 4067//4067 4077//4077
f 4006//4006 4005//4005 4078//4078
f 4049//4049 4056//4056 4071//4071
f 4049//4049 4071//4071 4079//4079
f 4032//4032 4085//4085 4025//4025
f 4065//4065 4073//4073 4124//4124
f 4041//4041 4040//4040 4091//4091
f 4059//4059 4043//4043 4083//4083
f 3984//3984 4007//4007 4088//4088
f 4085//4085 4084//4084 4086//4086
f 4071//4071 4077//4077 4079//4079
f 4067//4067 4055//4055 4082//4082
f 4032//4032 4021//4021 4066//4066
f 4073//4073 4102//4102 4095//4095
f 4055//4055 4054//4054 4082//4082
f 4038//4038 4035//4035 4069//4069
f 4021//4021 4029//4029 4031//4031
f 4052//4052 4039//4039 4087//4087
f 4031//4031 4057//4057 4094//4094
f 4014//4014 3992//3992 4109//4109
f 4052//4052 4103//4103 4088//4088
f 4054//4054 4089//4089 4082//4082
f 4098//4098 4005//4005 4088//4088
f 4077//4077 4067//4067 4099//4099
f 4053//4053 4018//4018 4070//4070
f 4127//4127 3946//3946 4038//4038
f 3969//3969 3985//3985 4042//4042
f 4072//4072 4127//4127 4136//4136
f 4105//4105 4098//4098 4088//4088
f 4025//4025 4076//4076 4090//4090
f 4074//4074 4113//4113 4107//4107
f 3957//3957 3995//3995 4089//4089
f 4049//4049 4027//4027 4056//4056
f 4092//4092 4086//4086 4093//4093
f 4076//4076 4085//4085 4086//4086
f 4021//4021 4031//4031 4066//4066
f 4057//4057 4093//4093 4094//4094
f 4067//4067 4082//4082 4099//4099
f 4005//4005 4098//4098 4078//4078
f 4081//4081 4065//4065 4124//4124
f 4093//4093 4084//4084 4094//4094
f 4058//4058 4060//4060 4080//4080
f 4005//4005 3984//3984 4088//4088
f 4097//4097 4057//4057 4080//4080
f 4053//4053 4070//4070 4078//4078
f 4085//4085 4066//4066 4084//4084
f 4079//4079 4077//4077 4129//4129
f 4089//4089 3995//3995 4096//4096
f 4054//4054 3957//3957 4089//4089
f 4084//4084 4066//4066 4094//4094
f 4049//4049 4121//4121 4100//4100
f 4069//4069 4098//4098 4106//4106
f 3985//3985 4040//4040 4042//4042
f 4040//4040 3985//3985 4072//4072
f 4047//4047 4032//4032 4025//4025
f 4092//4092 4093//4093 4101//4101
f 3969//3969 3998//3998 3933//3933
f 4020//4020 3979//3979 4075//4075
f 3904//3904 4127//4127 4072//4072
f 3986//3986 4068//4068 4043//4043
f 4061//4061 4026//4026 4074//4074
f 4080//4080 4060//4060 4111//4111
f 4069//4069 4078//4078 4098//4098
f 4115//4115 4061//4061 4107//4107
f 4069//4069 4053//4053 4078//4078
f 4037//4037 4038//4038 4108//4108
f 4092//4092 4110//4110 4128//4128
f 4075//4075 4045//4045 4139//4139
f 4112//4112 4097//4097 4171//4171
f 4124//4124 4073//4073 4095//4095
f 4171//4171 4111//4111 4113//4113
f 4058//4058 4033//4033 4060//4060
f 4105//4105 4088//4088 4103//4103
f 4129//4129 4077//4077 4099//4099
f 4108//4108 4105//4105 4114//4114
f 4098//4098 4105//4105 4106//4106
f 4038//4038 4069//4069 4106//4106
f 4014//4014 4109//4109 4063//4063
f 4101//4101 4093//4093 4137//4137
f 4090//4090 4076//4076 4116//4116
f 4121//4121 4079//4079 4117//4117
f 4118//4118 4101//4101 4119//4119
f 4042//4042 4041//4041 4125//4125
f 4092//4092 4101//4101 4123//4123
f 4097//4097 4111//4111 4171//4171
f 4062//4062 4159//4159 4104//4104
f 4125//4125 4041//4041 4120//4120
f 4060//4060 4059//4059 4111//4111
f 4097//4097 4080//4080 4111//4111
f 4049//4049 4079//4079 4121//4121
f 4059//4059 4083//4083 4132//4132
f 4123//4123 4118//4118 4126//4126
f 4057//4057 4064//4064 4080//4080
f 4101//4101 4118//4118 4123//4123
f 4086//4086 4084//4084 4093//4093
f 4041//4041 4091//4091 4120//4120
f 4039//4039 4025//4025 4087//4087
f 4126//4126 4118//4118 4119//4119
f 4043//4043 4068//4068 4083//4083
f 4012//4012 4125//4125 4165//4165
f 4072//4072 4136//4136 4149//4149
f 4116//4116 4076//4076 4128//4128
f 4057//4057 4137//4137 4093//4093
f 4074//4074 4081//4081 4113//4113
f 4075//4075 4170//4170 4167//4167
f 4061//4061 4074//4074 4107//4107
f 4103//4103 4052//4052 4087//4087
f 4100//4100 4131//4131 4135//4135
f 4122//4122 4130//4130 4144//4144
f 4110//4110 4145//4145 4161//4161
f 4122//4122 4081//4081 4130//4130
f 4101//4101 4137//4137 4119//4119
f 4115//4115 4107//4107 4132//4132
f 4087//4087 4025//4025 4090//4090
f 4087//4087 4090//4090 4138//4138
f 4095//4095 4102//4102 4134//4134
f 4079//4079 4129//4129 4117//4117
f 4159//4159 4115//4115 4132//4132
f 4059//4059 4107//4107 4113//4113
f 4125//4125 4120//4120 4165//4165
f 4045//4045 4044//4044 4152//4152
f 4020//4020 4075//4075 4172//4172
f 4139//4139 4045//4045 4152//4152
f 4040//4040 4072//4072 4149//4149
f 4104//4104 4159//4159 4083//4083
f 4105//4105 4108//4108 4106//4106
f 4137//4137 4097//4097 4112//4112
f 4090//4090 4116//4116 4138//4138
f 4038//4038 4106//4106 4108//4108
f 4103//4103 4087//4087 4138//4138
f 4123//4123 4126//4126 4148//4148
f 4068//4068 4062//4062 4104//4104
f 4076//4076 4086//4086 4092//4092
f 4112//4112 4171//4171 4141//4141
f 4012//4012 4042//4042 4125//4125
f 4091//4091 4040//4040 4149//4149
f 4137//4137 4112//4112 4119//4119
f 4063//4063 4109//4109 4175//4175
f 4033//4033 4043//4043 4060//4060
f 4128//4128 4110//4110 4161//4161
f 4144//4144 4130//4130 4134//4134
f 4110//4110 4092//4092 4123//4123
f 4107//4107 4059//4059 4132//4132
f 4083//4083 4068//4068 4104//4104
f 4129//4129 4099//4099 4140//4140
f 4102//4102 4100//4100 4135//4135
f 4124//4124 4095//4095 4130//4130
f 4089//4089 4096//4096 4133//4133
f 4082//4082 4089//4089 4133//4133
f 4171//4171 4113//4113 4146//4146
f 4151//4151 4082//4082 4133//4133
f 4112//4112 4141//4141 4147//4147
f 4110//4110 4123//4123 4148//4148
f 4149//4149 4155//4155 4150//4150
f 4111//4111 4059//4059 4113//4113
f 4156//4156 4140//4140 4151//4151
f 4075//4075 4139//4139 4170//4170
f 3979//3979 4036//4036 4045//4045
f 4063//4063 4175//4175 4152//4152
f 4130//4130 4095//4095 4134//4134
f 4153//4153 4135//4135 4190//4190
f 4113//4113 4081//4081 4122//4122
f 4155//4155 4149//4149 4179//4179
f 4129//4129 4140//4140 4154//4154
f 4099//4099 4082//4082 4151//4151
f 4117//4117 4129//4129 4154//4154
f 4172//4172 4075//4075 4167//4167
f 4109//4109 4012//4012 4165//4165
f 4152//4152 4175//4175 4158//4158
f 4131//4131 4121//4121 4178//4178
f 4083//4083 4159//4159 4132//4132
f 4119//4119 4112//4112 4183//4183
f 4160//4160 4037//4037 4108//4108
f 4162//4162 4163//4163 4164//4164
f 4143//4143 4161//4161 4164//4164
f 4138//4138 4116//4116 4143//4143
f 4168//4168 4120//4120 4169//4169
f 4044//4044 4063//4063 4152//4152
f 4126//4126 4119//4119 4183//4183
f 4149//4149 4150//4150 4091//4091
f 4186//4186 4139//4139 4173//4173
f 4163//4163 4162//4162 4174//4174
f 4162//4162 4177//4177 4174//4174
f 4162//4162 4164//4164 4177//4177
f 4175//4175 4109//4109 4165//4165
f 4148//4148 4126//4126 4183//4183
f 4076//4076 4092//4092 4128//4128
f 4117//4117 4192//4192 4178//4178
f 4139//4139 4152//4152 4158//4158
f 4120//4120 4150//4150 4169//4169
f 4143//4143 4116//4116 4161//4161
f 4136//4136 4037//4037 4179//4179
f 4165//4165 4120//4120 4168//4168
f 4163//4163 4174//4174 4188//4188
f 4181//4181 4189//4189 4184//4184
f 4113//4113 4122//4122 4146//4146
f 4149//4149 4136//4136 4179//4179
f 4174//4174 4177//4177 4182//4182
f 4134//4134 4102//4102 4135//4135
f 4170//4170 4139//4139 4186//4186
f 4142//4142 4096//4096 4172//4172
f 4173//4173 4139//4139 4158//4158
f 4116//4116 4128//4128 4161//4161
f 4177//4177 4164//4164 4181//4181
f 4155//4155 4179//4179 4208//4208
f 4081//4081 4124//4124 4130//4130
f 4177//4177 4193//4193 4182//4182
f 4177//4177 4181//4181 4184//4184
f 4114//4114 4105//4105 4103//4103
f 4164//4164 4161//4161 4181//4181
f 4181//4181 4145//4145 4189//4189
f 4190//4190 4135//4135 4131//4131
f 4037//4037 4160//4160 4179//4179
f 4144//4144 4134//4134 4153//4153
f 4138//4138 4143//4143 4176//4176
f 4117//4117 4154//4154 4192//4192
f 4112//4112 4147//4147 4183//4183
f 4100//4100 4121//4121 4131//4131
f 4177//4177 4184//4184 4193//4193
f 4114//4114 4176//4176 4163//4163
f 4164//4164 4163//4163 4176//4176
f 4140//4140 4157//4157 4154//4154
f 4168//4168 4169//4169 4218//4218
f 4133//4133 4142//4142 4194//4194
f 4142//4142 4172//4172 4185//4185
f 4176//4176 4114//4114 4103//4103
f 4103//4103 4138//4138 4176//4176
f 4188//4188 4174//4174 4187//4187
f 4172//4172 4167//4167 4166//4166
f 4146//4146 4122//4122 4144//4144
f 4108//4108 4114//4114 4160//4160
f 4145//4145 4110//4110 4148//4148
f 4172//4172 4166//4166 4185//4185
f 4166//4166 4167//4167 4206//4206
f 4127//4127 4037//4037 4136//4136
f 4133//4133 4096//4096 4142//4142
f 4140//4140 4099//4099 4151//4151
f 4175//4175 4165//4165 4196//4196
f 4147//4147 4153//4153 4190//4190
f 4143//4143 4164//4164 4176//4176
f 4165//4165 4218//4218 4223//4223
f 4131//4131 4225//4225 4190//4190
f 4160//4160 4114//4114 4188//4188
f 4121//4121 4117//4117 4178//4178
f 4158//4158 4175//4175 4191//4191
f 4187//4187 4174//4174 4182//4182
f 4114//4114 4163//4163 4188//4188
f 4170//4170 4186//4186 4167//4167
f 4213//4213 4185//4185 4180//4180
f 4161//4161 4145//4145 4181//4181
f 4195//4195 4175//4175 4196//4196
f 4189//4189 4145//4145 4200//4200
f 4147//4147 4141//4141 4153//4153
f 4147//4147 4190//4190 4214//4214
f 4179//4179 4160//4160 4188//4188
f 4191//4191 4175//4175 4195//4195
f 4178//4178 4192//4192 4197//4197
f 4193//4193 4198//4198 4202//4202
f 4142//4142 4185//4185 4213//4213
f 4182//4182 4193//4193 4202//4202
f 4148//4148 4183//4183 4199//4199
f 4150//4150 4120//4120 4091//4091
f 4144//4144 4153//4153 4141//4141
f 4154//4154 4157//4157 4204//4204
f 4193//4193 4184//4184 4200//4200
f 4199//4199 4183//4183 4227//4227
f 4153//4153 4134//4134 4135//4135
f 4202//4202 4198//4198 4220//4220
f 4141//4141 4171//4171 4146//4146
f 4184//4184 4189//4189 4200//4200
f 4165//4165 4168//4168 4218//4218
f 4144//4144 4141//4141 4146//4146
f 4200//4200 4145//4145 4199//4199
f 4155//4155 4201//4201 4169//4169
f 4198//4198 4193//4193 4200//4200
f 4151//4151 4133//4133 4194//4194
f 4192//4192 4154//4154 4204//4204
f 4213//4213 4180//4180 4205//4205
f 4194//4194 4142//4142 4213//4213
f 4185//4185 4166//4166 4180//4180
f 4145//4145 4148//4148 4199//4199
f 4167//4167 4186//4186 4206//4206
f 4201//4201 4208//4208 4229//4229
f 4204//4204 4157//4157 4207//4207
f 4131//4131 4178//4178 4197//4197
f 4209//4209 4210//4210 4250//4250
f 4157//4157 4156//4156 4211//4211
f 4197//4197 4204//4204 4212//4212
f 4218//4218 4169//4169 4239//4239
f 4225//4225 4131//4131 4197//4197
f 4183//4183 4147//4147 4214//4214
f 4196//4196 4165//4165 4223//4223
f 4155//4155 4208//4208 4201//4201
f 4180//4180 4166//4166 4238//4238
f 4206//4206 4186//4186 4217//4217
f 4209//4209 4194//4194 4213//4213
f 4150//4150 4155//4155 4169//4169
f 4173//4173 4158//4158 4245//4245
f 4197//4197 4192//4192 4204//4204
f 4220//4220 4198//4198 4215//4215
f 4226//4226 4187//4187 4216//4216
f 4180//4180 4238//4238 4219//4219
f 4232//4232 4202//4202 4220//4220
f 4207//4207 4157//4157 4221//4221
f 4157//4157 4211//4211 4221//4221
f 4179//4179 4188//4188 4222//4222
f 4208//4208 4179//4179 4222//4222
f 4200//4200 4199//4199 4230//4230
f 4191//4191 4195//4195 4234//4234
f 4197//4197 4212//4212 4225//4225
f 4205//4205 4180//4180 4219//4219
f 4183//4183 4214//4214 4227//4227
f 4214//4214 4190//4190 4225//4225
f 4186//4186 4173//4173 4217//4217
f 4245//4245 4158//4158 4224//4224
f 4212//4212 4228//4228 4236//4236
f 4218//4218 4239//4239 4223//4223
f 4151//4151 4194//4194 4209//4209
f 4198//4198 4200//4200 4215//4215
f 4156//4156 4209//4209 4211//4211
f 4217//4217 4173//4173 4245//4245
f 4182//4182 4202//4202 4216//4216
f 4156//4156 4151//4151 4209//4209
f 4188//4188 4187//4187 4222//4222
f 4201//4201 4229//4229 4231//4231
f 4204//4204 4207//4207 4212//4212
f 4200//4200 4230//4230 4215//4215
f 4187//4187 4182//4182 4216//4216
f 4196//4196 4223//4223 4244//4244
f 4230//4230 4199//4199 4227//4227
f 4169//4169 4201//4201 4231//4231
f 4195//4195 4196//4196 4203//4203
f 4239//4239 4169//4169 4231//4231
f 4213//4213 4205//4205 4210//4210
f 4217//4217 4245//4245 4233//4233
f 4158//4158 4191//4191 4224//4224
f 4234//4234 4195//4195 4254//4254
f 4212//4212 4236//4236 4235//4235
f 4225//4225 4212//4212 4235//4235
f 4248//4248 4209//4209 4260//4260
f 4211//4211 4209//4209 4248//4248
f 4166//4166 4206//4206 4238//4238
f 4230//4230 4235//4235 4236//4236
f 4220//4220 4215//4215 4237//4237
f 4209//4209 4250//4250 4260//4260
f 4215//4215 4230//4230 4236//4236
f 4222//4222 4187//4187 4226//4226
f 4216//4216 4202//4202 4232//4232
f 4229//4229 4208//4208 4277//4277
f 4195//4195 4203//4203 4254//4254
f 4219//4219 4238//4238 4279//4279
f 4230//4230 4227//4227 4235//4235
f 4245//4245 4224//4224 4255//4255
f 4210//4210 4209//4209 4213//4213
f 4237//4237 4215//4215 4236//4236
f 4191//4191 4234//4234 4224//4224
f 4217//4217 4233//4233 4246//4246
f 4232//4232 4220//4220 4237//4237
f 4227//4227 4214//4214 4225//4225
f 4227//4227 4225//4225 4235//4235
f 4140//4140 4156//4156 4157//4157
f 4255//4255 4224//4224 4242//4242
f 4244//4244 4223//4223 4243//4243
f 4203//4203 4196//4196 4244//4244
f 4277//4277 4208//4208 4222//4222
f 4206//4206 4217//4217 4246//4246
f 4242//4242 4234//4234 4254//4254
f 4212//4212 4207//4207 4228//4228
f 4223//4223 4241//4241 4243//4243
f 4221//4221 4211//4211 4248//4248
f 4222//4222 4226//4226 4253//4253
f 4206//4206 4246//4246 4256//4256
f 4240//4240 4231//4231 4271//4271
f 4239//4239 4240//4240 4241//4241
f 4228//4228 4207//4207 4276//4276
f 4246//4246 4233//4233 4261//4261
f 4241//4241 4240//4240 4252//4252
f 4216//4216 4253//4253 4226//4226
f 4238//4238 4206//4206 4256//4256
f 4256//4256 4246//4246 4261//4261
f 4251//4251 4243//4243 4285//4285
f 4216//4216 4232//4232 4253//4253
f 4247//4247 4245//4245 4255//4255
f 4239//4239 4241//4241 4223//4223
f 4205//4205 4219//4219 4210//4210
f 4244//4244 4243//4243 4251//4251
f 4249//4249 4232//4232 4257//4257
f 4203//4203 4244//4244 4251//4251
f 4239//4239 4231//4231 4240//4240
f 4258//4258 4259//4259 4260//4260
f 4210//4210 4219//4219 4270//4270
f 4219//4219 4279//4279 4270//4270
f 4256//4256 4261//4261 4275//4275
f 4254//4254 4203//4203 4262//4262
f 4252//4252 4240//4240 4263//4263
f 4257//4257 4264//4264 4286//4286
f 4262//4262 4251//4251 4265//4265
f 4292//4292 4249//4249 4257//4257
f 4253//4253 4232//4232 4249//4249
f 4264//4264 4257//4257 4237//4237
f 4259//4259 4258//4258 4267//4267
f 4254//4254 4262//4262 4268//4268
f 4277//4277 4222//4222 4253//4253
f 4245//4245 4247//4247 4266//4266
f 4243//4243 4252//4252 4288//4288
f 4221//4221 4248//4248 4259//4259
f 4207//4207 4221//4221 4276//4276
f 4236//4236 4228//4228 4237//4237
f 4257//4257 4232//4232 4237//4237
f 4250//4250 4210//4210 4270//4270
f 4229//4229 4277//4277 4231//4231
f 4277//4277 4253//4253 4272//4272
f 4266//4266 4273//4273 4274//4274
f 4203//4203 4251//4251 4262//4262
f 4238//4238 4256//4256 4275//4275
f 4272//4272 4253//4253 4292//4292
f 4250//4250 4270//4270 4269//4269
f 4247//4247 4255//4255 4273//4273
f 4231//4231 4277//4277 4271//4271
f 4240//4240 4271//4271 4263//4263
f 4253//4253 4249//4249 4292//4292
f 4224//4224 4234//4234 4242//4242
f 4276//4276 4267//4267 4228//4228
f 4221//4221 4259//4259 4276//4276
f 4233//4233 4245//4245 4266//4266
f 4259//4259 4248//4248 4260//4260
f 4269//4269 4270//4270 4291//4291
f 4243//4243 4241//4241 4252//4252
f 4275//4275 4261//4261 4298//4298
f 4259//4259 4267//4267 4276//4276
f 4257//4257 4286//4286 4280//4280
f 4262//4262 4265//4265 4268//4268
f 4254//4254 4268//4268 4281//4281
f 4263//4263 4271//4271 4282//4282
f 4257//4257 4280//4280 4283//4283
f 4260//4260 4250//4250 4269//4269
f 4266//4266 4274//4274 4284//4284
f 4252//4252 4263//4263 4288//4288
f 4228//4228 4267//4267 4237//4237
f 4238//4238 4275//4275 4279//4279
f 4292//4292 4257//4257 4283//4283
f 4266//4266 4247//4247 4273//4273
f 4267//4267 4264//4264 4237//4237
f 4233//4233 4266//4266 4284//4284
f 4279//4279 4275//4275 4290//4290
f 4272//4272 4271//4271 4277//4277
f 4243//4243 4288//4288 4289//4289
f 4287//4287 4251//4251 4285//4285
f 4242//4242 4254//4254 4281//4281
f 4278//4278 4284//4284 4331//4331
f 4270//4270 4290//4290 4291//4291
f 4261//4261 4233//4233 4278//4278
f 4243//4243 4289//4289 4285//4285
f 4290//4290 4275//4275 4294//4294
f 4265//4265 4251//4251 4287//4287
f 4255//4255 4242//4242 4273//4273
f 4270//4270 4279//4279 4290//4290
f 4264//4264 4258//4258 4286//4286
f 4242//4242 4281//4281 4273//4273
f 4258//4258 4264//4264 4267//4267
f 4296//4296 4269//4269 4291//4291
f 4261//4261 4278//4278 4298//4298
f 4275//4275 4298//4298 4294//4294
f 4265//4265 4287//4287 4295//4295
f 4288//4288 4263//4263 4324//4324
f 4298//4298 4278//4278 4331//4331
f 4292//4292 4283//4283 4293//4293
f 4258//4258 4269//4269 4301//4301
f 4268//4268 4265//4265 4295//4295
f 4291//4291 4313//4313 4296//4296
f 4260//4260 4269//4269 4258//4258
f 4287//4287 4285//4285 4299//4299
f 4281//4281 4268//4268 4308//4308
f 4281//4281 4308//4308 4310//4310
f 4293//4293 4283//4283 4300//4300
f 4328//4328 4302//4302 4345//4345
f 4280//4280 4286//4286 4301//4301
f 4271//4271 4272//4272 4282//4282
f 4291//4291 4297//4297 4314//4314
f 4263//4263 4282//4282 4324//4324
f 4313//4313 4291//4291 4314//4314
f 4308//4308 4268//4268 4306//4306
f 4286//4286 4258//4258 4301//4301
f 4294//4294 4298//4298 4320//4320
f 4272//4272 4292//4292 4307//4307
f 4274//4274 4273//4273 4309//4309
f 4297//4297 4294//4294 4320//4320
f 4303//4303 4310//4310 4311//4311
f 4268//4268 4295//4295 4306//4306
f 4324//4324 4282//4282 4305//4305
f 4311//4311 4308//4308 4312//4312
f 4298//4298 4331//4331 4329//4329
f 4278//4278 4233//4233 4284//4284
f 4320//4320 4298//4298 4329//4329
f 4274//4274 4309//4309 4315//4315
f 4284//4284 4274//4274 4315//4315
f 4299//4299 4316//4316 4317//4317
f 4304//4304 4305//4305 4307//4307
f 4273//4273 4281//4281 4310//4310
f 4317//4317 4316//4316 4339//4339
f 4312//4312 4308//4308 4325//4325
f 4291//4291 4290//4290 4297//4297
f 4290//4290 4294//4294 4297//4297
f 4295//4295 4317//4317 4319//4319
f 4331//4331 4284//4284 4315//4315
f 4269//4269 4296//4296 4301//4301
f 4288//4288 4324//4324 4289//4289
f 4310//4310 4308//4308 4311//4311
f 4309//4309 4273//4273 4303//4303
f 4304//4304 4307//4307 4293//4293
f 4296//4296 4313//4313 4321//4321
f 4303//4303 4273//4273 4310//4310
f 4283//4283 4280//4280 4300//4300
f 4311//4311 4340//4340 4322//4322
f 4295//4295 4287//4287 4317//4317
f 4306//4306 4295//4295 4318//4318
f 4327//4327 4315//4315 4323//4323
f 4301//4301 4296//4296 4321//4321
f 4285//4285 4289//4289 4299//4299
f 4303//4303 4311//4311 4322//4322
f 4300//4300 4321//4321 4347//4347
f 4321//4321 4280//4280 4301//4301
f 4297//4297 4341//4341 4343//4343
f 4318//4318 4295//4295 4319//4319
f 4287//4287 4299//4299 4317//4317
f 4316//4316 4299//4299 4328//4328
f 4300//4300 4280//4280 4321//4321
f 4314//4314 4297//4297 4343//4343
f 4323//4323 4315//4315 4309//4309
f 4313//4313 4314//4314 4347//4347
f 4304//4304 4326//4326 4337//4337
f 4311//4311 4312//4312 4335//4335
f 4321//4321 4313//4313 4347//4347
f 4300//4300 4347//4347 4358//4358
f 4318//4318 4319//4319 4330//4330
f 4315//4315 4327//4327 4331//4331
f 4299//4299 4289//4289 4328//4328
f 4293//4293 4300//4300 4326//4326
f 4309//4309 4303//4303 4322//4322
f 4297//4297 4320//4320 4341//4341
f 4289//4289 4324//4324 4302//4302
f 4326//4326 4300//4300 4358//4358
f 4319//4319 4317//4317 4330//4330
f 4282//4282 4272//4272 4307//4307
f 4308//4308 4306//4306 4325//4325
f 4330//4330 4317//4317 4342//4342
f 4323//4323 4322//4322 4355//4355
f 4306//4306 4318//4318 4325//4325
f 4309//4309 4322//4322 4323//4323
f 4320//4320 4329//4329 4336//4336
f 4304//4304 4293//4293 4326//4326
f 4305//4305 4282//4282 4307//4307
f 4322//4322 4340//4340 4355//4355
f 4312//4312 4325//4325 4335//4335
f 4326//4326 4358//4358 4334//4334
f 4317//4317 4339//4339 4342//4342
f 4302//4302 4328//4328 4289//4289
f 4331//4331 4333//4333 4336//4336
f 4318//4318 4330//4330 4344//4344
f 4341//4341 4320//4320 4336//4336
f 4302//4302 4324//4324 4305//4305
f 4329//4329 4331//4331 4336//4336
f 4307//4307 4292//4292 4293//4293
f 4318//4318 4344//4344 4325//4325
f 4338//4338 4327//4327 4323//4323
f 4347//4347 4314//4314 4343//4343
f 4316//4316 4328//4328 4345//4345
f 4304//4304 4332//4332 4305//4305
f 4335//4335 4325//4325 4366//4366
f 4344//4344 4330//4330 4342//4342
f 4333//4333 4331//4331 4327//4327
f 4311//4311 4335//4335 4348//4348
f 4339//4339 4316//4316 4345//4345
f 4340//4340 4311//4311 4348//4348
f 4343//4343 4341//4341 4363//4363
f 4434//4434 4349//4349 4342//4342
f 4337//4337 4334//4334 4351//4351
f 4343//4343 4363//4363 4352//4352
f 4333//4333 4327//4327 4364//4364
f 4327//4327 4338//4338 4364//4364
f 4346//4346 4333//4333 4360//4360
f 4304//4304 4337//4337 4332//4332
f 4342//4342 4339//4339 4383//4383
f 4340//4340 4354//4354 4355//4355
f 4340//4340 4348//4348 4357//4357
f 4348//4348 4335//4335 4357//4357
f 4363//4363 4341//4341 4377//4377
f 4325//4325 4344//4344 4366//4366
f 4345//4345 4382//4382 4359//4359
f 4326//4326 4334//4334 4337//4337
f 4345//4345 4302//4302 4382//4382
f 4336//4336 4333//4333 4346//4346
f 4354//4354 4340//4340 4357//4357
f 4357//4357 4335//4335 4362//4362
f 4339//4339 4345//4345 4359//4359
f 4302//4302 4356//4356 4382//4382
f 4342//4342 4349//4349 4350//4350
f 4347//4347 4343//4343 4367//4367
f 4336//4336 4346//4346 4377//4377
f 4344//4344 4350//4350 4366//4366
f 4358//4358 4347//4347 4367//4367
f 4362//4362 4335//4335 4385//4385
f 4334//4334 4358//4358 4367//4367
f 4408//4408 4354//4354 4365//4365
f 4302//4302 4305//4305 4356//4356
f 4368//4368 4371//4371 4380//4380
f 4341//4341 4336//4336 4377//4377
f 4355//4355 4354//4354 4361//4361
f 4369//4369 4371//4371 4368//4368
f 4369//4369 4368//4368 4392//4392
f 4351//4351 4334//4334 4367//4367
f 4371//4371 4370//4370 4393//4393
f 4366//4366 4350//4350 4372//4372
f 4354//4354 4357//4357 4365//4365
f 4344//4344 4342//4342 4350//4350
f 4333//4333 4364//4364 4360//4360
f 4305//4305 4332//4332 4356//4356
f 4343//4343 4352//4352 4367//4367
f 4374//4374 4370//4370 4375//4375
f 4371//4371 4369//4369 4370//4370
f 4375//4375 4370//4370 4376//4376
f 4371//4371 4393//4393 4384//4384
f 4376//4376 4370//4370 4369//4369
f 4385//4385 4366//4366 4378//4378
f 4352//4352 4363//4363 4387//4387
f 4393//4393 4370//4370 4381//4381
f 4353//4353 4355//4355 4361//4361
f 4373//4373 4337//4337 4351//4351
f 4332//4332 4337//4337 4373//4373
f 4323//4323 4355//4355 4353//4353
f 4350//4350 4349//4349 4372//4372
f 4362//4362 4385//4385 4396//4396
f 4384//4384 4393//4393 4386//4386
f 4408//4408 4365//4365 4449//4449
f 4387//4387 4429//4429 4439//4439
f 4378//4378 4428//4428 4396//4396
f 4380//4380 4371//4371 4384//4384
f 4361//4361 4354//4354 4408//4408
f 4434//4434 4342//4342 4383//4383
f 4339//4339 4359//4359 4383//4383
f 4397//4397 4388//4388 4379//4379
f 4380//4380 4384//4384 4398//4398
f 4368//4368 4379//4379 4389//4389
f 4374//4374 4390//4390 4391//4391
f 4373//4373 4351//4351 4439//4439
f 4366//4366 4372//4372 4394//4394
f 4390//4390 4395//4395 4423//4423
f 4346//4346 4360//4360 4409//4409
f 4382//4382 4356//4356 4406//4406
f 4381//4381 4374//4374 4391//4391
f 4338//4338 4323//4323 4353//4353
f 4449//4449 4365//4365 4432//4432
f 4368//4368 4380//4380 4379//4379
f 4374//4374 4375//4375 4395//4395
f 4365//4365 4357//4357 4362//4362
f 4351//4351 4352//4352 4439//4439
f 4376//4376 4369//4369 4392//4392
f 4364//4364 4410//4410 4400//4400
f 4384//4384 4386//4386 4398//4398
f 4338//4338 4353//4353 4364//4364
f 4332//4332 4373//4373 4402//4402
f 4379//4379 4380//4380 4397//4397
f 4385//4385 4378//4378 4396//4396
f 4380//4380 4431//4431 4397//4397
f 4368//4368 4389//4389 4392//4392
f 4377//4377 4346//4346 4409//4409
f 4398//4398 4386//4386 4419//4419
f 4385//4385 4335//4335 4366//4366
f 4386//4386 4444//4444 4404//4404
f 4380//4380 4398//4398 4431//4431
f 4375//4375 4376//4376 4395//4395
f 4352//4352 4387//4387 4439//4439
f 4386//4386 4393//4393 4405//4405
f 4356//4356 4332//4332 4406//4406
f 4381//4381 4370//4370 4374//4374
f 4378//4378 4366//4366 4394//4394
f 4406//4406 4402//4402 4407//4407
f 4364//4364 4353//4353 4410//4410
f 4351//4351 4367//4367 4352//4352
f 4394//4394 4372//4372 4403//4403
f 4431//4431 4398//4398 4419//4419
f 4395//4395 4376//4376 4411//4411
f 4409//4409 4360//4360 4400//4400
f 4360//4360 4364//4364 4400//4400
f 4372//4372 4349//4349 4403//4403
f 4405//4405 4413//4413 4416//4416
f 4403//4403 4349//4349 4447//4447
f 4383//4383 4418//4418 4414//4414
f 4383//4383 4414//4414 4434//4434
f 4378//4378 4394//4394 4415//4415
f 4381//4381 4391//4391 4413//4413
f 4363//4363 4377//4377 4387//4387
f 4390//4390 4374//4374 4395//4395
f 4362//4362 4396//4396 4432//4432
f 4359//4359 4382//4382 4418//4418
f 4423//4423 4395//4395 4412//4412
f 4386//4386 4404//4404 4419//4419
f 4353//4353 4361//4361 4399//4399
f 4402//4402 4373//4373 4420//4420
f 4399//4399 4361//4361 4458//4458
f 4383//4383 4359//4359 4418//4418
f 4410//4410 4353//4353 4399//4399
f 4332//4332 4402//4402 4406//4406
f 4432//4432 4396//4396 4422//4422
f 4393//4393 4381//4381 4413//4413
f 4349//4349 4434//4434 4447//4447
f 4392//4392 4389//4389 4401//4401
f 4395//4395 4411//4411 4412//4412
f 4425//4425 4426//4426 4427//4427
f 4419//4419 4404//4404 4471//4471
f 4390//4390 4423//4423 4443//4443
f 4422//4422 4396//4396 4428//4428
f 4405//4405 4393//4393 4413//4413
f 4413//4413 4391//4391 4417//4417
f 4405//4405 4416//4416 4430//4430
f 4424//4424 4409//4409 4475//4475
f 4415//4415 4403//4403 4435//4435
f 4429//4429 4387//4387 4436//4436
f 4408//4408 4451//4451 4421//4421
f 4377//4377 4409//4409 4424//4424
f 4361//4361 4408//4408 4421//4421
f 4411//4411 4401//4401 4438//4438
f 4365//4365 4362//4362 4432//4432
f 4410//4410 4399//4399 4469//4469
f 4379//4379 4388//4388 4425//4425
f 4391//4391 4390//4390 4437//4437
f 4416//4416 4417//4417 4440//4440
f 4387//4387 4377//4377 4424//4424
f 4390//4390 4443//4443 4437//4437
f 4415//4415 4485//4485 4441//4441
f 4458//4458 4421//4421 4505//4505
f 4418//4418 4382//4382 4442//4442
f 4394//4394 4403//4403 4415//4415
f 4434//4434 4414//4414 4459//4459
f 4373//4373 4439//4439 4420//4420
f 4444//4444 4386//4386 4405//4405
f 4431//4431 4446//4446 4397//4397
f 4417//4417 4391//4391 4437//4437
f 4475//4475 4400//4400 4464//4464
f 4405//4405 4430//4430 4444//4444
f 4432//4432 4445//4445 4449//4449
f 4388//4388 4397//4397 4446//4446
f 4400//4400 4410//4410 4464//4464
f 4418//4418 4450//4450 4414//4414
f 4409//4409 4400//4400 4475//4475
f 4392//4392 4401//4401 4411//4411
f 4425//4425 4388//4388 4448//4448
f 4437//4437 4443//4443 4468//4468
f 4416//4416 4413//4413 4417//4417
f 4435//4435 4447//4447 4470//4470
f 4387//4387 4424//4424 4436//4436
f 4382//4382 4406//4406 4442//4442
f 4430//4430 4416//4416 4440//4440
f 4403//4403 4447//4447 4435//4435
f 4420//4420 4439//4439 4429//4429
f 4428//4428 4378//4378 4415//4415
f 4425//4425 4427//4427 4452//4452
f 4453//4453 4437//4437 4454//4454
f 4417//4417 4437//4437 4453//4453
f 4408//4408 4449//4449 4451//4451
f 4401//4401 4389//4389 4452//4452
f 4422//4422 4428//4428 4514//4514
f 4428//4428 4441//4441 4514//4514
f 4432//4432 4422//4422 4455//4455
f 4412//4412 4411//4411 4457//4457
f 4399//4399 4458//4458 4469//4469
f 4431//4431 4419//4419 4461//4461
f 4459//4459 4414//4414 4460//4460
f 4430//4430 4440//4440 4462//4462
f 4406//4406 4407//4407 4442//4442
f 4446//4446 4431//4431 4461//4461
f 4440//4440 4417//4417 4453//4453
f 4436//4436 4424//4424 4465//4465
f 4411//4411 4438//4438 4466//4466
f 4455//4455 4422//4422 4456//4456
f 4470//4470 4447//4447 4467//4467
f 4445//4445 4455//4455 4528//4528
f 4463//4463 4442//4442 4504//4504
f 4410//4410 4469//4469 4464//4464
f 4437//4437 4468//4468 4454//4454
f 4491//4491 4517//4517 4471//4471
f 4422//4422 4514//4514 4456//4456
f 4451//4451 4449//4449 4445//4445
f 4424//4424 4475//4475 4465//4465
f 4430//4430 4462//4462 4472//4472
f 4464//4464 4474//4474 4475//4475
f 4481//4481 4451//4451 4445//4445
f 4450//4450 4442//4442 4463//4463
f 4418//4418 4442//4442 4450//4450
f 4528//4528 4455//4455 4476//4476
f 4426//4426 4425//4425 4448//4448
f 4451//4451 4481//4481 4477//4477
f 4442//4442 4407//4407 4504//4504
f 4438//4438 4401//4401 4452//4452
f 4434//4434 4459//4459 4447//4447
f 4473//4473 4453//4453 4454//4454
f 4415//4415 4435//4435 4485//4485
f 4481//4481 4445//4445 4486//4486
f 4476//4476 4455//4455 4478//4478
f 4419//4419 4471//4471 4461//4461
f 4429//4429 4436//4436 4499//4499
f 4421//4421 4451//4451 4477//4477
f 4458//4458 4361//4361 4421//4421
f 4461//4461 4479//4479 4480//4480
f 4473//4473 4531//4531 4496//4496
f 4477//4477 4481//4481 4521//4521
f 4476//4476 4478//4478 4482//4482
f 4389//4389 4379//4379 4425//4425
f 4473//4473 4454//4454 4483//4483
f 4506//4506 4427//4427 4564//4564
f 4460//4460 4414//4414 4450//4450
f 4468//4468 4443//4443 4490//4490
f 4457//4457 4411//4411 4466//4466
f 4402//4402 4420//4420 4488//4488
f 4412//4412 4457//4457 4510//4510
f 4455//4455 4456//4456 4478//4478
f 4457//4457 4466//4466 4489//4489
f 4404//4404 4491//4491 4471//4471
f 4446//4446 4461//4461 4480//4480
f 4423//4423 4412//4412 4433//4433
f 4484//4484 4450//4450 4526//4526
f 4438//4438 4452//4452 4506//4506
f 4461//4461 4492//4492 4493//4493
f 4454//4454 4468//4468 4483//4483
f 4490//4490 4433//4433 4559//4559
f 4404//4404 4444//4444 4491//4491
f 4448//4448 4446//4446 4480//4480
f 4376//4376 4392//4392 4411//4411
f 4464//4464 4469//4469 4474//4474
f 4407//4407 4402//4402 4488//4488
f 4440//4440 4473//4473 4496//4496
f 4472//4472 4462//4462 4498//4498
f 4478//4478 4456//4456 4500//4500
f 4388//4388 4446//4446 4448//4448
f 4456//4456 4514//4514 4500//4500
f 4435//4435 4470//4470 4494//4494
f 4483//4483 4468//4468 4490//4490
f 4488//4488 4420//4420 4501//4501
f 4458//4458 4505//4505 4487//4487
f 4412//4412 4510//4510 4518//4518
f 4443//4443 4433//4433 4490//4490
f 4469//4469 4458//4458 4487//4487
f 4510//4510 4457//4457 4489//4489
f 4502//4502 4503//4503 4611//4611
f 4460//4460 4450//4450 4523//4523
f 4441//4441 4485//4485 4520//4520
f 4531//4531 4473//4473 4497//4497
f 4509//4509 4485//4485 4494//4494
f 4444//4444 4472//4472 4491//4491
f 4440//4440 4496//4496 4495//4495
f 4486//4486 4548//4548 4557//4557
f 4420//4420 4429//4429 4499//4499
f 4504//4504 4407//4407 4488//4488
f 4440//4440 4453//4453 4473//4473
f 4467//4467 4459//4459 4460//4460
f 4501//4501 4499//4499 4507//4507
f 4428//4428 4415//4415 4441//4441
f 4461//4461 4471//4471 4492//4492
f 4450//4450 4484//4484 4523//4523
f 4517//4517 4491//4491 4515//4515
f 4463//4463 4504//4504 4508//4508
f 4507//4507 4512//4512 4513//4513
f 4452//4452 4427//4427 4506//4506
f 4462//4462 4440//4440 4495//4495
f 4482//4482 4478//4478 4500//4500
f 4436//4436 4465//4465 4507//4507
f 4483//4483 4490//4490 4516//4516
f 4511//4511 4470//4470 4554//4554
f 4450//4450 4463//4463 4526//4526
f 4507//4507 4465//4465 4512//4512
f 4420//4420 4499//4499 4501//4501
f 4433//4433 4412//4412 4518//4518
f 4485//4485 4519//4519 4520//4520
f 4389//4389 4425//4425 4452//4452
f 4553//4553 4477//4477 4521//4521
f 4470//4470 4467//4467 4554//4554
f 4445//4445 4432//4432 4455//4455
f 4462//4462 4495//4495 4522//4522
f 4467//4467 4460//4460 4523//4523
f 4448//4448 4480//4480 4524//4524
f 4475//4475 4474//4474 4525//4525
f 4598//4598 4559//4559 4584//4584
f 4485//4485 4435//4435 4494//4494
f 4421//4421 4477//4477 4505//4505
f 4471//4471 4517//4517 4492//4492
f 4501//4501 4507//4507 4513//4513
f 4521//4521 4481//4481 4557//4557
f 4492//4492 4529//4529 4530//4530
f 4494//4494 4470//4470 4511//4511
f 4479//4479 4461//4461 4493//4493
f 4491//4491 4472//4472 4515//4515
f 4499//4499 4436//4436 4507//4507
f 4514//4514 4441//4441 4520//4520
f 4515//4515 4498//4498 4537//4537
f 4496//4496 4531//4531 4536//4536
f 4496//4496 4536//4536 4539//4539
f 4531//4531 4497//4497 4578//4578
f 4495//4495 4496//4496 4540//4540
f 4465//4465 4475//4475 4525//4525
f 4509//4509 4494//4494 4579//4579
f 4426//4426 4448//4448 4524//4524
f 4480//4480 4479//4479 4533//4533
f 4540//4540 4541//4541 4542//4542
f 4540//4540 4542//4542 4543//4543
f 4445//4445 4528//4528 4548//4548
f 4479//4479 4493//4493 4533//4533
f 4488//4488 4501//4501 4504//4504
f 4522//4522 4540//4540 4543//4543
f 4540//4540 4539//4539 4541//4541
f 4466//4466 4438//4438 4506//4506
f 4500//4500 4514//4514 4532//4532
f 4542//4542 4541//4541 4544//4544
f 4516//4516 4490//4490 4598//4598
f 4474//4474 4469//4469 4487//4487
f 4548//4548 4528//4528 4542//4542
f 4505//4505 4477//4477 4553//4553
f 4526//4526 4463//4463 4508//4508
f 4447//4447 4459//4459 4467//4467
f 4492//4492 4517//4517 4529//4529
f 4481//4481 4486//4486 4557//4557
f 4443//4443 4423//4423 4433//4433
f 4426//4426 4545//4545 4546//4546
f 4528//4528 4476//4476 4542//4542
f 4433//4433 4518//4518 4559//4559
f 4554//4554 4467//4467 4523//4523
f 4544//4544 4541//4541 4547//4547
f 4542//4542 4544//4544 4548//4548
f 4564//4564 4546//4546 4602//4602
f 4498//4498 4462//4462 4522//4522
f 4444//4444 4430//4430 4472//4472
f 4503//4503 4465//4465 4525//4525
f 4522//4522 4543//4543 4549//4549
f 4535//4535 4522//4522 4549//4549
f 4542//4542 4482//4482 4543//4543
f 4472//4472 4498//4498 4515//4515
f 4496//4496 4539//4539 4540//4540
f 4544//4544 4550//4550 4551//4551
f 4482//4482 4500//4500 4552//4552
f 4518//4518 4510//4510 4527//4527
f 4552//4552 4500//4500 4532//4532
f 4522//4522 4495//4495 4540//4540
f 4524//4524 4480//4480 4533//4533
f 4466//4466 4506//4506 4570//4570
f 4520//4520 4532//4532 4514//4514
f 4541//4541 4539//4539 4547//4547
f 4554//4554 4600//4600 4555//4555
f 4426//4426 4524//4524 4545//4545
f 4485//4485 4509//4509 4519//4519
f 4517//4517 4515//4515 4558//4558
f 4497//4497 4483//4483 4516//4516
f 4539//4539 4536//4536 4556//4556
f 4492//4492 4530//4530 4493//4493
f 4506//4506 4564//4564 4538//4538
f 4511//4511 4554//4554 4555//4555
f 4476//4476 4482//4482 4542//4542
f 4524//4524 4533//4533 4545//4545
f 4543//4543 4482//4482 4552//4552
f 4473//4473 4483//4483 4497//4497
f 4498//4498 4522//4522 4535//4535
f 4486//4486 4445//4445 4548//4548
f 4550//4550 4556//4556 4647//4647
f 4515//4515 4537//4537 4558//4558
f 4562//4562 4466//4466 4570//4570
f 4508//4508 4501//4501 4513//4513
f 4513//4513 4512//4512 4575//4575
f 4526//4526 4560//4560 4561//4561
f 4570//4570 4506//4506 4538//4538
f 4503//4503 4502//4502 4563//4563
f 4556//4556 4536//4536 4572//4572
f 4427//4427 4426//4426 4546//4546
f 4512//4512 4503//4503 4563//4563
f 4548//4548 4551//4551 4557//4557
f 4523//4523 4484//4484 4561//4561
f 4536//4536 4531//4531 4578//4578
f 4558//4558 4537//4537 4565//4565
f 4517//4517 4558//4558 4529//4529
f 4567//4567 4553//4553 4590//4590
f 4465//4465 4503//4503 4512//4512
f 4562//4562 4566//4566 4619//4619
f 4570//4570 4538//4538 4574//4574
f 4494//4494 4511//4511 4579//4579
f 4487//4487 4505//4505 4567//4567
f 4567//4567 4590//4590 4618//4618
f 4564//4564 4427//4427 4546//4546
f 4545//4545 4533//4533 4593//4593
f 4525//4525 4474//4474 4606//4606
f 4549//4549 4543//4543 4552//4552
f 4489//4489 4466//4466 4562//4562
f 4571//4571 4519//4519 4509//4509
f 4489//4489 4562//4562 4569//4569
f 4575//4575 4512//4512 4563//4563
f 4538//4538 4564//4564 4591//4591
f 4518//4518 4527//4527 4585//4585
f 4555//4555 4600//4600 4628//4628
f 4527//4527 4489//4489 4569//4569
f 4552//4552 4532//4532 4576//4576
f 4526//4526 4508//4508 4560//4560
f 4520//4520 4571//4571 4532//4532
f 4580//4580 4643//4643 4593//4593
f 4530//4530 4529//4529 4581//4581
f 4484//4484 4526//4526 4561//4561
f 4504//4504 4501//4501 4508//4508
f 4521//4521 4557//4557 4583//4583
f 4584//4584 4585//4585 4625//4625
f 4533//4533 4493//4493 4593//4593
f 4566//4566 4586//4586 4619//4619
f 4585//4585 4527//4527 4623//4623
f 4474//4474 4487//4487 4567//4567
f 4547//4547 4539//4539 4556//4556
f 4587//4587 4549//4549 4588//4588
f 4549//4549 4582//4582 4588//4588
f 4577//4577 4578//4578 4648//4648
f 4537//4537 4534//4534 4589//4589
f 4536//4536 4578//4578 4572//4572
f 4569//4569 4619//4619 4573//4573
f 4553//4553 4568//4568 4590//4590
f 4523//4523 4561//4561 4592//4592
f 4557//4557 4551//4551 4583//4583
f 4612//4612 4558//4558 4565//4565
f 4527//4527 4573//4573 4623//4623
f 4584//4584 4559//4559 4585//4585
f 4505//4505 4553//4553 4567//4567
f 4566//4566 4574//4574 4586//4586
f 4550//4550 4647//4647 4594//4594
f 4546//4546 4545//4545 4602//4602
f 4535//4535 4549//4549 4587//4587
f 4549//4549 4552//4552 4576//4576
f 4602//4602 4596//4596 4591//4591
f 4602//4602 4545//4545 4603//4603
f 4564//4564 4602//4602 4591//4591
f 4578//4578 4577//4577 4597//4597
f 4516//4516 4598//4598 4599//4599
f 4550//4550 4547//4547 4556//4556
f 4510//4510 4489//4489 4527//4527
f 4578//4578 4516//4516 4648//4648
f 4601//4601 4642//4642 4654//4654
f 4537//4537 4498//4498 4534//4534
f 4534//4534 4587//4587 4595//4595
f 4648//4648 4516//4516 4599//4599
f 4548//4548 4544//4544 4551//4551
f 4538//4538 4591//4591 4574//4574
f 4534//4534 4535//4535 4587//4587
f 4572//4572 4578//4578 4597//4597
f 4527//4527 4569//4569 4573//4573
f 4592//4592 4561//4561 4560//4560
f 4568//4568 4553//4553 4521//4521
f 4601//4601 4574//4574 4642//4642
f 4474//4474 4567//4567 4606//4606
f 4545//4545 4593//4593 4603//4603
f 4559//4559 4518//4518 4585//4585
f 4569//4569 4562//4562 4619//4619
f 4511//4511 4555//4555 4579//4579
f 4611//4611 4525//4525 4606//4606
f 4493//4493 4530//4530 4580//4580
f 4586//4586 4574//4574 4601//4601
f 4497//4497 4516//4516 4578//4578
f 4650//4650 4560//4560 4616//4616
f 4611//4611 4503//4503 4525//4525
f 4549//4549 4576//4576 4604//4604
f 4582//4582 4604//4604 4605//4605
f 4551//4551 4550//4550 4594//4594
f 4574//4574 4591//4591 4642//4642
f 4600//4600 4554//4554 4592//4592
f 4556//4556 4572//4572 4629//4629
f 4647//4647 4556//4556 4629//4629
f 4554//4554 4523//4523 4592//4592
f 4629//4629 4572//4572 4615//4615
f 4583//4583 4551//4551 4608//4608
f 4589//4589 4534//4534 4595//4595
f 4529//4529 4558//4558 4610//4610
f 4576//4576 4532//4532 4622//4622
f 4520//4520 4519//4519 4571//4571
f 4530//4530 4581//4581 4580//4580
f 4573//4573 4619//4619 4633//4633
f 4598//4598 4490//4490 4559//4559
f 4622//4622 4571//4571 4665//4665
f 4605//4605 4604//4604 4622//4622
f 4647//4647 4629//4629 4614//4614
f 4571//4571 4509//4509 4627//4627
f 4594//4594 4647//4647 4621//4621
f 4558//4558 4612//4612 4610//4610
f 4566//4566 4562//4562 4570//4570
f 4532//4532 4571//4571 4622//4622
f 4521//4521 4609//4609 4568//4568
f 4591//4591 4596//4596 4607//4607
f 4602//4602 4603//4603 4596//4596
f 4534//4534 4498//4498 4535//4535
f 4596//4596 4603//4603 4656//4656
f 4582//4582 4549//4549 4604//4604
f 4617//4617 4611//4611 4635//4635
f 4600//4600 4592//4592 4560//4560
f 4509//4509 4579//4579 4627//4627
f 4544//4544 4547//4547 4550//4550
f 4600//4600 4650//4650 4620//4620
f 4587//4587 4588//4588 4595//4595
f 4508//4508 4513//4513 4616//4616
f 4608//4608 4594//4594 4621//4621
f 4572//4572 4597//4597 4615//4615
f 4584//4584 4658//4658 4653//4653
f 4560//4560 4508//4508 4616//4616
f 4597//4597 4577//4577 4626//4626
f 4599//4599 4598//4598 4653//4653
f 4653//4653 4658//4658 4683//4683
f 4566//4566 4570//4570 4574//4574
f 4529//4529 4610//4610 4613//4613
f 4579//4579 4555//4555 4628//4628
f 4598//4598 4584//4584 4653//4653
f 4588//4588 4582//4582 4630//4630
f 4611//4611 4606//4606 4635//4635
f 4625//4625 4585//4585 4623//4623
f 4604//4604 4576//4576 4622//4622
f 4513//4513 4575//4575 4616//4616
f 4623//4623 4573//4573 4633//4633
f 4580//4580 4581//4581 4634//4634
f 4575//4575 4563//4563 4636//4636
f 4502//4502 4611//4611 4617//4617
f 4502//4502 4617//4617 4636//4636
f 4606//4606 4567//4567 4618//4618
f 4595//4595 4638//4638 4639//4639
f 4628//4628 4600//4600 4685//4685
f 4640//4640 4629//4629 4641//4641
f 4571//4571 4627//4627 4665//4665
f 4595//4595 4588//4588 4680//4680
f 4636//4636 4617//4617 4637//4637
f 4626//4626 4577//4577 4631//4631
f 4600//4600 4620//4620 4685//4685
f 4493//4493 4580//4580 4593//4593
f 4609//4609 4608//4608 4645//4645
f 4563//4563 4502//4502 4636//4636
f 4643//4643 4580//4580 4646//4646
f 4625//4625 4623//4623 4644//4644
f 4619//4619 4586//4586 4659//4659
f 4655//4655 4603//4603 4643//4643
f 4586//4586 4601//4601 4649//4649
f 4603//4603 4593//4593 4643//4643
f 4582//4582 4605//4605 4630//4630
f 4629//4629 4615//4615 4641//4641
f 4616//4616 4671//4671 4650//4650
f 4624//4624 4568//4568 4651//4651
f 4589//4589 4595//4595 4639//4639
f 4600//4600 4560//4560 4650//4650
f 4648//4648 4599//4599 4653//4653
f 4659//4659 4586//4586 4667//4667
f 4656//4656 4603//4603 4655//4655
f 4649//4649 4652//4652 4681//4681
f 4636//4636 4637//4637 4671//4671
f 4575//4575 4636//4636 4616//4616
f 4617//4617 4635//4635 4637//4637
f 4619//4619 4659//4659 4678//4678
f 4625//4625 4644//4644 4658//4658
f 4577//4577 4648//4648 4631//4631
f 4583//4583 4608//4608 4609//4609
f 4606//4606 4618//4618 4662//4662
f 4605//4605 4622//4622 4663//4663
f 4551//4551 4594//4594 4608//4608
f 4581//4581 4529//4529 4613//4613
f 4613//4613 4610//4610 4666//4666
f 4615//4615 4597//4597 4626//4626
f 4565//4565 4537//4537 4589//4589
f 4568//4568 4609//4609 4651//4651
f 4658//4658 4584//4584 4625//4625
f 4623//4623 4632//4632 4644//4644
f 4640//4640 4661//4661 4668//4668
f 4608//4608 4621//4621 4645//4645
f 4627//4627 4628//4628 4686//4686
f 4610//4610 4612//4612 4666//4666
f 4589//4589 4639//4639 4673//4673
f 4588//4588 4630//4630 4680//4680
f 4657//4657 4643//4643 4674//4674
f 4621//4621 4668//4668 4669//4669
f 4637//4637 4635//4635 4670//4670
f 4591//4591 4607//4607 4642//4642
f 4616//4616 4636//4636 4671//4671
f 4637//4637 4670//4670 4671//4671
f 4672//4672 4657//4657 4694//4694
f 4670//4670 4635//4635 4662//4662
f 4655//4655 4643//4643 4657//4657
f 4586//4586 4649//4649 4667//4667
f 4623//4623 4633//4633 4632//4632
f 4627//4627 4579//4579 4628//4628
f 4613//4613 4666//4666 4675//4675
f 4565//4565 4589//4589 4673//4673
f 4658//4658 4644//4644 4676//4676
f 4624//4624 4651//4651 4712//4712
f 4665//4665 4627//4627 4664//4664
f 4672//4672 4694//4694 4677//4677
f 4581//4581 4613//4613 4675//4675
f 4614//4614 4629//4629 4640//4640
f 4667//4667 4649//4649 4681//4681
f 4641//4641 4615//4615 4626//4626
f 4683//4683 4658//4658 4676//4676
f 4656//4656 4655//4655 4672//4672
f 4590//4590 4568//4568 4624//4624
f 4633//4633 4619//4619 4678//4678
f 4647//4647 4614//4614 4668//4668
f 4580//4580 4634//4634 4646//4646
f 4648//4648 4690//4690 4631//4631
f 4676//4676 4682//4682 4735//4735
f 4618//4618 4590//4590 4624//4624
f 4607//4607 4656//4656 4725//4725
f 4701//4701 4819//4819 4663//4663
f 4601//4601 4654//4654 4652//4652
f 4649//4649 4601//4601 4652//4652
f 4755//4755 4704//4704 4684//4684
f 4628//4628 4685//4685 4686//4686
f 4640//4640 4660//4660 4661//4661
f 4638//4638 4595//4595 4680//4680
f 4683//4683 4735//4735 4690//4690
f 4663//4663 4622//4622 4665//4665
f 4521//4521 4583//4583 4609//4609
f 4605//4605 4663//4663 4688//4688
f 4678//4678 4659//4659 4689//4689
f 4645//4645 4691//4691 4700//4700
f 4644//4644 4632//4632 4704//4704
f 4643//4643 4646//4646 4674//4674
f 4620//4620 4650//4650 4687//4687
f 4596//4596 4656//4656 4607//4607
f 4632//4632 4633//4633 4684//4684
f 4653//4653 4683//4683 4690//4690
f 4638//4638 4680//4680 4693//4693
f 4666//4666 4612//4612 4679//4679
f 4645//4645 4621//4621 4691//4691
f 4621//4621 4647//4647 4668//4668
f 4581//4581 4675//4675 4634//4634
f 4667//4667 4681//4681 4689//4689
f 4648//4648 4653//4653 4690//4690
f 4662//4662 4696//4696 4697//4697
f 4725//4725 4672//4672 4677//4677
f 4725//4725 4677//4677 4709//4709
f 4694//4694 4728//4728 4677//4677
f 4650//4650 4671//4671 4692//4692
f 4687//4687 4650//4650 4692//4692
f 4699//4699 4675//4675 4739//4739
f 4642//4642 4607//4607 4654//4654
f 4683//4683 4676//4676 4735//4735
f 4651//4651 4645//4645 4700//4700
f 4701//4701 4664//4664 4702//4702
f 4670//4670 4662//4662 4697//4697
f 4609//4609 4645//4645 4651//4651
f 4620//4620 4706//4706 4685//4685
f 4654//4654 4607//4607 4725//4725
f 4698//4698 4618//4618 4624//4624
f 4725//4725 4656//4656 4672//4672
f 4689//4689 4652//4652 4733//4733
f 4657//4657 4674//4674 4694//4694
f 4664//4664 4663//4663 4665//4665
f 4639//4639 4638//4638 4703//4703
f 4612//4612 4673//4673 4679//4679
f 4614//4614 4640//4640 4668//4668
f 4728//4728 4694//4694 4674//4674
f 4612//4612 4565//4565 4673//4673
f 4646//4646 4634//4634 4695//4695
f 4671//4671 4670//4670 4731//4731
f 4678//4678 4689//4689 4733//4733
f 4659//4659 4667//4667 4689//4689
f 4641//4641 4626//4626 4660//4660
f 4690//4690 4735//4735 4713//4713
f 4684//4684 4678//4678 4705//4705
f 4660//4660 4631//4631 4720//4720
f 4712//4712 4651//4651 4700//4700
f 4673//4673 4639//4639 4703//4703
f 4735//4735 4746//4746 4707//4707
f 4672//4672 4655//4655 4657//4657
f 4713//4713 4707//4707 4758//4758
f 4706//4706 4687//4687 4743//4743
f 4674//4674 4646//4646 4695//4695
f 4695//4695 4634//4634 4721//4721
f 4727//4727 4695//4695 4708//4708
f 4704//4704 4632//4632 4684//4684
f 4705//4705 4678//4678 4733//4733
f 4755//4755 4684//4684 4711//4711
f 4671//4671 4731//4731 4692//4692
f 4627//4627 4686//4686 4702//4702
f 4620//4620 4687//4687 4706//4706
f 4684//4684 4633//4633 4678//4678
f 4703//4703 4693//4693 4729//4729
f 4662//4662 4698//4698 4696//4696
f 4630//4630 4605//4605 4688//4688
f 4706//4706 4743//4743 4714//4714
f 4674//4674 4695//4695 4727//4727
f 4662//4662 4618//4618 4698//4698
f 4626//4626 4631//4631 4660//4660
f 4794//4794 4698//4698 4715//4715
f 4687//4687 4692//4692 4716//4716
f 4729//4729 4693//4693 4734//4734
f 4675//4675 4666//4666 4730//4730
f 4680//4680 4630//4630 4717//4717
f 4702//4702 4718//4718 4719//4719
f 4664//4664 4627//4627 4702//4702
f 4675//4675 4699//4699 4634//4634
f 4690//4690 4713//4713 4720//4720
f 4703//4703 4638//4638 4693//4693
f 4721//4721 4722//4722 4708//4708
f 4631//4631 4690//4690 4720//4720
f 4686//4686 4685//4685 4710//4710
f 4733//4733 4652//4652 4723//4723
f 4668//4668 4661//4661 4724//4724
f 4695//4695 4721//4721 4708//4708
f 4654//4654 4725//4725 4723//4723
f 4679//4679 4673//4673 4703//4703
f 4666//4666 4679//4679 4730//4730
f 4698//4698 4794//4794 4696//4696
f 4693//4693 4680//4680 4717//4717
f 4717//4717 4630//4630 4726//4726
f 4635//4635 4606//4606 4662//4662
f 4689//4689 4681//4681 4652//4652
f 4676//4676 4644//4644 4682//4682
f 4670//4670 4697//4697 4731//4731
f 4728//4728 4727//4727 4764//4764
f 4685//4685 4706//4706 4710//4710
f 4716//4716 4692//4692 4745//4745
f 4661//4661 4660//4660 4771//4771
f 4702//4702 4710//4710 4718//4718
f 4709//4709 4677//4677 4728//4728
f 4684//4684 4705//4705 4732//4732
f 4652//4652 4654//4654 4723//4723
f 4706//4706 4714//4714 4710//4710
f 4713//4713 4735//4735 4707//4707
f 4621//4621 4669//4669 4691//4691
f 4669//4669 4668//4668 4724//4724
f 4679//4679 4703//4703 4729//4729
f 4771//4771 4660//4660 4762//4762
f 4699//4699 4721//4721 4634//4634
f 4709//4709 4723//4723 4725//4725
f 4728//4728 4674//4674 4727//4727
f 4682//4682 4644//4644 4704//4704
f 4640//4640 4641//4641 4660//4660
f 4712//4712 4700//4700 4741//4741
f 4743//4743 4687//4687 4716//4716
f 4692//4692 4731//4731 4745//4745
f 4721//4721 4699//4699 4740//4740
f 4660//4660 4720//4720 4762//4762
f 4723//4723 4709//4709 4737//4737
f 4726//4726 4688//4688 4744//4744
f 4699//4699 4739//4739 4740//4740
f 4762//4762 4720//4720 4738//4738
f 4731//4731 4697//4697 4745//4745
f 4624//4624 4712//4712 4698//4698
f 4734//4734 4693//4693 4747//4747
f 4748//4748 4749//4749 4750//4750
f 4728//4728 4764//4764 4737//4737
f 4716//4716 4751//4751 4752//4752
f 4663//4663 4664//4664 4701//4701
f 4736//4736 4682//4682 4755//4755
f 4751//4751 4696//4696 4757//4757
f 4746//4746 4782//4782 4707//4707
f 4720//4720 4713//4713 4738//4738
f 4749//4749 4718//4718 4750//4750
f 4730//4730 4742//4742 4739//4739
f 4733//4733 4723//4723 4767//4767
f 4730//4730 4679//4679 4742//4742
f 4756//4756 4726//4726 4761//4761
f 4717//4717 4726//4726 4756//4756
f 4697//4697 4751//4751 4745//4745
f 4709//4709 4728//4728 4737//4737
f 4751//4751 4716//4716 4745//4745
f 4696//4696 4794//4794 4757//4757
f 4754//4754 4753//4753 4763//4763
f 4727//4727 4708//4708 4764//4764
f 4682//4682 4704//4704 4755//4755
f 4753//4753 4708//4708 4763//4763
f 4697//4697 4696//4696 4751//4751
f 4715//4715 4712//4712 4741//4741
f 4705//4705 4733//4733 4767//4767
f 4718//4718 4710//4710 4750//4750
f 4679//4679 4729//4729 4742//4742
f 4764//4764 4708//4708 4753//4753
f 4693//4693 4717//4717 4747//4747
f 4663//4663 4819//4819 4744//4744
f 4682//4682 4736//4736 4746//4746
f 4722//4722 4721//4721 4740//4740
f 4675//4675 4730//4730 4739//4739
f 4726//4726 4744//4744 4761//4761
f 4723//4723 4737//4737 4767//4767
f 4711//4711 4684//4684 4732//4732
f 4740//4740 4739//4739 4766//4766
f 4742//4742 4729//4729 4768//4768
f 4743//4743 4752//4752 4780//4780
f 4715//4715 4741//4741 4760//4760
f 4719//4719 4749//4749 4769//4769
f 4735//4735 4682//4682 4746//4746
f 4764//4764 4753//4753 4754//4754
f 4698//4698 4712//4712 4715//4715
f 4762//4762 4770//4770 4799//4799
f 4711//4711 4772//4772 4773//4773
f 4770//4770 4774//4774 4775//4775
f 4708//4708 4722//4722 4763//4763
f 4702//4702 4686//4686 4710//4710
f 4770//4770 4738//4738 4774//4774
f 4765//4765 4766//4766 4805//4805
f 4719//4719 4718//4718 4749//4749
f 4772//4772 4788//4788 4776//4776
f 4701//4701 4702//4702 4719//4719
f 4752//4752 4808//4808 4823//4823
f 4750//4750 4743//4743 4780//4780
f 4760//4760 4741//4741 4812//4812
f 4724//4724 4661//4661 4771//4771
f 4764//4764 4754//4754 4788//4788
f 4770//4770 4777//4777 4778//4778
f 4688//4688 4663//4663 4744//4744
f 4710//4710 4714//4714 4750//4750
f 4729//4729 4734//4734 4768//4768
f 4779//4779 4780//4780 4781//4781
f 4799//4799 4770//4770 4778//4778
f 4762//4762 4738//4738 4770//4770
f 4774//4774 4738//4738 4783//4783
f 4754//4754 4763//4763 4787//4787
f 4777//4777 4784//4784 4785//4785
f 4747//4747 4717//4717 4756//4756
f 4770//4770 4775//4775 4777//4777
f 4738//4738 4713//4713 4758//4758
f 4757//4757 4794//4794 4808//4808
f 4771//4771 4762//4762 4799//4799
f 4630//4630 4688//4688 4726//4726
f 4722//4722 4740//4740 4765//4765
f 4777//4777 4775//4775 4784//4784
f 4778//4778 4785//4785 4786//4786
f 4755//4755 4773//4773 4789//4789
f 4705//4705 4767//4767 4772//4772
f 4758//4758 4707//4707 4783//4783
f 4778//4778 4777//4777 4785//4785
f 4755//4755 4711//4711 4773//4773
f 4711//4711 4732//4732 4772//4772
f 4739//4739 4742//4742 4790//4790
f 4701//4701 4769//4769 4791//4791
f 4802//4802 4778//4778 4797//4797
f 4737//4737 4764//4764 4788//4788
f 4786//4786 4785//4785 4792//4792
f 4756//4756 4761//4761 4793//4793
f 4768//4768 4734//4734 4822//4822
f 4736//4736 4859//4859 4746//4746
f 4808//4808 4794//4794 4835//4835
f 4763//4763 4722//4722 4765//4765
f 4778//4778 4786//4786 4796//4796
f 4742//4742 4768//4768 4795//4795
f 4778//4778 4796//4796 4797//4797
f 4799//4799 4778//4778 4802//4802
f 4794//4794 4715//4715 4835//4835
f 4796//4796 4792//4792 4830//4830
f 4787//4787 4765//4765 4809//4809
f 4763//4763 4765//4765 4787//4787
f 4786//4786 4792//4792 4796//4796
f 4736//4736 4789//4789 4827//4827
f 4747//4747 4756//4756 4793//4793
f 4738//4738 4758//4758 4783//4783
f 4783//4783 4782//4782 4800//4800
f 4797//4797 4801//4801 4802//4802
f 4784//4784 4775//4775 4803//4803
f 4724//4724 4771//4771 4832//4832
f 4743//4743 4716//4716 4752//4752
f 4793//4793 4761//4761 4806//4806
f 4796//4796 4830//4830 4810//4810
f 4792//4792 4804//4804 4837//4837
f 4700//4700 4691//4691 4741//4741
f 4749//4749 4748//4748 4855//4855
f 4775//4775 4774//4774 4803//4803
f 4669//4669 4759//4759 4812//4812
f 4761//4761 4744//4744 4807//4807
f 4785//4785 4784//4784 4803//4803
f 4814//4814 4815//4815 4821//4821
f 4787//4787 4809//4809 4814//4814
f 4801//4801 4797//4797 4810//4810
f 4774//4774 4800//4800 4844//4844
f 4707//4707 4782//4782 4783//4783
f 4734//4734 4747//4747 4798//4798
f 4739//4739 4790//4790 4766//4766
f 4724//4724 4832//4832 4828//4828
f 4742//4742 4795//4795 4790//4790
f 4773//4773 4772//4772 4825//4825
f 4860//4860 4749//4749 4855//4855
f 4792//4792 4785//4785 4803//4803
f 4816//4816 4808//4808 4817//4817
f 4789//4789 4773//4773 4825//4825
f 4822//4822 4734//4734 4798//4798
f 4740//4740 4766//4766 4765//4765
f 4746//4746 4818//4818 4782//4782
f 4772//4772 4767//4767 4788//4788
f 4804//4804 4889//4889 4837//4837
f 4832//4832 4771//4771 4799//4799
f 4787//4787 4814//4814 4821//4821
f 4759//4759 4669//4669 4724//4724
f 4788//4788 4754//4754 4821//4821
f 4747//4747 4793//4793 4798//4798
f 4797//4797 4796//4796 4810//4810
f 4780//4780 4752//4752 4823//4823
f 4806//4806 4761//4761 4807//4807
f 4765//4765 4805//4805 4809//4809
f 4810//4810 4824//4824 4801//4801
f 4774//4774 4783//4783 4800//4800
f 4732//4732 4705//4705 4772//4772
f 4811//4811 4795//4795 4880//4880
f 4701//4701 4719//4719 4769//4769
f 4832//4832 4799//4799 4826//4826
f 4806//4806 4807//4807 4848//4848
f 4819//4819 4791//4791 4829//4829
f 4803//4803 4774//4774 4804//4804
f 4830//4830 4792//4792 4837//4837
f 4748//4748 4750//4750 4779//4779
f 4802//4802 4801//4801 4831//4831
f 4752//4752 4757//4757 4808//4808
f 4844//4844 4800//4800 4898//4898
f 4809//4809 4805//4805 4864//4864
f 4805//4805 4766//4766 4868//4868
f 4759//4759 4724//4724 4828//4828
f 4824//4824 4810//4810 4830//4830
f 4776//4776 4788//4788 4821//4821
f 4766//4766 4790//4790 4868//4868
f 4746//4746 4859//4859 4818//4818
f 4769//4769 4749//4749 4860//4860
f 4772//4772 4776//4776 4825//4825
f 4767//4767 4737//4737 4788//4788
f 4789//4789 4825//4825 4827//4827
f 4807//4807 4744//4744 4819//4819
f 4807//4807 4819//4819 4829//4829
f 4798//4798 4793//4793 4833//4833
f 4736//4736 4827//4827 4859//4859
f 4715//4715 4760//4760 4835//4835
f 4754//4754 4787//4787 4821//4821
f 4793//4793 4806//4806 4813//4813
f 4736//4736 4755//4755 4789//4789
f 4782//4782 4818//4818 4854//4854
f 4808//4808 4835//4835 4817//4817
f 4752//4752 4751//4751 4757//4757
f 4793//4793 4813//4813 4833//4833
f 4795//4795 4822//4822 4880//4880
f 4795//4795 4768//4768 4822//4822
f 4792//4792 4803//4803 4804//4804
f 4822//4822 4798//4798 4834//4834
f 4776//4776 4815//4815 4825//4825
f 4815//4815 4776//4776 4821//4821
f 4880//4880 4841//4841 4811//4811
f 4838//4838 4842//4842 4846//4846
f 4799//4799 4802//4802 4826//4826
f 4825//4825 4815//4815 4890//4890
f 4807//4807 4829//4829 4843//4843
f 4868//4868 4790//4790 4811//4811
f 4872//4872 4838//4838 4846//4846
f 4838//4838 4872//4872 4847//4847
f 4842//4842 4813//4813 4848//4848
f 4833//4833 4813//4813 4849//4849
f 4842//4842 4838//4838 4849//4849
f 4846//4846 4842//4842 4848//4848
f 4815//4815 4814//4814 4850//4850
f 4838//4838 4847//4847 4849//4849
f 4826//4826 4831//4831 4857//4857
f 4798//4798 4833//4833 4834//4834
f 4848//4848 4807//4807 4843//4843
f 4849//4849 4877//4877 4852//4852
f 4828//4828 4832//4832 4826//4826
f 4760//4760 4812//4812 4853//4853
f 4813//4813 4842//4842 4849//4849
f 4829//4829 4791//4791 4845//4845
f 4844//4844 4898//4898 4874//4874
f 4830//4830 4837//4837 4836//4836
f 4822//4822 4856//4856 4880//4880
f 4846//4846 4848//4848 4858//4858
f 4818//4818 4840//4840 4854//4854
f 4741//4741 4691//4691 4812//4812
f 4888//4888 4825//4825 4890//4890
f 4691//4691 4669//4669 4812//4812
f 4804//4804 4774//4774 4844//4844
f 4714//4714 4743//4743 4750//4750
f 4872//4872 4846//4846 4881//4881
f 4812//4812 4820//4820 4853//4853
f 4779//4779 4750//4750 4780//4780
f 4791//4791 4860//4860 4861//4861
f 4849//4849 4862//4862 4863//4863
f 4826//4826 4802//4802 4831//4831
f 4834//4834 4833//4833 4851//4851
f 4849//4849 4847//4847 4862//4862
f 4800//4800 4854//4854 4883//4883
f 4864//4864 4868//4868 4885//4885
f 4833//4833 4852//4852 4851//4851
f 4804//4804 4844//4844 4874//4874
f 4889//4889 4804//4804 4874//4874
f 4820//4820 4812//4812 4759//4759
f 4843//4843 4829//4829 4869//4869
f 4779//4779 4870//4870 4871//4871
f 4809//4809 4864//4864 4814//4814
f 4828//4828 4894//4894 4866//4866
f 4839//4839 4904//4904 4831//4831
f 4801//4801 4824//4824 4873//4873
f 4877//4877 4849//4849 4863//4863
f 4867//4867 4846//4846 4858//4858
f 4862//4862 4847//4847 4872//4872
f 4759//4759 4866//4866 4820//4820
f 4881//4881 4846//4846 4867//4867
f 4781//4781 4816//4816 4870//4870
f 4836//4836 4889//4889 4914//4914
f 4791//4791 4769//4769 4860//4860
f 4837//4837 4889//4889 4836//4836
f 4852//4852 4877//4877 4875//4875
f 4808//4808 4816//4816 4823//4823
f 4827//4827 4825//4825 4888//4888
f 4851//4851 4852//4852 4875//4875
f 4833//4833 4849//4849 4852//4852
f 4865//4865 4862//4862 4872//4872
f 4818//4818 4859//4859 4840//4840
f 4813//4813 4806//4806 4848//4848
f 4865//4865 4872//4872 4878//4878
f 4828//4828 4826//4826 4894//4894
f 4863//4863 4862//4862 4865//4865
f 4819//4819 4701//4701 4791//4791
f 4824//4824 4836//4836 4879//4879
f 4898//4898 4800//4800 4883//4883
f 4814//4814 4864//4864 4876//4876
f 4826//4826 4857//4857 4894//4894
f 4780//4780 4823//4823 4781//4781
f 4876//4876 4885//4885 4886//4886
f 4834//4834 4851//4851 4856//4856
f 4877//4877 4863//4863 4887//4887
f 4882//4882 4875//4875 4887//4887
f 4859//4859 4827//4827 4888//4888
f 4855//4855 4748//4748 4871//4871
f 4889//4889 4874//4874 4914//4914
f 4885//4885 4868//4868 4891//4891
f 4856//4856 4851//4851 4893//4893
f 4840//4840 4888//4888 4884//4884
f 4860//4860 4855//4855 4861//4861
f 4822//4822 4834//4834 4856//4856
f 4839//4839 4801//4801 4873//4873
f 4801//4801 4839//4839 4831//4831
f 4830//4830 4836//4836 4824//4824
f 4824//4824 4879//4879 4873//4873
f 4835//4835 4853//4853 4896//4896
f 4875//4875 4882//4882 4893//4893
f 4869//4869 4829//4829 4845//4845
f 4878//4878 4872//4872 4881//4881
f 4875//4875 4877//4877 4887//4887
f 4800//4800 4782//4782 4854//4854
f 4790//4790 4795//4795 4811//4811
f 4839//4839 4873//4873 4904//4904
f 4848//4848 4843//4843 4858//4858
f 4845//4845 4791//4791 4861//4861
f 4836//4836 4914//4914 4879//4879
f 4820//4820 4895//4895 4896//4896
f 4890//4890 4815//4815 4850//4850
f 4759//4759 4828//4828 4866//4866
f 4891//4891 4868//4868 4841//4841
f 4867//4867 4934//4934 4897//4897
f 4850//4850 4814//4814 4876//4876
f 4851//4851 4875//4875 4893//4893
f 4854//4854 4884//4884 4883//4883
f 4879//4879 4926//4926 4925//4925
f 4845//4845 4861//4861 4905//4905
f 4853//4853 4820//4820 4896//4896
f 4841//4841 4917//4917 4891//4891
f 4864//4864 4805//4805 4868//4868
f 4811//4811 4841//4841 4868//4868
f 4845//4845 4905//4905 4869//4869
f 4866//4866 4899//4899 4895//4895
f 4863//4863 4865//4865 4922//4922
f 4890//4890 4850//4850 4901//4901
f 4857//4857 4831//4831 4904//4904
f 4876//4876 4864//4864 4885//4885
f 4823//4823 4816//4816 4781//4781
f 4880//4880 4893//4893 4903//4903
f 4888//4888 4890//4890 4902//4902
f 4898//4898 4883//4883 4900//4900
f 4926//4926 4879//4879 4914//4914
f 4874//4874 4898//4898 4906//4906
f 4870//4870 4816//4816 4907//4907
f 4858//4858 4843//4843 4869//4869
f 4894//4894 4857//4857 4923//4923
f 4934//4934 4867//4867 4908//4908
f 4902//4902 4901//4901 4910//4910
f 4865//4865 4878//4878 4922//4922
f 4854//4854 4840//4840 4884//4884
f 4820//4820 4866//4866 4895//4895
f 4873//4873 4879//4879 4925//4925
f 4884//4884 4888//4888 4902//4902
f 4904//4904 4873//4873 4929//4929
f 4878//4878 4881//4881 4892//4892
f 4874//4874 4906//4906 4911//4911
f 4908//4908 4912//4912 4913//4913
f 4914//4914 4874//4874 4924//4924
f 4890//4890 4901//4901 4902//4902
f 4863//4863 4922//4922 4887//4887
f 4835//4835 4896//4896 4928//4928
f 4840//4840 4859//4859 4888//4888
f 4876//4876 4886//4886 4850//4850
f 4866//4866 4894//4894 4899//4899
f 4929//4929 4873//4873 4925//4925
f 4748//4748 4779//4779 4871//4871
f 4907//4907 4909//4909 4916//4916
f 4841//4841 4880//4880 4903//4903
f 4857//4857 4915//4915 4918//4918
f 4899//4899 4894//4894 4919//4919
f 4886//4886 4885//4885 4933//4933
f 4882//4882 4887//4887 4938//4938
f 4894//4894 4923//4923 4919//4919
f 4881//4881 4867//4867 4897//4897
f 4897//4897 4934//4934 4892//4892
f 4902//4902 4910//4910 4921//4921
f 4871//4871 4870//4870 4955//4955
f 4917//4917 4841//4841 4903//4903
f 4903//4903 4920//4920 4917//4917
f 4880//4880 4856//4856 4893//4893
f 4887//4887 4922//4922 4938//4938
f 4908//4908 4867//4867 4912//4912
f 4878//4878 4892//4892 4922//4922
f 4915//4915 4904//4904 4929//4929
f 4893//4893 4882//4882 4920//4920
f 4926//4926 4914//4914 4924//4924
f 4909//4909 4928//4928 4951//4951
f 4835//4835 4760//4760 4853//4853
f 4908//4908 4913//4913 4927//4927
f 4883//4883 4884//4884 4900//4900
f 4867//4867 4858//4858 4912//4912
f 4923//4923 4945//4945 4919//4919
f 4874//4874 4911//4911 4924//4924
f 4905//4905 4861//4861 4930//4930
f 4885//4885 4891//4891 4933//4933
f 4933//4933 4917//4917 4967//4967
f 4907//4907 4816//4816 4909//4909
f 4900//4900 4954//4954 4950//4950
f 4884//4884 4902//4902 4921//4921
f 4881//4881 4897//4897 4892//4892
f 4906//4906 4898//4898 4900//4900
f 4858//4858 4869//4869 4912//4912
f 4913//4913 4912//4912 4931//4931
f 4891//4891 4917//4917 4933//4933
f 4857//4857 4918//4918 4923//4923
f 4857//4857 4904//4904 4915//4915
f 4926//4926 4924//4924 4932//4932
f 4929//4929 4925//4925 4932//4932
f 4925//4925 4926//4926 4932//4932
f 4895//4895 4899//4899 4935//4935
f 4900//4900 4884//4884 4954//4954
f 4915//4915 4929//4929 4932//4932
f 4918//4918 4915//4915 4941//4941
f 4896//4896 4895//4895 4935//4935
f 4931//4931 4912//4912 4869//4869
f 4817//4817 4835//4835 4928//4928
f 4861//4861 4855//4855 4952//4952
f 4906//4906 4900//4900 4936//4936
f 4871//4871 4940//4940 4952//4952
f 4957//4957 4927//4927 4937//4937
f 4870//4870 4907//4907 4955//4955
f 4910//4910 4901//4901 4956//4956
f 4911//4911 4906//4906 4936//4936
f 4922//4922 4892//4892 4934//4934
f 4922//4922 4934//4934 4938//4938
f 4907//4907 4916//4916 4955//4955
f 4915//4915 4932//4932 4941//4941
f 4871//4871 4955//4955 4940//4940
f 4911//4911 4936//4936 4941//4941
f 4900//4900 4950//4950 4936//4936
f 4909//4909 4817//4817 4928//4928
f 4816//4816 4817//4817 4909//4909
f 4779//4779 4781//4781 4870//4870
f 4901//4901 4886//4886 4956//4956
f 4954//4954 4884//4884 4921//4921
f 4882//4882 4938//4938 4939//4939
f 4931//4931 4869//4869 4943//4943
f 4924//4924 4911//4911 4932//4932
f 4918//4918 4947//4947 4945//4945
f 4855//4855 4871//4871 4952//4952
f 4931//4931 4943//4943 4944//4944
f 4932//4932 4911//4911 4941//4941
f 4936//4936 4946//4946 4947//4947
f 4918//4918 4941//4941 4947//4947
f 4934//4934 4927//4927 4938//4938
f 4918//4918 4945//4945 4923//4923
f 4905//4905 4930//4930 4943//4943
f 4896//4896 4935//4935 4949//4949
f 4940//4940 4955//4955 4961//4961
f 4928//4928 4896//4896 4949//4949
f 4903//4903 4893//4893 4920//4920
f 4928//4928 4974//4974 4958//4958
f 4919//4919 4945//4945 4959//4959
f 4949//4949 4935//4935 4953//4953
f 4937//4937 4913//4913 4944//4944
f 4916//4916 4909//4909 4951//4951
f 4928//4928 4949//4949 4974//4974
f 4930//4930 4861//4861 4952//4952
f 4913//4913 4931//4931 4944//4944
f 4850//4850 4886//4886 4901//4901
f 4943//4943 4930//4930 4976//4976
f 4882//4882 4939//4939 4920//4920
f 4886//4886 4933//4933 4956//4956
f 4869//4869 4905//4905 4943//4943
f 4910//4910 4956//4956 4942//4942
f 4920//4920 4939//4939 4962//4962
f 4955//4955 4916//4916 4961//4961
f 4899//4899 4919//4919 4935//4935
f 4939//4939 4927//4927 4957//4957
f 4966//4966 4916//4916 4958//4958
f 4953//4953 4935//4935 4959//4959
f 4936//4936 4950//4950 4946//4946
f 4946//4946 4950//4950 4954//4954
f 4916//4916 4951//4951 4958//4958
f 4927//4927 4913//4913 4937//4937
f 4976//4976 4930//4930 4960//4960
f 4960//4960 4940//4940 4961//4961
f 4938//4938 4927//4927 4939//4939
f 4917//4917 4920//4920 4962//4962
f 4942//4942 4956//4956 4963//4963
f 4969//4969 4921//4921 4942//4942
f 4949//4949 4953//4953 4964//4964
f 4935//4935 4919//4919 4959//4959
f 4941//4941 4936//4936 4947//4947
f 4930//4930 4940//4940 4960//4960
f 4974//4974 4949//4949 4964//4964
f 4908//4908 4927//4927 4934//4934
f 4947//4947 4946//4946 4965//4965
f 4959//4959 4945//4945 4973//4973
f 4917//4917 4962//4962 4967//4967
f 4954//4954 4921//4921 4969//4969
f 4962//4962 4939//4939 4972//4972
f 4945//4945 4947//4947 4965//4965
f 4933//4933 4967//4967 4968//4968
f 4967//4967 4962//4962 4968//4968
f 4944//4944 4943//4943 4948//4948
f 4928//4928 4958//4958 4951//4951
f 4953//4953 4959//4959 4970//4970
f 4961//4961 4966//4966 4984//4984
f 4957//4957 4971//4971 4972//4972
f 4921//4921 4910//4910 4942//4942
f 4939//4939 4957//4957 4972//4972
f 4940//4940 4930//4930 4952//4952
f 4965//4965 4978//4978 4985//4985
f 4960//4960 4961//4961 4984//4984
f 4964//4964 4953//4953 4970//4970
f 4966//4966 4958//4958 4975//4975
f 4973//4973 4965//4965 4985//4985
f 4948//4948 4943//4943 4976//4976
f 4956//4956 4933//4933 4968//4968
f 4944//4944 4948//4948 4982//4982
f 4964//4964 4970//4970 4979//4979
f 4962//4962 4972//4972 4977//4977
f 4937//4937 4944//4944 4982//4982
f 4948//4948 4983//4983 4982//4982
f 4973//4973 4945//4945 4965//4965
f 4965//4965 4946//4946 4978//4978
f 4961//4961 4916//4916 4966//4966
f 4979//4979 4970//4970 4981//4981
f 4946//4946 4954//4954 4978//4978
f 4971//4971 4957//4957 4937//4937
f 4964//4964 4979//4979 4986//4986
f 4954//4954 4969//4969 4978//4978
f 4968//4968 4962//4962 4977//4977
f 4974//4974 4964//4964 4986//4986
f 4978//4978 4969//4969 4987//4987
f 4966//4966 4975//4975 4988//4988
f 4958//4958 4974//4974 4975//4975
f 4969//4969 4942//4942 4980//4980
f 4970//4970 4959//4959 4973//4973
f 4968//4968 4977//4977 4993//4993
f 4985//4985 4978//4978 4987//4987
f 4976//4976 4960//4960 4983//4983
f 4970//4970 4973//4973 4981//4981
f 4971//4971 4937//4937 4982//4982
f 4993//4993 4977//4977 4990//4990
f 4971//4971 4982//4982 4989//4989
f 4972//4972 4971//4971 4977//4977
f 4966//4966 4988//4988 4984//4984
f 4982//4982 4983//4983 4989//4989
f 4969//4969 4980//4980 4987//4987
f 4973//4973 4985//4985 4981//4981
f 4971//4971 4989//4989 4990//4990
f 4977//4977 4971//4971 4990//4990
f 4979//4979 4981//4981 4994//4994
f 4942//4942 4963//4963 4992//4992
f 4983//4983 4960//4960 4984//4984
f 4956//4956 4968//4968 4963//4963
f 4981//4981 4985//4985 5001//5001
f 4985//4985 4987//4987 5001//5001
f 4948//4948 4976//4976 4983//4983
f 4963//4963 4968//4968 4993//4993
f 4975//4975 4974//4974 4986//4986
f 4980//4980 4992//4992 4999//4999
f 4986//4986 4979//4979 4994//4994
f 4975//4975 4986//4986 4994//4994
f 4987//4987 4980//4980 4999//4999
f 4980//4980 4942//4942 4992//4992
f 4963//4963 4993//4993 4992//4992
f 4989//4989 4995//4995 4990//4990
f 4989//4989 4983//4983 4998//4998
f 4994//4994 4981//4981 5001//5001
f 4984//4984 4988//4988 4996//4996
f 4983//4983 4984//4984 4998//4998
f 5001//5001 4987//4987 4999//4999
f 4998//4998 4984//4984 4996//4996
f 4994//4994 5001//5001 4997//4997
f 4975//4975 4994//4994 4997//4997
f 4988//4988 4975//4975 4997//4997
f 4992//4992 4991//4991 4999//4999
f 4990//4990 4995//4995 4991//4991
f 4999//4999 5000//5000 5001//5001
f 4995//4995 4989//4989 4998//4998
f 4992//4992 4993//4993 4991//4991
f 4999//4999 4991//4991 5000//5000
f 4996//4996 4997//4997 5001//5001
f 4996//4996 4988//4988 4997//4997
f 4993//4993 4990//4990 4991//4991
f 4995//4995 4996//4996 5000//5000
f 4995//4995 4998//4998 4996//4996
f 5000//5000 4996//4996 5001//5001
f 4991//4991 4995//4995 5000//5000
f 1//1 5002//5002 3//3
f 3//3 5002//5002 40//40
f 19//19 5002//5002 20//20
f 40//40 5002//5002 19//19
f 7//7 5002//5002 1//1
f 20//20 5002//5002 14//14
f 14//14 5002//5002 7//7
# 10000 faces, 0 coords texture

# End of File
