####
#
# OBJ File Generated by Meshlab
#
####
# Object pipe.obj
#
# Vertices: 2677
# Faces: 5261
#
####
vn 0.000000 0.000000 0.000000
v -0.479971 3.433803 1.109770 1.000000 0.000000 0.000000
vn 0.047836 -0.007177 0.998829
v 0.042371 -0.048133 0.959152 1.000000 0.000000 0.000000
vn -0.294208 -0.433401 -0.851824
v -2.288209 2.750549 0.030490 1.000000 1.000000 1.000000
vn 0.594463 -0.022720 0.803802
v 0.483637 1.389172 0.848811 1.000000 1.000000 1.000000
vn 0.491860 -0.015336 -0.870539
v 0.463296 -0.247273 -0.839866 1.000000 0.000000 0.000000
vn 0.296883 0.557279 0.775436
v -1.589660 3.652777 1.556301 1.000000 1.000000 1.000000
vn -0.122644 0.432110 -0.893442
v -1.553375 3.411735 -0.182668 1.000000 1.000000 1.000000
vn 0.918384 0.177341 -0.353725
v 0.848166 1.373239 -0.260244 1.000000 1.000000 1.000000
vn -0.835460 -0.001695 -0.549548
v -0.815755 0.788416 -0.508081 1.000000 1.000000 1.000000
vn 0.750018 -0.003581 0.661407
v 0.724717 0.608016 0.624352 1.000000 0.000000 0.000000
vn -0.700871 -0.580345 -0.414705
v -1.450641 2.039713 0.046218 1.000000 1.000000 1.000000
vn 0.897551 0.157074 -0.411983
v 0.832994 1.223171 -0.359259 1.000000 1.000000 1.000000
vn -0.238223 -0.927948 0.286640
v -3.877161 2.294517 1.348459 1.000000 0.000000 0.000000
vn -0.467086 0.049973 -0.882799
v -0.450607 1.012519 -0.834128 1.000000 1.000000 1.000000
vn 0.757940 0.098456 0.644852
v 0.602401 1.682773 0.727253 1.000000 1.000000 1.000000
vn -0.163710 -0.723934 0.670163
v -1.395834 2.222002 1.227081 1.000000 1.000000 1.000000
vn -0.969045 -0.045931 0.242576
v -0.933742 0.702571 0.240930 1.000000 0.000000 0.000000
vn -0.732933 -0.336539 -0.591228
v -1.191198 1.933264 -0.236223 1.000000 1.000000 1.000000
vn -0.475676 0.007918 -0.879585
v -0.451427 0.219380 -0.838489 1.000000 0.000000 0.000000
vn -0.028237 -0.965491 0.258902
v -2.088537 2.234499 1.093573 1.000000 1.000000 1.000000
vn 0.267529 0.492165 -0.828373
v -0.264698 2.794263 -0.455267 1.000000 1.000000 1.000000
vn 0.275738 0.241312 0.930450
v -2.093534 3.413915 1.825958 1.000000 1.000000 1.000000
vn 0.301443 0.156142 0.940612
v -1.595769 3.302319 1.700742 1.000000 1.000000 1.000000
vn 0.727163 0.463737 0.506144
v 0.057449 2.905715 0.838582 1.000000 1.000000 1.000000
vn 0.998464 0.054624 0.009314
v 0.953498 0.839902 0.012136 1.000000 0.000000 0.000000
vn 0.951812 -0.306546 0.009155
v 0.920335 -0.762216 -0.008034 1.000000 0.000000 0.000000
vn -0.365357 0.018970 -0.930674
v -1.074679 2.568874 -0.467842 1.000000 1.000000 1.000000
vn -0.209683 0.183161 -0.960461
v -1.007573 2.820924 -0.461641 1.000000 1.000000 1.000000
vn 0.155859 0.823625 -0.545298
v -1.207815 3.784526 0.145115 1.000000 1.000000 1.000000
vn -0.472304 0.008989 -0.881390
v -0.456346 0.729166 -0.839046 1.000000 0.000000 0.000000
vn 0.326808 0.567310 -0.755881
v -0.377605 3.034184 -0.331923 1.000000 1.000000 1.000000
vn 0.303554 0.399347 -0.865088
v 0.008059 2.321886 -0.606895 1.000000 1.000000 1.000000
vn 0.503327 -0.010836 -0.864028
v 0.474050 -0.352853 -0.831979 1.000000 0.000000 0.000000
vn -0.964724 -0.022110 0.262334
v -0.927669 -0.287936 0.242356 1.000000 0.000000 0.000000
vn -0.029232 -0.745779 -0.665552
v -3.330209 2.472757 0.475171 1.000000 0.000000 0.000000
vn 0.999917 -0.010725 0.007142
v 0.957637 0.544730 0.003537 1.000000 0.000000 0.000000
vn -0.484665 -0.014871 -0.874573
v -0.452578 0.404373 -0.839155 1.000000 0.000000 0.000000
vn 0.222949 0.491699 -0.841740
v -0.362921 2.846243 -0.452940 1.000000 1.000000 1.000000
vn -0.954004 -0.139813 0.265194
v -0.913603 -0.609032 0.245501 1.000000 0.000000 0.000000
vn -0.148413 0.174191 -0.973463
v -0.246086 1.627281 -0.832901 1.000000 1.000000 1.000000
vn 0.443101 0.418846 -0.792610
v 0.231719 2.179877 -0.579814 1.000000 1.000000 1.000000
vn 0.813611 0.033599 0.580438
v 0.728169 1.305999 0.603710 1.000000 1.000000 1.000000
vn 0.668672 0.743518 0.007664
v -0.254331 3.415099 0.478475 1.000000 1.000000 1.000000
vn -0.019181 0.005708 -0.999800
v -0.029415 -0.148780 -0.959276 1.000000 0.000000 0.000000
vn 0.755111 -0.078847 0.650838
v 0.724508 -0.561396 0.622831 1.000000 0.000000 0.000000
vn 0.041848 -0.000761 -0.999124
v 0.028646 -0.045855 -0.957500 1.000000 0.000000 0.000000
vn -0.488892 0.000585 0.872344
v -0.456519 0.143766 0.838928 1.000000 0.000000 0.000000
vn 0.548664 0.806730 0.219441
v -0.608216 3.643027 0.794595 1.000000 1.000000 1.000000
vn -0.074206 -0.859175 -0.506273
v -3.783800 2.369355 0.636199 1.000000 0.000000 0.000000
vn -0.139040 0.627348 0.766226
v -3.699021 3.756062 1.829620 1.000000 0.000000 0.000000
vn 0.082175 0.637814 0.765794
v -3.035037 3.790056 1.836070 1.000000 0.000000 0.000000
vn -0.228167 0.126403 -0.965382
v -0.739926 2.460460 -0.585019 1.000000 1.000000 1.000000
vn 0.646329 -0.076520 0.759212
v 0.624919 -0.550105 0.723522 1.000000 0.000000 0.000000
vn 0.651754 0.004800 -0.758415
v 0.631146 0.407923 -0.723301 1.000000 0.000000 0.000000
vn 0.829770 0.064706 0.554341
v 0.722029 1.440845 0.602438 1.000000 1.000000 1.000000
vn -0.057005 -0.976749 -0.206666
v -2.613081 2.246512 0.793949 1.000000 1.000000 1.000000
vn -0.362076 -0.896612 -0.254928
v -1.943143 2.210640 0.479031 1.000000 1.000000 1.000000
vn 0.195961 0.707490 -0.679012
v -0.863965 3.527506 -0.082411 1.000000 1.000000 1.000000
vn 0.668934 0.615041 0.417436
v -0.256195 3.295722 0.860291 1.000000 1.000000 1.000000
vn 0.419569 -0.039236 0.906875
v 0.110093 1.926518 1.076616 1.000000 1.000000 1.000000
vn -0.425274 0.063531 -0.902832
v -0.565403 1.760699 -0.714220 1.000000 1.000000 1.000000
vn -0.129223 0.479721 -0.867853
v -1.790990 3.539784 -0.087374 1.000000 1.000000 1.000000
vn 0.003618 -0.007009 0.999969
v 0.019702 0.503242 0.958684 1.000000 0.000000 0.000000
vn 0.634958 0.360332 0.683366
v -0.140673 2.914910 1.067706 1.000000 1.000000 1.000000
vn -0.058998 0.767187 0.638704
v -3.440211 3.907895 1.717474 1.000000 0.000000 0.000000
vn 0.305266 0.410973 -0.859019
v -0.057332 2.427090 -0.581296 1.000000 1.000000 1.000000
vn 0.253003 0.386414 0.886946
v -2.266121 3.555252 1.831012 1.000000 1.000000 1.000000
vn 0.094598 0.025314 0.995194
v -2.959759 3.206726 2.053578 1.000000 0.000000 0.000000
vn 0.132205 0.450508 -0.882929
v -0.500066 2.897609 -0.454918 1.000000 1.000000 1.000000
vn 0.951274 0.133579 -0.277910
v 0.892751 1.188171 -0.217965 1.000000 1.000000 1.000000
vn 0.503009 0.004726 0.864268
v 0.478207 0.194563 0.832565 1.000000 0.000000 0.000000
vn -0.466206 -0.062846 0.882441
v -0.457048 -0.507234 0.837046 1.000000 0.000000 0.000000
vn -0.008991 -0.762288 0.647176
v -1.671298 2.358076 1.348907 1.000000 1.000000 1.000000
vn 0.454364 0.563175 0.690208
v -0.998676 3.538150 1.334396 1.000000 1.000000 1.000000
vn 0.058190 -0.833897 0.548845
v -1.980788 2.357105 1.359806 1.000000 1.000000 1.000000
vn -0.006101 -0.973779 -0.227414
v -3.272350 2.243292 0.904026 1.000000 0.000000 0.000000
vn -0.439571 -0.056604 -0.896423
v -1.068240 2.415647 -0.466655 1.000000 1.000000 1.000000
vn 0.761475 0.001064 -0.648194
v 0.727694 -0.110711 -0.619020 1.000000 0.000000 0.000000
vn 0.209970 -0.490170 0.845958
v -1.971367 2.719821 1.704854 1.000000 1.000000 1.000000
vn 0.518097 0.000435 -0.855322
v 0.484270 -0.098721 -0.827533 1.000000 0.000000 0.000000
vn 0.775564 0.092553 -0.624447
v 0.719968 0.978661 -0.602972 1.000000 1.000000 1.000000
vn -0.687309 -0.238398 -0.686129
v -1.081763 1.936666 -0.360454 1.000000 1.000000 1.000000
vn -0.321278 -0.668675 -0.670563
v -2.148189 2.488324 0.161499 1.000000 1.000000 1.000000
vn 0.064959 -0.980657 0.184642
v -2.796465 2.245936 1.253754 1.000000 0.000000 0.000000
vn 0.866748 0.054516 -0.495758
v 0.828111 0.779563 -0.472753 1.000000 1.000000 1.000000
vn 0.629838 0.682045 -0.371643
v 0.008470 3.043428 -0.005304 1.000000 1.000000 1.000000
vn 0.533228 0.293176 0.793546
v -0.364624 2.975440 1.217111 1.000000 1.000000 1.000000
vn 0.868922 0.313398 0.383088
v 0.582803 2.158991 0.571745 1.000000 1.000000 1.000000
vn 0.793884 0.528405 -0.300894
v 0.478850 2.440638 -0.084205 1.000000 1.000000 1.000000
vn -0.602869 0.005573 0.797821
v -0.586615 0.051567 0.755050 1.000000 0.000000 0.000000
vn 0.701727 0.225951 -0.675667
v 0.616982 1.490706 -0.590875 1.000000 1.000000 1.000000
vn 0.229308 0.360023 -0.904324
v -0.003685 2.131387 -0.693232 1.000000 1.000000 1.000000
vn 0.181911 -0.364061 0.913437
v -2.806060 2.826350 1.960215 1.000000 0.000000 0.000000
vn -0.088238 0.655039 0.750425
v -3.528991 3.785371 1.834824 1.000000 0.000000 0.000000
vn -0.111251 -0.469975 0.875641
v -3.537077 2.723190 1.952461 1.000000 0.000000 0.000000
vn 0.808474 0.567049 -0.157558
v 0.359743 2.688207 0.116637 1.000000 1.000000 1.000000
vn -0.153189 0.751761 -0.641396
v -2.854038 3.909875 0.434891 1.000000 0.000000 0.000000
vn 0.752669 -0.029605 -0.657733
v 0.725538 0.202688 -0.624606 1.000000 0.000000 0.000000
vn 0.491132 -0.004385 0.871074
v 0.469560 0.624170 0.837698 1.000000 0.000000 0.000000
vn 0.680493 0.009981 0.732687
v 0.615777 1.187551 0.735998 1.000000 1.000000 1.000000
vn 0.391754 -0.449180 0.802973
v 0.412507 -0.811276 0.794114 1.000000 0.000000 0.000000
vn 0.242107 -0.066573 0.967963
v -2.454964 3.141740 1.953261 1.000000 0.000000 0.000000
vn 0.187300 -0.701377 0.687742
v -2.705130 2.494889 1.709743 1.000000 0.000000 0.000000
vn -0.541497 -0.335537 -0.770842
v -1.427752 2.367691 -0.232738 1.000000 1.000000 1.000000
vn -0.031828 -0.463922 -0.885304
v -3.497625 2.724244 0.287617 1.000000 0.000000 0.000000
vn -0.962101 -0.017541 -0.272129
v -0.929413 0.702813 -0.245409 1.000000 0.000000 0.000000
vn -0.365112 -0.301568 -0.880767
v -1.935246 2.779813 -0.116909 1.000000 1.000000 1.000000
vn 0.546455 0.757540 -0.357099
v -0.357127 3.410260 0.129149 1.000000 1.000000 1.000000
vn 0.442174 0.290636 -0.848536
v 0.371596 1.701958 -0.704539 1.000000 1.000000 1.000000
vn -0.082481 0.789211 -0.608559
v -2.112535 3.906034 0.274639 1.000000 1.000000 1.000000
vn 0.743299 0.485903 -0.459788
v 0.470256 2.324117 -0.258820 1.000000 1.000000 1.000000
vn 0.324854 0.434150 0.840228
v -1.536652 3.553208 1.597154 1.000000 1.000000 1.000000
vn 0.785387 0.452669 0.422206
v 0.205839 2.779537 0.726761 1.000000 1.000000 1.000000
vn 0.167682 0.759969 -0.627957
v -1.069360 3.664248 0.017206 1.000000 1.000000 1.000000
vn 0.821341 0.325103 -0.468729
v 0.697321 1.799374 -0.328916 1.000000 1.000000 1.000000
vn 0.862978 -0.003120 -0.505232
v 0.834901 -0.213135 -0.468769 1.000000 0.000000 0.000000
vn 0.485734 0.097544 0.868647
v -0.194226 2.578923 1.209828 1.000000 1.000000 1.000000
vn -0.164239 0.754748 -0.635123
v -2.602074 3.919716 0.385700 1.000000 0.000000 0.000000
vn 0.753053 -0.238052 0.613386
v 0.723215 -0.709628 0.594465 1.000000 0.000000 0.000000
vn 0.235273 0.927692 0.289886
v -1.695184 4.023904 1.110116 1.000000 1.000000 1.000000
vn 0.995590 -0.090374 -0.025174
v 0.949660 -0.553920 -0.012833 1.000000 0.000000 0.000000
vn 0.175963 0.646666 0.742200
v -2.418653 3.801889 1.715504 1.000000 0.000000 0.000000
vn 0.555629 0.165530 0.814786
v 0.015023 2.478519 1.091335 1.000000 1.000000 1.000000
vn -0.281836 -0.060109 -0.957578
v -2.076921 3.069450 -0.123382 1.000000 1.000000 1.000000
vn 0.016271 -0.379569 0.925020
v -0.772866 2.226872 1.312250 1.000000 1.000000 1.000000
vn 0.304047 0.816660 0.490533
v -1.468075 3.898289 1.234660 1.000000 1.000000 1.000000
vn -0.024203 -0.973963 -0.225412
v -3.035915 2.243361 0.881755 1.000000 0.000000 0.000000
vn 0.999927 0.006581 0.010112
v 0.959881 -0.167002 0.008885 1.000000 0.000000 0.000000
vn -0.832952 -0.552192 0.035701
v -1.193676 1.600961 0.298403 1.000000 1.000000 1.000000
vn 0.675954 0.055513 -0.734850
v 0.628819 0.828115 -0.715710 1.000000 1.000000 1.000000
vn 0.796311 0.410622 0.444160
v 0.348151 2.551848 0.684410 1.000000 1.000000 1.000000
vn 0.128368 0.681432 0.720536
v -2.664509 3.841783 1.729797 1.000000 0.000000 0.000000
vn -0.524501 -0.488762 0.697144
v -0.808044 1.483424 0.858253 1.000000 1.000000 1.000000
vn 0.316681 0.004353 0.948522
v -1.105618 2.991863 1.560822 1.000000 1.000000 1.000000
vn -0.059691 -0.052162 0.996853
v -0.051537 0.830925 0.963838 1.000000 0.000000 0.000000
vn -0.070257 0.280914 -0.957158
v -0.589944 2.583302 -0.580895 1.000000 1.000000 1.000000
vn -0.284523 0.078454 -0.955454
v -1.423241 2.942341 -0.328334 1.000000 1.000000 1.000000
vn 0.869049 0.000244 -0.494726
v 0.835618 0.022753 -0.468330 1.000000 0.000000 0.000000
vn 0.739397 -0.554045 -0.382526
v 0.771184 -0.855626 -0.407062 1.000000 0.000000 0.000000
vn -0.441824 -0.211751 0.871753
v -0.445531 -0.673551 0.823495 1.000000 0.000000 0.000000
vn 0.088690 -0.951218 0.295497
v -2.846967 2.265469 1.346957 1.000000 0.000000 0.000000
vn -0.086483 -0.449017 -0.889328
v -3.270714 2.742453 0.265059 1.000000 0.000000 0.000000
vn -0.080335 0.041605 -0.995899
v -3.351738 3.211139 0.167412 1.000000 0.000000 0.000000
vn 0.011517 0.518558 0.854965
v -3.246687 3.664633 1.931609 1.000000 0.000000 0.000000
vn -0.909308 -0.173928 -0.378032
v -0.975836 1.323183 -0.258318 1.000000 1.000000 1.000000
vn -0.200319 0.415956 -0.887047
v -2.942869 3.583766 0.200508 1.000000 0.000000 0.000000
vn 0.646735 -0.020800 0.762431
v 0.615329 0.826275 0.738894 1.000000 0.000000 0.000000
vn 0.127433 0.630606 0.765570
v -2.812449 3.774354 1.814205 1.000000 0.000000 0.000000
vn 0.272512 0.043791 0.961155
v -1.574750 3.174477 1.707963 1.000000 1.000000 1.000000
vn 0.067476 -0.968016 0.241646
v -2.556527 2.254526 1.222855 1.000000 0.000000 0.000000
vn 0.441738 0.897089 -0.009949
v -0.766297 3.762939 0.566781 1.000000 1.000000 1.000000
vn -0.120229 0.361266 -0.924679
v -1.153513 3.184098 -0.329739 1.000000 1.000000 1.000000
vn 0.850053 -0.214091 0.481222
v 0.824435 -0.697447 0.450948 1.000000 0.000000 0.000000
vn -0.264928 -0.133308 -0.955009
v -2.655677 3.050884 0.045053 1.000000 1.000000 1.000000
vn 0.104729 0.890126 0.443517
v -2.581118 4.025968 1.468661 1.000000 0.000000 0.000000
vn 0.522049 -0.012881 0.852818
v 0.481324 1.006670 0.838414 1.000000 1.000000 1.000000
vn 0.040222 -0.855933 0.515521
v -3.133988 2.353457 1.603076 1.000000 0.000000 0.000000
vn 0.868178 -0.021611 -0.495782
v 0.831767 -0.433882 -0.476138 1.000000 0.000000 0.000000
vn -0.306481 0.629685 -0.713839
v -3.900927 3.771286 0.450987 1.000000 0.000000 0.000000
vn 0.363743 0.425173 0.828806
v -1.383232 3.519582 1.550485 1.000000 1.000000 1.000000
vn -0.416377 -0.572064 -0.706663
v -1.918252 2.498444 0.027493 1.000000 1.000000 1.000000
vn 0.106212 -0.851760 0.513053
v -2.918758 2.370250 1.600361 1.000000 0.000000 0.000000
vn 0.877357 0.231434 0.420336
v 0.700484 1.817369 0.538018 1.000000 1.000000 1.000000
vn -0.434225 -0.575371 0.693106
v -0.910503 1.730818 0.979363 1.000000 1.000000 1.000000
vn -0.089748 -0.004344 -0.995955
v -0.073622 0.211299 -0.954041 1.000000 0.000000 0.000000
vn 0.859630 0.362716 -0.359824
v 0.705612 1.906528 -0.224401 1.000000 1.000000 1.000000
vn -0.966538 0.004005 -0.256492
v -0.925014 -0.183480 -0.247675 1.000000 0.000000 0.000000
vn 0.038860 -0.689194 0.723534
v -3.171632 2.525497 1.819213 1.000000 0.000000 0.000000
vn -0.506883 -0.255185 0.823378
v -0.576903 1.131421 0.845930 1.000000 1.000000 1.000000
vn 0.196879 0.277781 0.940253
v -2.618274 3.450148 1.958025 1.000000 0.000000 0.000000
vn 0.106395 -0.285244 0.952532
v -0.695050 2.320656 1.340453 1.000000 1.000000 1.000000
vn 0.609570 0.740876 -0.282005
v -0.167815 3.285658 0.175067 1.000000 1.000000 1.000000
vn 0.025445 -0.013129 0.999590
v 0.015503 -0.321959 0.960271 1.000000 0.000000 0.000000
vn -0.493788 -0.046018 -0.868364
v -0.456222 -0.453804 -0.839536 1.000000 0.000000 0.000000
vn 0.510402 -0.005289 0.859920
v 0.486624 0.313280 0.827178 1.000000 0.000000 0.000000
vn 0.603407 0.488297 0.630449
v -0.380019 3.227616 1.090051 1.000000 1.000000 1.000000
vn -0.837678 -0.157560 -0.522944
v -0.947496 1.456695 -0.364667 1.000000 1.000000 1.000000
vn -0.103941 -0.981511 -0.160722
v -2.333262 2.235154 0.747188 1.000000 1.000000 1.000000
vn 0.312732 -0.067267 0.947456
v -0.479060 2.539707 1.333749 1.000000 1.000000 1.000000
vn 0.004244 0.322191 -0.946665
v -0.463200 2.571746 -0.589974 1.000000 1.000000 1.000000
vn -0.324140 0.410555 -0.852278
v -3.941011 3.530141 0.303457 1.000000 0.000000 0.000000
vn 0.760912 -0.163783 -0.627845
v 0.716474 -0.653941 -0.607394 1.000000 0.000000 0.000000
vn 0.935781 0.030880 0.351228
v 0.888524 0.941216 0.346101 1.000000 1.000000 1.000000
vn 0.331058 0.299192 0.894922
v -1.507299 3.419037 1.642217 1.000000 1.000000 1.000000
vn 0.147110 0.337172 -0.929878
v -0.127478 2.184070 -0.698121 1.000000 1.000000 1.000000
vn -0.318990 -0.506531 -0.801044
v -2.207926 2.655349 0.053051 1.000000 1.000000 1.000000
vn 0.461028 -0.004884 0.887372
v 0.222804 1.864278 1.019584 1.000000 1.000000 1.000000
vn -0.082340 -0.452441 0.887985
v -0.840248 2.147814 1.274058 1.000000 1.000000 1.000000
vn 0.361512 0.877242 -0.315841
v -0.855468 3.746849 0.279091 1.000000 1.000000 1.000000
vn -0.017947 -0.967864 -0.250835
v -3.657665 2.252745 0.898526 1.000000 0.000000 0.000000
vn -0.469786 0.020234 -0.882549
v -0.457296 0.062993 -0.838973 1.000000 0.000000 0.000000
vn -0.603709 -0.511477 -0.611495
v -1.574062 2.271988 -0.048113 1.000000 1.000000 1.000000
vn -0.832135 0.005764 0.554543
v -0.803722 0.016959 0.518890 1.000000 0.000000 0.000000
vn -0.947333 -0.073718 -0.311651
v -0.940004 1.051890 -0.266396 1.000000 1.000000 1.000000
vn 0.970077 0.136436 0.200838
v 0.855671 1.524825 0.264175 1.000000 1.000000 1.000000
vn -0.387645 0.081438 -0.918204
v -0.399265 1.144893 -0.849103 1.000000 1.000000 1.000000
vn 0.506770 0.733625 -0.452746
v -0.321536 3.311654 -0.004540 1.000000 1.000000 1.000000
vn -0.019442 -0.743764 0.668160
v -3.401255 2.472980 1.767735 1.000000 0.000000 0.000000
vn -0.753140 -0.012049 0.657750
v -0.735196 0.451458 0.615240 1.000000 0.000000 0.000000
vn 0.475590 0.747091 -0.464402
v -0.432835 3.400422 0.019314 1.000000 1.000000 1.000000
vn -0.753675 -0.657247 0.000824
v -1.337744 1.793123 0.366671 1.000000 1.000000 1.000000
vn 0.902171 0.034174 -0.430023
v 0.864083 0.698639 -0.410511 1.000000 1.000000 1.000000
vn -0.259645 0.197124 -0.945371
v -2.636112 3.362122 0.050883 1.000000 1.000000 1.000000
vn 0.702099 0.261490 0.662329
v 0.300074 2.347476 0.882163 1.000000 1.000000 1.000000
vn 0.524054 -0.028916 0.851194
v 0.490767 0.818208 0.828504 1.000000 0.000000 0.000000
vn -0.152198 0.881832 0.446327
v -3.715470 3.994647 1.528725 1.000000 0.000000 0.000000
vn -0.960044 -0.090758 0.264722
v -0.932937 0.848872 0.277003 1.000000 1.000000 1.000000
vn 0.883683 0.003551 -0.468072
v 0.848479 -0.100477 -0.446528 1.000000 0.000000 0.000000
vn -0.294427 -0.008212 -0.955639
v -1.912904 3.077322 -0.172676 1.000000 1.000000 1.000000
vn -0.228276 0.470580 -0.852317
v -3.837551 3.607538 0.303326 1.000000 0.000000 0.000000
vn 0.317891 0.390123 -0.864147
v 0.082971 2.177624 -0.647141 1.000000 1.000000 1.000000
vn 0.890309 -0.097045 -0.444896
v 0.845353 -0.544043 -0.436381 1.000000 0.000000 0.000000
vn 0.081395 -0.062249 0.994736
v 0.071761 0.875701 0.964745 1.000000 0.000000 0.000000
vn 0.550636 0.694666 0.462860
v -0.662588 3.586171 1.004242 1.000000 1.000000 1.000000
vn -0.136498 -0.501456 -0.854348
v -3.048263 2.704522 0.256344 1.000000 0.000000 0.000000
vn -0.238685 0.302497 -0.922781
v -2.653470 3.457809 0.080656 1.000000 0.000000 0.000000
vn 0.124254 0.312734 -0.941678
v -0.087204 2.079837 -0.729255 1.000000 1.000000 1.000000
vn -0.020535 -0.966180 -0.257049
v -3.489457 2.252543 0.889305 1.000000 0.000000 0.000000
vn 0.111621 0.458422 -0.881698
v -0.607484 2.989552 -0.421704 1.000000 1.000000 1.000000
vn -0.962036 0.002624 0.272909
v -0.923125 -0.156183 0.262079 1.000000 0.000000 0.000000
vn -0.048985 0.937001 0.345876
v -3.443114 4.066652 1.446655 1.000000 0.000000 0.000000
vn 0.547804 0.519926 -0.655429
v 0.165223 2.583472 -0.365536 1.000000 1.000000 1.000000
vn -0.084270 -0.038911 0.995683
v -0.064128 0.709982 0.958703 1.000000 0.000000 0.000000
vn 0.610234 0.002558 0.792217
v 0.578308 0.277708 0.763485 1.000000 0.000000 0.000000
vn -0.015950 -0.986113 -0.165308
v -2.927788 2.234519 0.916027 1.000000 0.000000 0.000000
vn -0.544264 -0.227529 -0.807470
v -0.495931 -0.756673 -0.766348 1.000000 0.000000 0.000000
vn 0.679639 0.190287 -0.708436
v 0.618383 1.377383 -0.622429 1.000000 1.000000 1.000000
vn 0.095285 -0.856168 0.507835
v -2.145601 2.353600 1.380297 1.000000 1.000000 1.000000
vn 0.188902 -0.038919 0.981224
v 0.192294 -0.505664 0.936705 1.000000 0.000000 0.000000
vn -0.160659 -0.894498 -0.417208
v -2.448714 2.322689 0.521795 1.000000 1.000000 1.000000
vn -0.279150 -0.581535 -0.764128
v -2.320447 2.594390 0.139643 1.000000 1.000000 1.000000
vn 0.350780 -0.089902 0.932133
v 0.210309 1.563897 1.008143 1.000000 1.000000 1.000000
vn 0.647286 0.009054 0.762194
v 0.613133 0.080558 0.738357 1.000000 0.000000 0.000000
vn -0.087484 -0.983972 0.155390
v -2.069159 2.210402 0.983973 1.000000 1.000000 1.000000
vn 0.036245 0.007508 -0.999315
v 0.035805 0.257632 -0.957285 1.000000 0.000000 0.000000
vn -0.304085 0.068654 -0.950168
v -0.840558 2.449860 -0.557586 1.000000 1.000000 1.000000
vn 0.608548 -0.135677 -0.781832
v 0.568414 -0.661845 -0.750302 1.000000 0.000000 0.000000
vn 0.146057 0.067532 -0.986969
v 0.129264 0.957060 -0.934825 1.000000 1.000000 1.000000
vn -0.191535 -0.465931 -0.863842
v -2.900724 2.730381 0.213203 1.000000 0.000000 0.000000
vn 0.763243 0.008320 0.646058
v 0.737606 0.135008 0.613492 1.000000 0.000000 0.000000
vn -0.029034 -0.432563 0.901136
v -0.891570 2.241884 1.317825 1.000000 1.000000 1.000000
vn -0.363909 -0.019791 -0.931224
v -1.341967 2.737262 -0.361862 1.000000 1.000000 1.000000
vn 0.018970 -0.947842 0.318176
v -3.195708 2.266027 1.416773 1.000000 0.000000 0.000000
vn 0.238935 -0.227207 0.944080
v -1.667731 2.932834 1.709121 1.000000 1.000000 1.000000
vn -0.079189 0.845670 -0.527799
v -2.235849 3.983231 0.401849 1.000000 1.000000 1.000000
vn 0.129004 0.780555 0.611630
v -2.557061 3.930933 1.610797 1.000000 0.000000 0.000000
vn 0.425505 0.116607 0.897412
v -0.636212 2.915425 1.387799 1.000000 1.000000 1.000000
vn -0.035473 0.000285 0.999371
v -0.023142 0.061038 0.961211 1.000000 0.000000 0.000000
vn -0.715917 0.013737 -0.698050
v -0.697205 -0.065904 -0.659138 1.000000 0.000000 0.000000
vn -0.221142 -0.676050 -0.702889
v -2.448028 2.511985 0.253224 1.000000 1.000000 1.000000
vn 0.999970 -0.004404 -0.006450
v 0.956112 0.228843 -0.007244 1.000000 0.000000 0.000000
vn -0.648077 0.000400 0.761575
v -0.620729 0.441040 0.728682 1.000000 0.000000 0.000000
vn 0.451552 0.764809 0.459530
v -1.075332 3.788093 1.110179 1.000000 1.000000 1.000000
vn 0.474775 0.061618 0.877948
v -0.157656 2.469550 1.199021 1.000000 1.000000 1.000000
vn 0.785603 -0.019794 0.618414
v 0.742904 -0.441048 0.608620 1.000000 0.000000 0.000000
vn 0.589119 -0.001122 -0.808045
v 0.549472 -0.174686 -0.783729 1.000000 0.000000 0.000000
vn 0.043709 0.013105 -0.998958
v 0.041658 0.367953 -0.955317 1.000000 0.000000 0.000000
vn -0.712878 0.014533 0.701137
v -0.676093 0.030319 0.674733 1.000000 0.000000 0.000000
vn -0.943669 -0.229101 0.238749
v -0.969465 1.096557 0.290956 1.000000 1.000000 1.000000
vn 0.213865 0.456556 0.863608
v -2.347653 3.617052 1.823089 1.000000 1.000000 1.000000
vn -0.011228 -0.999895 0.009118
v -3.517106 2.220869 1.135482 1.000000 0.000000 0.000000
vn -0.541631 0.004011 -0.840607
v -0.705816 1.693404 -0.639633 1.000000 1.000000 1.000000
vn 0.639417 0.642337 -0.422550
v 0.086669 2.917602 -0.095949 1.000000 1.000000 1.000000
vn 0.023762 -0.984991 0.170963
v -2.407318 2.238794 1.113157 1.000000 1.000000 1.000000
vn -0.051806 -0.786227 0.615762
v -3.531485 2.428468 1.710384 1.000000 0.000000 0.000000
vn 0.387727 0.255177 0.885750
v -1.082533 3.294894 1.510528 1.000000 1.000000 1.000000
vn 0.964433 -0.169088 0.203172
v 0.909871 -0.662881 0.233146 1.000000 0.000000 0.000000
vn 0.050819 0.996604 -0.064797
v -2.149488 4.126941 0.858984 1.000000 1.000000 1.000000
vn -0.405049 -0.687638 0.602569
v -1.171910 1.923478 0.989997 1.000000 1.000000 1.000000
vn 0.007028 -0.696848 0.717184
v -3.290985 2.513215 1.810216 1.000000 0.000000 0.000000
vn -0.424052 -0.681917 -0.595960
v -1.918196 2.380606 0.143798 1.000000 1.000000 1.000000
vn 0.231292 -0.229033 0.945541
v -1.298632 2.828828 1.594924 1.000000 1.000000 1.000000
vn -0.548451 -0.227083 -0.804758
v -1.250237 2.337471 -0.348357 1.000000 1.000000 1.000000
vn 0.605409 -0.009724 -0.795855
v 0.591146 -0.350696 -0.752111 1.000000 0.000000 0.000000
vn 0.028015 -0.236643 0.971193
v 0.055815 -0.755929 0.908619 1.000000 0.000000 0.000000
vn -0.048122 -0.175348 -0.983330
v -3.807518 2.997075 0.205168 1.000000 0.000000 0.000000
vn -0.551525 -0.027105 -0.833718
v -0.528955 -0.327094 -0.798666 1.000000 0.000000 0.000000
vn 0.269498 0.073639 0.960181
v -2.229825 3.268290 1.891701 1.000000 1.000000 1.000000
vn 0.616138 0.452635 -0.644590
v 0.396384 2.230659 -0.426722 1.000000 1.000000 1.000000
vn 0.428722 0.619220 -0.657848
v -0.194390 3.026612 -0.241602 1.000000 1.000000 1.000000
vn 0.451729 0.821860 0.347112
v -0.975848 3.792359 0.989004 1.000000 1.000000 1.000000
vn 0.037874 0.897842 0.438685
v -3.121721 4.024961 1.544580 1.000000 0.000000 0.000000
vn -0.969338 -0.222442 0.104425
v -0.993405 1.107027 0.168614 1.000000 1.000000 1.000000
vn 0.698991 0.419087 -0.579463
v 0.468181 2.157697 -0.401781 1.000000 1.000000 1.000000
vn 0.554359 0.820516 0.139429
v -0.564187 3.633025 0.700536 1.000000 1.000000 1.000000
vn -0.177352 0.642227 -0.745715
v -2.734650 3.788097 0.285837 1.000000 0.000000 0.000000
vn -0.541383 -0.134537 -0.829942
v -1.017372 2.129674 -0.461149 1.000000 1.000000 1.000000
vn -0.300799 -0.581735 0.755714
v -3.792942 2.619205 1.818215 1.000000 0.000000 0.000000
vn 0.408160 0.257438 -0.875860
v 0.357030 1.572740 -0.753076 1.000000 1.000000 1.000000
vn -0.050410 0.444016 0.894599
v -3.488358 3.579480 1.971692 1.000000 0.000000 0.000000
vn 0.325311 0.184694 0.927395
v -1.464074 3.304961 1.657240 1.000000 1.000000 1.000000
vn 0.685406 0.391973 0.613659
v -0.058058 2.897113 0.995733 1.000000 1.000000 1.000000
vn -0.004093 -0.595059 0.803672
v -3.296370 2.616078 1.897418 1.000000 0.000000 0.000000
vn -0.225092 0.151664 -0.962461
v -0.805449 2.550477 -0.556943 1.000000 1.000000 1.000000
vn -0.930100 -0.059738 0.362417
v -0.891748 -0.489980 0.333921 1.000000 0.000000 0.000000
vn 0.226775 -0.377948 0.897624
v -2.013898 2.802213 1.755713 1.000000 1.000000 1.000000
vn 0.556382 0.829375 0.050763
v -0.520909 3.619353 0.570152 1.000000 1.000000 1.000000
vn 0.869599 -0.004721 0.493736
v 0.840037 -0.262166 0.463937 1.000000 0.000000 0.000000
vn 0.982074 -0.000207 0.188497
v 0.939382 0.676647 0.186579 1.000000 0.000000 0.000000
vn 0.101826 -0.198954 0.974704
v -0.093631 1.589230 1.086362 1.000000 1.000000 1.000000
vn 0.764440 0.133345 -0.630754
v 0.715490 1.108493 -0.585440 1.000000 1.000000 1.000000
vn -0.342518 0.010165 -0.939456
v -0.320668 0.045755 -0.901372 1.000000 0.000000 0.000000
vn 0.894627 -0.440071 -0.077333
v 0.880270 -0.837983 -0.057451 1.000000 0.000000 0.000000
vn 0.113982 0.001867 -0.993481
v 0.106689 0.181410 -0.952304 1.000000 0.000000 0.000000
vn 0.548588 0.290242 -0.784099
v 0.455889 1.662595 -0.667677 1.000000 1.000000 1.000000
vn 0.241493 -0.316258 0.917421
v -2.200207 2.875843 1.832015 1.000000 1.000000 1.000000
vn -0.230218 -0.450355 0.862659
v -0.654671 1.733014 1.087457 1.000000 1.000000 1.000000
vn -0.635132 -0.236945 -0.735162
v -0.576385 -0.771525 -0.699749 1.000000 0.000000 0.000000
vn -0.789049 -0.006549 -0.614296
v -0.798833 1.134834 -0.540183 1.000000 1.000000 1.000000
vn 0.479259 0.124264 0.868832
v -0.260031 2.657521 1.235746 1.000000 1.000000 1.000000
vn -0.161495 0.007012 -0.986849
v -0.157562 0.607281 -0.939864 1.000000 0.000000 0.000000
vn -0.041729 0.634953 -0.771423
v -3.507273 3.793909 0.402496 1.000000 0.000000 0.000000
vn -0.345212 0.067538 -0.936091
v -0.353695 1.047094 -0.875651 1.000000 1.000000 1.000000
vn -0.584907 -0.331230 0.740385
v -0.687000 1.228550 0.804091 1.000000 1.000000 1.000000
vn -0.227207 0.194270 -0.954273
v -1.750656 3.231994 -0.204149 1.000000 1.000000 1.000000
vn -0.035462 0.006596 -0.999349
v -0.019436 0.655352 -0.954798 1.000000 0.000000 0.000000
vn -0.176365 -0.665896 0.724898
v -1.261013 2.200179 1.238794 1.000000 1.000000 1.000000
vn 0.756705 0.045858 -0.652146
v 0.728046 0.724322 -0.618515 1.000000 1.000000 1.000000
vn -0.155937 0.713893 0.682672
v -3.701743 3.849402 1.741357 1.000000 0.000000 0.000000
vn 0.597758 -0.004125 0.801666
v 0.439153 1.539900 0.883029 1.000000 1.000000 1.000000
vn 0.792381 0.027108 0.609424
v 0.731349 1.070870 0.615865 1.000000 1.000000 1.000000
vn 0.188181 -0.210720 0.959263
v -0.598011 2.375278 1.340703 1.000000 1.000000 1.000000
vn 0.257264 0.651134 0.714031
v -2.016452 3.800233 1.599293 1.000000 1.000000 1.000000
vn -0.102058 -0.193937 -0.975691
v -0.098047 -0.657097 -0.932609 1.000000 0.000000 0.000000
vn -0.554320 -0.741565 0.377904
v -1.292776 1.863250 0.780201 1.000000 1.000000 1.000000
vn 0.006482 0.784894 -0.619596
v -1.692411 3.852605 0.177297 1.000000 1.000000 1.000000
vn -0.868452 -0.056338 0.492561
v -0.821607 -0.484381 0.479967 1.000000 0.000000 0.000000
vn -0.107516 -0.051468 -0.992870
v -3.273109 3.140985 0.160268 1.000000 0.000000 0.000000
vn 0.689453 0.093269 0.718300
v 0.479387 1.821143 0.838555 1.000000 1.000000 1.000000
vn 0.546875 0.061308 0.834967
v 0.268402 1.989730 0.988749 1.000000 1.000000 1.000000
vn -0.004677 0.001928 -0.999987
v 0.003813 0.060734 -0.957009 1.000000 0.000000 0.000000
vn -0.214303 0.408157 -0.887402
v -2.719436 3.563750 0.137921 1.000000 0.000000 0.000000
vn -0.653704 -0.664803 -0.361536
v -1.567867 2.092519 0.164800 1.000000 1.000000 1.000000
vn 0.911474 0.229286 0.341530
v 0.751162 1.764843 0.451363 1.000000 1.000000 1.000000
vn 0.165157 0.414646 0.894870
v -2.780111 3.555776 1.947234 1.000000 0.000000 0.000000
vn 0.366325 -0.009957 -0.930434
v 0.357618 0.151619 -0.891933 1.000000 0.000000 0.000000
vn 0.110282 0.669233 -0.734823
v -1.098942 3.561928 -0.095007 1.000000 1.000000 1.000000
vn -0.091287 -0.430241 0.898086
v -0.687864 1.991835 1.213071 1.000000 1.000000 1.000000
vn 0.934512 0.332920 -0.125901
v 0.770422 1.900394 -0.003418 1.000000 1.000000 1.000000
vn -0.183337 -0.644811 -0.742028
v -3.980366 2.556184 0.444961 1.000000 0.000000 0.000000
vn -0.118249 0.024719 0.992676
v -3.574061 3.187691 2.058893 1.000000 0.000000 0.000000
vn -0.043754 0.988494 -0.144794
v -2.570446 4.125830 0.840434 1.000000 0.000000 0.000000
vn -0.023711 -0.937279 0.347773
v -3.441404 2.275976 1.441586 1.000000 0.000000 0.000000
vn -0.234370 -0.855591 -0.461557
v -2.215423 2.337069 0.390178 1.000000 1.000000 1.000000
vn 0.045886 -0.982653 0.179690
v -2.671635 2.244995 1.208784 1.000000 0.000000 0.000000
vn 0.062242 0.794550 -0.604000
v -1.492580 3.823076 0.150703 1.000000 1.000000 1.000000
vn -0.014898 0.959126 -0.282589
v -3.424569 4.084979 0.844331 1.000000 0.000000 0.000000
vn 0.935599 0.115712 -0.333564
v 0.884320 1.090146 -0.282579 1.000000 1.000000 1.000000
vn 0.368725 -0.079978 0.926091
v 0.271898 1.285260 0.956213 1.000000 1.000000 1.000000
vn -0.110495 0.125971 -0.985861
v -0.105890 1.249716 -0.911845 1.000000 1.000000 1.000000
vn -0.160450 0.065166 -0.984890
v -3.022996 3.236357 0.126808 1.000000 0.000000 0.000000
vn 0.733028 0.330831 -0.594324
v 0.603034 1.781636 -0.478582 1.000000 1.000000 1.000000
vn 0.650863 -0.008391 0.759149
v 0.630377 -0.368941 0.726634 1.000000 0.000000 0.000000
vn -0.500231 -0.318436 -0.805213
v -1.547532 2.516758 -0.213154 1.000000 1.000000 1.000000
vn 0.568839 0.385507 0.726503
v -0.427046 3.131718 1.192246 1.000000 1.000000 1.000000
vn 0.545649 0.188299 0.816585
v -0.171432 2.674788 1.179355 1.000000 1.000000 1.000000
vn -0.685554 0.001331 -0.728020
v -0.661654 0.242525 -0.692514 1.000000 0.000000 0.000000
vn -0.022728 -0.209038 0.977643
v -0.046321 -0.755020 0.910394 1.000000 0.000000 0.000000
vn 0.035554 -0.781205 0.623261
v -3.158299 2.424327 1.705599 1.000000 0.000000 0.000000
vn -0.884252 -0.051856 -0.464123
v -0.850881 -0.482039 -0.432895 1.000000 0.000000 0.000000
vn -0.137767 -0.128349 -0.982114
v -3.145003 3.066710 0.150177 1.000000 0.000000 0.000000
vn -0.204092 0.447087 -0.870896
v -2.829036 3.599984 0.181971 1.000000 0.000000 0.000000
vn -0.976518 -0.078397 -0.200667
v -0.956624 0.981966 -0.186370 1.000000 1.000000 1.000000
vn -0.968549 -0.002806 0.248806
v -0.929754 0.320184 0.245103 1.000000 0.000000 0.000000
vn -0.540790 -0.045054 -0.839950
v -0.838200 1.960402 -0.560862 1.000000 1.000000 1.000000
vn -0.186791 -0.372651 0.908978
v -0.463310 1.606030 1.075212 1.000000 1.000000 1.000000
vn -0.462477 -0.550876 0.694731
v -0.870465 1.644384 0.934511 1.000000 1.000000 1.000000
vn 0.106908 0.622240 -0.775492
v -0.893648 3.400590 -0.203564 1.000000 1.000000 1.000000
vn 0.154171 0.003300 0.988039
v 0.145414 0.204259 0.949729 1.000000 0.000000 0.000000
vn -0.108998 0.684319 -0.720990
v -2.069191 3.797935 0.146084 1.000000 1.000000 1.000000
vn -0.999797 -0.014655 -0.013850
v -0.958661 0.116674 0.000318 1.000000 0.000000 0.000000
vn -0.204578 0.168030 -0.964320
v -0.360554 1.856109 -0.768790 1.000000 1.000000 1.000000
vn 0.880105 0.010524 0.474663
v 0.840598 0.836944 0.457958 1.000000 1.000000 1.000000
vn 0.047551 0.555212 0.830348
v -3.091522 3.724888 1.888517 1.000000 0.000000 0.000000
vn 0.088604 -0.001237 -0.996066
v 0.104761 0.611230 -0.950673 1.000000 0.000000 0.000000
vn 0.464729 0.007421 0.885422
v 0.111590 2.049443 1.078974 1.000000 1.000000 1.000000
vn 0.208091 0.967427 0.144165
v -1.741357 4.067687 0.962583 1.000000 1.000000 1.000000
vn -0.234256 -0.448784 -0.862390
v -2.697280 2.741459 0.156333 1.000000 0.000000 0.000000
vn 0.103961 0.958859 0.264161
v -2.195073 4.091734 1.195606 1.000000 1.000000 1.000000
vn -0.035794 -0.785953 -0.617249
v -3.780599 2.435592 0.540098 1.000000 0.000000 0.000000
vn 0.717685 0.689774 0.095603
v -0.026365 3.188968 0.485729 1.000000 1.000000 1.000000
vn -0.471247 -0.852783 0.225139
v -1.518128 2.002386 0.755569 1.000000 1.000000 1.000000
vn 0.009520 0.987229 0.159024
v -3.165873 4.117111 1.273165 1.000000 0.000000 0.000000
vn 0.644161 0.648092 0.406242
v -0.344992 3.391657 0.857748 1.000000 1.000000 1.000000
vn 0.112379 0.589442 0.799956
v -2.943911 3.741467 1.861802 1.000000 0.000000 0.000000
vn 0.156691 0.252227 -0.954898
v 0.032803 1.754938 -0.806807 1.000000 1.000000 1.000000
vn 0.566636 0.583126 -0.582140
v 0.063302 2.810263 -0.254670 1.000000 1.000000 1.000000
vn -0.981364 -0.182257 -0.060878
v -0.909963 -0.772772 -0.030493 1.000000 0.000000 0.000000
vn 0.004909 -0.121302 -0.992604
v -0.005048 -0.603615 -0.945761 1.000000 0.000000 0.000000
vn -0.314291 -0.430018 0.846349
v -0.617260 1.576465 1.018422 1.000000 1.000000 1.000000
vn 0.416816 0.787716 0.453618
v -1.168217 3.831123 1.126408 1.000000 1.000000 1.000000
vn 0.190881 0.255323 0.947827
v -2.716134 3.419089 1.987090 1.000000 0.000000 0.000000
vn 0.275274 0.277171 0.920544
v -2.212071 3.467596 1.847069 1.000000 1.000000 1.000000
vn 0.152394 -0.400975 0.903325
v -2.908068 2.779424 1.960137 1.000000 0.000000 0.000000
vn 0.674942 0.567717 -0.471328
v 0.257862 2.638037 -0.215211 1.000000 1.000000 1.000000
vn 0.540356 0.002567 0.841433
v 0.516598 0.075319 0.809033 1.000000 0.000000 0.000000
vn -0.700261 -0.683674 -0.205486
v -1.470933 1.955119 0.262341 1.000000 1.000000 1.000000
vn 0.590011 0.541940 0.598488
v -0.466516 3.305959 1.109153 1.000000 1.000000 1.000000
vn -0.101348 0.009724 0.994804
v -0.083757 0.443040 0.953550 1.000000 0.000000 0.000000
vn 0.153553 0.760432 0.631003
v -2.408933 3.910850 1.601507 1.000000 0.000000 0.000000
vn 0.279787 -0.011650 0.959991
v -1.489314 3.111579 1.684907 1.000000 1.000000 1.000000
vn 0.228590 -0.017249 0.973370
v -2.550858 3.188343 1.978585 1.000000 0.000000 0.000000
vn 0.466837 0.880731 -0.079854
v -0.687234 3.718960 0.496574 1.000000 1.000000 1.000000
vn 0.307195 -0.053734 0.950128
v -0.830667 2.811203 1.466543 1.000000 1.000000 1.000000
vn -0.193308 -0.276836 -0.941272
v -0.193150 -0.728421 -0.905761 1.000000 0.000000 0.000000
vn -0.510512 -0.418923 -0.750920
v -1.625675 2.449497 -0.130209 1.000000 1.000000 1.000000
vn 0.763055 -0.000278 -0.646334
v 0.729680 0.344700 -0.624820 1.000000 0.000000 0.000000
vn -0.841824 0.000702 -0.539752
v -0.809763 0.683418 -0.518115 1.000000 0.000000 0.000000
vn 0.493114 -0.053288 0.868331
v 0.473909 -0.517291 0.831240 1.000000 0.000000 0.000000
vn -0.247488 0.136957 -0.959162
v -0.299093 1.539879 -0.836548 1.000000 1.000000 1.000000
vn -0.787165 -0.075155 0.612146
v -0.739442 -0.573447 0.595704 1.000000 0.000000 0.000000
vn -0.063132 0.411196 -0.909358
v -1.040457 3.187219 -0.340739 1.000000 1.000000 1.000000
vn 0.872817 -0.001448 -0.488046
v 0.837211 0.263569 -0.470028 1.000000 0.000000 0.000000
vn 0.748926 0.393952 -0.532833
v 0.573447 2.024987 -0.359535 1.000000 1.000000 1.000000
vn 0.999859 -0.015777 0.005718
v 0.960040 -0.307170 -0.000676 1.000000 0.000000 0.000000
vn 0.506693 0.015964 -0.861979
v 0.486666 0.770851 -0.823872 1.000000 1.000000 1.000000
vn 0.043750 -0.746509 0.663936
v -1.756545 2.403145 1.402284 1.000000 1.000000 1.000000
vn -0.377347 0.105427 -0.920051
v -0.433056 1.456401 -0.803281 1.000000 1.000000 1.000000
vn -0.257283 -0.712729 0.652551
v -1.253074 2.101072 1.141726 1.000000 1.000000 1.000000
vn -0.797029 -0.600451 -0.064835
v -1.291486 1.742417 0.278685 1.000000 1.000000 1.000000
vn -0.141613 0.827342 -0.543554
v -2.646600 3.971857 0.466884 1.000000 0.000000 0.000000
vn 0.967207 0.003656 0.253961
v 0.927396 0.095832 0.245620 1.000000 0.000000 0.000000
vn 0.804436 0.230707 -0.547410
v 0.700729 1.542709 -0.466337 1.000000 1.000000 1.000000
vn -0.545846 -0.513558 -0.662050
v -1.638268 2.367538 -0.067125 1.000000 1.000000 1.000000
vn -0.263943 -0.129487 -0.955807
v -0.248898 -0.611956 -0.910600 1.000000 0.000000 0.000000
vn -0.973490 -0.043023 0.224645
v -0.930725 -0.499799 0.205273 1.000000 0.000000 0.000000
vn 0.177021 -0.340506 0.923428
v -1.360053 2.747463 1.582780 1.000000 1.000000 1.000000
vn -0.970742 0.003153 0.240105
v -0.930545 0.467641 0.240898 1.000000 0.000000 0.000000
vn -0.832577 -0.011484 0.553790
v -0.787294 -0.357116 0.542254 1.000000 0.000000 0.000000
vn 0.360218 0.700941 -0.615569
v -0.539167 3.350612 -0.129795 1.000000 1.000000 1.000000
vn -0.057137 -0.036262 0.997708
v -0.057629 -0.407848 0.957811 1.000000 0.000000 0.000000
vn 0.200298 0.850562 0.486236
v -2.007593 3.990552 1.359766 1.000000 1.000000 1.000000
vn 0.283755 0.179381 0.941969
v -1.712037 3.330974 1.731806 1.000000 1.000000 1.000000
vn -0.375490 -0.194794 -0.906125
v -1.688999 2.786814 -0.223861 1.000000 1.000000 1.000000
vn 0.679836 0.656708 -0.326433
v 0.117599 2.945977 0.008811 1.000000 1.000000 1.000000
vn 0.481217 0.855512 0.191129
v -0.768728 3.736983 0.808876 1.000000 1.000000 1.000000
vn -0.819011 -0.270511 -0.506008
v -1.066625 1.663929 -0.259322 1.000000 1.000000 1.000000
vn -0.059285 0.629929 -0.774387
v -3.329000 3.793441 0.391553 1.000000 0.000000 0.000000
vn 0.917576 0.281169 0.281068
v 0.712467 1.950179 0.403876 1.000000 1.000000 1.000000
vn 0.877244 -0.375241 -0.299396
v 0.821728 -0.847600 -0.301063 1.000000 0.000000 0.000000
vn 0.002629 0.879746 -0.475436
v -1.858571 3.978812 0.362991 1.000000 1.000000 1.000000
vn -0.113514 -0.005749 0.993520
v -0.085776 0.590519 0.953375 1.000000 0.000000 0.000000
vn 0.769499 0.625173 -0.130500
v 0.206673 2.910428 0.185942 1.000000 1.000000 1.000000
vn 0.544111 0.495824 -0.676832
v 0.217833 2.480139 -0.400889 1.000000 1.000000 1.000000
vn -0.375723 -0.802095 0.464193
v -1.408877 2.034689 0.966177 1.000000 1.000000 1.000000
vn 0.033678 -0.066054 0.997248
v 0.035209 -0.504556 0.953991 1.000000 0.000000 0.000000
vn -0.357807 0.090632 -0.929387
v -0.555022 1.891714 -0.708700 1.000000 1.000000 1.000000
vn 0.536301 -0.380524 0.753381
v 0.516540 -0.814677 0.732924 1.000000 0.000000 0.000000
vn 0.911909 0.009187 0.410289
v 0.877296 0.038599 0.388697 1.000000 0.000000 0.000000
vn -0.042217 -0.147763 -0.988121
v -3.552598 3.034801 0.190186 1.000000 0.000000 0.000000
vn -0.856559 0.009318 -0.515964
v -0.826010 0.557860 -0.491846 1.000000 0.000000 0.000000
vn 0.483801 0.001656 0.875176
v 0.471054 0.502839 0.836367 1.000000 0.000000 0.000000
vn 0.841026 0.530417 0.106454
v 0.372611 2.685992 0.376951 1.000000 1.000000 1.000000
vn -0.165140 0.331634 -0.928842
v -1.528123 3.315461 -0.227254 1.000000 1.000000 1.000000
vn 0.489886 0.000709 0.871786
v 0.475807 -0.035814 0.833464 1.000000 0.000000 0.000000
vn -0.183366 0.389967 0.902387
v -3.701187 3.535961 1.962226 1.000000 0.000000 0.000000
vn -0.489148 -0.332756 0.806230
v -0.604117 1.249254 0.871029 1.000000 1.000000 1.000000
vn -0.429317 -0.903151 -0.002405
v -1.725712 2.095186 0.643087 1.000000 1.000000 1.000000
vn 0.856375 0.450806 -0.251786
v 0.615460 2.224133 -0.059786 1.000000 1.000000 1.000000
vn -0.266716 0.153002 -0.951553
v -2.372362 3.297965 -0.032915 1.000000 1.000000 1.000000
vn 0.177160 -0.686214 0.705496
v -2.377321 2.530167 1.660153 1.000000 1.000000 1.000000
vn 0.993345 0.063158 -0.096316
v 0.947161 0.873876 -0.088314 1.000000 1.000000 1.000000
vn -0.454206 -0.811294 -0.368101
v -1.832059 2.208381 0.333744 1.000000 1.000000 1.000000
vn -0.217176 -0.760665 -0.611738
v -2.442783 2.441354 0.329276 1.000000 1.000000 1.000000
vn 0.571258 0.805961 -0.155215
v -0.415160 3.533453 0.364356 1.000000 1.000000 1.000000
vn -0.162844 -0.051820 0.985290
v -0.158633 -0.466992 0.943866 1.000000 0.000000 0.000000
vn -0.069992 -0.001942 0.997546
v -0.071766 -0.037879 0.958890 1.000000 0.000000 0.000000
vn -0.045277 0.978755 -0.199971
v -3.098251 4.109216 0.900914 1.000000 0.000000 0.000000
vn -0.015656 -0.992217 -0.123534
v -3.605151 2.228231 1.017501 1.000000 0.000000 0.000000
vn -0.003403 0.999986 0.003956
v -2.578696 4.137572 0.998163 1.000000 0.000000 0.000000
vn 0.112820 0.694659 0.710437
v -2.932785 3.841831 1.773285 1.000000 0.000000 0.000000
vn 0.391067 0.602390 -0.695840
v -0.161225 2.907829 -0.328768 1.000000 1.000000 1.000000
vn -0.985431 -0.005444 0.169989
v -0.945730 -0.199936 0.161789 1.000000 0.000000 0.000000
vn -0.033742 0.499307 -0.865768
v -3.466186 3.639863 0.292838 1.000000 0.000000 0.000000
vn 0.580645 -0.024145 0.813799
v 0.488539 1.241341 0.839611 1.000000 1.000000 1.000000
vn -0.404096 -0.767147 -0.498188
v -1.934968 2.321096 0.235518 1.000000 1.000000 1.000000
vn 0.693840 0.208032 0.689426
v 0.364395 2.181905 0.873765 1.000000 1.000000 1.000000
vn -0.854317 -0.289315 -0.431787
v -0.807344 -0.772852 -0.398515 1.000000 0.000000 0.000000
vn 0.569352 0.455653 0.684265
v -0.509345 3.258006 1.184542 1.000000 1.000000 1.000000
vn -0.346303 0.040917 -0.937230
v -0.821648 2.289739 -0.572978 1.000000 1.000000 1.000000
vn -0.071460 0.011086 -0.997382
v -0.061279 0.315530 -0.955674 1.000000 0.000000 0.000000
vn 0.639154 -0.006537 0.769051
v 0.612814 -0.256199 0.742010 1.000000 0.000000 0.000000
vn -0.862347 -0.019989 0.505923
v -0.834866 0.610468 0.476871 1.000000 0.000000 0.000000
vn -0.433143 -0.194102 -0.880177
v -0.412744 -0.746707 -0.817665 1.000000 0.000000 0.000000
vn 0.422463 0.008398 -0.906341
v 0.388301 0.602966 -0.876055 1.000000 0.000000 0.000000
vn -0.498961 -0.045095 -0.865450
v -0.853482 2.077856 -0.557789 1.000000 1.000000 1.000000
vn 0.159540 0.875812 0.455522
v -2.160852 4.021575 1.361122 1.000000 1.000000 1.000000
vn 0.030315 0.982332 -0.184677
v -2.103532 4.107907 0.718228 1.000000 1.000000 1.000000
vn 0.303413 0.925877 -0.225152
v -1.196827 3.930929 0.478776 1.000000 1.000000 1.000000
vn 0.487548 -0.053505 -0.871455
v 0.465398 -0.508899 -0.833269 1.000000 0.000000 0.000000
vn 0.312875 -0.102718 0.944224
v -0.294859 2.309217 1.252545 1.000000 1.000000 1.000000
vn 0.183269 -0.236006 0.954313
v -2.778101 2.969765 2.000370 1.000000 0.000000 0.000000
vn -0.459599 -0.316369 -0.829867
v -1.635298 2.583311 -0.188456 1.000000 1.000000 1.000000
vn -0.972015 -0.010940 -0.234665
v -0.927729 0.146035 -0.247236 1.000000 0.000000 0.000000
vn 0.466209 0.386663 -0.795702
v 0.277595 2.072859 -0.607825 1.000000 1.000000 1.000000
vn -0.866754 -0.448460 -0.218224
v -1.174488 1.617512 0.035361 1.000000 1.000000 1.000000
vn 0.284170 -0.076401 0.955725
v -1.239920 2.977443 1.603363 1.000000 1.000000 1.000000
vn -0.973293 -0.211224 0.089914
v -0.907736 -0.768008 0.081019 1.000000 0.000000 0.000000
vn -0.861001 -0.502605 -0.077878
v -1.179803 1.584133 0.180704 1.000000 1.000000 1.000000
vn -0.533946 0.006281 0.845495
v -0.507691 0.250231 0.808592 1.000000 0.000000 0.000000
vn 0.667506 0.378930 -0.640974
v 0.488043 2.013518 -0.472945 1.000000 1.000000 1.000000
vn 0.406766 0.649988 0.641916
v -1.225013 3.690503 1.346084 1.000000 1.000000 1.000000
vn 0.874588 0.002427 0.484860
v 0.842701 0.116807 0.456255 1.000000 0.000000 0.000000
vn 0.058319 -0.981171 0.184126
v -2.917981 2.242796 1.280163 1.000000 0.000000 0.000000
vn 0.120461 -0.194811 0.973416
v -0.041426 1.486848 1.059864 1.000000 1.000000 1.000000
vn 0.694973 -0.021070 -0.718727
v 0.671448 0.280202 -0.685016 1.000000 0.000000 0.000000
vn 0.498984 0.752252 0.430270
v -0.742441 3.653045 0.987868 1.000000 1.000000 1.000000
vn -0.683794 -0.193507 0.703549
v -0.705387 1.013092 0.710356 1.000000 1.000000 1.000000
vn -0.024688 -0.475142 0.879563
v -1.019585 2.304369 1.345531 1.000000 1.000000 1.000000
vn 0.178008 0.976603 0.120663
v -1.851647 4.090719 0.962656 1.000000 1.000000 1.000000
vn 0.332159 0.794022 0.509117
v -1.371670 3.868542 1.221252 1.000000 1.000000 1.000000
vn -0.067164 -0.403483 -0.912519
v -3.381782 2.774956 0.258323 1.000000 0.000000 0.000000
vn -0.115346 0.494720 -0.861364
v -3.136847 3.638514 0.264120 1.000000 0.000000 0.000000
vn -0.188606 0.657104 -0.729824
v -2.594471 3.805450 0.265788 1.000000 0.000000 0.000000
vn -0.360391 0.110772 -0.926201
v -0.437037 1.562705 -0.789282 1.000000 1.000000 1.000000
vn -0.264222 -0.202439 0.942977
v -3.738704 3.010725 2.008194 1.000000 0.000000 0.000000
vn -0.047969 -0.014743 -0.998740
v -3.671860 3.154270 0.184291 1.000000 0.000000 0.000000
vn 0.209502 -0.500689 0.839892
v -2.536908 2.705068 1.831686 1.000000 0.000000 0.000000
vn -0.141992 -0.376720 0.915380
v -0.507562 1.749721 1.127705 1.000000 1.000000 1.000000
vn 0.139992 -0.387274 0.911275
v -1.325034 2.646749 1.536463 1.000000 1.000000 1.000000
vn 0.978251 0.173588 -0.113543
v 0.883438 1.446435 -0.066442 1.000000 1.000000 1.000000
vn -0.115810 0.840098 -0.529927
v -2.530675 3.980507 0.451052 1.000000 1.000000 1.000000
vn 0.133031 0.519227 0.844219
v -2.865864 3.650406 1.911874 1.000000 0.000000 0.000000
vn 0.680785 0.006784 -0.732452
v 0.644814 -0.115328 -0.705399 1.000000 0.000000 0.000000
vn -0.517128 -0.847538 -0.119405
v -1.694221 2.088759 0.469966 1.000000 1.000000 1.000000
vn 0.039350 -0.424482 0.904581
v -1.020959 2.400093 1.394604 1.000000 1.000000 1.000000
vn 0.972840 0.199285 -0.117760
v 0.865655 1.547614 -0.052778 1.000000 1.000000 1.000000
vn -0.093682 0.235860 -0.967261
v -0.504378 2.440783 -0.626677 1.000000 1.000000 1.000000
vn 0.213814 0.358463 -0.908729
v -0.137111 2.376278 -0.626705 1.000000 1.000000 1.000000
vn -0.059451 0.800871 -0.595878
v -1.975806 3.914290 0.269447 1.000000 1.000000 1.000000
vn -0.200365 0.013487 0.979629
v -0.171681 -0.035026 0.945102 1.000000 0.000000 0.000000
vn 0.599054 0.560801 -0.571522
v 0.181214 2.660265 -0.284603 1.000000 1.000000 1.000000
vn 0.896848 0.414412 -0.154681
v 0.675693 2.134670 0.013205 1.000000 1.000000 1.000000
vn -0.775459 -0.306041 0.552270
v -0.844127 1.149777 0.601200 1.000000 1.000000 1.000000
vn 0.900421 0.432400 0.047673
v 0.634113 2.251694 0.219166 1.000000 1.000000 1.000000
vn 0.691177 0.515041 -0.506958
v 0.399914 2.404962 -0.280054 1.000000 1.000000 1.000000
vn -0.344817 -0.538740 0.768674
v -0.815838 1.739501 1.035031 1.000000 1.000000 1.000000
vn -0.487714 0.069239 -0.870254
v -0.581878 1.516884 -0.724048 1.000000 1.000000 1.000000
vn 0.132921 -0.871230 0.472536
v -2.680015 2.345662 1.498927 1.000000 0.000000 0.000000
vn -0.447710 -0.126938 0.885123
v -0.457850 0.883429 0.858264 1.000000 1.000000 1.000000
vn 0.546491 0.010368 0.837401
v 0.353924 1.725758 0.944083 1.000000 1.000000 1.000000
vn -0.238749 0.282187 -0.929177
v -2.774705 3.474527 0.117245 1.000000 0.000000 0.000000
vn 0.628276 0.539248 -0.560786
v 0.259724 2.563315 -0.292443 1.000000 1.000000 1.000000
vn -0.290332 0.062672 -0.954871
v -1.768879 3.089607 -0.217735 1.000000 1.000000 1.000000
vn -0.708716 -0.199598 -0.676670
v -0.673245 -0.658185 -0.649774 1.000000 0.000000 0.000000
vn -0.117457 0.260920 -0.958188
v -0.920897 2.884900 -0.462051 1.000000 1.000000 1.000000
vn 0.506074 0.023317 -0.862175
v 0.483449 0.400947 -0.829451 1.000000 0.000000 0.000000
vn -0.839860 -0.023513 -0.542294
v -0.832234 1.045348 -0.489652 1.000000 1.000000 1.000000
vn 0.277863 0.785016 0.553662
v -1.705158 3.908057 1.347314 1.000000 1.000000 1.000000
vn -0.452309 -0.219580 -0.864408
v -1.500287 2.602046 -0.267639 1.000000 1.000000 1.000000
vn 0.264524 -0.004434 0.964369
v -2.152163 3.196787 1.872085 1.000000 1.000000 1.000000
vn 0.439387 0.873460 0.209778
v -0.967139 3.828796 0.858992 1.000000 1.000000 1.000000
vn 0.275407 0.732016 -0.623141
v -0.767512 3.514895 -0.060936 1.000000 1.000000 1.000000
vn 0.636518 -0.330449 0.696885
v 0.605025 -0.819415 0.662125 1.000000 0.000000 0.000000
vn -0.126734 -0.436044 -0.890957
v -3.138639 2.757514 0.241504 1.000000 0.000000 0.000000
vn 0.350212 0.608533 0.712067
v -1.408950 3.683469 1.455888 1.000000 1.000000 1.000000
vn 0.820879 0.462881 0.334513
v 0.335515 2.647191 0.606714 1.000000 1.000000 1.000000
vn -0.181730 -0.914132 0.362403
v -1.753930 2.182306 1.040011 1.000000 1.000000 1.000000
vn 0.440030 0.457989 -0.772412
v 0.101916 2.472280 -0.487960 1.000000 1.000000 1.000000
vn -0.174459 -0.944496 -0.278373
v -3.935413 2.295581 0.846778 1.000000 0.000000 0.000000
vn 0.236767 -0.193443 0.952114
v -0.854936 2.658527 1.453786 1.000000 1.000000 1.000000
vn -0.988641 -0.053917 0.140290
v -0.955795 0.781478 0.151711 1.000000 1.000000 1.000000
vn -0.096257 -0.263001 0.959982
v -0.246504 1.410990 1.044142 1.000000 1.000000 1.000000
vn -0.184919 -0.935965 0.299623
v -3.767025 2.274453 1.382285 1.000000 0.000000 0.000000
vn -0.787051 0.005386 0.616865
v -0.753662 -0.063745 0.588131 1.000000 0.000000 0.000000
vn 0.246179 -0.154802 0.956782
v -0.319533 2.198693 1.244749 1.000000 1.000000 1.000000
vn -0.033536 -0.662118 -0.748649
v -3.640169 2.548263 0.415219 1.000000 0.000000 0.000000
vn -0.152399 0.629534 -0.761880
v -2.226463 3.780121 0.160330 1.000000 1.000000 1.000000
vn 0.059596 0.962968 -0.262948
v -1.909276 4.068700 0.582367 1.000000 1.000000 1.000000
vn -0.246918 -0.703389 -0.666540
v -2.326905 2.470901 0.254444 1.000000 1.000000 1.000000
vn 0.347039 -0.089118 0.933607
v 0.077658 1.820743 1.082324 1.000000 1.000000 1.000000
vn -0.239805 0.018609 0.970643
v -0.233021 0.451608 0.927405 1.000000 0.000000 0.000000
vn -0.720235 -0.069258 0.690264
v -0.697112 0.761483 0.671324 1.000000 0.000000 0.000000
vn -0.223442 0.185796 -0.956846
v -1.363576 3.039606 -0.330431 1.000000 1.000000 1.000000
vn -0.051909 -0.965728 -0.254312
v -2.731800 2.257672 0.774916 1.000000 0.000000 0.000000
vn 0.880169 0.472918 -0.040641
v 0.604971 2.309598 0.139345 1.000000 1.000000 1.000000
vn -0.180860 0.910349 -0.372229
v -3.762301 4.029860 0.740509 1.000000 0.000000 0.000000
vn 0.896455 0.254932 -0.362462
v 0.791871 1.644760 -0.240929 1.000000 1.000000 1.000000
vn 0.116936 -0.913055 0.390712
v -2.633283 2.311640 1.413962 1.000000 0.000000 0.000000
vn 0.135693 -0.018464 0.990579
v 0.115716 -0.378475 0.951061 1.000000 0.000000 0.000000
vn 0.210478 -0.349950 0.912817
v -2.691741 2.852347 1.946018 1.000000 0.000000 0.000000
vn -0.187744 0.981566 0.035772
v -3.761013 4.089949 1.151908 1.000000 0.000000 0.000000
vn 0.233943 0.489300 0.840152
v -2.245097 3.664526 1.769372 1.000000 1.000000 1.000000
vn -0.835750 -0.015056 -0.548904
v -0.792875 -0.326365 -0.539466 1.000000 0.000000 0.000000
vn -0.854414 -0.002867 0.519586
v -0.819729 -0.199621 0.494713 1.000000 0.000000 0.000000
vn 0.187020 -0.194555 0.962898
v -0.297991 2.055745 1.213572 1.000000 1.000000 1.000000
vn 0.378150 0.735439 0.562257
v -1.278739 3.808093 1.244470 1.000000 1.000000 1.000000
vn 0.992255 0.122662 -0.019584
v 0.917239 1.241411 0.011642 1.000000 1.000000 1.000000
vn 0.510692 0.253606 -0.821509
v 0.444525 1.542760 -0.715450 1.000000 1.000000 1.000000
vn 0.004058 -0.845025 0.534711
v -3.256080 2.367990 1.631376 1.000000 0.000000 0.000000
vn 0.703562 -0.014650 0.710483
v 0.662847 0.724584 0.692848 1.000000 0.000000 0.000000
vn 0.995997 0.018779 0.087393
v 0.953111 0.732950 0.084037 1.000000 0.000000 0.000000
vn -0.080955 0.924617 -0.372195
v -3.645319 4.043675 0.754496 1.000000 0.000000 0.000000
vn 0.003316 0.036071 0.999344
v -3.268240 3.206622 2.070827 1.000000 0.000000 0.000000
vn -0.706030 0.020074 -0.707897
v -0.714151 1.127039 -0.635202 1.000000 1.000000 1.000000
vn 0.118958 0.964465 0.235914
v -2.110346 4.099026 1.130426 1.000000 1.000000 1.000000
vn 0.232999 -0.370194 0.899260
v -2.573933 2.852229 1.915732 1.000000 0.000000 0.000000
vn 0.285317 0.137259 0.948554
v -1.830106 3.301086 1.772517 1.000000 1.000000 1.000000
vn 0.239982 -0.153971 0.958489
v -2.530216 3.045662 1.960102 1.000000 0.000000 0.000000
vn 0.401012 0.110365 -0.909400
v 0.379188 1.014379 -0.860605 1.000000 1.000000 1.000000
vn -0.227537 0.390864 -0.891881
v -2.525474 3.540447 0.078631 1.000000 1.000000 1.000000
vn -0.874191 -0.211935 -0.436890
v -1.009581 1.463527 -0.255923 1.000000 1.000000 1.000000
vn -0.020077 0.470131 0.882368
v -3.364398 3.640505 1.944225 1.000000 0.000000 0.000000
vn 0.050873 -0.965869 0.253986
v -3.006508 2.252292 1.346949 1.000000 0.000000 0.000000
vn -0.642892 -0.039225 -0.764952
v -0.615458 -0.377929 -0.732153 1.000000 0.000000 0.000000
vn -0.096813 -0.883635 -0.458058
v -2.924473 2.328332 0.631511 1.000000 0.000000 0.000000
vn -0.021699 0.160889 0.986734
v -3.305834 3.304146 2.060682 1.000000 0.000000 0.000000
vn -0.515179 -0.006129 -0.857060
v -0.499339 -0.229068 -0.818856 1.000000 0.000000 0.000000
vn -0.002053 -0.478007 0.878354
v -3.285897 2.708420 1.957012 1.000000 0.000000 0.000000
vn -0.280271 -0.949182 -0.143183
v -1.975237 2.188905 0.630945 1.000000 1.000000 1.000000
vn -0.150558 0.742979 -0.652161
v -2.739041 3.906249 0.404357 1.000000 0.000000 0.000000
vn -0.386122 -0.838432 -0.384632
v -1.942918 2.253193 0.362570 1.000000 1.000000 1.000000
vn -0.487673 0.010581 -0.872962
v -0.711026 1.864114 -0.633826 1.000000 1.000000 1.000000
vn 0.237072 -0.243699 0.940430
v -2.450548 2.972069 1.924561 1.000000 0.000000 0.000000
vn 0.356983 0.004451 0.934100
v -0.458748 2.640544 1.330759 1.000000 1.000000 1.000000
vn 0.701744 -0.345715 -0.622926
v 0.676180 -0.780879 -0.608669 1.000000 0.000000 0.000000
vn 0.202110 0.283937 -0.937300
v 0.058138 1.855999 -0.772256 1.000000 1.000000 1.000000
vn 0.061590 0.239623 -0.968911
v -0.068851 1.791623 -0.807895 1.000000 1.000000 1.000000
vn 0.571424 0.594022 0.566227
v -0.604183 3.449059 1.107137 1.000000 1.000000 1.000000
vn 0.695979 0.375428 0.612100
v 0.009613 2.815650 0.968568 1.000000 1.000000 1.000000
vn 0.000484 -0.395549 -0.918445
v 0.022031 -0.848764 -0.872200 1.000000 0.000000 0.000000
vn 0.027904 0.036436 -0.998946
v 0.026481 0.762548 -0.952253 1.000000 1.000000 1.000000
vn 0.962387 0.014469 0.271297
v 0.919510 0.257629 0.268989 1.000000 0.000000 0.000000
vn 0.256203 0.937195 0.236700
v -1.540092 4.013863 1.000587 1.000000 1.000000 1.000000
vn -0.762379 0.016980 -0.646908
v -0.742596 0.748310 -0.607078 1.000000 1.000000 1.000000
vn -0.530476 -0.409476 0.742243
v -0.714471 1.378827 0.860534 1.000000 1.000000 1.000000
vn -0.328441 -0.048437 -0.943282
v -1.789754 2.988729 -0.211345 1.000000 1.000000 1.000000
vn -0.345595 -0.498269 0.795168
v -0.735224 1.666790 1.022092 1.000000 1.000000 1.000000
vn 0.523181 0.662464 0.536118
v -0.735029 3.567711 1.104717 1.000000 1.000000 1.000000
vn -0.888523 -0.298351 0.348589
v -0.947746 1.164818 0.415113 1.000000 1.000000 1.000000
vn -0.747891 -0.091004 -0.657554
v -0.852603 1.475778 -0.496579 1.000000 1.000000 1.000000
vn -0.321401 0.109022 -0.940647
v -0.371400 1.359113 -0.836937 1.000000 1.000000 1.000000
vn 0.660995 0.701715 -0.265860
v -0.024191 3.151558 0.152032 1.000000 1.000000 1.000000
vn 0.780668 -0.003065 -0.624939
v 0.757546 0.056582 -0.581714 1.000000 0.000000 0.000000
vn 0.387337 0.859452 0.333635
v -1.212384 3.894710 1.038680 1.000000 1.000000 1.000000
vn -0.300034 -0.829181 0.471634
v -1.501938 2.096970 1.008068 1.000000 1.000000 1.000000
vn 0.757329 0.148674 0.635885
v 0.537147 1.869765 0.767088 1.000000 1.000000 1.000000
vn 0.933926 -0.001568 0.357463
v 0.897297 0.157355 0.340108 1.000000 0.000000 0.000000
vn -0.705388 -0.093147 -0.702674
v -0.686632 -0.549466 -0.656058 1.000000 0.000000 0.000000
vn 0.282197 0.238052 0.929353
v -1.915906 3.395401 1.779166 1.000000 1.000000 1.000000
vn 0.684007 0.326808 0.652174
v 0.086575 2.687318 0.955472 1.000000 1.000000 1.000000
vn -0.256316 0.144168 -0.955781
v -2.488765 3.302943 0.000361 1.000000 1.000000 1.000000
vn -0.045780 0.963197 -0.264869
v -3.216680 4.089809 0.841405 1.000000 0.000000 0.000000
vn -0.363330 0.009266 -0.931615
v -0.353926 0.747561 -0.886682 1.000000 0.000000 0.000000
vn 0.157588 -0.206093 0.965760
v -0.254753 1.953168 1.184506 1.000000 1.000000 1.000000
vn 0.014911 -0.880748 0.473351
v -1.943266 2.308718 1.276083 1.000000 1.000000 1.000000
vn 0.989565 0.001906 -0.144077
v 0.947060 0.520849 -0.144187 1.000000 0.000000 0.000000
vn -0.093941 0.019864 -0.995380
v -0.087156 -0.020058 -0.953474 1.000000 0.000000 0.000000
vn -0.209122 -0.921693 -0.326727
v -2.180918 2.266184 0.531439 1.000000 1.000000 1.000000
vn 0.119582 -0.743688 0.657745
v -1.957926 2.457757 1.489146 1.000000 1.000000 1.000000
vn -0.101984 -0.917586 0.384233
v -1.850332 2.227864 1.115315 1.000000 1.000000 1.000000
vn -0.284586 -0.004393 -0.958641
v -0.270675 -0.151822 -0.919207 1.000000 0.000000 0.000000
vn -0.962571 -0.086011 -0.257018
v -0.920096 -0.570664 -0.246748 1.000000 0.000000 0.000000
vn 0.961464 0.269816 -0.052783
v 0.834277 1.715848 0.044755 1.000000 1.000000 1.000000
vn -0.578908 0.001942 -0.815390
v -0.577446 0.290485 -0.760309 1.000000 0.000000 0.000000
vn -0.125776 0.059905 -0.990248
v -3.203939 3.218514 0.152834 1.000000 0.000000 0.000000
vn -0.045261 0.705886 -0.706878
v -1.703881 3.746610 0.054117 1.000000 1.000000 1.000000
vn -0.173490 -0.565674 -0.806173
v -3.988001 2.651650 0.370772 1.000000 0.000000 0.000000
vn 0.497467 -0.008329 0.867443
v 0.486642 -0.393498 0.828271 1.000000 0.000000 0.000000
vn 0.923301 -0.368796 0.107264
v 0.882277 -0.833224 0.063459 1.000000 0.000000 0.000000
vn -0.091157 -0.995074 0.038970
v -2.187577 2.212706 0.896129 1.000000 1.000000 1.000000
vn -0.589227 0.008959 -0.807918
v -0.579375 0.155303 -0.760630 1.000000 0.000000 0.000000
vn -0.564810 -0.403602 -0.719788
v -1.529459 2.381135 -0.162565 1.000000 1.000000 1.000000
vn 0.516180 0.008282 -0.856440
v 0.493825 0.521952 -0.820823 1.000000 0.000000 0.000000
vn 0.092879 0.987377 0.128298
v -2.119714 4.118986 1.028062 1.000000 1.000000 1.000000
vn -0.701120 -0.468938 0.537148
v -0.909041 1.392339 0.686678 1.000000 1.000000 1.000000
vn 0.281432 0.144738 0.948603
v -2.120457 3.312577 1.855002 1.000000 1.000000 1.000000
vn -0.702101 -0.373464 -0.606283
v -1.262822 2.023026 -0.201964 1.000000 1.000000 1.000000
vn -0.140546 -0.983829 -0.111024
v -2.191715 2.219342 0.734369 1.000000 1.000000 1.000000
vn 0.384705 0.488503 0.783177
v -1.266669 3.548798 1.479827 1.000000 1.000000 1.000000
vn 0.356848 0.688156 0.631744
v -1.362855 3.748161 1.367328 1.000000 1.000000 1.000000
vn -0.635998 0.008836 0.771640
v -0.614394 -0.063293 0.735033 1.000000 0.000000 0.000000
vn -0.307172 0.126018 -0.943273
v -0.457550 1.778978 -0.754421 1.000000 1.000000 1.000000
vn 0.594351 0.002294 -0.804202
v 0.552812 -0.005754 -0.780760 1.000000 0.000000 0.000000
vn -0.103098 -0.366334 0.924754
v -3.560626 2.815629 1.994352 1.000000 0.000000 0.000000
vn 0.808096 0.557393 0.190507
v 0.210908 2.893926 0.521450 1.000000 1.000000 1.000000
vn -0.256384 0.072079 -0.963884
v -1.986452 3.181876 -0.149124 1.000000 1.000000 1.000000
vn 0.708995 0.071324 -0.701598
v 0.659130 0.926721 -0.677754 1.000000 1.000000 1.000000
vn 0.022636 0.514808 -0.857006
v -0.975077 3.278335 -0.295330 1.000000 1.000000 1.000000
vn 0.422985 0.358919 0.832022
v -1.005438 3.349362 1.455250 1.000000 1.000000 1.000000
vn -0.360167 0.008458 -0.932849
v -0.327797 0.162542 -0.897729 1.000000 0.000000 0.000000
vn -0.063707 0.092715 -0.993653
v -3.479333 3.268958 0.179783 1.000000 0.000000 0.000000
vn -0.984908 0.003292 -0.173050
v -0.946177 -0.251194 -0.156273 1.000000 0.000000 0.000000
vn 0.196927 -0.167747 0.965961
v -0.136561 1.837970 1.140664 1.000000 1.000000 1.000000
vn 0.125762 0.861628 -0.491713
v -1.407901 3.892405 0.265153 1.000000 1.000000 1.000000
vn 0.914840 -0.015146 -0.403532
v 0.878606 -0.385578 -0.381538 1.000000 0.000000 0.000000
vn 0.098846 -0.921520 0.375541
v -2.514867 2.301741 1.353685 1.000000 0.000000 0.000000
vn -0.175892 0.325606 -0.929001
v -1.631942 3.338991 -0.199350 1.000000 1.000000 1.000000
vn 0.846550 0.512941 -0.142288
v 0.563384 2.366534 0.057685 1.000000 1.000000 1.000000
vn -0.429701 -0.203747 0.879684
v -0.487541 1.063090 0.876641 1.000000 1.000000 1.000000
vn 0.900862 0.292112 0.321121
v 0.656755 2.062208 0.468414 1.000000 1.000000 1.000000
vn 0.247481 -0.081249 0.965480
v -1.595798 3.056225 1.710677 1.000000 1.000000 1.000000
vn -0.791949 -0.034801 -0.609595
v -0.825761 1.232932 -0.507594 1.000000 1.000000 1.000000
vn -0.029326 0.353976 -0.934795
v -0.839779 2.968368 -0.440881 1.000000 1.000000 1.000000
vn -0.401690 -0.459334 -0.792249
v -1.936980 2.602907 -0.033380 1.000000 1.000000 1.000000
vn -0.044402 0.551856 -0.832757
v -1.384544 3.523918 -0.134244 1.000000 1.000000 1.000000
vn -0.233219 -0.353563 -0.905871
v -2.763003 2.835835 0.131481 1.000000 0.000000 0.000000
vn -0.181453 0.607454 -0.773352
v -2.840697 3.762920 0.290433 1.000000 0.000000 0.000000
vn 0.251674 -0.136606 0.958123
v -0.153007 1.986249 1.168295 1.000000 1.000000 1.000000
vn 0.987433 0.009550 0.157747
v 0.943568 0.207389 0.168260 1.000000 0.000000 0.000000
vn 0.878600 0.252923 0.405083
v 0.652070 1.955797 0.556642 1.000000 1.000000 1.000000
vn 0.503005 0.860407 -0.081772
v -0.592597 3.662929 0.461959 1.000000 1.000000 1.000000
vn -0.754083 -0.222800 0.617834
v -0.777341 1.057643 0.644761 1.000000 1.000000 1.000000
vn 0.164966 0.292786 -0.941840
v -0.030808 1.989910 -0.749376 1.000000 1.000000 1.000000
vn -0.070063 -0.423094 0.903373
v -0.760190 2.078571 1.247846 1.000000 1.000000 1.000000
vn 0.350155 0.929651 -0.114631
v -1.142512 3.926655 0.566855 1.000000 1.000000 1.000000
vn 0.156377 0.916881 0.367255
v -2.119251 4.054311 1.273322 1.000000 1.000000 1.000000
vn 0.760393 0.345348 0.550034
v 0.345564 2.423338 0.791283 1.000000 1.000000 1.000000
vn -0.607030 0.006742 0.794650
v -0.579908 -0.157429 0.762865 1.000000 0.000000 0.000000
vn 0.117888 -0.103186 0.987651
v 0.094421 1.035577 0.977615 1.000000 1.000000 1.000000
vn 0.498405 -0.049256 0.865544
v 0.394023 1.428866 0.910702 1.000000 1.000000 1.000000
vn -0.755082 -0.027255 -0.655063
v -0.731536 -0.348586 -0.621529 1.000000 0.000000 0.000000
vn 0.423212 0.906026 -0.002872
v -0.866278 3.809890 0.613017 1.000000 1.000000 1.000000
vn -0.968432 -0.153272 0.196589
v -0.963473 0.999601 0.232968 1.000000 1.000000 1.000000
vn -0.619206 -0.741759 -0.257639
v -1.592493 2.061942 0.290353 1.000000 1.000000 1.000000
vn 0.787629 0.592456 -0.169220
v 0.283664 2.802088 0.149576 1.000000 1.000000 1.000000
vn 0.415462 -0.005624 -0.909593
v 0.405472 -0.167027 -0.869762 1.000000 0.000000 0.000000
vn -0.009849 0.825928 -0.563690
v -1.818108 3.916428 0.262008 1.000000 1.000000 1.000000
vn -0.283533 0.127762 -0.950414
v -0.527880 1.993377 -0.705354 1.000000 1.000000 1.000000
vn 0.649888 0.190386 0.735798
v 0.251675 2.244009 0.962410 1.000000 1.000000 1.000000
vn -0.401524 -0.180817 -0.897822
v -1.595667 2.745285 -0.254878 1.000000 1.000000 1.000000
vn 0.361916 0.361220 0.859382
v -1.312212 3.428535 1.561987 1.000000 1.000000 1.000000
vn -0.021783 0.977762 0.208582
v -3.297108 4.108627 1.315962 1.000000 0.000000 0.000000
vn 0.418829 0.011900 -0.907987
v 0.397891 0.726182 -0.871094 1.000000 1.000000 1.000000
vn -0.091708 -0.826032 0.556112
v -1.653487 2.261720 1.219296 1.000000 1.000000 1.000000
vn -0.929860 -0.318043 -0.184956
v -1.073838 1.404460 -0.009416 1.000000 1.000000 1.000000
vn -0.327932 -0.146807 -0.933225
v -1.930069 2.931021 -0.154541 1.000000 1.000000 1.000000
vn -0.103938 -0.007896 0.994552
v -0.098222 -0.309703 0.955920 1.000000 0.000000 0.000000
vn 0.878355 0.170653 0.446508
v 0.724657 1.713358 0.538776 1.000000 1.000000 1.000000
vn 0.376500 0.769726 -0.515529
v -0.657198 3.532896 0.026522 1.000000 1.000000 1.000000
vn -0.055315 -0.296796 -0.953337
v -3.408184 2.883985 0.218521 1.000000 0.000000 0.000000
vn -0.329616 -0.088937 -0.939917
v -1.692855 2.913640 -0.240817 1.000000 1.000000 1.000000
vn -0.000001 -0.785699 0.618609
v -3.293873 2.422753 1.709105 1.000000 0.000000 0.000000
vn 0.155819 0.518971 0.840470
v -2.732378 3.663834 1.879514 1.000000 0.000000 0.000000
vn 0.423238 0.533333 0.732411
v -1.103250 3.541981 1.397628 1.000000 1.000000 1.000000
vn -0.045153 0.804018 -0.592888
v -3.521649 3.947794 0.569583 1.000000 0.000000 0.000000
vn -0.105623 -0.079647 -0.991211
v -0.085543 -0.542257 -0.948033 1.000000 0.000000 0.000000
vn -0.102374 0.694061 -0.712600
v -3.071017 3.843662 0.407889 1.000000 0.000000 0.000000
vn 0.215091 -0.457979 0.862549
v -2.695582 2.756627 1.902472 1.000000 0.000000 0.000000
vn -0.127903 0.099345 -0.986799
v -3.787473 3.256816 0.195629 1.000000 0.000000 0.000000
vn 0.035253 -0.019679 0.999185
v 0.060765 0.676689 0.959177 1.000000 0.000000 0.000000
vn -0.741815 -0.529332 -0.411725
v -1.376937 1.978584 -0.003232 1.000000 1.000000 1.000000
vn 0.564855 -0.110216 0.817796
v 0.535442 -0.604109 0.784863 1.000000 0.000000 0.000000
vn 0.912858 0.376505 -0.157905
v 0.730820 1.998952 -0.012144 1.000000 1.000000 1.000000
vn 0.818319 0.393214 -0.419209
v 0.640702 2.007084 -0.268668 1.000000 1.000000 1.000000
vn -0.858464 -0.008469 -0.512805
v -0.830079 0.356511 -0.486231 1.000000 0.000000 0.000000
vn 0.099644 -0.678082 0.728201
v -1.780606 2.481000 1.484963 1.000000 1.000000 1.000000
vn 0.712968 0.669500 0.208438
v -0.151911 3.286315 0.656736 1.000000 1.000000 1.000000
vn 0.944881 -0.006336 -0.327354
v 0.906207 0.393968 -0.312677 1.000000 0.000000 0.000000
vn 0.991577 0.002951 0.129488
v 0.948585 0.308129 0.131065 1.000000 0.000000 0.000000
vn -0.490115 0.015714 0.871516
v -0.453891 -0.033392 0.842664 1.000000 0.000000 0.000000
vn -0.730859 -0.672561 -0.116216
v -1.413170 1.883636 0.312789 1.000000 1.000000 1.000000
vn -0.523540 -0.155733 -0.837648
v -1.157290 2.325428 -0.406742 1.000000 1.000000 1.000000
vn -0.182030 0.552672 -0.813277
v -2.187851 3.662703 0.063207 1.000000 1.000000 1.000000
vn 0.774746 -0.006073 -0.632244
v 0.743133 0.450382 -0.609465 1.000000 0.000000 0.000000
vn -0.203127 -0.443373 -0.873018
v -3.992332 2.757244 0.310032 1.000000 0.000000 0.000000
vn -0.248575 0.003959 -0.968605
v -0.241292 0.667554 -0.921471 1.000000 0.000000 0.000000
vn -0.162211 -0.606859 -0.778081
v -2.936721 2.609745 0.300768 1.000000 0.000000 0.000000
vn 0.697325 -0.140365 0.702876
v 0.672260 -0.638183 0.668666 1.000000 0.000000 0.000000
vn -0.193800 0.515967 -0.834398
v -2.334488 3.646728 0.086717 1.000000 1.000000 1.000000
vn -0.683257 -0.663248 0.305388
v -1.219689 1.725003 0.632183 1.000000 1.000000 1.000000
vn 0.237338 0.083247 0.967854
v -2.488198 3.283647 1.959247 1.000000 0.000000 0.000000
vn 0.451226 -0.034365 0.891748
v 0.396837 1.075617 0.888315 1.000000 1.000000 1.000000
vn -0.089545 -0.956838 0.276483
v -1.952564 2.214875 1.047743 1.000000 1.000000 1.000000
vn -0.415844 0.001934 -0.909434
v -0.409469 -0.190479 -0.866381 1.000000 0.000000 0.000000
vn 0.460855 0.688335 -0.560184
v -0.339792 3.249839 -0.112146 1.000000 1.000000 1.000000
vn 0.741778 0.633622 0.219747
v 0.038673 3.097330 0.575585 1.000000 1.000000 1.000000
vn -0.364618 -0.070795 0.928462
v -0.340119 -0.509961 0.890772 1.000000 0.000000 0.000000
vn -0.199689 -0.094470 0.975295
v -0.188910 -0.578332 0.930892 1.000000 0.000000 0.000000
vn 0.345141 0.505857 0.790561
v -1.469040 3.603932 1.540616 1.000000 1.000000 1.000000
vn 0.506583 0.213249 -0.835403
v 0.448562 1.437502 -0.742175 1.000000 1.000000 1.000000
vn 0.367987 0.009852 -0.929779
v 0.344836 0.418783 -0.895530 1.000000 0.000000 0.000000
vn -0.849847 -0.175746 0.496864
v -0.789490 -0.655912 0.508653 1.000000 0.000000 0.000000
vn 0.854416 0.518040 -0.040106
v 0.551490 2.402451 0.154176 1.000000 1.000000 1.000000
vn -0.598580 -0.383892 -0.703085
v -1.398582 2.259690 -0.203008 1.000000 1.000000 1.000000
vn 0.332672 0.048460 0.941797
v -1.231352 3.111541 1.601425 1.000000 1.000000 1.000000
vn 0.621019 -0.249387 0.743062
v 0.598290 -0.718881 0.716398 1.000000 0.000000 0.000000
vn 0.263422 -0.134708 0.955229
v 0.030686 1.729938 1.085894 1.000000 1.000000 1.000000
vn 0.832182 0.516173 0.202577
v 0.325864 2.726255 0.485957 1.000000 1.000000 1.000000
vn -0.038081 -0.898729 -0.436847
v -3.171846 2.313607 0.697376 1.000000 0.000000 0.000000
vn 0.206732 0.884740 -0.417728
v -1.197785 3.859832 0.281251 1.000000 1.000000 1.000000
vn -0.960545 0.000261 -0.278125
v -0.923903 0.253391 -0.268059 1.000000 0.000000 0.000000
vn 0.829988 0.123657 0.543902
v 0.684400 1.669030 0.620999 1.000000 1.000000 1.000000
vn -0.363141 -0.154300 -0.918869
v -1.802564 2.876987 -0.194541 1.000000 1.000000 1.000000
vn 0.505581 0.861739 0.042340
v -0.654773 3.701901 0.586181 1.000000 1.000000 1.000000
vn -0.149249 0.187156 -0.970926
v -0.326817 1.969028 -0.755136 1.000000 1.000000 1.000000
vn 0.820908 -0.147928 0.551568
v 0.791227 -0.636805 0.523684 1.000000 0.000000 0.000000
vn 0.238472 -0.185202 0.953326
v -1.551929 2.955443 1.685501 1.000000 1.000000 1.000000
vn 0.821124 0.210525 0.530503
v 0.583931 1.972551 0.674889 1.000000 1.000000 1.000000
vn -0.998576 -0.045941 0.027130
v -0.962233 0.756714 0.043843 1.000000 1.000000 1.000000
vn -0.948694 -0.302656 -0.091536
v -1.049398 1.312345 0.039437 1.000000 1.000000 1.000000
vn 0.716020 0.008682 -0.698025
v 0.693092 0.523936 -0.664563 1.000000 0.000000 0.000000
vn -0.842211 -0.506135 0.185763
v -1.101577 1.472913 0.386926 1.000000 1.000000 1.000000
vn 0.518052 0.839093 -0.165970
v -0.528754 3.614100 0.390618 1.000000 1.000000 1.000000
vn 0.431197 0.616854 0.658453
v -1.135940 3.639587 1.337210 1.000000 1.000000 1.000000
vn -0.377006 -0.341502 0.860955
v -0.531179 1.309349 0.934561 1.000000 1.000000 1.000000
vn 0.040645 0.141731 0.989070
v -3.099612 3.328243 2.054926 1.000000 0.000000 0.000000
vn 0.924027 -0.005972 -0.382280
v 0.882042 -0.165983 -0.374841 1.000000 0.000000 0.000000
vn -0.076457 0.926519 -0.368398
v -2.791172 4.065409 0.682410 1.000000 0.000000 0.000000
vn 0.123104 -0.589204 0.798551
v -1.689820 2.574580 1.549501 1.000000 1.000000 1.000000
vn 0.269442 0.903445 0.333449
v -1.590675 3.995183 1.111568 1.000000 1.000000 1.000000
vn -0.175438 -0.700318 -0.691936
v -2.801655 2.510277 0.356279 1.000000 0.000000 0.000000
vn -0.990732 0.003024 -0.135801
v -0.951724 0.413724 -0.131533 1.000000 0.000000 0.000000
vn 0.216860 -0.186020 0.958315
v -0.764118 2.582874 1.416845 1.000000 1.000000 1.000000
vn -0.160448 -0.380564 -0.910729
v -3.002220 2.814953 0.193431 1.000000 0.000000 0.000000
vn 0.094808 0.828434 0.552004
v -2.775164 3.978764 1.587098 1.000000 0.000000 0.000000
vn 0.564773 0.824271 -0.040109
v -0.477016 3.591331 0.473466 1.000000 1.000000 1.000000
vn 0.025575 0.375409 -0.926506
v -0.590177 2.801671 -0.504887 1.000000 1.000000 1.000000
vn 0.999404 0.005397 -0.034090
v 0.958451 -0.057130 -0.024710 1.000000 0.000000 0.000000
vn 0.281861 0.570377 0.771508
v -1.965060 3.723818 1.643224 1.000000 1.000000 1.000000
vn -0.355933 0.008135 -0.934476
v -0.334316 -0.072083 -0.897652 1.000000 0.000000 0.000000
vn 0.261432 -0.119041 0.957853
v -1.139351 2.895116 1.565541 1.000000 1.000000 1.000000
vn -0.333706 -0.151644 0.930400
v -0.302159 -0.613462 0.894256 1.000000 0.000000 0.000000
vn -0.039596 -0.248082 -0.967929
v -3.664410 2.931683 0.214127 1.000000 0.000000 0.000000
vn 0.708188 -0.316060 0.631329
v 0.681729 -0.822883 0.584303 1.000000 0.000000 0.000000
vn -0.195061 0.257084 -0.946498
v -1.167051 3.047928 -0.371564 1.000000 1.000000 1.000000
vn 0.430142 0.713118 0.553571
v -1.144490 3.765411 1.201793 1.000000 1.000000 1.000000
vn -0.023598 0.978081 -0.206881
v -3.316160 4.105760 0.918778 1.000000 0.000000 0.000000
vn -0.289194 0.028185 -0.956855
v -0.293034 0.836435 -0.906366 1.000000 1.000000 1.000000
vn 0.830569 0.546740 -0.105974
v 0.458311 2.545804 0.132993 1.000000 1.000000 1.000000
vn 0.619108 0.582321 0.526884
v -0.379587 3.306242 1.016614 1.000000 1.000000 1.000000
vn 0.751513 0.298642 -0.588252
v 0.641859 1.684691 -0.482592 1.000000 1.000000 1.000000
vn 0.406257 -0.002152 0.913756
v 0.385028 0.324975 0.878878 1.000000 0.000000 0.000000
vn -0.023982 -0.985511 -0.167908
v -3.357334 2.232311 0.967867 1.000000 0.000000 0.000000
vn 0.369482 0.095962 0.924270
v -0.824838 3.005741 1.459852 1.000000 1.000000 1.000000
vn 0.532012 0.465194 -0.707501
v 0.278225 2.314637 -0.467934 1.000000 1.000000 1.000000
vn 0.654255 0.728683 -0.202415
v -0.078908 3.222699 0.217688 1.000000 1.000000 1.000000
vn 0.572447 0.143395 0.807305
v 0.171606 2.254681 1.024132 1.000000 1.000000 1.000000
vn 0.985697 -0.120377 -0.117948
v 0.936870 -0.622126 -0.093672 1.000000 0.000000 0.000000
vn 0.285344 0.522801 0.803279
v -1.805780 3.659193 1.630934 1.000000 1.000000 1.000000
vn -0.490943 -0.836429 -0.243641
v -1.760824 2.147143 0.399313 1.000000 1.000000 1.000000
vn 0.074336 0.910400 0.406997
v -2.728601 4.047070 1.455198 1.000000 0.000000 0.000000
vn -0.532194 0.045788 -0.845384
v -0.525488 1.072394 -0.786768 1.000000 1.000000 1.000000
vn 0.820479 0.560340 0.113283
v 0.262037 2.842024 0.440497 1.000000 1.000000 1.000000
vn -0.385064 -0.726898 0.568634
v -1.265164 1.979069 0.991946 1.000000 1.000000 1.000000
vn 0.253253 -0.156899 0.954592
v -0.927045 2.734516 1.486321 1.000000 1.000000 1.000000
vn -0.236899 0.281971 -0.929715
v -2.271576 3.415493 -0.032565 1.000000 1.000000 1.000000
vn -0.065268 0.707136 -0.704059
v -1.815814 3.774723 0.092673 1.000000 1.000000 1.000000
vn 0.450215 0.674794 0.584773
v -0.985979 3.653066 1.214166 1.000000 1.000000 1.000000
vn 0.800714 0.333723 0.497479
v 0.465937 2.297152 0.693629 1.000000 1.000000 1.000000
vn 0.117974 -0.312213 0.942658
v -2.989919 2.865073 2.004121 1.000000 0.000000 0.000000
vn 0.049127 0.998533 0.022762
v -2.218107 4.132008 0.950695 1.000000 1.000000 1.000000
vn 0.748275 -0.000287 0.663389
v 0.714586 -0.344731 0.644101 1.000000 0.000000 0.000000
vn -0.329899 -0.004449 -0.944006
v -1.403640 2.820054 -0.340126 1.000000 1.000000 1.000000
vn -0.103097 -0.897347 -0.429115
v -2.692996 2.322719 0.589138 1.000000 0.000000 0.000000
vn -0.957186 -0.121482 -0.262749
v -0.970781 1.154687 -0.194580 1.000000 1.000000 1.000000
vn 0.269746 -0.056976 0.961244
v -2.007439 3.119483 1.827897 1.000000 1.000000 1.000000
vn 0.044806 0.589890 -0.806239
v -1.146921 3.482020 -0.164895 1.000000 1.000000 1.000000
vn -0.475427 0.000982 -0.879755
v -0.448718 0.555715 -0.844912 1.000000 0.000000 0.000000
vn -0.696499 0.010842 -0.717475
v -0.679813 0.700331 -0.674837 1.000000 0.000000 0.000000
vn -0.136289 -0.303773 0.942946
v -0.141038 -0.768372 0.897403 1.000000 0.000000 0.000000
vn 0.291708 0.686975 0.665561
v -1.757395 3.822626 1.476436 1.000000 1.000000 1.000000
vn 0.458082 0.082923 -0.885033
v 0.437232 0.924114 -0.843242 1.000000 1.000000 1.000000
vn -0.263840 -0.458950 -0.848383
v -2.434686 2.733342 0.087236 1.000000 1.000000 1.000000
vn -0.267340 -0.963554 0.009589
v -3.909679 2.256639 1.090686 1.000000 0.000000 0.000000
vn -0.990646 -0.069474 -0.117444
v -0.944509 -0.539918 -0.137364 1.000000 0.000000 0.000000
vn 0.227633 -0.152135 0.961789
v 0.018491 1.619927 1.072829 1.000000 1.000000 1.000000
vn 0.138106 0.896043 -0.421941
v -1.450720 3.939734 0.343070 1.000000 1.000000 1.000000
vn 0.248563 -0.216961 0.944004
v -1.804034 2.958719 1.750693 1.000000 1.000000 1.000000
vn -0.501409 -0.703787 0.503263
v -1.198247 1.849187 0.873070 1.000000 1.000000 1.000000
vn 0.102873 0.748103 0.655560
v -2.808519 3.913086 1.679789 1.000000 0.000000 0.000000
vn -0.265556 0.122423 -0.956291
v -1.298650 2.925147 -0.366839 1.000000 1.000000 1.000000
vn -0.012629 -0.356600 0.934172
v -0.634703 2.084933 1.255536 1.000000 1.000000 1.000000
vn -0.278525 0.210944 -0.936978
v -3.957514 3.396734 0.256779 1.000000 0.000000 0.000000
vn 0.510315 0.134718 -0.849370
v 0.484589 1.073545 -0.796586 1.000000 1.000000 1.000000
vn -0.074814 0.892914 -0.443968
v -3.053365 4.030927 0.659532 1.000000 0.000000 0.000000
vn -0.198623 0.578595 -0.791061
v -3.804219 3.707304 0.359625 1.000000 0.000000 0.000000
vn 0.050217 -0.596978 0.800684
v -1.500717 2.475823 1.454058 1.000000 1.000000 1.000000
vn 0.067044 -0.684012 0.726383
v -3.052053 2.521223 1.806082 1.000000 0.000000 0.000000
vn -0.099572 -0.714382 0.692635
v -3.592643 2.483836 1.767462 1.000000 0.000000 0.000000
vn 0.261058 -0.112370 0.958761
v -1.717324 3.026230 1.739639 1.000000 1.000000 1.000000
vn 0.465980 0.829899 -0.306806
v -0.584224 3.604177 0.237364 1.000000 1.000000 1.000000
vn 0.994835 -0.010718 0.100940
v 0.954934 -0.262588 0.097580 1.000000 0.000000 0.000000
vn -0.599485 -0.230904 0.766356
v -0.642055 1.077784 0.783607 1.000000 1.000000 1.000000
vn -0.058516 0.921352 -0.384301
v -3.159358 4.055593 0.731531 1.000000 0.000000 0.000000
vn 0.707682 0.704429 0.054459
v -0.127485 3.293214 0.476515 1.000000 1.000000 1.000000
vn 0.914491 -0.006419 -0.404556
v 0.872367 0.127761 -0.396052 1.000000 0.000000 0.000000
vn 0.266788 -0.006932 0.963730
v 0.258254 -0.291675 0.923223 1.000000 0.000000 0.000000
vn 0.991795 -0.010872 0.127375
v 0.949724 0.579739 0.114428 1.000000 0.000000 0.000000
vn -0.552577 -0.832751 -0.034408
v -1.609961 2.033843 0.510967 1.000000 1.000000 1.000000
vn -0.121976 -0.524233 -0.842794
v -3.889214 2.678559 0.331357 1.000000 0.000000 0.000000
vn 0.890683 -0.403099 -0.210226
v 0.859443 -0.842691 -0.181491 1.000000 0.000000 0.000000
vn -0.021661 0.996062 -0.085978
v -3.082820 4.125675 1.004235 1.000000 0.000000 0.000000
vn -0.091110 -0.196110 0.976340
v -0.131806 1.182777 1.001816 1.000000 1.000000 1.000000
vn -0.981053 -0.126624 -0.146633
v -0.979036 1.081425 -0.117285 1.000000 1.000000 1.000000
vn 0.202211 0.517284 -0.831581
v -0.491693 2.984688 -0.403754 1.000000 1.000000 1.000000
vn 0.942094 0.142186 0.303715
v 0.827287 1.533369 0.361894 1.000000 1.000000 1.000000
vn 0.037033 0.198982 -0.979303
v -0.018382 1.446785 -0.881757 1.000000 1.000000 1.000000
vn 0.617846 0.244583 0.747293
v -0.016931 2.631368 1.075118 1.000000 1.000000 1.000000
vn -0.575756 -0.802365 -0.157210
v -1.619565 2.052732 0.395193 1.000000 1.000000 1.000000
vn 0.149708 -0.002252 0.988728
v 0.145844 0.311442 0.950101 1.000000 0.000000 0.000000
vn 0.044010 0.401899 -0.914626
v -0.727349 2.984348 -0.433939 1.000000 1.000000 1.000000
vn -0.544145 -0.759225 -0.357047
v -1.738889 2.175441 0.278690 1.000000 1.000000 1.000000
vn -0.016319 0.118737 -0.992792
v -0.030047 1.179081 -0.925716 1.000000 1.000000 1.000000
vn -0.046161 -0.654518 -0.754636
v -3.302692 2.560033 0.389312 1.000000 0.000000 0.000000
vn -0.714629 -0.690243 0.113450
v -1.331802 1.795681 0.478632 1.000000 1.000000 1.000000
vn -0.052066 0.708118 -0.704171
v -3.589895 3.846324 0.455958 1.000000 0.000000 0.000000
vn -0.626518 -0.007482 0.779371
v -0.602171 0.159694 0.742734 1.000000 0.000000 0.000000
vn 0.137741 -0.852122 0.504892
v -2.531439 2.369985 1.498274 1.000000 0.000000 0.000000
vn -0.013963 0.003531 -0.999896
v -0.005190 0.543033 -0.955048 1.000000 0.000000 0.000000
vn -0.175138 -0.841444 0.511174
v -1.606816 2.196894 1.129402 1.000000 1.000000 1.000000
vn -0.957036 -0.042382 -0.286857
v -0.930317 0.814215 -0.256309 1.000000 1.000000 1.000000
vn -0.371987 -0.041185 -0.927324
v -0.365422 -0.456599 -0.882659 1.000000 0.000000 0.000000
vn 0.173696 0.926397 0.334093
v -2.004973 4.058374 1.211372 1.000000 1.000000 1.000000
vn 0.578764 0.659953 -0.479055
v -0.001585 2.974397 -0.134092 1.000000 1.000000 1.000000
vn -0.046563 0.874984 0.481908
v -3.407852 4.014143 1.563527 1.000000 0.000000 0.000000
vn -0.080028 0.843851 -0.530576
v -3.121307 3.987569 0.591578 1.000000 0.000000 0.000000
vn 0.762862 -0.053173 -0.644371
v 0.730134 -0.490885 -0.616538 1.000000 0.000000 0.000000
vn 0.245642 0.007596 -0.969331
v 0.245962 0.419423 -0.926641 1.000000 0.000000 0.000000
vn -0.986982 -0.160163 0.014679
v -0.990177 1.054747 0.075922 1.000000 1.000000 1.000000
vn 0.143387 -0.194487 0.970368
v -0.113943 1.713415 1.113963 1.000000 1.000000 1.000000
vn 0.527071 0.120899 0.841177
v 0.036287 2.357520 1.098739 1.000000 1.000000 1.000000
vn -0.099838 0.855380 0.508288
v -3.544885 3.991597 1.585407 1.000000 0.000000 0.000000
vn -0.070806 0.156226 -0.985180
v -3.354260 3.326144 0.178308 1.000000 0.000000 0.000000
vn 0.502143 -0.005738 -0.864766
v 0.468100 0.076091 -0.837220 1.000000 0.000000 0.000000
vn -0.515967 -0.603111 -0.608305
v -1.735418 2.345451 0.036158 1.000000 1.000000 1.000000
vn 0.059195 -0.777986 0.625486
v -1.896388 2.400433 1.412253 1.000000 1.000000 1.000000
vn -0.806326 -0.565832 -0.172260
v -1.300068 1.774984 0.169939 1.000000 1.000000 1.000000
vn 0.077539 -0.752442 0.654079
v -3.010488 2.459309 1.737028 1.000000 0.000000 0.000000
vn -0.002397 0.002583 -0.999994
v -0.005675 -0.261637 -0.960285 1.000000 0.000000 0.000000
vn -0.682128 -0.009052 -0.731177
v -0.663586 0.362506 -0.691358 1.000000 0.000000 0.000000
vn 0.679508 0.283155 0.676825
v 0.150016 2.540494 0.959436 1.000000 1.000000 1.000000
vn 0.173626 0.692776 0.699939
v -2.342583 3.851077 1.651522 1.000000 1.000000 1.000000
vn 0.127698 -0.820983 0.556489
v -2.203307 2.400294 1.466715 1.000000 1.000000 1.000000
vn -0.896368 -0.036443 0.441810
v -0.864498 -0.405032 0.407580 1.000000 0.000000 0.000000
vn 0.029271 0.275155 -0.960954
v -0.233594 2.160697 -0.716124 1.000000 1.000000 1.000000
vn 0.640353 0.603950 -0.474544
v 0.122845 2.833796 -0.159261 1.000000 1.000000 1.000000
vn -0.680474 0.005059 -0.732754
v -0.693485 1.244709 -0.653005 1.000000 1.000000 1.000000
vn 0.125001 -0.011017 0.992096
v 0.106777 -0.255953 0.953836 1.000000 0.000000 0.000000
vn -0.453743 0.079376 -0.887590
v -0.483639 1.331656 -0.793043 1.000000 1.000000 1.000000
vn -0.040273 0.681329 0.730869
v -3.410270 3.821999 1.809459 1.000000 0.000000 0.000000
vn -0.000531 0.998615 0.052605
v -3.060600 4.127968 1.160946 1.000000 0.000000 0.000000
vn 0.021703 0.059119 -0.998015
v 0.013455 0.978092 -0.943876 1.000000 1.000000 1.000000
vn -0.185338 -0.109128 0.976597
v -3.633145 3.068836 2.048470 1.000000 0.000000 0.000000
vn -0.084550 0.558708 -0.825043
v -1.697585 3.604205 -0.059811 1.000000 1.000000 1.000000
vn 0.043054 -0.921693 0.385523
v -3.112196 2.294341 1.485273 1.000000 0.000000 0.000000
vn -0.792214 -0.607454 0.058277
v -1.255379 1.692567 0.364586 1.000000 1.000000 1.000000
vn -0.063381 -0.829317 -0.555173
v -3.176792 2.373065 0.593595 1.000000 0.000000 0.000000
vn 0.385651 0.147305 0.910810
v -0.886328 3.094970 1.473045 1.000000 1.000000 1.000000
vn 0.982385 0.144436 -0.118569
v 0.898903 1.330835 -0.085542 1.000000 1.000000 1.000000
vn 0.941281 0.314048 0.123955
v 0.748011 1.960402 0.229699 1.000000 1.000000 1.000000
vn 0.376215 0.609718 -0.697644
v -0.404065 3.170062 -0.237294 1.000000 1.000000 1.000000
vn 0.211558 -0.263768 0.941100
v -1.198468 2.765261 1.554538 1.000000 1.000000 1.000000
vn -0.118241 0.812971 -0.570173
v -2.452279 3.949757 0.387265 1.000000 1.000000 1.000000
vn -0.014586 -0.999891 -0.002289
v -3.395306 2.219108 1.121151 1.000000 0.000000 0.000000
vn 0.008699 0.859382 0.511260
v -3.210849 3.996146 1.603128 1.000000 0.000000 0.000000
vn -0.626275 -0.204295 -0.752358
v -1.066786 2.029359 -0.402790 1.000000 1.000000 1.000000
vn -0.406470 -0.041557 -0.912719
v -1.193352 2.588454 -0.418017 1.000000 1.000000 1.000000
vn 0.453452 0.010540 -0.891218
v 0.439996 0.310011 -0.854855 1.000000 0.000000 0.000000
vn 0.458154 0.414967 0.786065
v -0.850255 3.339807 1.376376 1.000000 1.000000 1.000000
vn -0.557433 -0.009386 0.830169
v -0.549038 0.494591 0.781895 1.000000 0.000000 0.000000
vn 0.410347 0.904885 0.113127
v -1.106031 3.913264 0.774618 1.000000 1.000000 1.000000
vn 0.179209 0.512829 0.839578
v -2.559365 3.684587 1.831669 1.000000 0.000000 0.000000
vn 0.611443 0.128356 0.780808
v 0.261199 2.136189 0.977144 1.000000 1.000000 1.000000
vn -0.066392 0.959856 -0.272524
v -2.847015 4.095880 0.783109 1.000000 0.000000 0.000000
vn 0.583203 0.049709 -0.810804
v 0.541346 0.850710 -0.785046 1.000000 1.000000 1.000000
vn 0.165395 0.297101 0.940412
v -2.815911 3.445898 1.997889 1.000000 0.000000 0.000000
vn 0.061982 -0.673469 0.736612
v -1.677344 2.456195 1.450591 1.000000 1.000000 1.000000
vn 0.317073 0.915282 0.248442
v -1.294732 3.951790 0.964233 1.000000 1.000000 1.000000
vn 0.894100 0.017330 0.447533
v 0.860426 0.733026 0.424626 1.000000 0.000000 0.000000
vn -0.432741 -0.892078 -0.130123
v -1.782141 2.130925 0.517018 1.000000 1.000000 1.000000
vn -0.262490 0.122249 -0.957160
v -2.728947 3.292052 0.064046 1.000000 0.000000 0.000000
vn -0.026653 -0.358021 -0.933333
v -3.600604 2.824178 0.246676 1.000000 0.000000 0.000000
vn 0.098394 -0.911047 0.400390
v -2.782778 2.315226 1.461762 1.000000 0.000000 0.000000
vn -0.028921 -0.853706 -0.519952
v -3.618298 2.363617 0.633832 1.000000 0.000000 0.000000
vn 0.130867 -0.606429 0.784294
v -2.938086 2.595840 1.855703 1.000000 0.000000 0.000000
vn 0.255648 0.939683 -0.227246
v -1.292031 3.964651 0.500584 1.000000 1.000000 1.000000
vn 0.358653 0.371783 -0.856239
v 0.176990 2.062739 -0.661689 1.000000 1.000000 1.000000
vn -0.291738 -0.317668 -0.902206
v -2.286531 2.861302 -0.018535 1.000000 1.000000 1.000000
vn 0.771663 0.186882 0.607956
v 0.522141 1.994503 0.752819 1.000000 1.000000 1.000000
vn 0.573024 0.622140 -0.533466
v 0.032234 2.896253 -0.193804 1.000000 1.000000 1.000000
vn 0.181856 -0.252724 0.950294
v -1.015937 2.679065 1.494620 1.000000 1.000000 1.000000
vn 0.277359 0.308083 0.910031
v -1.863484 3.475912 1.740289 1.000000 1.000000 1.000000
vn -0.122427 0.733427 -0.668653
v -2.261946 3.853981 0.236205 1.000000 1.000000 1.000000
vn -0.013920 -0.991008 -0.133076
v -3.490063 2.228814 1.004620 1.000000 0.000000 0.000000
vn -0.619182 -0.075354 -0.781623
v -0.592078 -0.520727 -0.742047 1.000000 0.000000 0.000000
vn -0.839713 -0.424894 -0.338153
v -1.192686 1.705127 -0.046798 1.000000 1.000000 1.000000
vn 0.097018 0.804941 -0.585370
v -1.323455 3.797395 0.137377 1.000000 1.000000 1.000000
vn 0.075916 -0.112143 0.990788
v 0.109377 -0.578845 0.944616 1.000000 0.000000 0.000000
vn -0.081262 0.920912 -0.381207
v -2.959910 4.061024 0.707094 1.000000 0.000000 0.000000
vn 0.680113 -0.007638 -0.733067
v 0.629296 0.059578 -0.718838 1.000000 0.000000 0.000000
vn 0.743546 0.343479 0.573726
v 0.278545 2.490844 0.839335 1.000000 1.000000 1.000000
vn 0.604757 0.190794 0.773218
v 0.095559 2.430368 1.044370 1.000000 1.000000 1.000000
vn 0.447068 0.029584 0.894011
v -0.124504 2.368896 1.187666 1.000000 1.000000 1.000000
vn 0.525496 0.558131 0.642140
v -0.725208 3.452278 1.216258 1.000000 1.000000 1.000000
vn -0.917732 0.008855 -0.397101
v -0.875686 0.604581 -0.393560 1.000000 0.000000 0.000000
vn -0.308688 -0.313563 -0.897992
v -2.170195 2.852126 -0.053250 1.000000 1.000000 1.000000
vn 0.244713 0.545891 -0.801323
v -0.482978 3.071531 -0.345727 1.000000 1.000000 1.000000
vn -0.945987 0.010821 0.324023
v -0.908390 -0.057675 0.307233 1.000000 0.000000 0.000000
vn -0.268078 -0.031874 -0.962870
v -2.614628 3.144827 0.025129 1.000000 1.000000 1.000000
vn 0.114177 -0.879131 0.462701
v -2.407294 2.349869 1.429979 1.000000 1.000000 1.000000
vn 0.618107 0.627893 0.472964
v -0.438091 3.412827 0.959876 1.000000 1.000000 1.000000
vn 0.374043 0.232801 -0.897717
v 0.322162 1.439707 -0.804412 1.000000 1.000000 1.000000
vn -0.828154 -0.008154 0.560441
v -0.797931 0.474960 0.533209 1.000000 0.000000 0.000000
vn -0.999957 0.004778 -0.008006
v -0.958281 0.415671 -0.027322 1.000000 0.000000 0.000000
vn 0.113294 0.434412 0.893561
v -2.926903 3.573753 1.963404 1.000000 0.000000 0.000000
vn -0.540510 -0.265951 -0.798198
v -1.355648 2.406276 -0.298598 1.000000 1.000000 1.000000
vn -0.807709 -0.036706 0.588438
v -0.761180 -0.458417 0.577628 1.000000 0.000000 0.000000
vn -0.409097 -0.126722 -0.903649
v -1.433783 2.691503 -0.317371 1.000000 1.000000 1.000000
vn 0.854625 0.519132 0.010861
v 0.464637 2.546981 0.254255 1.000000 1.000000 1.000000
vn 0.211326 -0.358980 0.909106
v -2.312771 2.849136 1.851539 1.000000 1.000000 1.000000
vn 0.159749 0.986978 0.018858
v -1.834202 4.094076 0.862513 1.000000 1.000000 1.000000
vn 0.257591 -0.108291 0.960167
v 0.184970 1.239964 0.981125 1.000000 1.000000 1.000000
vn -0.301596 0.007393 0.953407
v -0.269535 0.349380 0.919712 1.000000 0.000000 0.000000
vn -0.083434 0.511295 -0.855346
v -3.721458 3.654184 0.314803 1.000000 0.000000 0.000000
vn -0.256357 0.205373 -0.944512
v -3.883462 3.427815 0.235861 1.000000 0.000000 0.000000
vn 0.456831 0.865230 -0.206595
v -0.647351 3.675850 0.363263 1.000000 1.000000 1.000000
vn -0.331990 -0.153684 0.930679
v -0.364636 0.983567 0.914321 1.000000 1.000000 1.000000
vn 0.993980 0.012514 0.108844
v 0.950239 0.077197 0.122015 1.000000 0.000000 0.000000
vn 0.013560 -0.998423 -0.054468
v -2.853427 2.225466 0.992767 1.000000 0.000000 0.000000
vn -0.208916 -0.862330 0.461238
v -3.759861 2.325800 1.508257 1.000000 0.000000 0.000000
vn -0.020968 -0.934673 -0.354891
v -3.672992 2.286255 0.793746 1.000000 0.000000 0.000000
vn 0.198514 0.389413 -0.899416
v -0.188099 2.465036 -0.602510 1.000000 1.000000 1.000000
vn 0.062049 0.890629 0.450477
v -2.826669 4.027436 1.512025 1.000000 0.000000 0.000000
vn 0.163543 0.608313 0.776665
v -2.515822 3.764117 1.767680 1.000000 0.000000 0.000000
vn 0.187455 -0.602634 0.775689
v -2.434198 2.603647 1.737787 1.000000 0.000000 0.000000
vn 0.999968 0.007309 0.003289
v 0.958613 0.660885 -0.005658 1.000000 0.000000 0.000000
vn -0.599669 0.012339 -0.800153
v -0.579229 0.726400 -0.761816 1.000000 0.000000 0.000000
vn 0.458803 0.345481 -0.818623
v 0.297392 1.957565 -0.648466 1.000000 1.000000 1.000000
vn -0.118556 0.969139 -0.216136
v -3.650278 4.089410 0.900408 1.000000 0.000000 0.000000
vn -0.199740 -0.318469 -0.926651
v -2.923989 2.885378 0.151088 1.000000 0.000000 0.000000
vn 0.385480 -0.007419 0.922686
v 0.379742 0.191727 0.881363 1.000000 0.000000 0.000000
vn 0.867767 0.007283 0.496918
v 0.835122 0.639500 0.472564 1.000000 0.000000 0.000000
vn -0.530750 0.002085 -0.847526
v -0.517321 0.635109 -0.804962 1.000000 0.000000 0.000000
vn 0.225064 0.102360 -0.968952
v 0.209345 1.077248 -0.909558 1.000000 1.000000 1.000000
vn -0.269943 0.041571 -0.961978
v -2.322338 3.194079 -0.056817 1.000000 1.000000 1.000000
vn 0.981959 -0.017190 0.188312
v 0.941955 -0.353738 0.177937 1.000000 0.000000 0.000000
vn 0.665820 0.008328 0.746066
v 0.564749 1.407980 0.782845 1.000000 1.000000 1.000000
vn -0.039991 -0.896308 0.441625
v -3.521988 2.314808 1.525212 1.000000 0.000000 0.000000
vn -0.006784 -0.992485 -0.122175
v -3.182848 2.223247 1.009377 1.000000 0.000000 0.000000
vn -0.398124 -0.596394 0.697002
v -0.956017 1.816127 1.023568 1.000000 1.000000 1.000000
vn 0.588465 -0.310306 -0.746605
v 0.544050 -0.759034 -0.745068 1.000000 0.000000 0.000000
vn 0.974885 0.099060 -0.199463
v 0.914688 1.092440 -0.173362 1.000000 1.000000 1.000000
vn 0.063071 0.673785 -0.736231
v -1.204296 3.597036 -0.076802 1.000000 1.000000 1.000000
vn 0.481121 0.811716 0.331118
v -0.791032 3.716938 0.922816 1.000000 1.000000 1.000000
vn 0.212484 -0.401636 0.890808
v -2.409815 2.805171 1.855100 1.000000 0.000000 0.000000
vn -0.714249 0.004516 0.699877
v -0.679009 -0.163262 0.673618 1.000000 0.000000 0.000000
vn 0.150340 0.702102 0.696025
v -2.533247 3.860102 1.685713 1.000000 0.000000 0.000000
vn 0.820294 0.471339 0.323972
v 0.278932 2.733958 0.625862 1.000000 1.000000 1.000000
vn -0.614347 -0.135311 -0.777347
v -0.977279 1.966516 -0.460869 1.000000 1.000000 1.000000
vn -0.103159 0.410988 -0.905785
v -3.230189 3.577203 0.244692 1.000000 0.000000 0.000000
vn -0.260738 -0.010581 -0.965352
v -2.726268 3.153179 0.056822 1.000000 0.000000 0.000000
vn 0.246635 -0.132775 0.959970
v 0.086419 1.532477 1.042272 1.000000 1.000000 1.000000
vn 0.760697 0.006788 0.649071
v 0.727189 0.242673 0.623408 1.000000 0.000000 0.000000
vn -0.190634 0.157534 -0.968938
v -2.955492 3.323923 0.123026 1.000000 0.000000 0.000000
vn 0.188365 -0.017598 -0.981941
v 0.170812 -0.341708 -0.944155 1.000000 0.000000 0.000000
vn 0.673264 0.681014 0.287987
v -0.292523 3.396150 0.749907 1.000000 1.000000 1.000000
vn 0.190475 0.812249 -0.551336
v -1.074033 3.726717 0.099430 1.000000 1.000000 1.000000
vn 0.587781 -0.022535 0.808706
v 0.552789 0.900952 0.790203 1.000000 0.000000 0.000000
vn -0.894318 -0.422664 0.146797
v -1.067017 1.380449 0.305614 1.000000 1.000000 1.000000
vn -0.698962 -0.642506 -0.314068
v -1.478887 1.999880 0.167945 1.000000 1.000000 1.000000
vn 0.343516 -0.058770 0.937306
v 0.298109 1.066338 0.930565 1.000000 1.000000 1.000000
vn 0.468065 0.178175 0.865545
v -0.492193 2.897114 1.317965 1.000000 1.000000 1.000000
vn 0.523195 0.802155 0.287775
v -0.683269 3.671109 0.865211 1.000000 1.000000 1.000000
vn 0.696862 0.145755 -0.702238
v 0.638871 1.096572 -0.670907 1.000000 1.000000 1.000000
vn -0.613681 -0.680102 0.401069
v -1.203022 1.768863 0.742807 1.000000 1.000000 1.000000
vn -0.081725 -0.657342 -0.749148
v -3.156261 2.557035 0.379049 1.000000 0.000000 0.000000
vn 0.318922 0.905054 -0.281366
v -0.995245 3.822070 0.342584 1.000000 1.000000 1.000000
vn 0.047572 0.986357 0.157598
v -2.388718 4.125436 1.105023 1.000000 1.000000 1.000000
vn -0.655960 -0.712779 0.248320
v -1.313030 1.814824 0.630279 1.000000 1.000000 1.000000
vn 0.631609 0.770729 -0.083948
v -0.316030 3.464171 0.406475 1.000000 1.000000 1.000000
vn 0.555733 0.156083 0.816578
v -0.106816 2.590699 1.153034 1.000000 1.000000 1.000000
vn 0.018448 0.663552 -0.747902
v -1.322013 3.615211 -0.065622 1.000000 1.000000 1.000000
vn -0.243497 -0.014506 0.969793
v -0.227271 0.624682 0.927190 1.000000 0.000000 0.000000
vn 0.287808 0.350096 0.891403
v -1.763065 3.492967 1.701420 1.000000 1.000000 1.000000
vn -0.985659 -0.048957 -0.161491
v -0.954439 0.856808 -0.157130 1.000000 1.000000 1.000000
vn -0.066863 0.957352 -0.281080
v -2.621852 4.104666 0.754744 1.000000 0.000000 0.000000
vn 0.649830 0.757174 0.066393
v -0.313281 3.463651 0.548285 1.000000 1.000000 1.000000
vn -0.070282 -0.996500 -0.045263
v -2.300054 2.221159 0.844540 1.000000 1.000000 1.000000
vn 0.910785 -0.275491 -0.307530
v 0.883523 -0.739610 -0.259109 1.000000 0.000000 0.000000
vn 0.140553 0.233819 -0.962067
v 0.057889 1.529500 -0.857373 1.000000 1.000000 1.000000
vn 0.376088 -0.024914 0.926249
v -0.244598 2.402431 1.240363 1.000000 1.000000 1.000000
vn -0.455895 -0.426469 -0.781207
v -1.761126 2.555668 -0.102840 1.000000 1.000000 1.000000
vn -0.981907 -0.128681 0.138924
v -0.936803 -0.593553 0.139029 1.000000 0.000000 0.000000
vn -0.246401 0.125234 -0.961043
v -0.662636 2.326021 -0.619916 1.000000 1.000000 1.000000
vn 0.219363 0.202312 0.954437
v -2.517750 3.383251 1.951437 1.000000 0.000000 0.000000
vn 0.986081 0.134007 0.098415
v 0.907390 1.281297 0.125039 1.000000 1.000000 1.000000
vn -0.207036 0.520396 -0.828447
v -2.498488 3.672504 0.143457 1.000000 1.000000 1.000000
vn 0.415939 0.883570 -0.215172
v -0.749270 3.728207 0.371504 1.000000 1.000000 1.000000
vn -0.071166 -0.831886 0.550364
v -3.590739 2.380507 1.636893 1.000000 0.000000 0.000000
vn 0.269357 0.772466 0.575102
v -1.813479 3.906338 1.403994 1.000000 1.000000 1.000000
vn -0.041224 -0.626324 -0.778473
v -3.428179 2.574294 0.383984 1.000000 0.000000 0.000000
vn 0.611959 0.784579 0.099712
v -0.396468 3.525804 0.600441 1.000000 1.000000 1.000000
vn 0.345155 -0.312267 0.885075
v 0.358430 -0.736201 0.859071 1.000000 0.000000 0.000000
vn -0.189793 0.010488 -0.981768
v -0.161978 0.313223 -0.941402 1.000000 0.000000 0.000000
vn 0.993713 -0.034992 -0.106353
v 0.953648 -0.393639 -0.083924 1.000000 0.000000 0.000000
vn -0.103894 0.909651 0.402172
v -3.538264 4.043644 1.486228 1.000000 0.000000 0.000000
vn -0.210059 -0.964772 -0.158402
v -3.923083 2.267262 0.966237 1.000000 0.000000 0.000000
vn 0.960464 0.246730 -0.128973
v 0.842320 1.655010 -0.043246 1.000000 1.000000 1.000000
vn -0.064434 0.607792 -0.791478
v -3.677791 3.736825 0.367277 1.000000 0.000000 0.000000
vn -0.229798 -0.784991 0.575310
v -1.447688 2.164366 1.140010 1.000000 1.000000 1.000000
vn 0.993927 0.099125 0.047790
v 0.924867 1.165217 0.078707 1.000000 1.000000 1.000000
vn -0.068253 -0.094353 0.993196
v -3.498647 3.067425 2.059512 1.000000 0.000000 0.000000
vn 0.803529 0.354843 -0.477941
v 0.659568 1.909256 -0.315124 1.000000 1.000000 1.000000
vn 0.789372 0.002014 0.613912
v 0.747745 0.028999 0.600876 1.000000 0.000000 0.000000
vn 0.200891 0.679495 0.705641
v -2.233920 3.833713 1.638601 1.000000 1.000000 1.000000
vn 0.088584 0.760277 -0.643530
v -1.265362 3.716689 0.042008 1.000000 1.000000 1.000000
vn -0.902338 -0.168096 0.396901
v -0.862839 -0.645379 0.371346 1.000000 0.000000 0.000000
vn -0.283300 0.120426 -0.951440
v -1.122839 2.797173 -0.435699 1.000000 1.000000 1.000000
vn -0.772633 -0.388734 -0.501920
v -1.214969 1.867013 -0.158249 1.000000 1.000000 1.000000
vn -0.243279 -0.115189 -0.963092
v -2.816195 3.070993 0.085452 1.000000 0.000000 0.000000
vn -0.059376 0.216178 -0.974547
v -3.461094 3.376520 0.194375 1.000000 0.000000 0.000000
vn -0.030209 0.578481 0.815136
v -3.407982 3.718539 1.894310 1.000000 0.000000 0.000000
vn -0.299222 -0.658082 0.690937
v -1.151936 2.059106 1.142426 1.000000 1.000000 1.000000
vn -0.976125 -0.012695 0.216838
v -0.937449 0.171743 0.208581 1.000000 0.000000 0.000000
vn -0.376725 0.037723 -0.925557
v -0.372900 0.939851 -0.873373 1.000000 1.000000 1.000000
vn -0.101849 0.014134 -0.994699
v -0.084863 0.419716 -0.951287 1.000000 0.000000 0.000000
vn 0.035584 0.847832 -0.529070
v -1.688214 3.926123 0.278826 1.000000 1.000000 1.000000
vn -0.730225 -0.574669 0.369495
v -1.071080 1.532320 0.590847 1.000000 1.000000 1.000000
vn 0.782805 0.036886 0.621173
v 0.708432 1.193990 0.636340 1.000000 1.000000 1.000000
vn 0.277769 -0.011997 0.960573
v 0.260775 0.204914 0.923574 1.000000 0.000000 0.000000
vn 0.014913 -0.265401 -0.964023
v 0.033839 -0.717516 -0.924762 1.000000 0.000000 0.000000
vn -0.899697 -0.302548 -0.314658
v -1.068776 1.485523 -0.125875 1.000000 1.000000 1.000000
vn -0.957566 -0.010243 -0.288032
v -0.915569 -0.028010 -0.285127 1.000000 0.000000 0.000000
vn 0.702705 0.700441 0.124850
v -0.191886 3.346898 0.572519 1.000000 1.000000 1.000000
vn 0.908542 0.210161 -0.361087
v 0.819877 1.497909 -0.264274 1.000000 1.000000 1.000000
vn 0.981490 0.087908 -0.170144
v 0.933735 0.960410 -0.140298 1.000000 1.000000 1.000000
vn 0.164117 -0.755804 0.633898
v -2.445138 2.459995 1.601960 1.000000 1.000000 1.000000
vn -0.653473 -0.356103 0.667955
v -0.651749 -0.772718 0.627706 1.000000 0.000000 0.000000
vn -0.961269 -0.011785 0.275360
v -0.923155 0.061453 0.257751 1.000000 0.000000 0.000000
vn -0.233711 0.142018 -0.961878
v -2.840714 3.308888 0.095067 1.000000 0.000000 0.000000
vn -0.049200 0.767219 -0.639495
v -1.874321 3.861003 0.191609 1.000000 1.000000 1.000000
vn -0.789305 -0.133148 0.599391
v -0.775223 0.867126 0.593533 1.000000 1.000000 1.000000
vn -0.364330 -0.927940 -0.078690
v -1.824403 2.137944 0.616922 1.000000 1.000000 1.000000
vn -0.988195 -0.151330 0.023878
v -0.941460 -0.623978 0.031778 1.000000 0.000000 0.000000
vn 0.411935 0.811253 -0.414944
v -0.660894 3.602844 0.141892 1.000000 1.000000 1.000000
vn -0.284697 -0.038506 0.957844
v -0.264507 -0.439605 0.920285 1.000000 0.000000 0.000000
vn 0.896215 0.046788 0.441146
v 0.848511 1.009422 0.432042 1.000000 1.000000 1.000000
vn -0.910129 -0.109727 -0.399532
v -0.886944 -0.570760 -0.342359 1.000000 0.000000 0.000000
vn 0.550492 0.094602 -0.829463
v 0.520344 0.958137 -0.791614 1.000000 1.000000 1.000000
vn -0.791748 -0.516845 0.325586
v -1.053385 1.459285 0.513733 1.000000 1.000000 1.000000
vn 0.492400 0.603111 -0.627534
v -0.020609 2.866402 -0.273598 1.000000 1.000000 1.000000
vn 0.176953 -0.711088 0.680471
v -2.596611 2.492870 1.677131 1.000000 0.000000 0.000000
vn -0.251880 0.132889 -0.958591
v -1.668506 3.137103 -0.241775 1.000000 1.000000 1.000000
vn 0.079666 -0.447452 0.890753
v -1.227638 2.524250 1.466403 1.000000 1.000000 1.000000
vn 0.000243 0.995612 0.093573
v -2.794192 4.128210 1.159145 1.000000 0.000000 0.000000
vn 0.060968 -0.347686 0.935627
v -0.809658 2.326513 1.353467 1.000000 1.000000 1.000000
vn 0.245748 0.747345 0.617319
v -1.901899 3.889498 1.462238 1.000000 1.000000 1.000000
vn -0.040219 -0.656622 0.753146
v -3.449368 2.539779 1.830438 1.000000 0.000000 0.000000
vn -0.023646 0.620869 -0.783558
v -1.441873 3.604382 -0.074566 1.000000 1.000000 1.000000
vn 0.273882 0.076485 -0.958717
v 0.267007 0.956203 -0.905347 1.000000 1.000000 1.000000
vn -0.138359 0.092582 -0.986045
v -0.127263 1.114340 -0.924006 1.000000 1.000000 1.000000
vn 0.999808 0.004498 0.019091
v 0.956850 0.404570 0.008096 1.000000 0.000000 0.000000
vn -0.240244 -0.284428 -0.928107
v -3.992804 2.872198 0.264148 1.000000 0.000000 0.000000
vn 0.827600 -0.068851 -0.557080
v 0.795536 -0.515375 -0.527375 1.000000 0.000000 0.000000
vn -0.129788 0.059884 -0.989732
v -0.122273 0.958397 -0.936461 1.000000 1.000000 1.000000
vn -0.033061 -0.440532 0.897128
v -3.392888 2.735759 1.968405 1.000000 0.000000 0.000000
vn 0.415460 0.142685 0.898351
v -0.723475 3.003401 1.416747 1.000000 1.000000 1.000000
vn 0.197579 -0.604154 0.771985
v -2.574434 2.608521 1.776428 1.000000 0.000000 0.000000
vn 0.265543 0.240445 -0.933635
v 0.178268 1.549007 -0.825596 1.000000 1.000000 1.000000
vn 0.672384 0.009543 -0.740141
v 0.636520 -0.237310 -0.714869 1.000000 0.000000 0.000000
vn -0.156753 0.647732 -0.745568
v -3.776637 3.784200 0.415580 1.000000 0.000000 0.000000
vn -0.776189 0.002623 -0.630495
v -0.752197 0.635297 -0.598383 1.000000 0.000000 0.000000
vn 0.107643 -0.367230 0.923880
v -1.110981 2.554156 1.468144 1.000000 1.000000 1.000000
vn 0.209066 -0.494078 0.843907
v -2.077081 2.711099 1.726098 1.000000 1.000000 1.000000
vn -0.644839 -0.617019 -0.451076
v -1.574923 2.159159 0.073641 1.000000 1.000000 1.000000
vn 0.054047 0.307760 -0.949928
v -0.255738 2.267121 -0.684297 1.000000 1.000000 1.000000
vn 0.791042 0.605779 0.085349
v 0.179236 2.954272 0.445057 1.000000 1.000000 1.000000
vn 0.044773 0.728304 -0.683790
v -1.384267 3.707479 0.021005 1.000000 1.000000 1.000000
vn 0.254446 -0.434692 0.863887
v 0.293231 -0.801214 0.846337 1.000000 0.000000 0.000000
vn 0.196871 0.914732 -0.352856
v -1.343260 3.947689 0.411417 1.000000 1.000000 1.000000
vn -0.990246 0.008296 0.139082
v -0.948035 0.384088 0.157654 1.000000 0.000000 0.000000
vn 0.620120 0.099965 0.778112
v 0.351658 1.963055 0.931306 1.000000 1.000000 1.000000
vn 0.939605 0.341895 -0.015808
v 0.760127 1.946954 0.089930 1.000000 1.000000 1.000000
vn 0.893580 0.417530 0.164872
v 0.598981 2.292685 0.346460 1.000000 1.000000 1.000000
vn 0.737214 0.587676 0.333396
v -0.052576 3.136483 0.736638 1.000000 1.000000 1.000000
vn -0.801926 -0.193245 -0.565306
v -0.965261 1.571300 -0.374366 1.000000 1.000000 1.000000
vn -0.389406 -0.274704 0.879148
v -0.494968 1.197010 0.910319 1.000000 1.000000 1.000000
vn 0.134116 -0.778121 0.613629
v -2.109393 2.439892 1.498672 1.000000 1.000000 1.000000
vn -0.610978 0.000799 0.791647
v -0.605010 0.329373 0.741018 1.000000 0.000000 0.000000
vn 0.528198 0.052945 0.847469
v 0.201408 2.070499 1.026374 1.000000 1.000000 1.000000
vn 0.883865 -0.070474 0.462402
v 0.835743 -0.565248 0.460253 1.000000 0.000000 0.000000
vn -0.994483 -0.050342 0.092034
v -0.948506 -0.491822 0.096842 1.000000 0.000000 0.000000
vn 0.083474 -0.926263 0.367517
v -2.969100 2.286561 1.441085 1.000000 0.000000 0.000000
vn 0.581654 0.390960 0.713323
v -0.310182 3.056304 1.140739 1.000000 1.000000 1.000000
vn -0.542771 0.035760 -0.839119
v -0.654281 1.582512 -0.675825 1.000000 1.000000 1.000000
vn -0.065475 -0.871302 -0.486360
v -3.052532 2.345666 0.621642 1.000000 0.000000 0.000000
vn 0.244767 0.136025 -0.959993
v 0.220213 1.180180 -0.894599 1.000000 1.000000 1.000000
vn -0.154121 0.297496 -0.942201
v -1.292530 3.187476 -0.307944 1.000000 1.000000 1.000000
vn -0.038273 -0.875373 -0.481930
v -3.504003 2.346279 0.656732 1.000000 0.000000 0.000000
vn -0.039816 0.819126 0.572230
v -3.361610 3.956946 1.659402 1.000000 0.000000 0.000000
vn 0.052564 -0.323246 0.944854
v -0.649095 2.204574 1.299929 1.000000 1.000000 1.000000
vn -0.647638 -0.536259 -0.541287
v -1.498688 2.158148 -0.023545 1.000000 1.000000 1.000000
vn 0.148819 -0.225820 0.962735
v -2.883991 2.968303 2.018681 1.000000 0.000000 0.000000
vn -0.147454 -0.630595 0.761976
v -3.605749 2.560221 1.834428 1.000000 0.000000 0.000000
vn 0.934128 -0.000496 -0.356937
v 0.894408 -0.027139 -0.341614 1.000000 0.000000 0.000000
vn 0.155128 -0.128022 0.979564
v 0.087208 1.261567 1.004593 1.000000 1.000000 1.000000
vn -0.151100 -0.788798 -0.595791
v -2.786997 2.421812 0.455325 1.000000 0.000000 0.000000
vn -0.759694 0.002457 0.650276
v -0.725470 0.127862 0.619107 1.000000 0.000000 0.000000
vn -0.046616 -0.943853 -0.327061
v -2.995405 2.270094 0.778665 1.000000 0.000000 0.000000
vn 0.109888 0.103998 -0.988488
v 0.079464 1.103679 -0.928656 1.000000 1.000000 1.000000
vn 0.553318 0.513243 0.656065
v -0.622832 3.366041 1.200517 1.000000 1.000000 1.000000
vn 0.204522 0.576213 0.791296
v -2.313377 3.738393 1.739343 1.000000 1.000000 1.000000
vn -0.243491 0.058664 -0.968127
v -0.254849 0.984314 -0.909691 1.000000 1.000000 1.000000
vn 0.259287 0.647382 -0.716705
v -0.626552 3.318325 -0.204718 1.000000 1.000000 1.000000
vn 0.614954 0.761705 -0.204053
v -0.305684 3.437281 0.304619 1.000000 1.000000 1.000000
vn 0.812668 -0.392622 0.430602
v 0.794921 -0.829678 0.405427 1.000000 0.000000 0.000000
vn 0.282026 -0.114269 0.952577
v -0.202139 2.128734 1.201615 1.000000 1.000000 1.000000
vn -0.760759 -0.597526 -0.253394
v -1.385126 1.889496 0.164014 1.000000 1.000000 1.000000
vn 0.746945 -0.000086 0.664886
v 0.712736 -0.237247 0.646207 1.000000 0.000000 0.000000
vn 0.777708 -0.003717 -0.628615
v 0.741165 -0.376643 -0.607042 1.000000 0.000000 0.000000
vn 0.856008 0.412325 0.311831
v 0.507547 2.389166 0.520383 1.000000 1.000000 1.000000
vn -0.254133 -0.164871 -0.953013
v -3.989295 2.995547 0.234558 1.000000 0.000000 0.000000
vn 0.876731 0.400293 -0.266662
v 0.677804 2.077605 -0.085948 1.000000 1.000000 1.000000
vn -0.045349 0.465615 -0.883825
v -1.084877 3.284567 -0.291368 1.000000 1.000000 1.000000
vn -0.131051 -0.692445 -0.709468
v -3.896238 2.508593 0.465527 1.000000 0.000000 0.000000
vn 0.827422 0.035509 -0.560457
v 0.789345 0.709025 -0.540208 1.000000 1.000000 1.000000
vn -0.441764 -0.495785 0.747691
v -0.772320 1.559663 0.934548 1.000000 1.000000 1.000000
vn 0.960494 0.262266 0.093097
v 0.829846 1.720397 0.180443 1.000000 1.000000 1.000000
vn -0.178833 0.002435 0.983876
v -0.147181 0.077520 0.948349 1.000000 0.000000 0.000000
vn -0.017198 -0.321357 0.946802
v -3.356803 2.857717 2.020052 1.000000 0.000000 0.000000
vn 0.374501 0.915700 -0.145745
v -0.975502 3.846920 0.480724 1.000000 1.000000 1.000000
vn 0.704016 0.003867 0.710174
v 0.616941 1.327078 0.734679 1.000000 1.000000 1.000000
vn -0.038672 0.042115 -0.998364
v -0.040627 0.879596 -0.948436 1.000000 1.000000 1.000000
vn -0.208459 0.258047 -0.943375
v -1.814504 3.317256 -0.169559 1.000000 1.000000 1.000000
vn 0.260320 -0.032034 0.964991
v -2.354865 3.162458 1.928188 1.000000 0.000000 0.000000
vn -0.010048 0.995934 0.089521
v -3.268682 4.124783 1.216109 1.000000 0.000000 0.000000
vn 0.721243 0.365166 -0.588611
v 0.559849 1.916312 -0.452103 1.000000 1.000000 1.000000
vn 0.011524 0.636844 0.770907
v -3.155272 3.792202 1.841370 1.000000 0.000000 0.000000
vn -0.356606 -0.000692 0.934255
v -0.342109 0.427911 0.893310 1.000000 0.000000 0.000000
vn 0.419307 0.313494 0.851999
v -0.924047 3.273033 1.444825 1.000000 1.000000 1.000000
vn -0.040827 0.047079 0.998056
v -3.432209 3.207165 2.064883 1.000000 0.000000 0.000000
vn -0.472347 -0.022861 0.881116
v -0.454729 -0.385590 0.842876 1.000000 0.000000 0.000000
vn 0.839023 0.002656 0.544090
v 0.802772 0.199278 0.523984 1.000000 0.000000 0.000000
vn 0.430808 0.246588 0.868101
v -0.804573 3.164252 1.420215 1.000000 1.000000 1.000000
vn -0.918477 -0.005074 -0.395441
v -0.883412 0.249352 -0.380374 1.000000 0.000000 0.000000
vn 0.945042 -0.289456 -0.152021
v 0.911663 -0.755114 -0.119471 1.000000 0.000000 0.000000
vn -0.214409 -0.495310 -0.841842
v -2.786136 2.700272 0.202034 1.000000 0.000000 0.000000
vn -0.113125 0.767800 0.630624
v -3.591851 3.903639 1.708864 1.000000 0.000000 0.000000
vn -0.985909 -0.003752 -0.167240
v -0.941096 -0.023700 -0.179687 1.000000 0.000000 0.000000
vn -0.791807 -0.018351 0.610496
v -0.773120 0.319740 0.563521 1.000000 0.000000 0.000000
vn -0.241636 -0.352784 0.903967
v -3.667378 2.829355 1.984563 1.000000 0.000000 0.000000
vn -0.465443 -0.555689 -0.688893
v -1.821990 2.454367 0.000676 1.000000 1.000000 1.000000
vn 0.948722 0.233195 0.213418
v 0.818640 1.702800 0.277134 1.000000 1.000000 1.000000
vn 0.655569 0.152917 0.739490
v 0.344143 2.090458 0.916660 1.000000 1.000000 1.000000
vn -0.272711 -0.244061 -0.930625
v -2.600603 2.946427 0.050484 1.000000 1.000000 1.000000
vn -0.238790 -0.566663 -0.788589
v -2.437013 2.622162 0.156599 1.000000 1.000000 1.000000
vn -0.272079 -0.209373 0.939221
v -0.332875 1.136894 0.955464 1.000000 1.000000 1.000000
vn -0.366842 -0.119416 -0.922587
v -0.343679 -0.576344 -0.883721 1.000000 0.000000 0.000000
vn 0.032558 -0.998816 0.036137
v -2.786912 2.226025 1.075642 1.000000 0.000000 0.000000
vn 0.811113 -0.011306 -0.584780
v 0.779657 0.261353 -0.558743 1.000000 0.000000 0.000000
vn 0.168408 -0.672340 0.720832
v -2.159069 2.533180 1.611699 1.000000 1.000000 1.000000
vn 0.951434 0.014832 0.307495
v 0.906553 0.379027 0.307602 1.000000 0.000000 0.000000
vn -0.758128 -0.278117 -0.589824
v -1.094994 1.830015 -0.302667 1.000000 1.000000 1.000000
vn -0.067498 0.780779 -0.621151
v -3.229850 3.921521 0.514048 1.000000 0.000000 0.000000
vn 0.452163 0.783499 -0.426237
v -0.543337 3.520692 0.108049 1.000000 1.000000 1.000000
vn -0.779678 -0.279860 -0.560161
v -0.735183 -0.778911 -0.516137 1.000000 0.000000 0.000000
vn 0.286440 -0.074434 0.955202
v -1.028962 2.884446 1.533529 1.000000 1.000000 1.000000
vn -0.022152 -0.990022 0.139159
v -3.538885 2.228759 1.239577 1.000000 0.000000 0.000000
vn -0.216155 0.443811 -0.869660
v -2.620076 3.595010 0.128512 1.000000 1.000000 1.000000
vn 0.611686 0.708422 -0.352106
v -0.089211 3.172890 0.070911 1.000000 1.000000 1.000000
vn 0.210286 -0.264794 0.941097
v -1.411427 2.842026 1.624777 1.000000 1.000000 1.000000
vn 0.994514 0.001414 -0.104598
v 0.955504 -0.225665 -0.076217 1.000000 0.000000 0.000000
vn 0.212959 0.172352 -0.961740
v 0.172515 1.276730 -0.890133 1.000000 1.000000 1.000000
vn -0.979123 -0.016539 0.202593
v -0.941879 0.578091 0.194524 1.000000 0.000000 0.000000
vn -0.037464 -0.806256 -0.590379
v -3.552734 2.407454 0.565197 1.000000 0.000000 0.000000
vn -0.051095 -0.128921 0.990338
v -0.065105 -0.570453 0.946114 1.000000 0.000000 0.000000
vn 0.129474 0.830942 0.541085
v -2.491820 3.979340 1.528396 1.000000 0.000000 0.000000
vn -0.069350 0.014058 0.997493
v -0.064751 0.303206 0.957763 1.000000 0.000000 0.000000
vn 0.009778 -0.061903 0.998034
v -3.273361 3.099255 2.069897 1.000000 0.000000 0.000000
vn 0.110778 -0.010644 0.993788
v 0.101901 0.580728 0.955207 1.000000 0.000000 0.000000
vn -0.766221 -0.282717 0.577041
v -0.732710 -0.706714 0.582756 1.000000 0.000000 0.000000
vn -0.025742 -0.927573 -0.372755
v -3.523392 2.291246 0.775463 1.000000 0.000000 0.000000
vn -0.275584 -0.338168 -0.899831
v -2.392985 2.852448 0.018599 1.000000 1.000000 1.000000
vn -0.081146 0.954364 0.287411
v -3.542252 4.085919 1.370430 1.000000 0.000000 0.000000
vn 0.254752 0.431242 -0.865524
v -0.168806 2.554339 -0.555041 1.000000 1.000000 1.000000
vn 0.254800 0.869675 0.422780
v -1.710733 3.982109 1.225215 1.000000 1.000000 1.000000
vn 0.018483 0.985135 0.170782
v -3.033788 4.116957 1.263042 1.000000 0.000000 0.000000
vn 0.040291 0.569159 -0.821239
v -1.064660 3.386214 -0.228581 1.000000 1.000000 1.000000
vn -0.129944 -0.850986 0.508858
v -3.678606 2.360039 1.590525 1.000000 0.000000 0.000000
vn -0.902457 -0.019848 -0.430322
v -0.863242 0.731649 -0.422942 1.000000 1.000000 1.000000
vn 0.912585 0.407972 -0.027354
v 0.669075 2.175222 0.136248 1.000000 1.000000 1.000000
vn -0.813251 -0.562518 0.148983
v -1.161820 1.571955 0.403363 1.000000 1.000000 1.000000
vn 0.142921 0.049470 -0.988497
v 0.148158 0.820318 -0.940190 1.000000 1.000000 1.000000
vn 0.136870 -0.684480 0.716068
v -2.919194 2.522388 1.788542 1.000000 0.000000 0.000000
vn 0.155600 -0.084772 -0.984176
v 0.133880 -0.524406 -0.941817 1.000000 0.000000 0.000000
vn -0.447956 -0.036631 -0.893305
v -0.901605 2.233027 -0.537971 1.000000 1.000000 1.000000
vn -0.682806 -0.191250 0.705124
v -0.673951 -0.665675 0.656854 1.000000 0.000000 0.000000
vn -0.822556 -0.069546 0.564416
v -0.805195 0.771506 0.537007 1.000000 1.000000 1.000000
vn -0.162372 0.358112 -0.919451
v -1.786672 3.429900 -0.137822 1.000000 1.000000 1.000000
vn -0.043673 0.452521 -0.890684
v -3.603597 3.604330 0.279233 1.000000 0.000000 0.000000
vn 0.005003 -0.217665 0.976011
v -0.140145 1.391010 1.044265 1.000000 1.000000 1.000000
vn 0.987746 -0.097079 0.122206
v 0.941696 -0.571979 0.115797 1.000000 0.000000 0.000000
vn -0.655028 -0.001583 0.755603
v -0.626496 -0.277410 0.724932 1.000000 0.000000 0.000000
vn 0.278023 0.574058 -0.770169
v -0.502602 3.168718 -0.283471 1.000000 1.000000 1.000000
vn 0.871282 -0.016551 0.490504
v 0.835690 -0.451848 0.468454 1.000000 0.000000 0.000000
vn -0.719427 -0.529633 0.449348
v -0.992599 1.469714 0.643123 1.000000 1.000000 1.000000
vn -0.241401 0.178927 -0.953788
v -2.162283 3.298087 -0.088822 1.000000 1.000000 1.000000
vn 0.701484 0.152338 0.696214
v 0.432353 2.003707 0.850480 1.000000 1.000000 1.000000
vn 0.183430 -0.612437 0.768943
v -2.014520 2.579270 1.616612 1.000000 1.000000 1.000000
vn -0.336851 0.001184 0.941557
v -0.311074 0.166027 0.906973 1.000000 0.000000 0.000000
vn 0.219057 0.856471 -0.467409
v -1.118769 3.794420 0.194144 1.000000 1.000000 1.000000
vn 0.447031 0.453888 0.770810
v -0.933196 3.402053 1.388602 1.000000 1.000000 1.000000
vn 0.200663 0.954251 0.221673
v -1.827258 4.067755 1.063691 1.000000 1.000000 1.000000
vn 0.291663 0.883056 0.367620
v -1.426623 3.939429 1.122023 1.000000 1.000000 1.000000
vn 0.684977 0.265663 0.678402
v 0.214760 2.443784 0.933366 1.000000 1.000000 1.000000
vn 0.879887 0.008132 0.475113
v 0.851509 -0.125238 0.444662 1.000000 0.000000 0.000000
vn -0.035206 -0.346054 -0.937554
v -3.707566 2.830545 0.246879 1.000000 0.000000 0.000000
vn -0.026190 0.998244 -0.053126
v -3.333688 4.125730 1.070963 1.000000 0.000000 0.000000
vn -0.181040 -0.059168 0.981694
v -0.159818 0.789550 0.948462 1.000000 0.000000 0.000000
vn 0.236576 0.730769 0.640319
v -1.999107 3.874714 1.517358 1.000000 1.000000 1.000000
vn 0.965795 0.118826 0.230478
v 0.886552 1.253476 0.274473 1.000000 1.000000 1.000000
vn 0.162932 -0.714936 0.679941
v -2.821023 2.483261 1.728156 1.000000 0.000000 0.000000
vn 0.009745 -0.181234 0.983392
v -0.093287 1.291083 1.024532 1.000000 1.000000 1.000000
vn 0.649233 0.312862 -0.693263
v 0.542263 1.733804 -0.565946 1.000000 1.000000 1.000000
vn -0.955117 -0.290965 0.055595
v -1.028796 1.239143 0.159246 1.000000 1.000000 1.000000
vn -0.221431 0.337630 -0.914863
v -2.174012 3.465715 -0.040232 1.000000 1.000000 1.000000
vn 0.064019 0.839325 -0.539847
v -1.589442 3.904485 0.254672 1.000000 1.000000 1.000000
vn -0.134147 0.816376 -0.561725
v -2.784034 3.962645 0.487930 1.000000 0.000000 0.000000
vn 0.319029 0.713334 0.624000
v -1.489473 3.798436 1.378564 1.000000 1.000000 1.000000
vn -0.660773 -0.437330 -0.610018
v -1.406544 2.158962 -0.129936 1.000000 1.000000 1.000000
vn 0.032596 -0.967211 0.251875
v -2.297363 2.254608 1.170287 1.000000 1.000000 1.000000
vn 0.058448 -0.928183 0.367505
v -2.230219 2.286896 1.259080 1.000000 1.000000 1.000000
vn -0.321258 0.537786 -0.779474
v -3.922050 3.656405 0.368850 1.000000 0.000000 0.000000
vn 0.157791 0.987414 0.010718
v -1.701854 4.073472 0.800065 1.000000 1.000000 1.000000
vn 0.825765 0.442946 0.349158
v 0.406837 2.535865 0.581207 1.000000 1.000000 1.000000
vn -0.575002 0.019812 -0.817912
v -0.553509 0.826748 -0.778793 1.000000 1.000000 1.000000
vn -0.243854 -0.367943 -0.897303
v -2.641241 2.823989 0.102305 1.000000 1.000000 1.000000
vn 0.014081 -0.998285 0.056818
v -2.668534 2.229276 1.079592 1.000000 0.000000 0.000000
vn -0.016780 0.978106 -0.207431
v -2.345336 4.115785 0.749431 1.000000 1.000000 1.000000
vn 0.068064 0.254506 -0.964673
v -0.098960 1.914401 -0.778459 1.000000 1.000000 1.000000
vn 0.537210 0.187651 -0.822309
v 0.460945 1.323651 -0.761113 1.000000 1.000000 1.000000
vn -0.181889 -0.817028 -0.547157
v -2.494037 2.395484 0.408481 1.000000 1.000000 1.000000
vn 0.359890 0.320556 -0.876198
v 0.204380 1.939680 -0.700423 1.000000 1.000000 1.000000
vn 0.792267 0.070692 -0.606066
v 0.751203 0.857363 -0.577509 1.000000 1.000000 1.000000
vn 0.924705 -0.024373 0.379904
v 0.884750 -0.453291 0.368795 1.000000 0.000000 0.000000
vn -0.652633 -0.746207 -0.131321
v -1.529702 1.984340 0.374787 1.000000 1.000000 1.000000
vn -0.306543 0.069802 -0.949294
v -1.079912 2.684090 -0.460348 1.000000 1.000000 1.000000
vn -0.144126 0.987574 0.062653
v -3.649094 4.111474 1.181567 1.000000 0.000000 0.000000
vn 0.114188 -0.087056 0.989637
v -2.947147 3.110081 2.049391 1.000000 0.000000 0.000000
vn 0.847504 -0.014462 -0.530591
v 0.820928 0.151384 -0.494733 1.000000 0.000000 0.000000
vn 0.258425 -0.207184 0.943553
v -2.211688 2.991334 1.867516 1.000000 1.000000 1.000000
vn -0.911140 -0.402003 -0.090649
v -1.115494 1.473966 0.097996 1.000000 1.000000 1.000000
vn -0.014370 -0.993428 -0.113551
v -2.746793 2.233969 0.903942 1.000000 0.000000 0.000000
vn -0.812520 -0.422273 0.401866
v -0.968120 1.315383 0.514352 1.000000 1.000000 1.000000
vn -0.417448 -0.001648 0.908699
v -0.390579 0.235679 0.873414 1.000000 0.000000 0.000000
vn -0.545317 -0.652694 0.525946
v -1.123706 1.768541 0.845049 1.000000 1.000000 1.000000
vn -0.094431 0.842195 -0.530840
v -3.008266 3.987227 0.572986 1.000000 0.000000 0.000000
vn 0.248950 0.252688 -0.934972
v 0.141430 1.709857 -0.794295 1.000000 1.000000 1.000000
vn -0.294041 -0.275606 0.915195
v -0.238928 -0.774742 0.873367 1.000000 0.000000 0.000000
vn 0.525432 0.421838 0.738901
v -0.635971 3.271116 1.273876 1.000000 1.000000 1.000000
vn -0.342590 -0.575365 -0.742689
v -2.117121 2.558463 0.085875 1.000000 1.000000 1.000000
vn -0.982903 -0.000752 -0.184125
v -0.944325 0.311415 -0.178448 1.000000 0.000000 0.000000
vn -0.611716 -0.009360 -0.791022
v -0.594795 -0.222013 -0.753585 1.000000 0.000000 0.000000
vn -0.179766 0.005061 -0.983696
v -0.174323 0.068345 -0.941356 1.000000 0.000000 0.000000
vn -0.993687 -0.013356 -0.111387
v -0.952940 -0.347398 -0.108063 1.000000 0.000000 0.000000
vn -0.329047 -0.007202 -0.944286
v -0.328677 -0.272005 -0.898810 1.000000 0.000000 0.000000
vn -0.108118 0.610093 -0.784919
v -3.124645 3.768757 0.349526 1.000000 0.000000 0.000000
vn -0.131969 -0.769391 0.624997
v -1.497733 2.254394 1.242089 1.000000 1.000000 1.000000
vn -0.142266 -0.837607 -0.527423
v -2.651631 2.377976 0.483486 1.000000 0.000000 0.000000
vn -0.457693 -0.000003 0.889110
v -0.419282 0.493925 0.859565 1.000000 0.000000 0.000000
vn 0.404931 0.445231 0.798624
v -1.138703 3.471111 1.462074 1.000000 1.000000 1.000000
vn 0.014776 0.996376 -0.083767
v -2.309072 4.131311 0.858466 1.000000 1.000000 1.000000
vn -0.026099 -0.997414 -0.066961
v -2.635267 2.229951 0.918943 1.000000 0.000000 0.000000
vn 0.808542 0.017928 -0.588166
v 0.774667 0.600124 -0.564624 1.000000 1.000000 1.000000
vn 0.743118 0.202443 0.637803
v 0.456233 2.110659 0.797511 1.000000 1.000000 1.000000
vn 0.065810 0.008814 0.997793
v 0.061398 0.119196 0.959978 1.000000 0.000000 0.000000
vn -0.290482 -0.205898 -0.934466
v -2.286142 2.959092 -0.045870 1.000000 1.000000 1.000000
vn -0.374000 -0.649957 -0.661574
v -2.010126 2.467973 0.106877 1.000000 1.000000 1.000000
vn 0.289340 0.569039 0.769725
v -1.711217 3.674820 1.586123 1.000000 1.000000 1.000000
vn 0.342051 -0.057901 0.937896
v -0.058959 2.106767 1.152294 1.000000 1.000000 1.000000
vn -0.303697 -0.545246 0.781329
v -0.866481 1.843338 1.086067 1.000000 1.000000 1.000000
vn 0.299660 -0.085398 0.950216
v -0.688534 2.689590 1.410314 1.000000 1.000000 1.000000
vn -0.396298 -0.010856 -0.918058
v -0.963937 2.390082 -0.513675 1.000000 1.000000 1.000000
vn 0.275525 0.001741 0.961292
v -1.841078 3.181883 1.782480 1.000000 1.000000 1.000000
vn -0.196399 -0.608129 0.769160
v -1.114169 2.131955 1.217485 1.000000 1.000000 1.000000
vn 0.145773 -0.345890 0.926882
v -1.188879 2.624386 1.506353 1.000000 1.000000 1.000000
vn 0.097851 0.381272 -0.919270
v -0.369261 2.608807 -0.570819 1.000000 1.000000 1.000000
vn 0.178925 0.748655 -0.638359
v -0.961526 3.601998 -0.025856 1.000000 1.000000 1.000000
vn 0.671198 -0.439510 -0.596929
v 0.642965 -0.867853 -0.581978 1.000000 0.000000 0.000000
vn -0.133359 0.345528 -0.928884
v -1.392007 3.282687 -0.261350 1.000000 1.000000 1.000000
vn -0.309020 0.119730 -0.943489
v -0.583740 2.094348 -0.674399 1.000000 1.000000 1.000000
vn -0.299145 -0.185385 -0.936026
v -2.116683 2.941168 -0.094456 1.000000 1.000000 1.000000
vn -0.355306 0.028469 -0.934316
v -1.204714 2.709351 -0.413936 1.000000 1.000000 1.000000
vn -0.204385 -0.187071 -0.960849
v -2.937379 2.987019 0.126497 1.000000 0.000000 0.000000
vn 0.311550 0.619244 0.720745
v -1.506876 3.697562 1.488019 1.000000 1.000000 1.000000
vn -0.992642 -0.009924 0.120683
v -0.952233 0.048327 0.115861 1.000000 0.000000 0.000000
vn -0.547546 -0.533300 0.644813
v -0.888436 1.562358 0.853440 1.000000 1.000000 1.000000
vn 0.725808 0.656492 -0.205478
v 0.137985 2.980153 0.141099 1.000000 1.000000 1.000000
vn -0.244497 0.829861 -0.501549
v -3.853993 3.953711 0.654914 1.000000 0.000000 0.000000
vn 0.947780 0.050422 -0.314913
v 0.907964 0.749536 -0.293873 1.000000 1.000000 1.000000
vn 0.036758 0.943959 0.328010
v -2.827565 4.072576 1.404913 1.000000 0.000000 0.000000
vn -0.099569 -0.727503 -0.678842
v -3.081796 2.482056 0.440727 1.000000 0.000000 0.000000
vn -0.205634 0.211616 -0.955476
v -1.555409 3.180625 -0.260312 1.000000 1.000000 1.000000
vn 0.701226 0.023010 0.712567
v 0.650781 1.046837 0.706414 1.000000 1.000000 1.000000
vn 0.622321 0.265497 -0.736361
v 0.530703 1.585678 -0.637695 1.000000 1.000000 1.000000
vn 0.383667 -0.017586 0.923304
v 0.358465 0.662978 0.892525 1.000000 0.000000 0.000000
vn 0.565604 0.351201 -0.746157
v 0.409105 1.915482 -0.594031 1.000000 1.000000 1.000000
vn 0.606620 0.159196 -0.778889
v 0.557039 1.118201 -0.739043 1.000000 1.000000 1.000000
vn 0.211124 -0.075257 0.974558
v 0.179961 0.974949 0.956712 1.000000 1.000000 1.000000
vn -0.122545 0.297826 -0.946722
v -0.969411 2.972643 -0.430171 1.000000 1.000000 1.000000
vn -0.789089 -0.144501 -0.597041
v -0.752426 -0.589667 -0.572092 1.000000 0.000000 0.000000
vn -0.846169 -0.010823 -0.532804
v -0.835024 0.930432 -0.480082 1.000000 1.000000 1.000000
vn 0.502267 0.470021 0.725816
v -0.741648 3.375458 1.285376 1.000000 1.000000 1.000000
vn 0.480856 0.870581 0.104242
v -0.748532 3.745505 0.691549 1.000000 1.000000 1.000000
vn -0.516009 0.016540 0.856424
v -0.484071 -0.133067 0.827323 1.000000 0.000000 0.000000
vn 0.549522 0.320758 -0.771453
v 0.426762 1.771843 -0.644641 1.000000 1.000000 1.000000
vn -0.074733 -0.963794 -0.255960
v -2.526763 2.254438 0.735427 1.000000 1.000000 1.000000
vn -0.827517 -0.000397 -0.561440
v -0.804709 0.113831 -0.523333 1.000000 0.000000 0.000000
vn -0.189869 -0.890453 -0.413573
v -2.305324 2.313626 0.480279 1.000000 1.000000 1.000000
vn -0.673218 -0.587716 0.448740
v -1.070491 1.604616 0.694675 1.000000 1.000000 1.000000
vn 0.400339 -0.028702 -0.915918
v 0.405049 -0.427758 -0.865941 1.000000 0.000000 0.000000
vn -0.118464 -0.822469 -0.556337
v -2.865376 2.381931 0.527723 1.000000 0.000000 0.000000
vn 0.039050 -0.974163 0.222443
v -3.106225 2.241723 1.322357 1.000000 0.000000 0.000000
vn -0.008416 0.627577 0.778509
v -3.264163 3.774418 1.854773 1.000000 0.000000 0.000000
vn 0.690594 0.040560 0.722104
v 0.562448 1.597737 0.776035 1.000000 1.000000 1.000000
vn 0.845094 0.004467 -0.534599
v 0.813943 -0.335129 -0.505665 1.000000 0.000000 0.000000
vn -0.007945 0.999266 0.037477
v -2.927746 4.130772 1.109360 1.000000 0.000000 0.000000
vn -0.244406 -0.492489 0.835297
v -0.742831 1.810424 1.106939 1.000000 1.000000 1.000000
vn -0.030442 0.996812 -0.073753
v -2.957151 4.128588 0.993446 1.000000 0.000000 0.000000
vn 0.397184 -0.020853 0.917502
v 0.396902 -0.426222 0.873190 1.000000 0.000000 0.000000
vn -0.196199 0.533465 -0.822752
v -2.749019 3.685010 0.212939 1.000000 0.000000 0.000000
vn 0.915883 0.002530 0.401438
v 0.881169 0.260265 0.378193 1.000000 0.000000 0.000000
vn -0.490876 -0.099770 -0.865498
v -0.464543 -0.563404 -0.827327 1.000000 0.000000 0.000000
vn -0.579116 0.020319 -0.814992
v -0.556091 0.047398 -0.779788 1.000000 0.000000 0.000000
vn -0.764012 -0.001950 -0.645199
v -0.746198 0.888746 -0.599939 1.000000 1.000000 1.000000
vn -0.221322 0.229349 -0.947848
v -1.941177 3.330940 -0.137304 1.000000 1.000000 1.000000
vn -0.922100 -0.003320 0.386937
v -0.888267 -0.175143 0.361723 1.000000 0.000000 0.000000
vn 0.788407 0.615063 -0.010570
v 0.205790 2.926122 0.326905 1.000000 1.000000 1.000000
vn 0.668059 0.543195 -0.508563
v 0.341559 2.489632 -0.269233 1.000000 1.000000 1.000000
vn -0.995172 -0.026061 -0.094622
v -0.957924 0.713718 -0.089011 1.000000 0.000000 0.000000
vn 0.313868 0.357522 0.879582
v -1.587835 3.482566 1.648866 1.000000 1.000000 1.000000
vn -0.204458 0.173333 -0.963407
v -0.476831 2.118857 -0.698717 1.000000 1.000000 1.000000
vn -0.242541 -0.785837 -0.568888
v -2.273647 2.395626 0.323676 1.000000 1.000000 1.000000
vn 0.476666 0.715653 0.510519
v -0.850885 3.640874 1.116536 1.000000 1.000000 1.000000
vn 0.890960 0.327667 -0.314364
v 0.759364 1.814327 -0.181324 1.000000 1.000000 1.000000
vn -0.213593 -0.961024 0.175530
v -3.894515 2.265263 1.218723 1.000000 0.000000 0.000000
vn 0.004082 0.285355 0.958413
v -3.170366 3.433091 2.031607 1.000000 0.000000 0.000000
vn 0.815554 0.409912 -0.408465
v 0.606641 2.106772 -0.239737 1.000000 1.000000 1.000000
vn 0.751274 0.571325 0.330418
v 0.098790 2.975404 0.680521 1.000000 1.000000 1.000000
vn -0.116889 0.169932 -0.978499
v -3.768487 3.361195 0.208388 1.000000 0.000000 0.000000
vn -0.098554 -0.524429 0.845731
v -1.003204 2.214755 1.294152 1.000000 1.000000 1.000000
vn -0.971179 -0.236621 -0.028672
v -1.016381 1.187613 0.059110 1.000000 1.000000 1.000000
vn 0.921774 -0.010787 0.387577
v 0.884575 -0.209380 0.375875 1.000000 0.000000 0.000000
vn -0.999767 -0.006670 -0.020526
v -0.957769 0.537133 -0.033748 1.000000 0.000000 0.000000
vn 0.558231 0.721901 -0.408946
v -0.212249 3.244340 0.016165 1.000000 1.000000 1.000000
vn -0.723575 -0.272514 -0.634172
v -0.656112 -0.780023 -0.616967 1.000000 0.000000 0.000000
vn 0.685166 -0.003305 0.728380
v 0.642380 0.928165 0.716542 1.000000 1.000000 1.000000
vn 0.246213 0.774342 -0.582901
v -0.846157 3.592202 0.000456 1.000000 1.000000 1.000000
vn -0.023905 0.735927 0.676638
v -3.332430 3.888509 1.746451 1.000000 0.000000 0.000000
vn 0.350643 0.031786 0.935969
v -0.742183 2.868716 1.437099 1.000000 1.000000 1.000000
vn 0.797944 0.261286 0.543152
v 0.496682 2.165731 0.722953 1.000000 1.000000 1.000000
vn -0.934646 -0.005038 0.355544
v -0.899840 0.335673 0.341221 1.000000 0.000000 0.000000
vn 0.862516 0.228855 -0.451322
v 0.769235 1.535826 -0.353328 1.000000 1.000000 1.000000
vn 0.365147 -0.054445 0.929356
v -0.146918 2.257767 1.193875 1.000000 1.000000 1.000000
vn -0.088900 0.596094 -0.797978
v -3.229870 3.749401 0.347085 1.000000 0.000000 0.000000
vn -0.559619 -0.079336 0.824944
v -0.532455 -0.562139 0.788146 1.000000 0.000000 0.000000
vn 0.184841 0.972152 -0.144063
v -1.475939 4.025835 0.605710 1.000000 1.000000 1.000000
vn -0.582025 -0.009607 -0.813114
v -0.579077 0.442835 -0.759282 1.000000 0.000000 0.000000
vn -0.202896 -0.706640 -0.677859
v -2.550220 2.497003 0.298947 1.000000 1.000000 1.000000
vn 0.489603 0.637538 -0.594840
v -0.063413 2.956856 -0.215247 1.000000 1.000000 1.000000
vn 0.027196 -0.289618 0.956756
v -3.232722 2.871334 2.024405 1.000000 0.000000 0.000000
vn -0.644338 -0.540118 0.541389
v -0.961148 1.512950 0.733890 1.000000 1.000000 1.000000
vn 0.960723 -0.007368 0.277413
v 0.916885 0.505931 0.270216 1.000000 0.000000 0.000000
vn 0.420409 0.630618 -0.652363
v -0.295485 3.129905 -0.208737 1.000000 1.000000 1.000000
vn 0.598117 0.761581 0.249501
v -0.507216 3.572381 0.778600 1.000000 1.000000 1.000000
vn 0.338388 0.925115 0.172208
v -1.245737 3.957368 0.861271 1.000000 1.000000 1.000000
vn 0.553573 0.006076 -0.832779
v 0.529643 0.670950 -0.796515 1.000000 1.000000 1.000000
vn 0.347827 0.004964 -0.937545
v 0.339873 0.305384 -0.898866 1.000000 0.000000 0.000000
vn -0.532372 -0.183441 0.826395
v -0.573267 0.996426 0.811750 1.000000 1.000000 1.000000
vn 0.835987 0.435656 -0.333662
v 0.605646 2.177078 -0.159597 1.000000 1.000000 1.000000
vn 0.026784 -0.991283 0.129000
v -2.524630 2.235985 1.111245 1.000000 0.000000 0.000000
vn 0.668292 -0.003880 0.743889
v 0.625210 0.617635 0.726219 1.000000 0.000000 0.000000
vn 0.009851 -0.999951 -0.000933
v -3.137511 2.218937 1.100106 1.000000 0.000000 0.000000
vn -0.636291 -0.057741 0.769285
v -0.623922 0.720029 0.735967 1.000000 0.000000 0.000000
vn 0.862135 -0.343543 0.372428
v 0.846727 -0.771237 0.366322 1.000000 0.000000 0.000000
vn -0.050374 -0.399777 -0.915227
v -3.805328 2.787868 0.267529 1.000000 0.000000 0.000000
vn -0.047306 0.782219 -0.621205
v -3.380299 3.923380 0.528961 1.000000 0.000000 0.000000
vn 0.294057 0.763494 0.574985
v -1.572512 3.871444 1.331752 1.000000 1.000000 1.000000
vn 0.342590 0.916593 -0.206127
v -1.094308 3.891643 0.471228 1.000000 1.000000 1.000000
vn 0.866217 0.471949 0.164109
v 0.515957 2.433313 0.410161 1.000000 1.000000 1.000000
vn -0.026531 0.197073 -0.980030
v -0.087213 1.527744 -0.865647 1.000000 1.000000 1.000000
vn -0.501284 -0.709858 -0.494789
v -1.788761 2.278778 0.164728 1.000000 1.000000 1.000000
vn 0.353387 0.125939 0.926961
v -1.058559 3.137203 1.533553 1.000000 1.000000 1.000000
vn -0.246297 -0.969191 -0.002433
v -1.944114 2.171729 0.748550 1.000000 1.000000 1.000000
vn 0.797563 0.482835 -0.361613
v 0.523806 2.309005 -0.173938 1.000000 1.000000 1.000000
vn -0.265760 -0.349394 -0.898496
v -2.540880 2.860857 0.059433 1.000000 1.000000 1.000000
vn -0.059017 0.540781 -0.839091
v -1.564892 3.552674 -0.103622 1.000000 1.000000 1.000000
vn -0.590165 0.030185 -0.806718
v -0.570060 0.942993 -0.762412 1.000000 1.000000 1.000000
vn 0.426623 0.570678 -0.701654
v -0.078804 2.828399 -0.347851 1.000000 1.000000 1.000000
vn 0.159895 -0.006529 0.987113
v 0.135156 0.048213 0.951428 1.000000 0.000000 0.000000
vn -0.034980 0.492745 -0.869471
v -1.163687 3.351190 -0.251242 1.000000 1.000000 1.000000
vn -0.007413 0.999743 -0.021414
v -2.471023 4.137757 0.946988 1.000000 1.000000 1.000000
vn 0.821300 -0.004564 0.570478
v 0.795060 0.542005 0.535159 1.000000 0.000000 0.000000
vn 0.946372 0.058067 0.317819
v 0.888374 1.045275 0.333210 1.000000 1.000000 1.000000
vn -0.934691 -0.003902 -0.355439
v -0.897847 0.096795 -0.341533 1.000000 0.000000 0.000000
vn 0.790990 0.406918 0.456894
v 0.254308 2.684051 0.729604 1.000000 1.000000 1.000000
vn 0.423852 0.903171 0.068059
v -1.006167 3.871824 0.713669 1.000000 1.000000 1.000000
vn 0.578529 -0.006306 0.815637
v 0.546608 0.701824 0.789049 1.000000 0.000000 0.000000
vn -0.944967 -0.222944 -0.239445
v -1.012293 1.282577 -0.122028 1.000000 1.000000 1.000000
vn 0.330960 0.729159 -0.598993
v -0.670845 3.467001 -0.071522 1.000000 1.000000 1.000000
vn 0.873888 0.141771 -0.464995
v 0.806980 1.143674 -0.440802 1.000000 1.000000 1.000000
vn -0.107923 0.446333 -0.888335
v -1.437476 3.382160 -0.212163 1.000000 1.000000 1.000000
vn 0.476559 0.360887 0.801656
v -0.777837 3.267931 1.367422 1.000000 1.000000 1.000000
vn -0.175084 -0.770356 -0.613104
v -2.603384 2.441612 0.379297 1.000000 1.000000 1.000000
vn 0.263935 -0.147912 0.953132
v -2.068971 3.035351 1.836273 1.000000 1.000000 1.000000
vn 0.155467 -0.381608 0.911156
v 0.170241 -0.777830 0.886711 1.000000 0.000000 0.000000
vn -0.031422 -0.755079 -0.654881
v -3.651777 2.462967 0.500232 1.000000 0.000000 0.000000
vn 0.005548 0.926530 -0.376180
v -1.961991 4.042061 0.501764 1.000000 1.000000 1.000000
vn 0.131701 -0.816023 0.562815
v -2.411240 2.403141 1.521404 1.000000 1.000000 1.000000
vn -0.173522 -0.156546 0.972308
v -0.211547 1.057541 0.968013 1.000000 1.000000 1.000000
vn 0.487469 0.654268 -0.578193
v -0.189932 3.101823 -0.161468 1.000000 1.000000 1.000000
vn -0.138739 0.515400 0.845645
v -3.698797 3.651013 1.903748 1.000000 0.000000 0.000000
vn -0.036317 -0.937480 -0.346140
v -3.103920 2.273373 0.782716 1.000000 0.000000 0.000000
vn 0.148525 -0.485250 0.861669
v -1.612843 2.639592 1.577799 1.000000 1.000000 1.000000
vn -0.064011 -0.758034 -0.649066
v -3.192861 2.460532 0.479408 1.000000 0.000000 0.000000
vn -0.107356 0.722517 -0.682966
v -2.156274 3.839285 0.200621 1.000000 1.000000 1.000000
vn -0.712178 -0.454136 -0.535316
v -1.335417 2.027858 -0.117126 1.000000 1.000000 1.000000
vn -0.689013 -0.015598 -0.724581
v -0.660563 -0.276356 -0.696202 1.000000 0.000000 0.000000
vn 0.952264 0.304091 -0.026884
v 0.803840 1.820112 0.077789 1.000000 1.000000 1.000000
vn -0.665544 -0.739613 0.100120
v -1.413586 1.881087 0.527680 1.000000 1.000000 1.000000
vn -0.112732 -0.234858 0.965470
v -0.195313 1.280747 1.016111 1.000000 1.000000 1.000000
vn -0.327143 -0.372809 0.868327
v -0.547011 1.456294 0.988244 1.000000 1.000000 1.000000
vn -0.128500 -0.242468 -0.961612
v -3.890449 2.930509 0.224613 1.000000 0.000000 0.000000
vn 0.684320 0.726665 -0.060521
v -0.080133 3.246976 0.349759 1.000000 1.000000 1.000000
vn 0.685035 0.443922 0.577633
v -0.097418 2.993593 0.972618 1.000000 1.000000 1.000000
vn 0.877618 0.011968 -0.479212
v 0.842378 0.595761 -0.456626 1.000000 1.000000 1.000000
vn -0.238406 -0.495567 -0.835210
v -2.521815 2.685354 0.140145 1.000000 1.000000 1.000000
vn -0.004278 -0.953256 0.302132
v -3.313875 2.262795 1.407135 1.000000 0.000000 0.000000
vn 0.413984 0.744869 -0.523247
v -0.551969 3.450734 -0.011521 1.000000 1.000000 1.000000
vn -0.263864 0.081331 -0.961125
v -2.587619 3.247954 0.020833 1.000000 1.000000 1.000000
vn -0.882296 -0.468030 0.050019
v -1.117459 1.469136 0.256802 1.000000 1.000000 1.000000
vn 0.991852 0.045276 0.119078
v 0.945002 0.859997 0.124772 1.000000 1.000000 1.000000
vn -0.244587 0.090249 -0.965418
v -0.257691 1.098399 -0.900914 1.000000 1.000000 1.000000
vn 0.052019 0.866384 0.496662
v -2.946633 4.002658 1.571148 1.000000 0.000000 0.000000
vn 0.533625 -0.005382 0.845704
v 0.527153 -0.286352 0.803854 1.000000 0.000000 0.000000
vn 0.109821 0.744148 -0.658926
v -1.171031 3.667370 -0.001553 1.000000 1.000000 1.000000
vn -0.984575 -0.016597 -0.174172
v -0.943106 -0.439443 -0.168032 1.000000 0.000000 0.000000
vn 0.367581 0.902214 -0.225597
v -0.898083 3.795662 0.379333 1.000000 1.000000 1.000000
vn 0.308605 0.886950 0.343631
v -1.315796 3.927853 1.061603 1.000000 1.000000 1.000000
vn 0.867296 0.188707 -0.460638
v 0.791842 1.376783 -0.380884 1.000000 1.000000 1.000000
vn 0.467558 -0.061618 0.881812
v 0.338742 1.520237 0.946253 1.000000 1.000000 1.000000
vn 0.840798 0.541297 -0.007534
v 0.391700 2.664243 0.278824 1.000000 1.000000 1.000000
vn -0.067468 -0.930614 -0.359729
v -2.902041 2.285163 0.724735 1.000000 0.000000 0.000000
vn 0.456203 0.247576 0.854743
v -0.710010 3.121805 1.384827 1.000000 1.000000 1.000000
vn -0.106499 0.990958 -0.081609
v -3.619830 4.110659 1.029604 1.000000 0.000000 0.000000
vn -0.920586 -0.006724 -0.390481
v -0.878907 -0.177776 -0.384247 1.000000 0.000000 0.000000
vn -0.217425 -0.014214 0.975974
v -0.198779 -0.334645 0.939774 1.000000 0.000000 0.000000
vn 0.588184 -0.004892 0.808712
v 0.529790 1.106866 0.807832 1.000000 1.000000 1.000000
vn -0.040903 -0.969207 -0.242828
v -2.866936 2.252596 0.820711 1.000000 0.000000 0.000000
vn 0.930829 0.095245 0.352826
v 0.857084 1.248929 0.373625 1.000000 1.000000 1.000000
vn 0.300756 -0.094905 0.948967
v 0.014923 1.910120 1.111828 1.000000 1.000000 1.000000
vn -0.387781 -0.258655 -0.884717
v -1.793974 2.770314 -0.174091 1.000000 1.000000 1.000000
vn 0.149958 -0.026813 0.988329
v 0.143235 0.745036 0.952767 1.000000 0.000000 0.000000
vn -0.071674 0.280882 -0.957062
v -3.713735 3.457494 0.226745 1.000000 0.000000 0.000000
vn 0.537847 0.436647 -0.721152
v 0.323659 2.204591 -0.504733 1.000000 1.000000 1.000000
vn 0.978333 0.206157 0.019075
v 0.856433 1.628945 0.105970 1.000000 1.000000 1.000000
vn 0.942548 0.220421 -0.251034
v 0.840504 1.571240 -0.149649 1.000000 1.000000 1.000000
vn 0.208304 0.367056 0.906576
v -2.538696 3.509630 1.919767 1.000000 0.000000 0.000000
vn -0.150763 0.005181 -0.988556
v -0.135732 -0.158023 -0.949097 1.000000 0.000000 0.000000
vn -0.070161 0.701035 -0.709667
v -3.251629 3.847828 0.435018 1.000000 0.000000 0.000000
vn 0.021606 0.909848 0.414379
v -3.220778 4.043902 1.513406 1.000000 0.000000 0.000000
vn -0.973205 -0.195319 -0.121341
v -0.933138 -0.643492 -0.145153 1.000000 0.000000 0.000000
vn 0.069770 0.986864 -0.145708
v -1.981034 4.103210 0.723904 1.000000 1.000000 1.000000
vn 0.214843 0.737143 0.640674
v -2.128561 3.877853 1.558210 1.000000 1.000000 1.000000
vn 0.996930 0.006488 0.078032
v 0.955594 -0.041867 0.079706 1.000000 0.000000 0.000000
vn 0.033402 -0.995479 0.088914
v -3.055117 2.223541 1.186037 1.000000 0.000000 0.000000
vn 0.140170 -0.466558 -0.873313
v 0.155412 -0.856758 -0.856144 1.000000 0.000000 0.000000
vn 0.986790 0.008059 0.161806
v 0.944135 0.411480 0.149937 1.000000 0.000000 0.000000
vn -0.048490 0.216519 -0.975073
v -0.170667 1.841789 -0.797200 1.000000 1.000000 1.000000
vn 0.388349 0.048939 -0.920212
v 0.385954 0.837321 -0.872344 1.000000 1.000000 1.000000
vn 0.639087 0.086044 0.764307
v 0.408783 1.878006 0.894803 1.000000 1.000000 1.000000
vn 0.018384 0.745665 -0.666068
v -1.599849 3.765674 0.072403 1.000000 1.000000 1.000000
vn 0.666298 -0.001058 0.745685
v 0.616864 0.457000 0.733040 1.000000 0.000000 0.000000
vn -0.304097 -0.003011 0.952636
v -0.266693 -0.254942 0.922821 1.000000 0.000000 0.000000
vn -0.023392 0.644705 -0.764073
v -1.622163 3.696482 0.004611 1.000000 1.000000 1.000000
vn -0.725226 -0.033115 0.687714
v -0.689694 -0.458858 0.662907 1.000000 0.000000 0.000000
vn 0.752279 0.598869 -0.274648
v 0.240869 2.808818 0.021418 1.000000 1.000000 1.000000
vn -0.102125 -0.389124 0.915507
v -0.544899 1.854886 1.167289 1.000000 1.000000 1.000000
vn 0.506274 0.001229 0.862372
v 0.500650 -0.175138 0.820457 1.000000 0.000000 0.000000
vn 0.210779 0.095829 0.972825
v -2.623894 3.280633 1.991100 1.000000 0.000000 0.000000
vn -0.985373 -0.098104 0.139340
v -0.961354 0.887760 0.163027 1.000000 1.000000 1.000000
vn -0.075640 0.732078 -0.677009
v -3.699838 3.864022 0.482170 1.000000 0.000000 0.000000
vn 0.819853 -0.005370 -0.572549
v 0.796143 -0.055665 -0.530755 1.000000 0.000000 0.000000
vn -0.348778 -0.372000 -0.860215
v -2.048257 2.758496 -0.061975 1.000000 1.000000 1.000000
vn 0.984233 0.073803 0.160746
v 0.928487 0.996711 0.180886 1.000000 1.000000 1.000000
vn -0.028883 -0.242131 -0.969814
v -3.555186 2.932176 0.210195 1.000000 0.000000 0.000000
vn 0.622678 0.756050 -0.201644
v -0.222148 3.358460 0.268076 1.000000 1.000000 1.000000
vn 0.847834 0.472679 0.240317
v 0.458946 2.505289 0.484926 1.000000 1.000000 1.000000
vn 0.621810 0.387240 0.680733
v -0.223972 2.994847 1.100870 1.000000 1.000000 1.000000
vn -0.936307 -0.001896 0.351177
v -0.898417 0.455498 0.343947 1.000000 0.000000 0.000000
vn 0.289544 -0.004807 0.957153
v 0.278379 0.309976 0.919371 1.000000 0.000000 0.000000
vn -0.182883 -0.983109 -0.007082
v -3.831982 2.233943 1.080628 1.000000 0.000000 0.000000
vn 0.158746 -0.005606 0.987304
v -2.859376 3.184161 2.040637 1.000000 0.000000 0.000000
vn -0.835498 -0.219105 -0.503920
v -0.802516 -0.665635 -0.480728 1.000000 0.000000 0.000000
vn 0.115265 0.330787 -0.936640
v -0.238117 2.376001 -0.644921 1.000000 1.000000 1.000000
vn -0.570933 -0.205651 0.794823
v -0.548120 -0.665868 0.763846 1.000000 0.000000 0.000000
vn -0.788013 -0.368673 0.493068
v -0.736563 -0.771092 0.523812 1.000000 0.000000 0.000000
vn 0.335021 0.004979 -0.942198
v 0.320375 0.053811 -0.906225 1.000000 0.000000 0.000000
vn 0.357523 -0.093897 0.929172
v 0.230852 1.462762 0.989829 1.000000 1.000000 1.000000
vn -0.028025 -0.612960 -0.789617
v -3.533349 2.591005 0.375185 1.000000 0.000000 0.000000
vn 0.396657 0.915776 -0.063381
v -1.013834 3.875073 0.586572 1.000000 1.000000 1.000000
vn -0.034087 -0.982315 0.184105
v -2.191535 2.231711 1.066990 1.000000 1.000000 1.000000
vn 0.301087 -0.054911 0.952014
v -0.931913 2.849838 1.501760 1.000000 1.000000 1.000000
vn 0.751206 0.264576 0.604722
v 0.433443 2.209879 0.788228 1.000000 1.000000 1.000000
vn 0.419336 0.001052 -0.907830
v 0.400514 -0.035366 -0.872445 1.000000 0.000000 0.000000
vn 0.947147 0.079765 -0.310726
v 0.895380 0.963580 -0.288277 1.000000 1.000000 1.000000
vn -0.221720 -0.609439 -0.761199
v -2.565554 2.595775 0.215175 1.000000 1.000000 1.000000
vn -0.101457 -0.798124 -0.593889
v -2.976688 2.412156 0.509806 1.000000 0.000000 0.000000
vn 0.265439 -0.116954 0.957008
v -1.453990 3.006228 1.667812 1.000000 1.000000 1.000000
vn 0.154429 0.001128 -0.988003
v 0.165732 0.512768 -0.942791 1.000000 0.000000 0.000000
vn -0.601917 -0.638741 0.479275
v -1.091689 1.684541 0.774123 1.000000 1.000000 1.000000
vn -0.056782 0.308463 -0.949540
v -0.665795 2.727165 -0.530382 1.000000 1.000000 1.000000
vn 0.112728 0.920369 0.374450
v -2.255861 4.060254 1.307764 1.000000 1.000000 1.000000
vn 0.230474 -0.261035 0.937413
v -2.332499 2.952330 1.890389 1.000000 1.000000 1.000000
vn 0.257783 0.958453 -0.122130
v -1.320722 3.989426 0.597049 1.000000 1.000000 1.000000
vn -0.298675 -0.853646 -0.426711
v -2.091820 2.304345 0.380869 1.000000 1.000000 1.000000
vn 0.681714 0.005027 0.731601
v 0.642528 0.197616 0.711369 1.000000 0.000000 0.000000
vn 0.989481 -0.042288 0.138346
v 0.946858 -0.462735 0.132933 1.000000 0.000000 0.000000
vn 0.115489 0.885908 0.449254
v -2.444998 4.019349 1.447392 1.000000 0.000000 0.000000
vn -0.274860 -0.922390 -0.271384
v -2.050324 2.232227 0.529833 1.000000 1.000000 1.000000
vn -0.029552 -0.462613 -0.886068
v -3.607958 2.722730 0.291751 1.000000 0.000000 0.000000
vn 0.821025 0.277201 -0.499077
v 0.702418 1.654189 -0.409943 1.000000 1.000000 1.000000
vn -0.780311 0.009785 -0.625315
v -0.753734 0.000422 -0.592775 1.000000 0.000000 0.000000
vn 0.412684 0.884407 0.217983
v -1.118098 3.896368 0.891846 1.000000 1.000000 1.000000
vn 0.856693 0.504533 0.107350
v 0.439384 2.576683 0.370053 1.000000 1.000000 1.000000
vn 0.973745 0.123650 0.191132
v 0.872272 1.412447 0.247134 1.000000 1.000000 1.000000
vn -0.031321 0.927051 -0.373625
v -3.355102 4.051101 0.743957 1.000000 0.000000 0.000000
vn 0.495700 -0.160151 -0.853600
v 0.477954 -0.690430 -0.805670 1.000000 0.000000 0.000000
vn 0.292079 0.874889 -0.386341
v -0.966334 3.776879 0.248897 1.000000 1.000000 1.000000
vn 0.982689 0.003246 0.185233
v 0.941685 -0.011028 0.184701 1.000000 0.000000 0.000000
vn 0.473166 0.747298 0.466540
v -0.962656 3.732976 1.086772 1.000000 1.000000 1.000000
vn 0.029544 0.989046 0.144620
v -2.674018 4.124175 1.179422 1.000000 0.000000 0.000000
vn -0.120189 0.879846 -0.459810
v -2.578852 4.024168 0.537586 1.000000 0.000000 0.000000
vn 0.046082 0.721328 0.691058
v -3.087132 3.860543 1.775316 1.000000 0.000000 0.000000
vn 0.814197 0.156385 -0.559131
v 0.753036 1.180590 -0.519102 1.000000 1.000000 1.000000
vn 0.059809 0.969330 0.238373
v -2.597415 4.107445 1.245387 1.000000 0.000000 0.000000
vn -0.887236 -0.064402 0.456799
v -0.860706 0.763685 0.442803 1.000000 1.000000 1.000000
vn 0.515580 0.088945 0.852212
v 0.075874 2.249773 1.087323 1.000000 1.000000 1.000000
vn 0.564835 0.307716 0.765684
v -0.270249 2.933125 1.168172 1.000000 1.000000 1.000000
vn 0.229598 -0.404071 0.885444
v -1.871372 2.776032 1.707436 1.000000 1.000000 1.000000
vn -0.910497 -0.236775 -0.339019
v -0.893124 -0.674306 -0.294065 1.000000 0.000000 0.000000
vn -0.216707 0.409952 -0.885990
v -2.312865 3.549449 0.027935 1.000000 1.000000 1.000000
vn 0.020504 0.999241 0.033119
v -2.373808 4.136681 0.983479 1.000000 1.000000 1.000000
vn -0.344241 -0.226318 -0.911196
v -0.323948 -0.756689 -0.852268 1.000000 0.000000 0.000000
vn 0.321955 0.289383 -0.901445
v 0.177055 1.847620 -0.741260 1.000000 1.000000 1.000000
vn 0.157166 0.863381 -0.479450
v -1.306356 3.860090 0.237188 1.000000 1.000000 1.000000
vn -0.794011 0.001467 -0.607901
v -0.754268 -0.137468 -0.594835 1.000000 0.000000 0.000000
vn -0.184301 0.029048 -0.982440
v -0.186955 0.832369 -0.932059 1.000000 1.000000 1.000000
vn -0.734468 -0.651137 0.191253
v -1.248355 1.716287 0.522295 1.000000 1.000000 1.000000
vn -0.043601 0.863507 -0.502448
v -2.078696 3.984234 0.384736 1.000000 1.000000 1.000000
vn 0.554356 -0.014914 0.832146
v 0.387052 1.621586 0.922286 1.000000 1.000000 1.000000
vn -0.107164 -0.923047 -0.369458
v -3.817534 2.291391 0.794492 1.000000 0.000000 0.000000
vn 0.745636 -0.013759 0.666211
v 0.701673 0.851162 0.654876 1.000000 1.000000 1.000000
vn -0.140126 -0.333422 -0.932306
v -3.139588 2.854782 0.200463 1.000000 0.000000 0.000000
vn -0.017123 0.990489 -0.136520
v -2.436227 4.128358 0.825728 1.000000 1.000000 1.000000
vn 0.416460 0.129002 0.899955
v -0.453986 2.792861 1.317965 1.000000 1.000000 1.000000
vn -0.826286 0.003496 -0.563241
v -0.803076 0.451496 -0.528708 1.000000 0.000000 0.000000
vn 0.055433 -0.904426 0.423013
v -2.129282 2.305336 1.284876 1.000000 1.000000 1.000000
vn 0.600965 0.013178 -0.799167
v 0.572257 0.338298 -0.770845 1.000000 0.000000 0.000000
vn -0.890400 -0.001017 -0.455177
v -0.854434 0.063853 -0.439803 1.000000 0.000000 0.000000
vn -0.073350 0.401107 -0.913090
v -3.701585 3.552104 0.260033 1.000000 0.000000 0.000000
vn 0.218701 -0.198097 0.955472
v -1.085983 2.783906 1.534190 1.000000 1.000000 1.000000
vn -0.013073 -0.999913 0.002024
v -2.538881 2.227007 0.969166 1.000000 0.000000 0.000000
vn 0.262411 0.078245 0.961779
v -2.344296 3.271417 1.923097 1.000000 0.000000 0.000000
vn -0.587180 -0.768353 0.254662
v -1.365167 1.880723 0.695694 1.000000 1.000000 1.000000
vn 0.587005 -0.037397 0.808719
v 0.567370 -0.473325 0.772931 1.000000 0.000000 0.000000
vn -0.230395 0.401599 -0.886361
v -2.419268 3.546596 0.053595 1.000000 1.000000 1.000000
vn 0.067058 -0.040261 0.996937
v -3.078214 3.127285 2.060814 1.000000 0.000000 0.000000
vn 0.363174 0.480599 -0.798204
v -0.056237 2.639157 -0.467746 1.000000 1.000000 1.000000
vn -0.037227 -0.989706 -0.138192
v -3.720733 2.234117 0.995773 1.000000 0.000000 0.000000
vn 0.386400 0.348800 0.853835
v -1.146377 3.380778 1.509360 1.000000 1.000000 1.000000
vn -0.031315 -0.090478 0.995406
v -3.377478 3.061394 2.065600 1.000000 0.000000 0.000000
vn 0.080703 -0.365113 0.927459
v -3.090616 2.809438 1.994603 1.000000 0.000000 0.000000
vn 0.730845 0.585274 -0.351170
v 0.305466 2.676049 -0.079239 1.000000 1.000000 1.000000
vn -0.583402 -0.715794 -0.383772
v -1.652731 2.139755 0.217776 1.000000 1.000000 1.000000
vn 0.169193 0.950011 0.262399
v -1.936930 4.075687 1.117576 1.000000 1.000000 1.000000
vn 0.912452 -0.007490 -0.409116
v 0.878428 0.483108 -0.384560 1.000000 0.000000 0.000000
vn -0.264193 -0.248736 -0.931844
v -2.464791 2.937995 0.012084 1.000000 1.000000 1.000000
vn -0.136781 -0.892382 -0.430052
v -3.947317 2.340060 0.733552 1.000000 0.000000 0.000000
vn 0.397208 0.006795 0.917704
v -0.299322 2.519209 1.264609 1.000000 1.000000 1.000000
vn 0.377434 -0.002151 0.926034
v 0.354890 0.509337 0.892314 1.000000 0.000000 0.000000
vn 0.906341 0.001558 0.422545
v 0.865598 0.363905 0.412584 1.000000 0.000000 0.000000
vn 0.983525 0.099025 0.151236
v 0.914699 1.160810 0.184303 1.000000 1.000000 1.000000
vn 0.140116 -0.006999 -0.990110
v 0.144165 0.035858 -0.947155 1.000000 0.000000 0.000000
vn -0.239026 0.004808 -0.971001
v -0.223869 0.467358 -0.926128 1.000000 0.000000 0.000000
vn 0.352092 0.163273 0.921614
v -1.223162 3.211224 1.587474 1.000000 1.000000 1.000000
vn 0.807840 0.010023 0.589317
v 0.781066 0.676586 0.555854 1.000000 0.000000 0.000000
vn -0.113725 0.383385 0.916560
v -3.580032 3.526778 1.990814 1.000000 0.000000 0.000000
vn -0.243057 0.150189 -0.958315
v -2.047063 3.263202 -0.124252 1.000000 1.000000 1.000000
vn -0.027338 0.870000 -0.492293
v -1.969293 3.978716 0.365783 1.000000 1.000000 1.000000
vn 0.197626 0.891945 0.406668
v -1.931625 4.017082 1.274741 1.000000 1.000000 1.000000
vn 0.270335 -0.088086 0.958728
v -2.210988 3.093106 1.883578 1.000000 1.000000 1.000000
vn 0.334946 0.043442 0.941235
v -0.980094 2.996102 1.517791 1.000000 1.000000 1.000000
vn -0.003002 -0.979360 0.202103
v -3.221663 2.239070 1.316821 1.000000 0.000000 0.000000
vn 0.115543 0.962878 -0.243958
v -1.605418 4.030404 0.533979 1.000000 1.000000 1.000000
vn 0.872911 0.480172 0.086381
v 0.562228 2.374722 0.306350 1.000000 1.000000 1.000000
vn 0.159847 0.117987 0.980065
v -2.831842 3.305788 2.030026 1.000000 0.000000 0.000000
vn -0.257911 -0.046533 -0.965048
v -0.248277 -0.477551 -0.920216 1.000000 0.000000 0.000000
vn 0.137675 -0.164811 0.976669
v 0.019342 1.401948 1.035725 1.000000 1.000000 1.000000
vn -0.295100 -0.441600 0.847293
v -3.772751 2.742207 1.902447 1.000000 0.000000 0.000000
vn -0.998247 -0.051610 -0.028972
v -0.953377 -0.477525 -0.046950 1.000000 0.000000 0.000000
vn 0.283686 -0.038994 -0.958124
v 0.259212 -0.413690 -0.919883 1.000000 0.000000 0.000000
vn 0.011410 -0.900793 0.434100
v -3.202285 2.312285 1.530928 1.000000 0.000000 0.000000
vn -0.992453 -0.010645 -0.122167
v -0.949263 0.099606 -0.127200 1.000000 0.000000 0.000000
vn 0.974624 -0.004262 -0.223809
v 0.931976 -0.320130 -0.223899 1.000000 0.000000 0.000000
vn -0.051871 0.867341 -0.495004
v -3.216428 4.004853 0.632529 1.000000 0.000000 0.000000
vn -0.126341 0.758076 -0.639811
v -2.958803 3.914293 0.464484 1.000000 0.000000 0.000000
vn 0.058031 0.990304 0.126213
v -2.274968 4.128991 1.036385 1.000000 1.000000 1.000000
vn 0.135358 -0.748003 0.649745
v -2.200658 2.464100 1.548340 1.000000 1.000000 1.000000
vn 0.103795 0.221480 -0.969625
v 0.005367 1.628354 -0.840229 1.000000 1.000000 1.000000
vn -0.026630 -0.566940 -0.823328
v -3.631687 2.637791 0.344036 1.000000 0.000000 0.000000
vn 0.152832 -0.567048 0.809382
v -1.805837 2.616593 1.599768 1.000000 1.000000 1.000000
vn 0.353409 -0.084377 0.931656
v 0.163002 1.687483 1.036389 1.000000 1.000000 1.000000
vn 0.631785 0.032624 0.774457
v 0.434582 1.717992 0.884488 1.000000 1.000000 1.000000
vn -0.029800 -0.906212 -0.421771
v -3.391952 2.312582 0.715403 1.000000 0.000000 0.000000
vn -0.569320 -0.592766 0.569651
v -1.003286 1.644920 0.825289 1.000000 1.000000 1.000000
vn -0.604355 -0.074872 -0.793189
v -0.866302 1.832335 -0.531732 1.000000 1.000000 1.000000
vn -0.995914 -0.009882 0.089764
v -0.952812 0.498220 0.105813 1.000000 0.000000 0.000000
vn 0.844563 -0.005312 0.535431
v 0.812760 0.307008 0.508610 1.000000 0.000000 0.000000
vn -0.355792 0.033691 -0.933958
v -0.984808 2.493038 -0.504577 1.000000 1.000000 1.000000
vn -0.182427 0.635216 -0.750481
v -2.492599 3.789716 0.226729 1.000000 1.000000 1.000000
vn 0.584640 0.000343 0.811293
v 0.554057 0.553800 0.783576 1.000000 0.000000 0.000000
vn 0.923427 0.066705 -0.377933
v 0.877020 0.860642 -0.358986 1.000000 1.000000 1.000000
vn 0.735342 0.375941 0.563862
v 0.150873 2.704272 0.871451 1.000000 1.000000 1.000000
vn 0.467500 -0.010874 -0.883926
v 0.448715 0.184620 -0.850861 1.000000 0.000000 0.000000
vn 0.090957 0.927351 0.362969
v -2.384392 4.064755 1.329833 1.000000 1.000000 1.000000
vn -0.195183 -0.216792 0.956507
v -0.186553 -0.681073 0.918949 1.000000 0.000000 0.000000
vn 0.775584 0.439013 -0.453582
v 0.549414 2.192642 -0.257508 1.000000 1.000000 1.000000
vn 0.038007 -0.595693 0.802313
v -3.188187 2.613703 1.893842 1.000000 0.000000 0.000000
vn -0.121094 0.841155 -0.527061
v -3.709567 3.972002 0.627285 1.000000 0.000000 0.000000
vn -0.740668 -0.037971 -0.670797
v -0.805146 1.377991 -0.539689 1.000000 1.000000 1.000000
vn -0.086670 0.416471 -0.905008
v -1.291802 3.325048 -0.255082 1.000000 1.000000 1.000000
vn -0.498048 0.058899 -0.865147
v -0.556833 1.408108 -0.746842 1.000000 1.000000 1.000000
vn -0.067594 -0.922432 0.380197
v -3.641803 2.293590 1.461777 1.000000 0.000000 0.000000
vn -0.344423 -0.777936 0.525536
v -3.836430 2.417438 1.601333 1.000000 0.000000 0.000000
vn -0.470203 0.015193 -0.882428
v -0.464030 -0.067118 -0.838185 1.000000 0.000000 0.000000
vn 0.003531 -0.815906 0.578174
v -1.792959 2.341302 1.324318 1.000000 1.000000 1.000000
vn -0.223684 -0.336873 0.914594
v -0.441005 1.495388 1.037149 1.000000 1.000000 1.000000
vn -0.171606 0.924868 0.339368
v -3.727230 4.043841 1.408229 1.000000 0.000000 0.000000
vn -0.999996 -0.002778 -0.000657
v -0.957473 -0.019321 0.018837 1.000000 0.000000 0.000000
vn -0.105267 -0.004526 -0.994434
v -3.806657 3.134319 0.193030 1.000000 0.000000 0.000000
vn 0.897209 0.138832 0.419216
v 0.761542 1.606692 0.498707 1.000000 1.000000 1.000000
vn -0.245535 0.282766 -0.927230
v -2.389253 3.430600 0.003149 1.000000 1.000000 1.000000
vn 0.306642 0.001684 0.951823
v 0.298587 0.425554 0.913724 1.000000 0.000000 0.000000
vn 0.599674 0.499830 -0.624949
v 0.311835 2.419923 -0.365249 1.000000 1.000000 1.000000
vn 0.031126 0.384340 0.922667
v -3.101247 3.535696 1.993703 1.000000 0.000000 0.000000
vn 0.027020 0.965287 -0.259790
v -2.008010 4.082648 0.617277 1.000000 1.000000 1.000000
vn 0.487239 -0.296319 0.821458
v 0.467395 -0.737820 0.805977 1.000000 0.000000 0.000000
vn -0.262795 0.147815 -0.953462
v -0.342683 1.645399 -0.808395 1.000000 1.000000 1.000000
vn 0.291713 0.258288 0.920973
v -1.644336 3.406542 1.693389 1.000000 1.000000 1.000000
vn -0.007297 -0.992992 -0.117959
v -3.076905 2.224703 0.987849 1.000000 0.000000 0.000000
vn 0.928339 -0.129375 0.348495
v 0.879624 -0.643897 0.346223 1.000000 0.000000 0.000000
vn 0.646418 0.301863 0.700731
v -0.050081 2.764661 1.054532 1.000000 1.000000 1.000000
vn 0.379422 0.215799 0.899705
v -0.977035 3.200935 1.490513 1.000000 1.000000 1.000000
vn 0.030737 0.920184 0.390278
v -2.947021 4.049854 1.475834 1.000000 0.000000 0.000000
vn 0.344288 0.274416 0.897865
v -1.385281 3.374826 1.610880 1.000000 1.000000 1.000000
vn -0.358573 -0.263525 0.895533
v -0.346285 -0.770300 0.835917 1.000000 0.000000 0.000000
vn -0.024568 -0.847583 -0.530094
v -3.403594 2.362377 0.623824 1.000000 0.000000 0.000000
vn 0.709057 0.608328 0.356616
v -0.129106 3.203239 0.781202 1.000000 1.000000 1.000000
vn -0.629431 -0.325237 -0.705718
v -1.301337 2.196556 -0.256094 1.000000 1.000000 1.000000
vn 0.699379 -0.002333 -0.714747
v 0.670044 -0.362753 -0.684694 1.000000 0.000000 0.000000
vn 0.250875 -0.478720 -0.841361
v 0.277791 -0.858666 -0.828079 1.000000 0.000000 0.000000
vn -0.051639 -0.990489 -0.127537
v -2.507066 2.233997 0.838545 1.000000 1.000000 1.000000
vn -0.026780 0.998787 -0.041327
v -2.793961 4.131994 0.992449 1.000000 0.000000 0.000000
vn -0.893711 -0.000086 0.448643
v -0.866747 0.526033 0.418242 1.000000 0.000000 0.000000
vn -0.373047 0.089133 -0.923521
v -0.406601 1.248207 -0.836588 1.000000 1.000000 1.000000
vn -0.754662 -0.046890 -0.654436
v -0.728392 -0.455454 -0.619742 1.000000 0.000000 0.000000
vn -0.913159 -0.242805 0.327393
v -0.861410 -0.754407 0.298877 1.000000 0.000000 0.000000
vn 0.820147 0.191636 -0.539105
v 0.734464 1.326894 -0.498504 1.000000 1.000000 1.000000
vn 0.874205 0.073314 0.479991
v 0.783230 1.364872 0.510187 1.000000 1.000000 1.000000
vn 0.996943 -0.006485 -0.077866
v 0.954403 0.349753 -0.078409 1.000000 0.000000 0.000000
vn 0.707034 0.011403 0.707087
v 0.675163 -0.028115 0.682303 1.000000 0.000000 0.000000
vn -0.588936 -0.798913 0.122036
v -1.475245 1.940235 0.597980 1.000000 1.000000 1.000000
vn -0.153810 -0.850567 -0.502871
v -3.959070 2.399229 0.627865 1.000000 0.000000 0.000000
vn -0.084502 -0.620264 -0.779828
v -3.845230 2.590950 0.389767 1.000000 0.000000 0.000000
vn 0.156083 -0.111471 0.981434
v 0.098773 1.150406 0.988872 1.000000 1.000000 1.000000
vn 0.151697 -0.640827 0.752549
v -1.892840 2.538778 1.556043 1.000000 1.000000 1.000000
vn -0.237891 -0.392198 -0.888588
v -0.223898 -0.789262 -0.870675 1.000000 0.000000 0.000000
vn -0.172675 -0.257401 -0.950751
v -3.031497 2.933149 0.158228 1.000000 0.000000 0.000000
vn -0.290650 0.031609 -0.956307
v -1.682546 3.026488 -0.247248 1.000000 1.000000 1.000000
vn -0.207859 -0.020099 -0.977952
v -2.927099 3.150604 0.107154 1.000000 0.000000 0.000000
vn 0.125932 -0.335413 -0.933616
v 0.130955 -0.782247 -0.899235 1.000000 0.000000 0.000000
vn 0.222643 0.583402 0.781071
v -2.197525 3.749058 1.699904 1.000000 1.000000 1.000000
vn -0.210598 -0.836253 -0.506290
v -2.366071 2.367642 0.405005 1.000000 1.000000 1.000000
vn 0.432041 0.448622 -0.782354
v 0.138849 2.379434 -0.521232 1.000000 1.000000 1.000000
vn 0.931772 -0.297109 0.208629
v 0.882774 -0.752114 0.274040 1.000000 0.000000 0.000000
vn 0.932165 0.279576 0.230012
v 0.771630 1.825659 0.328218 1.000000 1.000000 1.000000
vn 0.923291 -0.002273 -0.384095
v 0.880492 0.247382 -0.379895 1.000000 0.000000 0.000000
vn 0.541615 0.352371 0.763209
v -0.541062 3.162352 1.263096 1.000000 1.000000 1.000000
vn -0.041971 0.374145 -0.926420
v -0.937092 3.064782 -0.399810 1.000000 1.000000 1.000000
vn -0.584315 0.030656 -0.810948
v -0.642114 1.438397 -0.689699 1.000000 1.000000 1.000000
vn 0.880153 0.451567 -0.146351
v 0.622722 2.252712 0.036411 1.000000 1.000000 1.000000
vn -0.149010 0.188465 -0.970710
v -0.263971 1.727936 -0.811398 1.000000 1.000000 1.000000
vn 0.999158 -0.037606 0.016409
v 0.957123 -0.436481 0.009563 1.000000 0.000000 0.000000
vn -0.005678 0.943314 -0.331853
v -2.105356 4.065255 0.561024 1.000000 1.000000 1.000000
vn 0.312959 0.101559 0.944321
v -1.412463 3.191288 1.658017 1.000000 1.000000 1.000000
vn 0.446073 -0.020360 0.894765
v 0.411539 0.756861 0.870476 1.000000 0.000000 0.000000
vn -0.268397 0.133334 -0.954036
v -0.892889 2.606323 -0.525452 1.000000 1.000000 1.000000
vn -0.135372 -0.229349 -0.963885
v -3.209244 2.972894 0.176431 1.000000 0.000000 0.000000
vn 0.270712 -0.003206 0.962655
v 0.234559 0.042487 0.928674 1.000000 0.000000 0.000000
vn 0.164363 -0.678618 0.715865
v -2.260905 2.539894 1.642260 1.000000 1.000000 1.000000
vn 0.137835 0.974788 0.175469
v -2.019718 4.103288 1.052853 1.000000 1.000000 1.000000
vn 0.450549 -0.024927 0.892404
v 0.257637 1.763703 0.999666 1.000000 1.000000 1.000000
vn 0.993110 -0.000146 -0.117189
v 0.952578 0.630216 -0.105165 1.000000 1.000000 1.000000
vn 0.670384 0.737883 -0.078193
v -0.191490 3.352275 0.382434 1.000000 1.000000 1.000000
vn -0.779950 -0.006220 0.625811
v -0.757103 0.553084 0.591648 1.000000 0.000000 0.000000
vn -0.018754 -0.998048 -0.059567
v -3.301529 2.219628 1.065480 1.000000 0.000000 0.000000
vn 0.741665 0.623559 -0.247201
v 0.187404 2.903285 0.085364 1.000000 1.000000 1.000000
vn -0.046416 -0.868721 0.493123
v -1.823127 2.286008 1.237628 1.000000 1.000000 1.000000
vn 0.207895 -0.447987 0.869533
v -1.787211 2.726176 1.661307 1.000000 1.000000 1.000000
vn 0.016348 0.984992 -0.171824
v -2.210281 4.117206 0.753279 1.000000 1.000000 1.000000
vn -0.985582 -0.024280 0.167449
v -0.943969 -0.376050 0.155134 1.000000 0.000000 0.000000
vn 0.916134 0.382897 0.118698
v 0.664181 2.172379 0.274189 1.000000 1.000000 1.000000
vn 0.292470 -0.007584 -0.956245
v 0.295258 -0.051465 -0.913493 1.000000 0.000000 0.000000
vn 0.026205 -0.396583 0.917625
v -3.218710 2.778258 1.990032 1.000000 0.000000 0.000000
vn 0.952964 0.184479 -0.240473
v 0.871012 1.409167 -0.165800 1.000000 1.000000 1.000000
vn -0.545393 -0.037285 0.837351
v -0.542009 0.641056 0.788962 1.000000 0.000000 0.000000
vn 0.265688 -0.101347 0.958717
v -1.853763 3.052568 1.779982 1.000000 1.000000 1.000000
vn 0.727900 0.649466 0.219898
v -0.072882 3.202317 0.643962 1.000000 1.000000 1.000000
vn -0.108829 -0.010838 -0.994001
v -0.096223 -0.320436 -0.954755 1.000000 0.000000 0.000000
vn 0.271364 0.053145 -0.961009
v 0.271952 0.834220 -0.912725 1.000000 1.000000 1.000000
vn -0.996496 -0.045902 -0.069918
v -0.965499 0.839390 -0.055251 1.000000 1.000000 1.000000
vn -0.841283 -0.005462 0.540567
v -0.814417 0.132927 0.499923 1.000000 0.000000 0.000000
vn -0.269935 -0.785152 -0.557379
v -2.170908 2.380376 0.297400 1.000000 1.000000 1.000000
vn -0.717089 -0.007869 0.696937
v -0.681383 0.360939 0.672228 1.000000 0.000000 0.000000
vn -0.150540 -0.030310 -0.988139
v -3.086780 3.152787 0.135628 1.000000 0.000000 0.000000
vn 0.196042 -0.195198 0.960971
v -0.680432 2.470984 1.376240 1.000000 1.000000 1.000000
vn -0.402617 -0.012103 0.915289
v -0.390676 0.609124 0.872600 1.000000 0.000000 0.000000
vn 0.252532 0.171259 0.952312
v -2.416631 3.352333 1.932555 1.000000 0.000000 0.000000
vn -0.005288 -0.989719 0.142928
v -3.365118 2.229227 1.254293 1.000000 0.000000 0.000000
vn 0.142367 0.940792 -0.307640
v -1.488202 3.994485 0.468952 1.000000 1.000000 1.000000
vn -0.050521 0.090333 -0.994629
v -3.643561 3.256802 0.187111 1.000000 0.000000 0.000000
vn -0.958611 0.006932 -0.284633
v -0.918759 0.362087 -0.280834 1.000000 0.000000 0.000000
vn -0.081050 -0.336510 0.938186
v -0.410217 1.700288 1.119396 1.000000 1.000000 1.000000
vn 0.086079 0.934471 0.345478
v -2.573742 4.067345 1.368605 1.000000 0.000000 0.000000
vn 0.210592 -0.311319 0.926677
v -1.522188 2.831138 1.645810 1.000000 1.000000 1.000000
vn -0.159383 -0.486189 0.859196
v -0.809628 2.000197 1.200097 1.000000 1.000000 1.000000
vn 0.140733 0.871671 0.469450
v -2.261160 4.014343 1.406349 1.000000 1.000000 1.000000
vn -0.008515 -0.321177 0.946981
v -0.438512 1.871199 1.178753 1.000000 1.000000 1.000000
vn -0.993699 -0.029312 0.108183
v -0.955056 0.675536 0.120779 1.000000 0.000000 0.000000
vn -0.102101 -0.882182 -0.459708
v -2.796905 2.330661 0.598578 1.000000 0.000000 0.000000
vn 0.912469 -0.179942 -0.367453
v 0.868163 -0.647025 -0.352895 1.000000 0.000000 0.000000
vn 0.252837 0.557462 0.790765
v -2.075469 3.718374 1.685345 1.000000 1.000000 1.000000
vn -0.674242 -0.074763 0.734716
v -0.650357 -0.551068 0.694291 1.000000 0.000000 0.000000
vn -0.573256 -0.023684 -0.819034
v -0.785737 1.764088 -0.587467 1.000000 1.000000 1.000000
vn 0.987281 0.153800 0.040260
v 0.874256 1.528375 0.096859 1.000000 1.000000 1.000000
vn -0.840876 -0.516926 -0.160358
v -1.221963 1.666711 0.120047 1.000000 1.000000 1.000000
vn -0.457431 -0.058140 0.887343
v -0.446206 0.742270 0.850905 1.000000 0.000000 0.000000
vn 0.696039 0.675923 -0.242194
v 0.054718 3.068225 0.142362 1.000000 1.000000 1.000000
vn 0.278589 0.843636 0.458983
v -1.597669 3.938399 1.241891 1.000000 1.000000 1.000000
vn -0.076451 -0.350119 -0.933580
v -0.107968 -0.826110 -0.876680 1.000000 0.000000 0.000000
vn -0.815933 -0.079066 -0.572714
v -0.875052 1.345829 -0.448492 1.000000 1.000000 1.000000
vn 0.738558 0.349860 0.576308
v 0.217314 2.577378 0.865381 1.000000 1.000000 1.000000
vn 0.583607 -0.066017 -0.809349
v 0.551660 -0.547973 -0.775368 1.000000 0.000000 0.000000
vn 0.310811 0.002678 0.950468
v 0.298532 -0.154625 0.910241 1.000000 0.000000 0.000000
vn -0.995410 -0.094411 -0.015693
v -0.976040 0.943685 0.032607 1.000000 1.000000 1.000000
vn -0.709848 -0.621786 0.330906
v -1.158599 1.644224 0.601810 1.000000 1.000000 1.000000
vn -0.964041 -0.001261 -0.265750
v -0.928392 0.545152 -0.243363 1.000000 0.000000 0.000000
vn 0.971739 0.003204 -0.236038
v 0.930572 -0.211417 -0.226428 1.000000 0.000000 0.000000
vn -0.485173 -0.159360 -0.859774
v -1.281421 2.464309 -0.358830 1.000000 1.000000 1.000000
vn -0.338393 -0.627933 0.700850
v -3.814498 2.509662 1.716510 1.000000 0.000000 0.000000
vn 0.301999 0.025182 -0.952975
v 0.301220 0.727830 -0.907526 1.000000 1.000000 1.000000
vn -0.118538 0.828887 -0.546712
v -2.905201 3.975800 0.535504 1.000000 0.000000 0.000000
vn 0.100883 0.848382 0.519684
v -2.673683 3.999286 1.535711 1.000000 0.000000 0.000000
vn 0.825089 0.561595 0.061964
v 0.309456 2.783086 0.367343 1.000000 1.000000 1.000000
vn 0.459902 0.634694 0.621010
v -0.901570 3.585047 1.226025 1.000000 1.000000 1.000000
vn 0.289939 0.469748 -0.833830
v -0.172935 2.678138 -0.491211 1.000000 1.000000 1.000000
vn 0.733108 -0.427652 -0.528836
v 0.711636 -0.863855 -0.498318 1.000000 0.000000 0.000000
vn 0.661574 -0.040417 -0.748790
v 0.638376 -0.459644 -0.711970 1.000000 0.000000 0.000000
vn -0.103746 0.169512 -0.980052
v -3.239275 3.328765 0.168922 1.000000 0.000000 0.000000
vn -0.542108 -0.006085 0.840287
v -0.508871 -0.255069 0.811726 1.000000 0.000000 0.000000
vn -0.788645 0.005264 0.614827
v -0.755794 -0.194455 0.587339 1.000000 0.000000 0.000000
vn -0.076558 0.523463 -0.848602
v -3.315648 3.672954 0.305184 1.000000 0.000000 0.000000
vn -0.653082 -0.011843 0.757194
v -0.628348 -0.383019 0.723387 1.000000 0.000000 0.000000
vn -0.901938 0.004032 0.431847
v -0.864528 0.009316 0.413418 1.000000 0.000000 0.000000
vn 0.747391 0.428648 0.507610
v 0.149673 2.788940 0.810203 1.000000 1.000000 1.000000
vn -0.027476 0.997072 0.071368
v -3.378300 4.123158 1.197558 1.000000 0.000000 0.000000
vn -0.561989 -0.157302 -0.812049
v -0.524837 -0.637722 -0.780382 1.000000 0.000000 0.000000
vn 0.930581 0.200040 0.306599
v 0.789721 1.695565 0.387175 1.000000 1.000000 1.000000
vn -0.416213 -0.898181 0.141552
v -1.654496 2.069554 0.740285 1.000000 1.000000 1.000000
vn 0.537911 0.177747 -0.824050
v 0.482314 1.201031 -0.774547 1.000000 1.000000 1.000000
vn 0.999257 0.013690 -0.036028
v 0.955901 0.121528 -0.037969 1.000000 0.000000 0.000000
vn 0.232710 -0.328487 0.915392
v -1.760125 2.838998 1.704205 1.000000 1.000000 1.000000
vn 0.133542 0.487366 -0.862926
v -0.668960 3.073908 -0.384365 1.000000 1.000000 1.000000
vn -0.087204 -0.697095 0.711656
v -1.425645 2.301377 1.304361 1.000000 1.000000 1.000000
vn 0.433652 0.017159 0.900917
v 0.047058 2.136615 1.109091 1.000000 1.000000 1.000000
vn 0.371519 0.006126 0.928405
v 0.373285 -0.022060 0.882466 1.000000 0.000000 0.000000
vn 0.639286 0.482350 -0.598875
v 0.385805 2.335370 -0.359256 1.000000 1.000000 1.000000
vn 0.605827 0.006386 0.795571
v 0.584725 -0.028598 0.762481 1.000000 0.000000 0.000000
vn -0.997973 0.008168 0.063112
v -0.956807 -0.139030 0.076874 1.000000 0.000000 0.000000
vn -0.238945 -0.234520 -0.942288
v -2.766161 2.960929 0.093165 1.000000 0.000000 0.000000
vn 0.749258 0.034043 0.661403
v 0.644936 1.431428 0.701894 1.000000 1.000000 1.000000
vn -0.244477 0.147315 -0.958399
v -0.962412 2.700079 -0.492753 1.000000 1.000000 1.000000
vn -0.213902 -0.493554 0.843001
v -0.800006 1.905886 1.148042 1.000000 1.000000 1.000000
vn 0.173785 -0.113476 0.978224
v -2.796631 3.080108 2.023311 1.000000 0.000000 0.000000
vn -0.828940 -0.495156 -0.260151
v -1.261648 1.753949 0.073072 1.000000 1.000000 1.000000
vn 0.806908 -0.000874 0.590676
v 0.768820 0.796564 0.570837 1.000000 0.000000 0.000000
vn 0.259168 -0.156315 0.953099
v -1.336243 2.923042 1.623648 1.000000 1.000000 1.000000
vn 0.839641 0.007205 0.543094
v 0.805395 -0.068521 0.520116 1.000000 0.000000 0.000000
vn 0.275299 0.039555 0.960545
v -1.688342 3.207465 1.738190 1.000000 1.000000 1.000000
vn 0.930633 0.269538 -0.247532
v 0.814860 1.688850 -0.133411 1.000000 1.000000 1.000000
vn -0.674877 0.017280 -0.737728
v -0.653400 0.840178 -0.695975 1.000000 1.000000 1.000000
vn -0.478011 -0.094364 -0.873271
v -1.046853 2.295949 -0.467004 1.000000 1.000000 1.000000
vn 0.794948 0.382234 0.471122
v 0.413596 2.412149 0.694914 1.000000 1.000000 1.000000
vn 0.191904 0.534678 0.822978
v -2.420890 3.705403 1.788441 1.000000 0.000000 0.000000
vn 0.550538 0.031928 0.834199
v 0.321756 1.839097 0.961721 1.000000 1.000000 1.000000
vn 0.434171 -0.031942 0.900264
v 0.404183 0.942217 0.878395 1.000000 1.000000 1.000000
vn 0.173232 0.214393 -0.961263
v 0.103100 1.434697 -0.871431 1.000000 1.000000 1.000000
vn 0.897796 -0.000123 0.440411
v 0.851381 0.500879 0.440672 1.000000 0.000000 0.000000
vn 0.216212 0.004062 -0.976338
v 0.213806 0.115761 -0.935042 1.000000 0.000000 0.000000
vn -0.093069 0.707528 -0.700530
v -1.959386 3.804208 0.137882 1.000000 1.000000 1.000000
vn -0.045040 -0.892766 -0.448264
v -3.713702 2.324859 0.709683 1.000000 0.000000 0.000000
vn 0.547435 0.670501 -0.500744
v -0.080659 3.050808 -0.120992 1.000000 1.000000 1.000000
vn -0.872001 -0.230392 0.431896
v -0.899405 1.067956 0.458021 1.000000 1.000000 1.000000
vn -0.954000 -0.217869 0.205952
v -0.892729 -0.758484 0.190210 1.000000 0.000000 0.000000
vn -0.020113 -0.844097 0.535813
v -3.401837 2.370512 1.630726 1.000000 0.000000 0.000000
vn -0.485505 0.029455 -0.873737
v -0.472561 0.893310 -0.826896 1.000000 1.000000 1.000000
vn -0.207353 0.226494 -0.951685
v -1.061363 2.912665 -0.429803 1.000000 1.000000 1.000000
vn -0.065442 0.942992 -0.326317
v -3.059174 4.074834 0.764015 1.000000 0.000000 0.000000
vn 0.553635 0.561328 -0.615141
v 0.100918 2.722512 -0.303238 1.000000 1.000000 1.000000
vn -0.919080 -0.094945 -0.382461
v -0.936170 1.178557 -0.303331 1.000000 1.000000 1.000000
vn -0.009931 0.999390 0.033492
v -2.686939 4.135185 1.057130 1.000000 0.000000 0.000000
vn -0.142452 0.609272 -0.780061
v -2.046297 3.710969 0.070077 1.000000 1.000000 1.000000
vn 0.781121 0.212912 -0.586957
v 0.686943 1.444285 -0.524653 1.000000 1.000000 1.000000
vn 0.080778 0.960374 0.266753
v -2.312409 4.093866 1.227293 1.000000 1.000000 1.000000
vn 0.719902 0.021836 -0.693733
v 0.691301 0.629667 -0.664455 1.000000 1.000000 1.000000
vn -0.937239 0.014022 -0.348406
v -0.896108 0.489500 -0.346922 1.000000 0.000000 0.000000
vn -0.176043 -0.948180 0.264505
v -1.850565 2.184311 0.988967 1.000000 1.000000 1.000000
vn 0.008405 0.428954 0.903287
v -3.194076 3.587475 1.972090 1.000000 0.000000 0.000000
vn 0.291715 0.676353 0.676350
v -1.646271 3.784932 1.465157 1.000000 1.000000 1.000000
vn 0.202696 -0.581576 0.787835
v -2.689718 2.626349 1.819542 1.000000 0.000000 0.000000
vn 0.001333 -0.282143 0.959371
v -0.294916 1.688804 1.121776 1.000000 1.000000 1.000000
vn -0.129788 -0.596968 0.791697
v -1.156114 2.212117 1.271072 1.000000 1.000000 1.000000
vn 0.698284 0.618582 -0.360216
v 0.164181 2.865789 -0.047053 1.000000 1.000000 1.000000
vn 0.632021 0.253931 0.732168
v 0.069473 2.556522 1.028288 1.000000 1.000000 1.000000
vn -0.459058 -0.001499 0.888405
v -0.423418 0.359158 0.857316 1.000000 0.000000 0.000000
vn -0.143138 0.644479 -0.751105
v -2.981602 3.795003 0.348413 1.000000 0.000000 0.000000
vn -0.947627 -0.034146 -0.317549
v -0.910797 -0.477769 -0.294628 1.000000 0.000000 0.000000
vn 0.249313 0.465688 0.849104
v -2.122710 3.648176 1.743330 1.000000 1.000000 1.000000
vn 0.041198 0.008290 0.999117
v 0.053989 0.386398 0.957712 1.000000 0.000000 0.000000
vn 0.987024 0.003266 -0.160541
v 0.944186 0.147196 -0.152996 1.000000 0.000000 0.000000
vn -0.035748 -0.709701 -0.703596
v -3.434741 2.496338 0.454787 1.000000 0.000000 0.000000
vn 0.706396 0.554488 0.439941
v -0.122764 3.139564 0.862608 1.000000 1.000000 1.000000
vn -0.137261 -0.717196 -0.683219
v -2.936914 2.491787 0.407266 1.000000 0.000000 0.000000
vn 0.787659 0.005505 0.616086
v 0.744147 -0.145869 0.606468 1.000000 0.000000 0.000000
vn -0.148889 0.506738 -0.849146
v -1.891082 3.574804 -0.050344 1.000000 1.000000 1.000000
vn -0.072881 0.898563 -0.432750
v -2.365999 4.035874 0.520925 1.000000 1.000000 1.000000
vn -0.641647 -0.001203 -0.766999
v -0.618973 0.603993 -0.730985 1.000000 0.000000 0.000000
vn 0.945973 -0.070225 0.316549
v 0.898473 -0.544939 0.322172 1.000000 0.000000 0.000000
vn -0.862701 -0.427116 0.270774
v -1.026641 1.350927 0.411422 1.000000 1.000000 1.000000
vn 0.160936 0.432998 -0.886912
v -0.370612 2.744641 -0.508914 1.000000 1.000000 1.000000
vn 0.005915 0.729479 0.683978
v -3.196191 3.873845 1.763990 1.000000 0.000000 0.000000
vn -0.094988 0.611409 -0.785593
v -1.761728 3.682416 0.003607 1.000000 1.000000 1.000000
vn -0.125679 0.002420 0.992068
v -0.113329 0.202455 0.953483 1.000000 0.000000 0.000000
vn -0.041126 -0.998023 -0.047529
v -2.402294 2.224848 0.876198 1.000000 1.000000 1.000000
vn -0.039191 -0.481609 -0.875510
v -3.728417 2.710099 0.303367 1.000000 0.000000 0.000000
vn 0.198894 0.425363 -0.882897
v -0.274998 2.631337 -0.544742 1.000000 1.000000 1.000000
vn -0.748082 -0.162446 -0.643416
v -0.941208 1.661541 -0.432167 1.000000 1.000000 1.000000
vn 0.694129 -0.035916 0.718954
v 0.668671 -0.462225 0.689409 1.000000 0.000000 0.000000
vn -0.002956 -0.997957 0.063828
v -3.275568 2.219904 1.170921 1.000000 0.000000 0.000000
vn 0.769168 0.068955 0.635316
v 0.644584 1.552042 0.692605 1.000000 1.000000 1.000000
vn -0.158895 0.983557 -0.085831
v -3.782182 4.085181 1.021967 1.000000 0.000000 0.000000
vn -0.349899 -0.741759 -0.572158
v -2.074312 2.393360 0.228007 1.000000 1.000000 1.000000
vn -0.241511 0.107411 -0.964435
v -0.251190 1.224767 -0.888743 1.000000 1.000000 1.000000
vn -0.960771 -0.009518 -0.277180
v -0.918792 -0.369388 -0.273821 1.000000 0.000000 0.000000
vn -0.044511 -0.554774 0.830809
v -3.428548 2.650378 1.917271 1.000000 0.000000 0.000000
vn -0.804150 -0.360966 0.472277
v -0.897078 1.240124 0.576729 1.000000 1.000000 1.000000
vn -0.010274 -0.902272 0.431045
v -3.350439 2.308613 1.520757 1.000000 0.000000 0.000000
vn -0.008564 0.999951 0.004968
v -3.217403 4.128913 1.118929 1.000000 0.000000 0.000000
vn -0.303089 -0.773471 0.556669
v -1.380697 2.092783 1.072837 1.000000 1.000000 1.000000
vn 0.803233 0.507645 0.311631
v 0.217017 2.831002 0.635276 1.000000 1.000000 1.000000
vn 0.050783 -0.144208 0.988244
v -3.178028 3.037227 2.059825 1.000000 0.000000 0.000000
vn -0.023779 -0.926506 0.375529
v -1.969492 2.255499 1.161086 1.000000 1.000000 1.000000
vn 0.825938 -0.040581 0.562298
v 0.787786 -0.527517 0.544207 1.000000 0.000000 0.000000
vn -0.365760 -0.009868 0.930657
v -0.349157 -0.327044 0.893007 1.000000 0.000000 0.000000
vn -0.351720 0.007322 0.936077
v -0.331712 0.061285 0.898602 1.000000 0.000000 0.000000
vn 0.319916 0.650803 -0.688555
v -0.525172 3.274308 -0.202991 1.000000 1.000000 1.000000
vn -0.119279 -0.606830 -0.785831
v -3.070441 2.616220 0.318377 1.000000 0.000000 0.000000
vn 0.831941 0.200847 0.517238
v 0.634621 1.864104 0.637515 1.000000 1.000000 1.000000
vn -0.674427 -0.738237 -0.012428
v -1.451025 1.911457 0.423702 1.000000 1.000000 1.000000
vn 0.937382 0.006718 -0.348237
v 0.899632 -0.273951 -0.330747 1.000000 0.000000 0.000000
vn 0.293690 0.441757 0.847701
v -1.874976 3.595529 1.692155 1.000000 1.000000 1.000000
vn -0.933814 -0.025282 0.356865
v -0.898458 0.638242 0.345384 1.000000 0.000000 0.000000
vn 0.138880 -0.260268 0.955496
v -0.797954 2.453469 1.391809 1.000000 1.000000 1.000000
vn -0.502594 -0.497459 -0.707060
v -1.732689 2.454877 -0.060414 1.000000 1.000000 1.000000
vn 0.234374 0.653629 0.719610
v -2.125553 3.805796 1.632003 1.000000 1.000000 1.000000
vn 0.814123 0.549106 -0.188907
v 0.467158 2.500803 0.011750 1.000000 1.000000 1.000000
vn 0.271201 -0.014385 0.962415
v 0.260797 -0.420441 0.921212 1.000000 0.000000 0.000000
vn -0.248405 0.120390 -0.961146
v -1.523831 3.051993 -0.288623 1.000000 1.000000 1.000000
vn 0.117845 0.761417 0.637461
v -2.698107 3.913220 1.661119 1.000000 0.000000 0.000000
vn 0.719186 0.086495 0.689412
v 0.539969 1.744839 0.787661 1.000000 1.000000 1.000000
vn 0.611963 -0.409871 -0.676393
v 0.564197 -0.867061 -0.661863 1.000000 0.000000 0.000000
vn -0.674388 0.002908 -0.738371
v -0.656644 0.485672 -0.697936 1.000000 0.000000 0.000000
vn 0.717705 0.498724 0.485977
v -0.047983 3.022599 0.880853 1.000000 1.000000 1.000000
vn 0.046357 0.939212 -0.340195
v -1.846029 4.038374 0.498482 1.000000 1.000000 1.000000
vn 0.245703 -0.273454 0.929975
v -2.042550 2.904839 1.798979 1.000000 1.000000 1.000000
vn 0.361533 0.124663 -0.923988
v 0.329170 1.105477 -0.869734 1.000000 1.000000 1.000000
vn 0.236753 0.577664 -0.781187
v -0.594352 3.225378 -0.270726 1.000000 1.000000 1.000000
vn 0.196956 0.107894 0.974457
v -2.729794 3.300525 2.012164 1.000000 0.000000 0.000000
vn 0.810763 -0.270203 -0.519282
v 0.780302 -0.747898 -0.489124 1.000000 0.000000 0.000000
vn -0.030579 0.996409 -0.078957
v -3.454722 4.120872 1.042749 1.000000 0.000000 0.000000
vn 0.871782 0.296087 -0.390293
v 0.756170 1.736593 -0.259513 1.000000 1.000000 1.000000
vn -0.099992 -0.639352 0.762385
v -1.291939 2.291449 1.312030 1.000000 1.000000 1.000000
vn -0.423909 -0.322010 -0.846529
v -1.743300 2.649548 -0.156838 1.000000 1.000000 1.000000
vn -0.588836 -0.610698 -0.529453
v -1.647685 2.245985 0.055693 1.000000 1.000000 1.000000
vn -0.060619 0.962761 -0.263471
v -2.966467 4.096041 0.811802 1.000000 0.000000 0.000000
vn -0.839062 -0.054343 -0.541315
v -0.799519 -0.473840 -0.521718 1.000000 0.000000 0.000000
vn -0.421977 -0.424854 0.800896
v -0.665588 1.484967 0.949600 1.000000 1.000000 1.000000
vn -0.010282 0.346498 -0.937994
v -0.735686 2.888939 -0.472198 1.000000 1.000000 1.000000
vn 0.838090 -0.152327 -0.523834
v 0.791199 -0.642604 -0.509417 1.000000 0.000000 0.000000
vn -0.019245 -0.037339 -0.999117
v -0.020548 -0.410281 -0.957256 1.000000 0.000000 0.000000
vn -0.047561 0.716637 -0.695823
v -3.402329 3.853805 0.451816 1.000000 0.000000 0.000000
vn 0.959910 -0.007469 -0.280210
v 0.916465 0.240445 -0.277765 1.000000 0.000000 0.000000
vn -0.037500 0.199241 -0.979233
v -0.129430 1.636236 -0.841875 1.000000 1.000000 1.000000
vn 0.958062 0.002641 -0.286549
v 0.913483 0.097315 -0.285083 1.000000 0.000000 0.000000
vn -0.156520 -0.226848 0.961271
v -3.597458 2.954391 2.030749 1.000000 0.000000 0.000000
vn 0.621315 0.008908 -0.783511
v 0.607936 0.529838 -0.740080 1.000000 0.000000 0.000000
vn -0.829481 -0.194310 0.523645
v -0.841701 1.019563 0.542026 1.000000 1.000000 1.000000
vn -0.925402 -0.176217 0.335529
v -0.927251 0.998172 0.356903 1.000000 1.000000 1.000000
vn -0.105912 0.132629 0.985491
v -3.560315 3.285405 2.052830 1.000000 0.000000 0.000000
vn 0.622494 0.008644 0.782577
v 0.579589 1.000966 0.770653 1.000000 1.000000 1.000000
vn 0.076879 0.960053 -0.269049
v -1.725055 4.041190 0.530794 1.000000 1.000000 1.000000
vn 0.927025 -0.340898 0.156246
v 0.865793 -0.832655 0.180850 1.000000 0.000000 0.000000
vn -0.093632 0.914567 -0.393448
v -2.677670 4.054198 0.628847 1.000000 0.000000 0.000000
vn -0.995527 -0.011096 -0.093824
v -0.955479 0.254865 -0.090249 1.000000 0.000000 0.000000
vn -0.825915 -0.338208 -0.451088
v -1.136118 1.703724 -0.163266 1.000000 1.000000 1.000000
vn 0.519365 0.275784 0.808828
v -0.501441 3.033391 1.286863 1.000000 1.000000 1.000000
vn -0.432598 -0.011570 -0.901513
v -0.414178 -0.348674 -0.863771 1.000000 0.000000 0.000000
vn -0.026334 -0.952479 -0.303464
v -3.211587 2.266186 0.816570 1.000000 0.000000 0.000000
vn 0.339927 0.543953 -0.767180
v -0.193465 2.839951 -0.398594 1.000000 1.000000 1.000000
vn 0.711763 0.450397 -0.539014
v 0.462529 2.256821 -0.332975 1.000000 1.000000 1.000000
vn -0.020268 -0.786151 -0.617702
v -3.429658 2.427108 0.533960 1.000000 0.000000 0.000000
vn -0.134141 0.237908 -0.961980
v -0.709567 2.598283 -0.564506 1.000000 1.000000 1.000000
vn -0.648720 -0.016619 -0.760846
v -0.724333 1.510705 -0.623202 1.000000 1.000000 1.000000
vn -0.659464 -0.036645 0.750842
v -0.637956 0.610786 0.715319 1.000000 0.000000 0.000000
vn -0.088769 0.551607 0.829367
v -3.519032 3.705240 1.897421 1.000000 0.000000 0.000000
vn 0.506996 0.815199 -0.280010
v -0.491837 3.555251 0.252018 1.000000 1.000000 1.000000
vn 0.093810 0.898255 -0.429346
v -1.562245 3.960221 0.359074 1.000000 1.000000 1.000000
vn 0.088437 0.142292 0.985866
v -2.989974 3.332814 2.046869 1.000000 0.000000 0.000000
vn -0.272324 0.000845 -0.962205
v -2.502775 3.165616 -0.006083 1.000000 1.000000 1.000000
vn 0.954144 -0.041192 -0.296500
v 0.909940 -0.438338 -0.295405 1.000000 0.000000 0.000000
vn 0.069873 -0.827160 0.557605
v -3.031428 2.385403 1.642657 1.000000 0.000000 0.000000
vn -0.946265 -0.020304 0.322754
v -0.903502 -0.367831 0.316068 1.000000 0.000000 0.000000
vn 0.643931 0.536951 0.545011
v -0.291023 3.215348 1.008471 1.000000 1.000000 1.000000
vn -0.032479 0.994654 -0.098026
v -2.658245 4.131770 0.915197 1.000000 0.000000 0.000000
vn 0.965047 -0.118032 -0.233992
v 0.914275 -0.588984 -0.234643 1.000000 0.000000 0.000000
vn 0.572638 0.737562 0.357893
v -0.607362 3.603595 0.896319 1.000000 1.000000 1.000000
vn 0.929008 0.015147 -0.369749
v 0.891397 0.602351 -0.352998 1.000000 1.000000 1.000000
vn -0.058144 -0.026926 -0.997945
v -3.518037 3.148848 0.178117 1.000000 0.000000 0.000000
vn -0.906886 -0.020814 -0.420862
v -0.875842 -0.378272 -0.388618 1.000000 0.000000 0.000000
vn -0.707074 -0.412923 0.574056
v -0.860659 1.297668 0.673112 1.000000 1.000000 1.000000
vn -0.707211 -0.193449 -0.680022
v -1.015329 1.839594 -0.398434 1.000000 1.000000 1.000000
vn -0.253256 0.137083 -0.957638
v -1.856673 3.221422 -0.179051 1.000000 1.000000 1.000000
vn -0.325812 -0.050260 0.944098
v -0.324598 0.733371 0.902515 1.000000 0.000000 0.000000
vn -0.378223 0.041449 -0.924786
v -0.781018 2.177784 -0.593947 1.000000 1.000000 1.000000
vn 0.088706 -0.272215 0.958139
v -0.412075 1.987758 1.212828 1.000000 1.000000 1.000000
vn 0.125773 -0.141212 -0.981957
v 0.091772 -0.623637 -0.937300 1.000000 0.000000 0.000000
vn -0.065399 0.964512 -0.255813
v -2.726171 4.104719 0.783262 1.000000 0.000000 0.000000
vn 0.165929 0.529203 -0.832112
v -0.700096 3.198722 -0.315273 1.000000 1.000000 1.000000
vn 0.989360 0.009335 -0.145186
v 0.949603 0.027609 -0.128430 1.000000 0.000000 0.000000
vn 0.226761 -0.394604 0.890431
v -2.116394 2.797896 1.780025 1.000000 1.000000 1.000000
vn -0.014392 0.309959 0.950641
v -3.303215 3.454070 2.024295 1.000000 0.000000 0.000000
vn 0.196826 -0.586168 0.785918
v -2.123452 2.630457 1.683290 1.000000 1.000000 1.000000
vn -0.048094 0.897820 -0.437728
v -2.170256 4.026167 0.471048 1.000000 1.000000 1.000000
vn -0.691878 -0.135322 -0.709220
v -0.923809 1.760310 -0.471128 1.000000 1.000000 1.000000
vn 0.360081 -0.422247 -0.831895
v 0.383452 -0.860318 -0.787659 1.000000 0.000000 0.000000
vn -0.969851 -0.201428 -0.137172
v -1.005691 1.181115 -0.045183 1.000000 1.000000 1.000000
vn 0.475427 0.548185 -0.688087
v 0.002469 2.751933 -0.355821 1.000000 1.000000 1.000000
vn -0.909719 -0.043131 -0.412978
v -0.904683 1.004565 -0.351266 1.000000 1.000000 1.000000
vn 0.360452 0.450579 -0.816733
v -0.011289 2.536188 -0.506912 1.000000 1.000000 1.000000
vn 0.412885 -0.005172 0.910768
v 0.414253 0.077261 0.865873 1.000000 0.000000 0.000000
vn -0.151616 0.523767 -0.838261
v -3.033639 3.671049 0.267085 1.000000 0.000000 0.000000
vn 0.091286 -0.039259 -0.995051
v 0.092582 -0.411335 -0.953538 1.000000 0.000000 0.000000
vn 0.294996 -0.004328 -0.955489
v 0.286079 -0.157767 -0.915874 1.000000 0.000000 0.000000
vn -0.649881 -0.376111 0.660451
v -0.779756 1.261713 0.739618 1.000000 1.000000 1.000000
vn 0.748716 0.655269 0.100237
v 0.063111 3.094457 0.474766 1.000000 1.000000 1.000000
vn 0.113058 0.176330 -0.977817
v 0.075306 1.319245 -0.899348 1.000000 1.000000 1.000000
vn 0.923756 0.379549 -0.051159
v 0.716109 2.061892 0.084194 1.000000 1.000000 1.000000
vn 0.904345 0.099841 -0.414960
v 0.856995 0.989947 -0.378852 1.000000 1.000000 1.000000
vn -0.064592 0.390074 -0.918515
v -3.343221 3.546602 0.241217 1.000000 0.000000 0.000000
vn 0.849578 0.024615 0.526889
v 0.814230 0.931126 0.500963 1.000000 1.000000 1.000000
vn 0.773936 0.016192 -0.633056
v 0.736328 -0.254356 -0.610014 1.000000 0.000000 0.000000
vn 0.245309 0.324005 0.913698
v -2.343748 3.500349 1.873658 1.000000 1.000000 1.000000
vn 0.843597 0.100281 -0.527530
v 0.789613 1.044446 -0.493456 1.000000 1.000000 1.000000
vn 0.324111 0.185024 -0.927749
v 0.272897 1.270438 -0.862841 1.000000 1.000000 1.000000
vn 0.257131 -0.152090 -0.954333
v 0.263473 -0.642149 -0.898426 1.000000 0.000000 0.000000
vn 0.709325 0.018376 0.704642
v 0.676835 0.374794 0.676799 1.000000 0.000000 0.000000
vn 0.015793 -0.691697 0.722015
v -1.573744 2.402402 1.394642 1.000000 1.000000 1.000000
vn -0.241852 -0.515103 0.822300
v -3.683131 2.651062 1.887599 1.000000 0.000000 0.000000
vn 0.669297 0.487398 0.560789
v -0.169003 3.096217 0.972216 1.000000 1.000000 1.000000
vn 0.160645 -0.798782 0.579776
v -2.639440 2.409890 1.588817 1.000000 0.000000 0.000000
vn -0.187810 0.530794 -0.826429
v -2.909120 3.675493 0.244319 1.000000 0.000000 0.000000
vn 0.017227 -0.999314 -0.032780
v -2.989080 2.221703 1.041329 1.000000 0.000000 0.000000
vn 0.366904 -0.017005 -0.930104
v 0.355779 -0.313710 -0.888349 1.000000 0.000000 0.000000
vn -0.685391 -0.004104 -0.728164
v -0.662190 0.118205 -0.690459 1.000000 0.000000 0.000000
vn -0.240343 0.263085 -0.934356
v -2.520511 3.412894 0.032570 1.000000 1.000000 1.000000
vn 0.015320 0.983649 0.179443
v -2.896519 4.116686 1.246686 1.000000 0.000000 0.000000
vn -0.217387 -0.007963 -0.976053
v -0.183150 -0.257624 -0.940434 1.000000 0.000000 0.000000
vn 0.015402 -0.951719 0.306585
v -2.170039 2.257080 1.166692 1.000000 1.000000 1.000000
vn 0.058586 -0.313636 0.947734
v -0.523522 2.059212 1.244513 1.000000 1.000000 1.000000
vn -0.492523 0.060231 -0.868212
v -0.499967 1.214564 -0.793083 1.000000 1.000000 1.000000
vn 0.826070 0.002932 0.563560
v 0.787744 -0.299755 0.547243 1.000000 0.000000 0.000000
vn -0.389711 -0.885104 0.254394
v -1.604303 2.067319 0.832345 1.000000 1.000000 1.000000
vn -0.433701 -0.378969 0.817488
v -0.612192 1.389054 0.929274 1.000000 1.000000 1.000000
vn -0.155609 0.388285 -0.908306
v -3.051036 3.556635 0.211012 1.000000 0.000000 0.000000
vn 0.443729 0.888499 0.116934
v -0.885673 3.811621 0.736293 1.000000 1.000000 1.000000
vn 0.092263 0.995186 0.033040
v -2.068237 4.122601 0.921465 1.000000 1.000000 1.000000
vn 0.121433 -0.326273 0.937443
v -0.952676 2.477914 1.421597 1.000000 1.000000 1.000000
vn 0.693669 0.659564 0.289479
v -0.214129 3.321887 0.735999 1.000000 1.000000 1.000000
vn 0.780719 0.577863 -0.237808
v 0.366929 2.639077 0.004596 1.000000 1.000000 1.000000
vn -0.325581 -0.877240 0.352770
v -1.592354 2.102670 0.948084 1.000000 1.000000 1.000000
vn 0.972940 0.058090 -0.223636
v 0.932198 0.840887 -0.190239 1.000000 1.000000 1.000000
vn 0.966333 -0.029790 0.255564
v 0.920981 -0.451148 0.257862 1.000000 0.000000 0.000000
vn -0.147073 0.189557 -0.970792
v -0.639164 2.481188 -0.600563 1.000000 1.000000 1.000000
vn -0.762459 0.001298 -0.647035
v -0.742060 0.528638 -0.610074 1.000000 0.000000 0.000000
vn -0.435995 -0.827782 0.353109
v -1.441474 1.994774 0.851327 1.000000 1.000000 1.000000
vn 0.961232 0.080609 0.263696
v 0.894484 1.140021 0.290131 1.000000 1.000000 1.000000
vn -0.866087 -0.121106 0.485002
v -0.851472 0.873183 0.479714 1.000000 1.000000 1.000000
vn 0.181270 0.415008 0.891577
v -2.636916 3.543822 1.925300 1.000000 0.000000 0.000000
vn 0.499654 0.617483 0.607503
v -0.784992 3.531622 1.191053 1.000000 1.000000 1.000000
vn 0.270973 0.365848 0.890354
v -1.953940 3.547197 1.739851 1.000000 1.000000 1.000000
vn -0.992462 0.006541 0.122376
v -0.952461 0.276286 0.129622 1.000000 0.000000 0.000000
vn -0.956249 -0.243836 -0.161653
v -0.896808 -0.771209 -0.147061 1.000000 0.000000 0.000000
vn 0.085903 -0.950236 0.299454
v -2.686459 2.273017 1.322759 1.000000 0.000000 0.000000
vn 0.995915 0.079920 0.042030
v 0.943124 0.958576 0.064895 1.000000 1.000000 1.000000
vn -0.877040 -0.120399 -0.465085
v -0.930418 1.314561 -0.352273 1.000000 1.000000 1.000000
vn -0.051402 -0.517771 -0.853974
v -3.390976 2.681555 0.307684 1.000000 0.000000 0.000000
vn -0.430119 -0.635875 0.640828
v -1.065804 1.873067 1.007744 1.000000 1.000000 1.000000
vn -0.066229 -0.544175 0.836353
v -1.148344 2.307131 1.338987 1.000000 1.000000 1.000000
vn 0.007826 -0.254902 0.966935
v -0.230789 1.597945 1.094679 1.000000 1.000000 1.000000
vn -0.926774 -0.374804 0.024737
v -1.076244 1.372593 0.174743 1.000000 1.000000 1.000000
vn 0.160303 -0.001816 0.987066
v 0.158647 0.415335 0.947733 1.000000 0.000000 0.000000
vn 0.566685 0.752033 -0.336621
v -0.258734 3.335351 0.123047 1.000000 1.000000 1.000000
vn -0.160686 0.817871 0.552510
v -3.707102 3.929415 1.640483 1.000000 0.000000 0.000000
vn -0.035719 0.865220 -0.500118
v -3.431932 3.998947 0.641070 1.000000 0.000000 0.000000
vn -0.264743 -0.546010 0.794849
v -0.917624 1.935430 1.131687 1.000000 1.000000 1.000000
vn -0.042871 0.983268 -0.177046
v -3.522232 4.104716 0.942221 1.000000 0.000000 0.000000
vn 0.745194 0.535141 -0.397882
v 0.428441 2.449720 -0.179520 1.000000 1.000000 1.000000
vn 0.042859 -0.143756 0.988685
v -0.024571 1.195595 1.006659 1.000000 1.000000 1.000000
vn -0.699384 -0.015414 0.714580
v -0.653672 0.241806 0.698884 1.000000 0.000000 0.000000
vn 0.373390 0.927556 -0.014814
v -1.152210 3.938038 0.672429 1.000000 1.000000 1.000000
vn -0.329936 0.005730 -0.943986
v -0.308524 0.281087 -0.904551 1.000000 0.000000 0.000000
vn 0.453529 0.314826 -0.833784
v 0.343935 1.833231 -0.671657 1.000000 1.000000 1.000000
vn 0.927684 0.094939 0.361093
v 0.831912 1.355805 0.409627 1.000000 1.000000 1.000000
vn -0.554815 -0.161823 -0.816084
v -1.089036 2.207985 -0.428488 1.000000 1.000000 1.000000
vn -0.634088 0.020177 -0.772998
v -0.636813 1.060277 -0.706420 1.000000 1.000000 1.000000
vn -0.033119 0.920986 -0.388184
v -3.473709 4.049517 0.747799 1.000000 0.000000 0.000000
vn -0.177330 -0.982497 -0.057038
v -2.076584 2.199419 0.756988 1.000000 1.000000 1.000000
vn -0.033878 0.197659 0.979685
v -3.406349 3.349062 2.048911 1.000000 0.000000 0.000000
vn 0.279218 -0.091476 0.955861
v -0.592994 2.587884 1.371839 1.000000 1.000000 1.000000
vn -0.023177 0.086979 -0.995941
v -0.025713 1.074721 -0.936843 1.000000 1.000000 1.000000
vn 0.207909 0.969160 0.132296
v -1.579906 4.042985 0.897776 1.000000 1.000000 1.000000
vn 0.984038 0.117187 -0.133930
v 0.913856 1.191633 -0.112019 1.000000 1.000000 1.000000
vn 0.799416 0.598624 -0.050831
v 0.264227 2.847341 0.253046 1.000000 1.000000 1.000000
vn 0.849932 0.095108 0.518238
v 0.725593 1.542923 0.581747 1.000000 1.000000 1.000000
vn 0.796261 -0.306927 0.521310
v 0.745173 -0.824978 0.500674 1.000000 0.000000 0.000000
vn -0.472991 -0.317478 0.821881
v -0.456433 -0.766091 0.782845 1.000000 0.000000 0.000000
vn -0.095915 0.170395 -0.980697
v -0.128471 1.398415 -0.887125 1.000000 1.000000 1.000000
vn 0.758116 0.501408 0.416953
v 0.122918 2.891418 0.749389 1.000000 1.000000 1.000000
vn 0.195659 0.661677 -0.723810
v -0.803113 3.429013 -0.160064 1.000000 1.000000 1.000000
vn 0.624055 0.401250 -0.670488
v 0.432246 2.102091 -0.476933 1.000000 1.000000 1.000000
vn -0.195812 -0.525449 0.827986
v -0.922652 2.035718 1.197455 1.000000 1.000000 1.000000
vn 0.626932 0.752862 0.200388
v -0.392498 3.503211 0.701703 1.000000 1.000000 1.000000
vn -0.223581 0.319763 -0.920741
v -2.868494 3.507596 0.151207 1.000000 0.000000 0.000000
vn -0.574556 -0.029681 0.817927
v -0.545105 -0.439869 0.785703 1.000000 0.000000 0.000000
vn 0.831714 0.495100 -0.251253
v 0.550846 2.348000 -0.043044 1.000000 1.000000 1.000000
vn 0.308594 0.562345 -0.767162
v -0.295994 2.919147 -0.383546 1.000000 1.000000 1.000000
vn -0.422917 -0.373586 -0.825575
v -1.847710 2.641368 -0.100698 1.000000 1.000000 1.000000
vn -0.398013 0.088214 -0.913129
v -0.509448 1.672245 -0.747610 1.000000 1.000000 1.000000
vn -0.431746 -0.000551 0.901995
v -0.416271 -0.251482 0.864082 1.000000 0.000000 0.000000
vn 0.993729 0.094307 -0.060068
v 0.933146 1.059148 -0.048940 1.000000 1.000000 1.000000
vn 0.007510 -0.135659 0.990727
v -0.009057 1.089332 0.991252 1.000000 1.000000 1.000000
vn 0.408550 0.904417 -0.122951
v -0.806038 3.773432 0.471681 1.000000 1.000000 1.000000
vn 0.321476 -0.043041 0.945939
v 0.296404 0.932534 0.922754 1.000000 1.000000 1.000000
vn 0.997127 0.031641 -0.068818
v 0.954849 0.757451 -0.061040 1.000000 0.000000 0.000000
vn 0.312474 0.949648 -0.022981
v -1.255137 3.976180 0.684931 1.000000 1.000000 1.000000
vn 0.145063 0.981964 -0.121262
v -1.572491 4.046368 0.636451 1.000000 1.000000 1.000000
vn -0.273413 -0.068979 -0.959420
v -2.276956 3.091421 -0.067908 1.000000 1.000000 1.000000
vn -0.256800 0.168975 -0.951578
v -2.268715 3.302325 -0.060825 1.000000 1.000000 1.000000
vn -0.274517 -0.142686 -0.950937
v -2.550399 3.029669 0.018547 1.000000 1.000000 1.000000
vn 0.402557 0.659508 -0.634820
v -0.423946 3.249036 -0.173755 1.000000 1.000000 1.000000
vn 0.364687 0.025708 0.930775
v -0.536287 2.723860 1.358610 1.000000 1.000000 1.000000
vn -0.264882 -0.918243 0.294392
v -1.701189 2.135837 0.941931 1.000000 1.000000 1.000000
vn 0.970541 -0.214466 0.109795
v 0.928175 -0.691769 0.088602 1.000000 0.000000 0.000000
vn 0.103135 0.011017 -0.994606
v 0.097062 -0.262378 -0.954202 1.000000 0.000000 0.000000
vn 0.287514 0.454124 0.843272
v -1.655931 3.575340 1.627906 1.000000 1.000000 1.000000
vn 0.245257 0.860081 0.447336
v -1.816658 3.987181 1.276143 1.000000 1.000000 1.000000
vn 0.001446 0.950501 0.310719
v -3.261689 4.081990 1.417904 1.000000 0.000000 0.000000
vn -0.034483 0.977903 0.206197
v -3.437273 4.105973 1.309060 1.000000 0.000000 0.000000
vn 0.419999 0.431176 -0.798553
v 0.170354 2.278049 -0.560407 1.000000 1.000000 1.000000
vn 0.165196 -0.238336 0.957030
v -0.560988 2.269959 1.308938 1.000000 1.000000 1.000000
vn 0.190468 0.953573 -0.233281
v -1.399257 3.992932 0.514239 1.000000 1.000000 1.000000
vn 0.561846 0.690358 -0.455779
v -0.129533 3.128154 -0.066359 1.000000 1.000000 1.000000
vn 0.881537 0.360037 0.305395
v 0.581125 2.246099 0.488741 1.000000 1.000000 1.000000
vn 0.052043 -0.961432 0.270076
v -2.445311 2.262468 1.226187 1.000000 1.000000 1.000000
vn -0.181379 0.015519 0.983291
v -0.172690 0.323314 0.943352 1.000000 0.000000 0.000000
vn -0.182223 0.580315 -0.793744
v -2.394581 3.728503 0.155110 1.000000 1.000000 1.000000
vn 0.014419 0.688177 -0.725399
v -1.517992 3.704224 0.010493 1.000000 1.000000 1.000000
vn 0.007256 0.588177 -0.808700
v -1.253593 3.527079 -0.135789 1.000000 1.000000 1.000000
vn 0.233509 -0.002592 -0.972351
v 0.218657 -0.236361 -0.933856 1.000000 0.000000 0.000000
vn 0.196142 -0.501035 0.842907
v -2.795745 2.696238 1.892949 1.000000 0.000000 0.000000
vn -0.347678 -0.054819 -0.936010
v -1.522759 2.845962 -0.297223 1.000000 1.000000 1.000000
vn 0.278649 0.647230 0.709541
v -1.846559 3.795079 1.538089 1.000000 1.000000 1.000000
vn 0.929188 -0.011187 0.369439
v 0.885978 -0.340328 0.368138 1.000000 0.000000 0.000000
vn -0.152173 -0.443321 0.883351
v -0.681250 1.877052 1.157299 1.000000 1.000000 1.000000
vn -0.014314 -0.634586 0.772720
v -1.429426 2.405566 1.397097 1.000000 1.000000 1.000000
vn 0.104720 -0.568943 0.815682
v -1.573631 2.556528 1.520499 1.000000 1.000000 1.000000
vn -0.243624 0.157107 -0.957060
v -0.571772 2.216181 -0.660772 1.000000 1.000000 1.000000
vn -0.517260 -0.848441 0.112205
v -1.548289 1.999120 0.651183 1.000000 1.000000 1.000000
vn -0.233277 -0.883872 0.405404
v -1.646374 2.158223 1.038717 1.000000 1.000000 1.000000
vn -0.913523 -0.015381 0.406496
v -0.879738 0.118585 0.380376 1.000000 0.000000 0.000000
vn 0.028320 -0.538809 0.841952
v -1.326034 2.460285 1.435380 1.000000 1.000000 1.000000
vn 0.198174 0.811308 0.550006
v -2.080921 3.962933 1.431942 1.000000 1.000000 1.000000
vn -0.611971 -0.474926 0.632405
v -0.850220 1.427853 0.779318 1.000000 1.000000 1.000000
vn -0.994221 0.015185 -0.106270
v -0.952338 -0.128234 -0.105394 1.000000 0.000000 0.000000
vn 0.383190 0.003592 0.923663
v 0.374834 -0.321666 0.883585 1.000000 0.000000 0.000000
vn -0.617500 -0.457256 -0.640009
v -1.481575 2.258912 -0.127460 1.000000 1.000000 1.000000
vn 0.278269 0.813306 -0.510979
v -0.850957 3.653546 0.086908 1.000000 1.000000 1.000000
vn 0.984252 0.001692 0.176765
v 0.943123 -0.186327 0.175482 1.000000 0.000000 0.000000
vn -0.228009 0.008757 -0.973620
v -0.216854 -0.044647 -0.932872 1.000000 0.000000 0.000000
vn 0.183028 0.982942 0.018044
v -1.552717 4.048556 0.769796 1.000000 1.000000 1.000000
vn 0.231065 0.824176 0.517053
v -1.892851 3.964295 1.354746 1.000000 1.000000 1.000000
vn -0.306856 0.001874 0.951754
v -0.287311 -0.052493 0.914778 1.000000 0.000000 0.000000
vn -0.232914 0.278953 -0.931631
v -2.065762 3.394506 -0.089668 1.000000 1.000000 1.000000
vn -0.014329 0.340509 0.940132
v -3.421648 3.498384 2.006802 1.000000 0.000000 0.000000
vn 0.182413 -0.584027 0.790973
v -2.304758 2.630237 1.726716 1.000000 1.000000 1.000000
vn -0.990052 -0.002378 -0.140679
v -0.950364 0.524063 -0.142708 1.000000 0.000000 0.000000
vn 0.839957 0.319645 0.438519
v 0.529388 2.212373 0.641722 1.000000 1.000000 1.000000
vn -0.165808 -0.929384 -0.329776
v -2.334731 2.280792 0.575071 1.000000 1.000000 1.000000
vn -0.129320 0.747249 -0.651840
v -2.391966 3.896312 0.308161 1.000000 1.000000 1.000000
vn -0.236101 -0.264984 0.934901
v -0.331274 1.240805 0.981929 1.000000 1.000000 1.000000
vn 0.003339 -0.000079 0.999994
v -0.005563 -0.210448 0.961182 1.000000 0.000000 0.000000
vn -0.226011 -0.965148 0.131939
v -1.883992 2.164070 0.858743 1.000000 1.000000 1.000000
vn -0.097819 0.000785 0.995204
v -0.092519 -0.148072 0.957031 1.000000 0.000000 0.000000
vn -0.162601 -0.046392 -0.985601
v -0.139085 -0.447947 -0.945938 1.000000 0.000000 0.000000
vn 0.023945 0.357648 -0.933549
v -0.506057 2.671182 -0.553715 1.000000 1.000000 1.000000
vn -0.877627 -0.001509 0.479342
v -0.846013 -0.105139 0.450485 1.000000 0.000000 0.000000
vn -0.055483 0.871844 -0.486630
v -3.552820 4.000937 0.655909 1.000000 0.000000 0.000000
vn -0.020294 0.284924 -0.958335
v -0.356697 2.332966 -0.665406 1.000000 1.000000 1.000000
vn 0.148352 -0.511257 0.846527
v -2.931369 2.681874 1.913302 1.000000 0.000000 0.000000
vn 0.339662 -0.021135 0.940310
v 0.318904 0.801784 0.910866 1.000000 0.000000 0.000000
vn 0.147956 0.830334 0.537267
v -2.352587 3.979160 1.492826 1.000000 1.000000 1.000000
vn 0.408836 -0.003752 0.912600
v 0.400891 -0.217566 0.871383 1.000000 0.000000 0.000000
vn -0.770337 -0.000987 -0.637637
v -0.737817 -0.240939 -0.615548 1.000000 0.000000 0.000000
vn -0.610420 -0.235155 -0.756366
v -1.181043 2.179761 -0.351346 1.000000 1.000000 1.000000
vn -0.751422 -0.003327 0.659813
v -0.718850 -0.304523 0.631409 1.000000 0.000000 0.000000
vn 0.228364 0.972220 -0.051371
v -1.394017 4.015299 0.677560 1.000000 1.000000 1.000000
vn 0.982262 -0.046552 -0.181641
v 0.938371 -0.422884 -0.182268 1.000000 0.000000 0.000000
vn -0.374217 0.002925 -0.927337
v -0.372515 0.636992 -0.879789 1.000000 0.000000 0.000000
vn -0.935301 -0.045311 -0.350941
v -0.909049 0.886047 -0.328244 1.000000 1.000000 1.000000
vn 0.352606 -0.050293 0.934419
v 0.021492 2.018639 1.118425 1.000000 1.000000 1.000000
vn 0.146589 0.594415 0.790685
v -2.667318 3.744812 1.812908 1.000000 0.000000 0.000000
vn -0.273361 -0.176823 -0.945520
v -2.391499 3.003626 -0.023862 1.000000 1.000000 1.000000
vn 0.505970 0.781876 -0.364232
v -0.459616 3.498867 0.164639 1.000000 1.000000 1.000000
vn 0.605610 0.211880 -0.767036
v 0.518830 1.477098 -0.681794 1.000000 1.000000 1.000000
vn -0.105728 0.462642 -0.880218
v -1.673636 3.516697 -0.115008 1.000000 1.000000 1.000000
vn 0.847816 -0.001755 0.530288
v 0.821321 0.418932 0.495627 1.000000 0.000000 0.000000
vn -0.219329 0.956555 0.192085
v -3.742500 4.075915 1.281636 1.000000 0.000000 0.000000
vn -0.463307 -0.763267 0.450301
v -1.323859 1.953928 0.905837 1.000000 1.000000 1.000000
vn 0.449871 -0.125146 0.884282
v 0.433654 -0.644432 0.842119 1.000000 0.000000 0.000000
vn 0.090230 -0.890899 0.445149
v -3.010678 2.321681 1.529739 1.000000 0.000000 0.000000
vn -0.223896 0.007685 -0.974583
v -0.208280 0.172580 -0.933345 1.000000 0.000000 0.000000
vn -0.789557 -0.528315 -0.312222
v -1.332738 1.862269 0.075680 1.000000 1.000000 1.000000
vn -0.157633 0.170330 -0.972697
v -3.087820 3.321335 0.147391 1.000000 0.000000 0.000000
vn -0.045272 -0.963830 0.262644
v -3.586981 2.254561 1.356676 1.000000 0.000000 0.000000
vn -0.187515 0.240834 -0.952280
v -1.453577 3.191844 -0.278817 1.000000 1.000000 1.000000
vn 0.173038 0.588514 -0.789753
v -0.743627 3.285167 -0.264991 1.000000 1.000000 1.000000
vn 0.310235 -0.086145 0.946749
v -0.379322 2.407193 1.289255 1.000000 1.000000 1.000000
vn 0.184467 -0.605684 0.774028
v -2.837720 2.597676 1.835465 1.000000 0.000000 0.000000
vn 0.260263 -0.022880 0.965267
v 0.255130 0.720880 0.929600 1.000000 0.000000 0.000000
vn -0.753590 0.003791 -0.657334
v -0.731599 0.200578 -0.618423 1.000000 0.000000 0.000000
vn -0.762265 -0.042001 0.645901
v -0.735822 0.657875 0.620253 1.000000 0.000000 0.000000
vn 0.513586 -0.454904 -0.727524
v 0.477348 -0.863577 -0.732415 1.000000 0.000000 0.000000
vn -0.759919 -0.455396 -0.463830
v -1.290115 1.919503 -0.086771 1.000000 1.000000 1.000000
vn -0.586636 0.031644 -0.809232
v -0.628058 1.317954 -0.704991 1.000000 1.000000 1.000000
vn 0.078833 0.795530 0.600764
v -2.931005 3.944791 1.658605 1.000000 0.000000 0.000000
vn 0.357337 0.248240 0.900382
v -1.242977 3.321476 1.570204 1.000000 1.000000 1.000000
vn 0.985176 -0.009680 -0.171276
v 0.943214 0.302691 -0.168006 1.000000 0.000000 0.000000
vn -0.014099 -0.971943 0.234795
v -3.442917 2.246723 1.345579 1.000000 0.000000 0.000000
vn 0.939188 0.023389 0.342606
v 0.897072 0.783420 0.333526 1.000000 0.000000 0.000000
vn 0.953968 0.148934 -0.260314
v 0.883064 1.302654 -0.193441 1.000000 1.000000 1.000000
vn 0.770980 0.562235 -0.299136
v 0.414576 2.544201 -0.061589 1.000000 1.000000 1.000000
vn 0.037031 -0.279043 0.959564
v -0.343004 1.810688 1.157956 1.000000 1.000000 1.000000
vn -0.027244 -0.951525 -0.306362
v -3.395549 2.267179 0.832639 1.000000 0.000000 0.000000
vn -0.321348 -0.945531 0.052031
v -1.815754 2.134074 0.742828 1.000000 1.000000 1.000000
vn -0.182455 0.275576 -0.943805
v -2.985810 3.439808 0.157057 1.000000 0.000000 0.000000
vn 0.117048 0.987561 -0.104991
v -1.864013 4.093141 0.734615 1.000000 1.000000 1.000000
vn -0.861417 -0.069313 -0.503147
v -0.882441 1.215813 -0.420258 1.000000 1.000000 1.000000
vn -0.172874 0.959945 -0.220500
v -3.805264 4.061040 0.894389 1.000000 0.000000 0.000000
vn -0.662477 0.016967 -0.748890
v -0.629520 -0.111691 -0.724622 1.000000 0.000000 0.000000
vn 0.872806 0.058790 0.484514
v 0.805713 1.224781 0.485825 1.000000 1.000000 1.000000
vn -0.071449 0.796569 -0.600311
v -3.634582 3.931630 0.556944 1.000000 0.000000 0.000000
vn -0.202241 -0.691559 0.693430
v -3.691284 2.475597 1.739309 1.000000 0.000000 0.000000
vn 0.372831 0.517290 -0.770329
v -0.095971 2.736120 -0.424150 1.000000 1.000000 1.000000
vn 0.560980 0.375006 -0.738019
v 0.380305 2.018034 -0.565985 1.000000 1.000000 1.000000
vn -0.042938 0.985850 -0.162038
v -2.903006 4.119366 0.904389 1.000000 0.000000 0.000000
vn 0.277586 0.476537 0.834182
v -1.996628 3.646988 1.704888 1.000000 1.000000 1.000000
vn 0.107228 -0.273700 0.955819
v -0.544423 2.156394 1.276812 1.000000 1.000000 1.000000
vn 0.132404 0.223579 0.965651
v -2.900073 3.392933 2.025752 1.000000 0.000000 0.000000
vn -0.097939 0.241909 0.965343
v -3.558843 3.411181 2.028581 1.000000 0.000000 0.000000
vn 0.882602 0.412066 0.226307
v 0.557405 2.342272 0.434619 1.000000 1.000000 1.000000
vn -0.186549 0.144830 -0.971712
v -0.236300 1.455133 -0.862336 1.000000 1.000000 1.000000
vn 0.988489 0.149770 0.021409
v 0.895001 1.401610 0.048981 1.000000 1.000000 1.000000
vn -0.301676 -0.763971 0.570386
v -3.771669 2.418870 1.654114 1.000000 0.000000 0.000000
vn 0.125193 0.666688 -0.734747
v -0.959459 3.512688 -0.117575 1.000000 1.000000 1.000000
vn -0.203873 0.026587 -0.978636
v -3.982004 3.125789 0.222702 1.000000 0.000000 0.000000
vn 0.122085 0.369127 -0.921326
v -0.300608 2.526581 -0.595497 1.000000 1.000000 1.000000
vn 0.469542 -0.055281 0.881178
v 0.387834 1.319137 0.906532 1.000000 1.000000 1.000000
vn 0.838099 0.494604 0.230123
v 0.404111 2.594744 0.494640 1.000000 1.000000 1.000000
vn 0.451321 0.037598 0.891569
v -0.038236 2.303291 1.145945 1.000000 1.000000 1.000000
vn -0.093120 -0.180970 -0.979070
v -3.302435 3.026190 0.176925 1.000000 0.000000 0.000000
vn 0.960777 -0.013575 0.276988
v 0.919306 -0.205579 0.274338 1.000000 0.000000 0.000000
vn 0.207734 0.418776 0.884010
v -2.445732 3.559280 1.875260 1.000000 0.000000 0.000000
vn 0.121522 0.589629 -0.798480
v -0.837490 3.330404 -0.250151 1.000000 1.000000 1.000000
vn -0.402056 0.004313 0.915605
v -0.393157 -0.116602 0.873823 1.000000 0.000000 0.000000
vn -0.038779 -0.700741 -0.712361
v -3.742906 2.504172 0.461196 1.000000 0.000000 0.000000
vn 0.099608 0.340507 0.934951
v -2.950039 3.483248 2.004209 1.000000 0.000000 0.000000
vn -0.767131 -0.009110 -0.641426
v -0.760924 1.045291 -0.585127 1.000000 1.000000 1.000000
vn 0.239492 0.819188 -0.521128
v -0.966946 3.701585 0.105812 1.000000 1.000000 1.000000
vn 0.620984 0.196376 0.758825
v 0.164429 2.361597 1.006635 1.000000 1.000000 1.000000
vn 0.841366 -0.381071 -0.383259
v 0.807661 -0.805744 -0.408802 1.000000 0.000000 0.000000
vn 0.128315 -0.228660 0.965013
v 0.171952 -0.683662 0.924052 1.000000 0.000000 0.000000
vn 0.037372 0.898466 -0.437449
v -1.756562 3.984143 0.378788 1.000000 1.000000 1.000000
vn -0.698085 0.001728 -0.716013
v -0.700321 0.995165 -0.650654 1.000000 1.000000 1.000000
vn -0.197946 0.556943 -0.806618
v -2.642561 3.710173 0.203501 1.000000 0.000000 0.000000
vn 0.028025 0.956927 0.288972
v -3.158096 4.094151 1.372772 1.000000 0.000000 0.000000
vn 0.931417 0.310714 -0.189521
v 0.793430 1.789818 -0.088037 1.000000 1.000000 1.000000
vn -0.212205 -0.960579 -0.179601
v -2.087222 2.214644 0.646952 1.000000 1.000000 1.000000
vn 0.155533 -0.698101 0.698902
v -2.044955 2.503848 1.556241 1.000000 1.000000 1.000000
vn -0.771798 -0.217776 -0.597412
v -1.016693 1.705884 -0.352442 1.000000 1.000000 1.000000
vn -0.317733 0.890235 -0.326386
v -3.829468 4.017198 0.771361 1.000000 0.000000 0.000000
vn 0.121414 -0.857023 0.500770
v -2.785012 2.363426 1.558702 1.000000 0.000000 0.000000
vn -0.072234 -0.938175 -0.338540
v -2.682114 2.284381 0.682628 1.000000 0.000000 0.000000
vn -0.999939 0.003956 0.010352
v -0.959707 0.243531 0.013459 1.000000 0.000000 0.000000
vn 0.160047 0.004579 -0.987099
v 0.164552 -0.107898 -0.943276 1.000000 0.000000 0.000000
vn 0.928721 0.316636 0.192925
v 0.701671 2.055581 0.317429 1.000000 1.000000 1.000000
vn 0.598526 0.269379 0.754454
v -0.153487 2.787968 1.133482 1.000000 1.000000 1.000000
vn -0.080647 0.909557 -0.407680
v -2.480849 4.045841 0.561581 1.000000 1.000000 1.000000
vn 0.207757 -0.359956 0.909543
v -1.668372 2.799566 1.667198 1.000000 1.000000 1.000000
vn -0.999221 -0.025033 0.030507
v -0.957047 -0.369130 0.024546 1.000000 0.000000 0.000000
vn -0.238134 -0.016362 0.971095
v -3.725284 3.147894 2.027830 1.000000 0.000000 0.000000
vn -0.297797 -0.615758 0.729493
v -1.054592 2.002561 1.131995 1.000000 1.000000 1.000000
vn 0.842990 -0.004138 -0.537914
v 0.802731 0.481537 -0.526680 1.000000 0.000000 0.000000
vn -0.529277 -0.795852 0.294082
v -1.422053 1.943526 0.759008 1.000000 1.000000 1.000000
vn 0.149052 -0.229545 0.961817
v -0.437000 2.118145 1.251344 1.000000 1.000000 1.000000
vn 0.007721 0.301897 -0.953309
v -0.388311 2.446951 -0.629867 1.000000 1.000000 1.000000
vn 0.539334 0.244273 0.805884
v -0.242125 2.817372 1.189728 1.000000 1.000000 1.000000
vn 0.844894 0.043924 0.533128
v 0.788932 1.062868 0.532468 1.000000 1.000000 1.000000
vn 0.947511 0.301585 0.106162
v 0.794979 1.831048 0.194077 1.000000 1.000000 1.000000
vn 0.082429 -0.491255 0.867107
v -1.367031 2.556283 1.497196 1.000000 1.000000 1.000000
vn -0.200004 0.413103 -0.888451
v -2.004652 3.516257 -0.057270 1.000000 1.000000 1.000000
vn 0.459890 0.825303 0.327682
v -0.885418 3.764250 0.938471 1.000000 1.000000 1.000000
vn -0.683563 -0.284976 0.671960
v -0.742754 1.145137 0.719268 1.000000 1.000000 1.000000
vn 0.931103 0.000975 0.364756
v 0.895212 -0.106812 0.351293 1.000000 0.000000 0.000000
vn 0.073941 0.931213 -0.356896
v -1.662935 4.009200 0.449382 1.000000 1.000000 1.000000
vn -0.714083 -0.116172 -0.690354
v -0.868337 1.601529 -0.498993 1.000000 1.000000 1.000000
vn 0.908203 0.343254 0.239467
v 0.658931 2.129693 0.385521 1.000000 1.000000 1.000000
vn 0.267334 0.202357 0.942117
v -2.291171 3.386897 1.889966 1.000000 1.000000 1.000000
vn -0.927726 -0.321374 0.189852
v -1.008998 1.228174 0.284223 1.000000 1.000000 1.000000
vn 0.066075 -0.367866 0.927528
v -0.895857 2.382975 1.380631 1.000000 1.000000 1.000000
vn 0.499012 0.203781 0.842295
v -0.331582 2.801295 1.249128 1.000000 1.000000 1.000000
vn 0.195886 -0.523304 0.829326
v -1.881845 2.680406 1.658970 1.000000 1.000000 1.000000
vn 0.743058 0.174255 -0.646143
v 0.685577 1.273401 -0.578685 1.000000 1.000000 1.000000
vn 0.125619 -0.476875 0.869948
v -1.461952 2.611844 1.539717 1.000000 1.000000 1.000000
vn 0.838131 0.250499 0.484548
v 0.565405 2.087665 0.652084 1.000000 1.000000 1.000000
vn 0.768351 0.004246 0.640015
v 0.741541 0.426013 0.604105 1.000000 0.000000 0.000000
vn 0.226644 -0.262826 0.937846
v -2.594483 2.949303 1.954223 1.000000 0.000000 0.000000
vn -0.899142 -0.371675 -0.231089
v -1.108627 1.507504 -0.025304 1.000000 1.000000 1.000000
vn -0.853618 -0.275978 0.441783
v -0.808884 -0.761473 0.410726 1.000000 0.000000 0.000000
vn 0.974769 0.023731 0.221952
v 0.930705 0.799624 0.220373 1.000000 0.000000 0.000000
vn 0.569279 -0.001923 0.822142
v 0.534555 0.426355 0.797768 1.000000 0.000000 0.000000
vn -0.119695 -0.880311 0.459048
v -1.741543 2.230945 1.150127 1.000000 1.000000 1.000000
vn 0.281102 0.067947 0.957269
v -2.028804 3.254997 1.835658 1.000000 1.000000 1.000000
vn -0.106984 0.221325 -0.969314
v -0.344554 2.119088 -0.721396 1.000000 1.000000 1.000000
vn -0.179330 0.496846 -0.849108
v -2.108372 3.614106 0.014385 1.000000 1.000000 1.000000
vn 0.924327 -0.014268 0.381335
v 0.881922 0.615299 0.375862 1.000000 0.000000 0.000000
vn 0.463293 0.494263 -0.735570
v 0.079784 2.566541 -0.441055 1.000000 1.000000 1.000000
vn 0.366674 0.014948 0.930229
v -0.659790 2.812116 1.406396 1.000000 1.000000 1.000000
vn -0.172295 0.387469 -0.905639
v -1.874066 3.482152 -0.101853 1.000000 1.000000 1.000000
vn 0.271146 0.364764 0.890745
v -2.141991 3.546747 1.796724 1.000000 1.000000 1.000000
vn -0.024583 0.558401 -0.829207
v -3.551530 3.693583 0.329152 1.000000 0.000000 0.000000
vn 0.937682 -0.093393 -0.334710
v 0.892934 -0.540970 -0.328233 1.000000 0.000000 0.000000
vn 0.849950 -0.459843 0.257157
v 0.834969 -0.833409 0.296461 1.000000 0.000000 0.000000
vn 0.471705 0.532690 0.702663
v -0.815776 3.453380 1.280565 1.000000 1.000000 1.000000
vn 0.263824 0.943094 0.202414
v -1.430397 4.002526 0.920432 1.000000 1.000000 1.000000
vn -0.147560 -0.960446 -0.236157
v -2.267383 2.244654 0.660728 1.000000 1.000000 1.000000
vn -0.286659 -0.333600 0.898075
v -0.449717 1.388243 0.994987 1.000000 1.000000 1.000000
vn -0.066556 -0.074484 -0.994999
v -3.377872 3.110909 0.170686 1.000000 0.000000 0.000000
vn 0.811665 0.157624 0.562455
v 0.644346 1.760899 0.656788 1.000000 1.000000 1.000000
vn -0.639848 -0.068862 -0.765410
v -0.805232 1.654692 -0.563479 1.000000 1.000000 1.000000
vn -0.090585 0.827218 -0.554531
v -2.345046 3.961601 0.384767 1.000000 1.000000 1.000000
vn -0.057226 -0.308340 0.949553
v -3.472078 2.866942 2.019572 1.000000 0.000000 0.000000
vn 0.098292 0.980292 -0.171365
v -1.805227 4.074858 0.647139 1.000000 1.000000 1.000000
vn 0.230596 -0.165903 0.958802
v -0.405401 2.298417 1.282167 1.000000 1.000000 1.000000
vn -0.587915 -0.099099 0.802830
v -0.595727 0.820786 0.765959 1.000000 1.000000 1.000000
vn 0.377316 -0.069664 0.923461
v 0.371712 -0.561600 0.878478 1.000000 0.000000 0.000000
vn 0.016268 -0.469114 0.882988
v -1.125400 2.421844 1.407291 1.000000 1.000000 1.000000
vn -0.857425 -0.285838 -0.427924
v -1.056460 1.551407 -0.211168 1.000000 1.000000 1.000000
vn -0.627546 -0.158828 0.762207
v -0.635054 0.935814 0.754798 1.000000 1.000000 1.000000
vn 0.279983 -0.081225 -0.956563
v 0.266734 -0.528548 -0.911440 1.000000 0.000000 0.000000
vn 0.099746 -0.454952 0.884912
v -3.019228 2.723022 1.948655 1.000000 0.000000 0.000000
vn 0.407576 -0.358102 -0.840027
v 0.442267 -0.792030 -0.800283 1.000000 0.000000 0.000000
vn 0.207714 -0.037967 0.977453
v -2.663799 3.155699 2.002178 1.000000 0.000000 0.000000
vn -0.170633 0.239033 0.955901
v -3.706382 3.412603 2.003465 1.000000 0.000000 0.000000
vn -0.871076 -0.003612 -0.491135
v -0.839761 0.211530 -0.467799 1.000000 0.000000 0.000000
vn -0.116315 0.258292 -0.959039
v -0.839770 2.796854 -0.494359 1.000000 1.000000 1.000000
vn 0.241168 -0.296850 0.923969
v -1.938799 2.872674 1.762120 1.000000 1.000000 1.000000
vn -0.121181 0.287954 -0.949946
v -3.171837 3.449525 0.191417 1.000000 0.000000 0.000000
vn -0.897695 -0.020009 0.440162
v -0.867759 0.257135 0.411460 1.000000 0.000000 0.000000
vn 0.026655 0.956062 0.291949
v -3.029673 4.091988 1.365861 1.000000 0.000000 0.000000
vn -0.154140 0.525579 -0.836665
v -1.999549 3.620307 -0.003071 1.000000 1.000000 1.000000
vn -0.700443 -0.139150 0.700012
v -0.696406 0.882852 0.688508 1.000000 1.000000 1.000000
vn 0.632892 0.703432 0.323467
v -0.384997 3.463728 0.794344 1.000000 1.000000 1.000000
vn 0.248640 -0.144100 0.957817
v -0.510035 2.435361 1.331080 1.000000 1.000000 1.000000
vn 0.198374 -0.491154 0.848184
v -2.361227 2.727092 1.802669 1.000000 1.000000 1.000000
vn -0.149159 -0.974759 -0.166121
v -3.822210 2.242007 0.974643 1.000000 0.000000 0.000000
vn 0.214087 -0.004720 0.976803
v 0.190810 -0.192871 0.940813 1.000000 0.000000 0.000000
vn -0.194662 -0.693191 -0.693969
v -2.679659 2.507830 0.325771 1.000000 0.000000 0.000000
vn 0.651808 0.584735 -0.482941
v 0.194578 2.723267 -0.199560 1.000000 1.000000 1.000000
vn -0.276239 0.145664 -0.949986
v -1.189583 2.878559 -0.404937 1.000000 1.000000 1.000000
vn 0.587931 0.648082 0.484073
v -0.571746 3.508045 1.003629 1.000000 1.000000 1.000000
vn -0.119590 -0.954605 -0.272815
v -2.423245 2.258563 0.683386 1.000000 1.000000 1.000000
vn -0.986508 0.008035 0.163519
v -0.947100 -0.055459 0.150821 1.000000 0.000000 0.000000
vn 0.059407 0.966259 0.250630
v -2.442302 4.102075 1.229028 1.000000 0.000000 0.000000
vn 0.178119 0.765076 0.618815
v -2.298531 3.909492 1.573795 1.000000 1.000000 1.000000
vn 0.707058 0.592960 -0.385316
v 0.222523 2.770012 -0.092152 1.000000 1.000000 1.000000
vn 0.647980 0.342917 -0.680095
v 0.524169 1.841838 -0.531849 1.000000 1.000000 1.000000
vn 0.183241 0.807030 0.561361
v -2.185905 3.955079 1.478543 1.000000 1.000000 1.000000
vn -0.307656 -0.097257 0.946514
v -0.314480 0.870292 0.916700 1.000000 1.000000 1.000000
vn -0.468342 -0.105358 -0.877243
v -1.184543 2.449989 -0.410506 1.000000 1.000000 1.000000
vn 0.213187 -0.152135 0.965094
v -2.676629 3.045135 1.994635 1.000000 0.000000 0.000000
vn 0.734306 0.552669 0.394147
v 0.019070 3.019967 0.774591 1.000000 1.000000 1.000000
vn -0.142151 -0.976349 0.162900
v -1.972620 2.192701 0.940394 1.000000 1.000000 1.000000
vn -0.105207 0.875262 -0.472068
v -2.773743 4.016090 0.573861 1.000000 0.000000 0.000000
vn 0.955806 -0.002342 0.293990
v 0.913809 0.661342 0.289120 1.000000 0.000000 0.000000
vn 0.668116 0.556430 0.493970
v -0.215629 3.191192 0.938961 1.000000 1.000000 1.000000
vn 0.971845 0.185896 0.144775
v 0.848296 1.625689 0.213402 1.000000 1.000000 1.000000
vn 0.708821 0.692662 -0.133386
v 0.000646 3.156954 0.259487 1.000000 1.000000 1.000000
vn 0.117580 -0.777327 0.618011
v -2.921262 2.435334 1.693789 1.000000 0.000000 0.000000
vn -0.097672 -0.320196 -0.942303
v -3.273682 2.858323 0.216362 1.000000 0.000000 0.000000
vn -0.054760 0.964702 -0.257588
v -2.508675 4.111915 0.754517 1.000000 0.000000 0.000000
vn -0.238874 0.004745 0.971039
v -0.213942 -0.160777 0.936680 1.000000 0.000000 0.000000
vn 0.288374 0.218184 -0.932328
v 0.228400 1.375957 -0.854092 1.000000 1.000000 1.000000
vn -0.986298 -0.000701 -0.164972
v -0.947934 0.629042 -0.162513 1.000000 0.000000 0.000000
vn -0.428760 0.021543 -0.903162
v -0.759875 2.069774 -0.606776 1.000000 1.000000 1.000000
vn 0.393225 -0.099762 -0.914014
v 0.401780 -0.599029 -0.856898 1.000000 0.000000 0.000000
vn -0.313036 -0.282420 0.906779
v -3.754571 2.874197 1.966296 1.000000 0.000000 0.000000
vn 0.070029 0.517100 -0.853055
v -0.875437 3.243528 -0.311892 1.000000 1.000000 1.000000
vn 0.704691 -0.092694 -0.703433
v 0.677749 -0.569580 -0.665702 1.000000 0.000000 0.000000
vn 0.340286 0.260237 -0.903594
v 0.231870 1.658575 -0.779497 1.000000 1.000000 1.000000
vn 0.643737 -0.017482 -0.765047
v 0.609133 0.190205 -0.738619 1.000000 0.000000 0.000000
vn -0.864356 -0.010957 -0.502761
v -0.828627 -0.238882 -0.483308 1.000000 0.000000 0.000000
vn 0.911567 0.067162 0.405628
v 0.855861 1.130598 0.400539 1.000000 1.000000 1.000000
vn -0.380854 -0.007913 -0.924601
v -0.380906 0.476694 -0.876602 1.000000 0.000000 0.000000
vn -0.312048 -0.933399 0.177178
v -1.753482 2.122896 0.826780 1.000000 1.000000 1.000000
vn -0.511538 -0.616778 0.598259
v -1.034622 1.735872 0.890351 1.000000 1.000000 1.000000
vn -0.850987 -0.014060 0.524998
v -0.831893 0.326425 0.479345 1.000000 0.000000 0.000000
vn 0.269172 0.329994 -0.904793
v 0.095031 2.002238 -0.714550 1.000000 1.000000 1.000000
vn 0.214664 -0.430909 0.876491
v -2.244128 2.775855 1.801754 1.000000 1.000000 1.000000
vn -0.113381 -0.899678 -0.421575
v -2.580455 2.323786 0.560808 1.000000 1.000000 1.000000
vn -0.263505 0.031440 -0.964146
v -2.120003 3.171415 -0.113370 1.000000 1.000000 1.000000
vn -0.919203 -0.007587 -0.393712
v -0.880738 -0.025802 -0.382430 1.000000 0.000000 0.000000
vn -0.184513 -0.102282 0.977493
v -0.195914 0.927738 0.953424 1.000000 1.000000 1.000000
vn 0.073043 -0.929060 0.362646
v -2.353256 2.287663 1.281805 1.000000 1.000000 1.000000
vn 0.767036 0.610268 0.198062
v 0.110446 3.019467 0.550375 1.000000 1.000000 1.000000
vn 0.319412 -0.078439 0.944364
v 0.255233 1.163432 0.952634 1.000000 1.000000 1.000000
vn 0.339455 0.791335 -0.508488
v -0.745704 3.596770 0.061582 1.000000 1.000000 1.000000
vn -0.876414 -0.051320 -0.478816
v -0.882012 1.095305 -0.408739 1.000000 1.000000 1.000000
vn 0.128909 0.990031 0.056750
v -1.949860 4.109521 0.923444 1.000000 1.000000 1.000000
vn 0.276962 -0.084283 0.957177
v 0.264863 -0.589740 0.914205 1.000000 0.000000 0.000000
vn 0.360294 0.815741 0.452498
v -1.268814 3.869862 1.144545 1.000000 1.000000 1.000000
vn 0.746804 0.294643 0.596212
v 0.375421 2.320475 0.808685 1.000000 1.000000 1.000000
vn -0.906514 -0.009652 0.422066
v -0.873195 -0.281651 0.394618 1.000000 0.000000 0.000000
vn 0.021795 0.976368 0.215013
v -2.769385 4.112426 1.259137 1.000000 0.000000 0.000000
vn -0.137236 0.961868 0.236594
v -3.629534 4.094663 1.313467 1.000000 0.000000 0.000000
vn -0.885685 -0.000295 0.464287
v -0.857848 0.415967 0.434772 1.000000 0.000000 0.000000
vn -0.103480 -0.300840 0.948044
v -0.324278 1.550361 1.075783 1.000000 1.000000 1.000000
vn 0.104662 -0.177370 0.978563
v -2.995568 3.003476 2.040440 1.000000 0.000000 0.000000
vn 0.165129 -0.290299 0.942581
v -0.989201 2.584147 1.462603 1.000000 1.000000 1.000000
vn 0.069929 -0.243362 0.967411
v -3.096999 2.933462 2.034617 1.000000 0.000000 0.000000
vn -0.091252 -0.567909 0.818018
v -3.553886 2.627748 1.892758 1.000000 0.000000 0.000000
vn 0.656195 0.181896 -0.732340
v 0.603310 1.242926 -0.669912 1.000000 1.000000 1.000000
vn 0.159299 -0.787861 0.594894
v -2.744290 2.419571 1.631865 1.000000 0.000000 0.000000
vn 0.031741 0.112655 0.993127
v -3.193541 3.281428 2.064299 1.000000 0.000000 0.000000
vn -0.039009 -0.119422 -0.992077
v -3.686598 3.054038 0.191763 1.000000 0.000000 0.000000
vn -0.067304 -0.563539 -0.823343
v -3.277953 2.638734 0.327145 1.000000 0.000000 0.000000
vn -0.097410 0.890542 -0.444350
v -2.882004 4.038052 0.639241 1.000000 0.000000 0.000000
vn -0.162540 0.229222 -0.959707
v -0.803099 2.656296 -0.535790 1.000000 1.000000 1.000000
vn 0.966667 0.012968 -0.255708
v 0.924566 0.644758 -0.250269 1.000000 1.000000 1.000000
vn 0.124712 0.987935 -0.091827
v -1.666907 4.064933 0.694150 1.000000 1.000000 1.000000
vn 0.233015 0.969242 0.079208
v -1.442930 4.025091 0.793535 1.000000 1.000000 1.000000
vn -0.040399 -0.999041 -0.016889
v -3.669739 2.224402 1.103896 1.000000 0.000000 0.000000
vn 0.671605 0.719923 0.175090
v -0.293223 3.428114 0.651349 1.000000 1.000000 1.000000
vn 0.988878 -0.000716 -0.148725
v 0.948215 -0.080216 -0.138948 1.000000 0.000000 0.000000
vn -0.163260 0.669673 -0.724489
v -2.364770 3.818675 0.221937 1.000000 1.000000 1.000000
vn -0.313162 -0.016733 -0.949552
v -1.595037 2.933493 -0.275878 1.000000 1.000000 1.000000
vn -0.137754 0.321003 -0.937006
v -1.053792 3.066332 -0.387044 1.000000 1.000000 1.000000
vn 0.174714 -0.001843 0.984618
v 0.153092 -0.062722 0.947678 1.000000 0.000000 0.000000
vn 0.658904 0.024495 -0.751828
v 0.629472 0.711652 -0.719524 1.000000 1.000000 1.000000
vn 0.356261 0.841044 -0.407091
v -0.766490 3.662022 0.162305 1.000000 1.000000 1.000000
vn 0.033409 0.823548 0.566262
v -3.110108 3.963167 1.649679 1.000000 0.000000 0.000000
vn -0.587580 -0.312656 0.746322
v -0.558897 -0.768196 0.714081 1.000000 0.000000 0.000000
vn 0.568280 0.782803 -0.253529
v -0.397000 3.497278 0.270536 1.000000 1.000000 1.000000
vn 0.072238 0.461238 -0.884331
v -0.788312 3.136376 -0.363938 1.000000 1.000000 1.000000
vn -0.038668 -0.993795 0.104294
v -3.643872 2.226443 1.201701 1.000000 0.000000 0.000000
vn -0.115464 0.613059 -0.781554
v -1.873952 3.694255 0.029122 1.000000 1.000000 1.000000
vn -0.337930 -0.463026 -0.819396
v -2.112358 2.667104 0.009281 1.000000 1.000000 1.000000
vn -0.491634 -0.223302 -0.841684
v -1.418523 2.508815 -0.289247 1.000000 1.000000 1.000000
vn 0.222616 0.001818 0.974904
v 0.210350 0.508039 0.938222 1.000000 0.000000 0.000000
vn 0.039237 -0.996880 0.068484
v -2.929243 2.225077 1.141088 1.000000 0.000000 0.000000
vn -0.019325 -0.100438 0.994756
v -0.008286 0.973159 0.976892 1.000000 1.000000 1.000000
vn -0.027398 0.916506 0.399083
v -3.342835 4.055971 1.486485 1.000000 0.000000 0.000000
vn -0.163125 0.723908 -0.670334
v -2.505282 3.888716 0.325048 1.000000 1.000000 1.000000
vn 0.746768 0.657850 -0.097833
v 0.099527 3.050258 0.269542 1.000000 1.000000 1.000000
vn -0.104105 -0.971184 0.214392
v -3.711163 2.245965 1.297100 1.000000 0.000000 0.000000
vn 0.387845 0.568384 0.725614
v -1.312606 3.644650 1.437044 1.000000 1.000000 1.000000
vn 0.312248 0.007516 -0.949971
v 0.314199 0.535956 -0.906366 1.000000 0.000000 0.000000
vn -0.050431 0.998681 0.009665
v -3.530347 4.120824 1.135685 1.000000 0.000000 0.000000
vn 0.169009 -0.406010 0.898104
v -1.517560 2.697737 1.591199 1.000000 1.000000 1.000000
vn -0.112621 0.018255 -0.993470
v -0.098934 0.751459 -0.947237 1.000000 1.000000 1.000000
vn -0.899567 -0.329545 -0.286668
v -0.863055 -0.769527 -0.271617 1.000000 0.000000 0.000000
vn -0.033473 0.326897 -0.944467
v -3.613994 3.499738 0.234924 1.000000 0.000000 0.000000
vn -0.791079 -0.008061 -0.611660
v -0.774155 0.303881 -0.566997 1.000000 0.000000 0.000000
vn -0.054621 0.954792 -0.292212
v -3.568212 4.076910 0.832530 1.000000 0.000000 0.000000
vn 0.216972 0.917732 0.332703
v -1.801835 4.033408 1.159521 1.000000 1.000000 1.000000
vn -0.041947 0.215763 -0.975545
v -3.589424 3.397309 0.205511 1.000000 0.000000 0.000000
vn -0.175076 0.131950 -0.975673
v -3.971285 3.260603 0.229850 1.000000 0.000000 0.000000
vn 0.054694 -0.490983 0.869451
v -3.153103 2.698025 1.946439 1.000000 0.000000 0.000000
vn -0.041726 0.364099 -0.930425
v -3.471871 3.537756 0.244578 1.000000 0.000000 0.000000
vn 0.062833 0.484269 0.872660
v -3.034276 3.617647 1.950283 1.000000 0.000000 0.000000
vn -0.125529 -0.984347 0.123703
v -3.754795 2.232672 1.196730 1.000000 0.000000 0.000000
vn 0.412941 0.200417 -0.888433
v 0.359432 1.323740 -0.816307 1.000000 1.000000 1.000000
vn 0.089865 -0.882709 0.461246
v -2.266617 2.336224 1.371543 1.000000 1.000000 1.000000
vn 0.474027 -0.048146 0.879193
v 0.410031 1.195808 0.886945 1.000000 1.000000 1.000000
vn -0.666231 -0.292990 -0.685779
v -1.200390 2.086580 -0.300162 1.000000 1.000000 1.000000
vn -0.053900 0.506533 -0.860534
v -1.312978 3.419432 -0.203764 1.000000 1.000000 1.000000
vn 0.027209 0.991898 0.124088
v -2.496349 4.128731 1.101886 1.000000 0.000000 0.000000
vn -0.053968 0.925730 -0.374314
v -2.246289 4.061131 0.557035 1.000000 1.000000 1.000000
vn 0.832915 0.383076 0.399380
v 0.476981 2.365574 0.618615 1.000000 1.000000 1.000000
vn -0.750851 -0.013085 -0.660342
v -0.729782 0.416793 -0.623515 1.000000 0.000000 0.000000
vn -0.161091 0.689014 -0.706619
v -2.825493 3.840888 0.355650 1.000000 0.000000 0.000000
vn -0.011200 0.164615 -0.986294
v -0.048107 1.336939 -0.902483 1.000000 1.000000 1.000000
vn 0.445853 -0.047939 0.893821
v 0.290959 1.623557 0.977046 1.000000 1.000000 1.000000
vn -0.004984 0.256598 -0.966505
v -0.220495 2.058899 -0.743772 1.000000 1.000000 1.000000
vn 0.426968 0.158646 -0.890242
v 0.374477 1.191313 -0.836179 1.000000 1.000000 1.000000
vn 0.605692 0.795269 -0.026164
v -0.393722 3.530619 0.470187 1.000000 1.000000 1.000000
vn 0.154916 0.001376 -0.987927
v 0.165953 0.322235 -0.942889 1.000000 0.000000 0.000000
vn -0.099210 0.232557 -0.967509
v -0.385317 2.232223 -0.690460 1.000000 1.000000 1.000000
vn -0.395068 0.063991 -0.916420
v -0.632004 1.964216 -0.669793 1.000000 1.000000 1.000000
vn 0.609288 0.697570 0.377047
v -0.508511 3.528303 0.882783 1.000000 1.000000 1.000000
vn -0.593290 0.031088 -0.804388
v -0.610823 1.211488 -0.721566 1.000000 1.000000 1.000000
vn -0.810966 -0.448402 -0.375858
v -1.250148 1.808160 -0.038345 1.000000 1.000000 1.000000
vn -0.236993 -0.744590 -0.624035
v -3.970366 2.471691 0.531161 1.000000 0.000000 0.000000
vn 0.630963 0.457443 0.626603
v -0.271490 3.124282 1.062394 1.000000 1.000000 1.000000
vn 0.361960 -0.202587 -0.909914
v 0.381687 -0.701934 -0.850482 1.000000 0.000000 0.000000
vn 0.249595 0.907984 -0.336553
v -1.211416 3.903110 0.377855 1.000000 1.000000 1.000000
vn -0.998798 0.010955 -0.047783
v -0.957982 -0.216133 -0.047040 1.000000 0.000000 0.000000
vn -0.069270 0.211797 -0.974856
v -0.228066 1.942517 -0.772267 1.000000 1.000000 1.000000
vn -0.191797 -0.613533 -0.766023
v -2.777048 2.598414 0.271226 1.000000 0.000000 0.000000
vn 0.979016 -0.003348 -0.203755
v 0.939272 0.417616 -0.192631 1.000000 0.000000 0.000000
vn -0.027706 0.991841 -0.124433
v -3.209436 4.122009 0.998630 1.000000 0.000000 0.000000
vn -0.087788 -0.961559 -0.260189
v -3.784860 2.260327 0.883819 1.000000 0.000000 0.000000
vn -0.852430 -0.003178 -0.522832
v -0.822330 -0.015674 -0.496509 1.000000 0.000000 0.000000
vn 0.679438 -0.239544 -0.693529
v 0.640664 -0.714325 -0.674209 1.000000 0.000000 0.000000
vn -0.033017 -0.846575 -0.531245
v -3.281097 2.356502 0.627142 1.000000 0.000000 0.000000
vn -0.890138 0.006575 -0.455643
v -0.855716 0.461893 -0.439908 1.000000 0.000000 0.000000
vn 0.002171 0.009946 0.999948
v -0.001448 0.208801 0.960388 1.000000 0.000000 0.000000
vn 0.482667 0.222906 0.846962
v -0.608227 3.038006 1.349832 1.000000 1.000000 1.000000
vn 0.427857 0.846849 0.315888
v -1.119251 3.864914 0.998753 1.000000 1.000000 1.000000
vn -0.182969 0.113851 0.976504
v -3.714450 3.282629 2.025843 1.000000 0.000000 0.000000
vn 0.411807 0.853253 -0.319961
v -0.689652 3.656502 0.230705 1.000000 1.000000 1.000000
vn -0.674408 0.007347 -0.738322
v -0.709316 1.355118 -0.637082 1.000000 1.000000 1.000000
vn -0.200498 0.425405 -0.882514
v -2.203000 3.556200 0.004514 1.000000 1.000000 1.000000
vn 0.717495 0.696124 -0.024744
v -0.005169 3.174793 0.356609 1.000000 1.000000 1.000000
vn 0.871195 0.004188 -0.490919
v 0.833619 0.385047 -0.475289 1.000000 0.000000 0.000000
vn 0.279356 -0.346145 -0.895625
v 0.284649 -0.797987 -0.860559 1.000000 0.000000 0.000000
vn 0.093406 0.994161 -0.054023
v -1.987119 4.113312 0.827025 1.000000 1.000000 1.000000
vn -0.945119 -0.015389 0.326363
v -0.910028 0.230720 0.308407 1.000000 0.000000 0.000000
vn 0.861795 0.082003 -0.500585
v 0.819573 0.900309 -0.469356 1.000000 1.000000 1.000000
vn -0.302366 -0.847492 0.436272
v -3.857628 2.345268 1.477203 1.000000 0.000000 0.000000
vn 0.158722 0.028927 -0.986899
v 0.160268 0.710956 -0.942657 1.000000 1.000000 1.000000
vn 0.430876 0.717733 -0.546996
v -0.425202 3.319713 -0.090817 1.000000 1.000000 1.000000
vn -0.936689 -0.057887 0.345345
v -0.907926 0.743172 0.334660 1.000000 1.000000 1.000000
vn -0.011392 -0.997955 0.062904
v -2.397686 2.226242 1.006934 1.000000 1.000000 1.000000
vn 0.406363 0.024697 0.913378
v -0.361938 2.609243 1.291367 1.000000 1.000000 1.000000
vn 0.251535 -0.004182 -0.967839
v 0.262727 0.231473 -0.922835 1.000000 0.000000 0.000000
vn 0.898179 0.364285 -0.246109
v 0.742032 1.925227 -0.095008 1.000000 1.000000 1.000000
vn -0.203156 0.128825 -0.970635
v -0.217759 1.335179 -0.883337 1.000000 1.000000 1.000000
vn -0.995087 -0.008633 0.098625
v -0.955464 0.174679 0.100936 1.000000 0.000000 0.000000
vn -0.135767 -0.789174 -0.598975
v -3.894918 2.440789 0.540367 1.000000 0.000000 0.000000
vn 0.714002 0.564503 -0.414171
v 0.347472 2.565317 -0.167491 1.000000 1.000000 1.000000
vn 0.295917 -0.034045 0.954607
v -1.320769 3.044281 1.631281 1.000000 1.000000 1.000000
vn -0.137162 0.221903 -0.965373
v -0.480185 2.325284 -0.656869 1.000000 1.000000 1.000000
vn -0.190666 -0.284696 0.939465
v -0.339773 1.362570 1.015547 1.000000 1.000000 1.000000
vn 0.274726 0.106433 0.955614
v -1.933208 3.289850 1.804943 1.000000 1.000000 1.000000
vn -0.021785 -0.995355 0.093778
v -2.265437 2.222861 0.991100 1.000000 1.000000 1.000000
vn 0.099467 -0.228820 0.968374
v -0.219274 1.778177 1.140900 1.000000 1.000000 1.000000
vn 0.822525 0.564223 -0.071447
v 0.335956 2.743825 0.215043 1.000000 1.000000 1.000000
vn -0.322737 -0.254088 -0.911746
v -2.012937 2.852436 -0.109167 1.000000 1.000000 1.000000
vn -0.088536 0.762910 -0.640414
v -3.128172 3.903378 0.479517 1.000000 0.000000 0.000000
vn -0.702646 -0.498068 -0.508150
v -1.413332 2.075961 -0.053663 1.000000 1.000000 1.000000
vn 0.324861 0.107022 0.939687
v -1.313644 3.177182 1.626157 1.000000 1.000000 1.000000
vn -0.031480 -0.912138 -0.408673
v -3.287291 2.301858 0.730533 1.000000 0.000000 0.000000
vn 0.273461 0.894660 -0.353273
v -1.099704 3.843410 0.307283 1.000000 1.000000 1.000000
vn 0.049017 0.270145 0.961571
v -3.062752 3.418723 2.033325 1.000000 0.000000 0.000000
vn 0.712748 0.263046 -0.650228
v 0.615120 1.589885 -0.555743 1.000000 1.000000 1.000000
vn 0.050407 0.951085 0.304791
v -2.735076 4.084651 1.358021 1.000000 0.000000 0.000000
vn 0.634218 0.109899 -0.765304
v 0.583217 1.012396 -0.736822 1.000000 1.000000 1.000000
vn 0.909027 0.111400 0.401573
v 0.806017 1.467183 0.443772 1.000000 1.000000 1.000000
vn -0.069529 0.275886 -0.958672
v -3.369557 3.432474 0.203805 1.000000 0.000000 0.000000
vn 0.001125 0.799033 0.601286
v -3.250052 3.944371 1.681009 1.000000 0.000000 0.000000
vn -0.427591 -0.101447 -0.898262
v -1.296707 2.599484 -0.370537 1.000000 1.000000 1.000000
vn 0.357426 0.929421 0.091785
v -1.200217 3.953915 0.769319 1.000000 1.000000 1.000000
vn -0.261107 -0.002078 0.965308
v -0.235759 0.237573 0.930011 1.000000 0.000000 0.000000
vn -0.170064 0.378354 -0.909905
v -3.817983 3.520382 0.258792 1.000000 0.000000 0.000000
vn -0.276120 -0.056634 -0.959453
v -2.400197 3.116737 -0.034782 1.000000 1.000000 1.000000
vn -0.050028 -0.202627 0.977977
v -3.434017 2.979174 2.050401 1.000000 0.000000 0.000000
vn 0.261218 -0.257482 0.930305
v 0.269748 -0.702791 0.898152 1.000000 0.000000 0.000000
vn -0.765605 -0.590225 0.255898
v -1.140155 1.582595 0.517188 1.000000 1.000000 1.000000
vn -0.140324 -0.356094 -0.923854
v -3.908323 2.825828 0.257894 1.000000 0.000000 0.000000
vn -0.234348 0.739445 -0.631112
v -3.815116 3.867757 0.502996 1.000000 0.000000 0.000000
vn 0.966341 0.003222 -0.257243
v 0.925518 -0.044052 -0.244619 1.000000 0.000000 0.000000
vn 0.102562 0.134767 -0.985555
v 0.068227 1.211107 -0.917425 1.000000 1.000000 1.000000
vn 0.274274 0.675093 -0.684853
v -0.668196 3.397829 -0.145919 1.000000 1.000000 1.000000
vn 0.701393 0.009911 0.712706
v 0.669117 -0.146344 0.690743 1.000000 0.000000 0.000000
vn -0.167710 -0.085548 -0.982117
v -3.904272 3.041971 0.204692 1.000000 0.000000 0.000000
vn -0.217338 -0.567013 -0.794519
v -2.679555 2.643788 0.210698 1.000000 1.000000 1.000000
vn -0.890059 -0.020224 -0.455398
v -0.865044 0.837747 -0.424891 1.000000 1.000000 1.000000
vn 0.931071 0.357816 0.071242
v 0.709059 2.074826 0.215922 1.000000 1.000000 1.000000
vn -0.062886 0.943411 -0.325608
v -2.421596 4.085050 0.651164 1.000000 1.000000 1.000000
vn 0.248416 -0.148886 0.957143
v -2.304292 3.050375 1.903676 1.000000 1.000000 1.000000
vn -0.058385 -0.746415 0.662914
v -1.564020 2.322234 1.312569 1.000000 1.000000 1.000000
vn -0.278989 -0.109638 -0.954015
v -2.191427 3.032614 -0.087724 1.000000 1.000000 1.000000
vn -0.355468 0.745426 -0.563899
v -3.878050 3.871236 0.547268 1.000000 0.000000 0.000000
vn -0.170671 -0.137563 -0.975678
v -3.027168 3.044943 0.134224 1.000000 0.000000 0.000000
vn 0.269015 -0.014285 0.963030
v 0.266170 0.612332 0.924695 1.000000 0.000000 0.000000
vn 0.213890 -0.035075 0.976228
v 0.208646 0.854225 0.944070 1.000000 0.000000 0.000000
vn -0.202274 0.323017 -0.924525
v -1.962403 3.428636 -0.104170 1.000000 1.000000 1.000000
vn 0.782269 0.555900 0.281125
v 0.160969 2.928662 0.612345 1.000000 1.000000 1.000000
vn -0.173533 -0.548531 0.817924
v -1.003143 2.108355 1.226987 1.000000 1.000000 1.000000
vn 0.503762 0.691425 -0.517838
v -0.247782 3.204506 -0.087120 1.000000 1.000000 1.000000
vn 0.768792 0.013939 0.639347
v 0.710481 0.972349 0.644117 1.000000 1.000000 1.000000
vn 0.276235 0.958415 0.071659
v -1.341303 4.000535 0.763941 1.000000 1.000000 1.000000
vn -0.044641 0.859914 -0.508484
v -3.326984 3.997611 0.630590 1.000000 0.000000 0.000000
vn -0.171525 -0.983587 0.056007
v -2.003180 2.186771 0.836147 1.000000 1.000000 1.000000
vn -0.030317 -0.727580 -0.685353
v -3.537409 2.477697 0.478867 1.000000 0.000000 0.000000
vn 0.971560 0.046847 0.232115
v 0.923706 0.909606 0.234436 1.000000 1.000000 1.000000
vn 0.507944 0.320251 0.799645
v -0.640325 3.165608 1.328524 1.000000 1.000000 1.000000
vn 0.236993 0.287786 0.927908
v -2.440682 3.462233 1.911995 1.000000 0.000000 0.000000
vn 0.015276 -0.993302 0.114529
v -3.149911 2.225037 1.228713 1.000000 0.000000 0.000000
vn 0.606067 0.010586 0.795343
v 0.587607 -0.140663 0.761875 1.000000 0.000000 0.000000
vn -0.028685 -0.363701 0.931074
v -0.553447 1.966440 1.211174 1.000000 1.000000 1.000000
vn 0.262274 -0.112100 0.958460
v 0.168135 1.358595 0.998574 1.000000 1.000000 1.000000
vn 0.295594 0.857408 -0.421280
v -0.901574 3.724770 0.183813 1.000000 1.000000 1.000000
vn -0.918390 -0.091583 0.384933
v -0.898414 0.842794 0.376125 1.000000 1.000000 1.000000
vn 0.439290 0.107832 0.891850
v -0.384563 2.718631 1.293608 1.000000 1.000000 1.000000
vn 0.557374 -0.010867 -0.830190
v 0.518475 0.258968 -0.808429 1.000000 0.000000 0.000000
vn 0.010084 -0.198591 0.980031
v -3.295976 2.988260 2.054781 1.000000 0.000000 0.000000
vn -0.340320 0.003292 -0.940304
v -0.328120 0.384649 -0.897560 1.000000 0.000000 0.000000
vn 0.137958 -0.804242 0.578068
v -2.307294 2.409736 1.504802 1.000000 1.000000 1.000000
vn -0.568512 0.011265 -0.822598
v -0.552345 -0.069110 -0.784631 1.000000 0.000000 0.000000
vn -0.047867 0.986498 -0.156620
v -2.765435 4.122796 0.882270 1.000000 0.000000 0.000000
vn 0.016358 0.431725 -0.901857
v -0.897318 3.155089 -0.360918 1.000000 1.000000 1.000000
vn -0.027089 0.957326 -0.287738
v -2.275708 4.093821 0.656562 1.000000 1.000000 1.000000
vn 0.250506 -0.183938 0.950481
v -1.938320 2.996237 1.794204 1.000000 1.000000 1.000000
vn -0.998501 -0.008645 0.054046
v -0.958449 -0.247340 0.050395 1.000000 0.000000 0.000000
vn 0.112808 0.415805 -0.902430
v -0.467151 2.801513 -0.497184 1.000000 1.000000 1.000000
vn -0.041243 -0.588785 -0.807237
v -3.736861 2.625371 0.357227 1.000000 0.000000 0.000000
vn -0.932332 0.000536 -0.361603
v -0.896304 -0.286125 -0.343689 1.000000 0.000000 0.000000
vn 0.956764 0.001520 -0.290861
v 0.914000 0.506004 -0.290427 1.000000 0.000000 0.000000
vn 0.758141 0.652091 0.000050
v 0.088609 3.072026 0.380250 1.000000 1.000000 1.000000
vn 0.979796 0.030368 -0.197680
v 0.938730 0.731781 -0.183958 1.000000 1.000000 1.000000
vn -0.352202 -0.601399 0.717129
v -1.006982 1.919340 1.083325 1.000000 1.000000 1.000000
vn -0.260433 0.061106 -0.963556
v -2.219070 3.210204 -0.085193 1.000000 1.000000 1.000000
vn -0.052218 0.989994 0.131092
v -3.528056 4.113739 1.239990 1.000000 0.000000 0.000000
vn -0.022746 -0.572238 0.819772
v -1.258965 2.371714 1.376649 1.000000 1.000000 1.000000
vn 0.201005 -0.518810 0.830923
v -2.195259 2.685421 1.739230 1.000000 1.000000 1.000000
vn 0.082347 -0.572508 0.815754
v -3.044625 2.636537 1.898710 1.000000 0.000000 0.000000
vn 0.056891 0.772067 0.632989
v -3.033408 3.919156 1.704890 1.000000 0.000000 0.000000
vn 0.955801 0.010804 0.293814
v 0.916640 -0.021506 0.286736 1.000000 0.000000 0.000000
vn -0.869922 -0.360883 -0.336154
v -1.122474 1.599596 -0.101501 1.000000 1.000000 1.000000
vn 0.460735 0.520255 -0.719067
v 0.031328 2.658425 -0.407608 1.000000 1.000000 1.000000
vn -0.869331 -0.006451 -0.494188
v -0.836887 -0.123581 -0.471402 1.000000 0.000000 0.000000
vn -0.106535 -0.542564 -0.833231
v -3.168108 2.668537 0.295465 1.000000 0.000000 0.000000
vn -0.914860 -0.004056 -0.403751
v -0.877232 0.359732 -0.395434 1.000000 0.000000 0.000000
vn 0.217098 0.006797 -0.976126
v 0.212527 0.616139 -0.934225 1.000000 0.000000 0.000000
# 2677 vertices, 0 vertices normals

f 1341//1341 479//479 1192//1192
f 1192//1192 1394//1394 1341//1341
f 479//479 398//398 1192//1192
f 1341//1341 1780//1780 479//479
f 1394//1394 1494//1494 1341//1341
f 1192//1192 985//985 1394//1394
f 398//398 619//619 1192//1192
f 479//479 176//176 398//398
f 1780//1780 355//355 479//479
f 1341//1341 2639//2639 1780//1780
f 1494//1494 2639//2639 1341//1341
f 1494//1494 1535//1535 2639//2639
f 1394//1394 950//950 1494//1494
f 985//985 2375//2375 1394//1394
f 1192//1192 619//619 985//985
f 619//619 629//629 985//985
f 398//398 992//992 619//619
f 176//176 821//821 398//398
f 479//479 355//355 176//176
f 355//355 1175//1175 176//176
f 1780//1780 2018//2018 355//355
f 2639//2639 2559//2559 1780//1780
f 1535//1535 2559//2559 2639//2639
f 1535//1535 1148//1148 2559//2559
f 1494//1494 1225//1225 1535//1535
f 950//950 1221//1221 1494//1494
f 1394//1394 2375//2375 950//950
f 2375//2375 1293//1293 950//950
f 985//985 2111//2111 2375//2375
f 629//629 2111//2111 985//985
f 629//629 1425//1425 2111//2111
f 619//619 214//214 629//629
f 992//992 2412//2412 619//619
f 398//398 821//821 992//992
f 821//821 384//384 992//992
f 176//176 2035//2035 821//821
f 1175//1175 2545//2545 176//176
f 355//355 87//87 1175//1175
f 2018//2018 87//87 355//355
f 2018//2018 1053//1053 87//87
f 1780//1780 2559//2559 2018//2018
f 2559//2559 1053//1053 2018//2018
f 2559//2559 247//247 1053//1053
f 1148//1148 247//247 2559//2559
f 1148//1148 1441//1441 247//247
f 1535//1535 1225//1225 1148//1148
f 1225//1225 825//825 1148//1148
f 1494//1494 1221//1221 1225//1225
f 1221//1221 1745//1745 1225//1225
f 950//950 1293//1293 1221//1221
f 1293//1293 680//680 1221//1221
f 2375//2375 74//74 1293//1293
f 2111//2111 1857//1857 2375//2375
f 1425//1425 1857//1857 2111//2111
f 1425//1425 839//839 1857//1857
f 629//629 507//507 1425//1425
f 214//214 507//507 629//629
f 214//214 2038//2038 507//507
f 619//619 2412//2412 214//214
f 2412//2412 2038//2038 214//214
f 2412//2412 2541//2541 2038//2038
f 992//992 2541//2541 2412//2412
f 992//992 2404//2404 2541//2541
f 384//384 2404//2404 992//992
f 384//384 1047//1047 2404//2404
f 821//821 59//59 384//384
f 2035//2035 59//59 821//821
f 2035//2035 2427//2427 59//59
f 176//176 2545//2545 2035//2035
f 2545//2545 2427//2427 2035//2035
f 2545//2545 2081//2081 2427//2427
f 1175//1175 1580//1580 2545//2545
f 87//87 1630//1630 1175//1175
f 1053//1053 2352//2352 87//87
f 247//247 2173//2173 1053//1053
f 1441//1441 2369//2369 247//247
f 1148//1148 825//825 1441//1441
f 825//825 404//404 1441//1441
f 1225//1225 939//939 825//825
f 1745//1745 939//939 1225//1225
f 1745//1745 1474//1474 939//939
f 1221//1221 680//680 1745//1745
f 680//680 266//266 1745//1745
f 1293//1293 1352//1352 680//680
f 74//74 735//735 1293//1293
f 2375//2375 1857//1857 74//74
f 1857//1857 839//839 74//74
f 839//839 795//795 74//74
f 1425//1425 1622//1622 839//839
f 507//507 2343//2343 1425//1425
f 2038//2038 1054//1054 507//507
f 2541//2541 1456//1456 2038//2038
f 2404//2404 1456//1456 2541//2541
f 2404//2404 2154//2154 1456//1456
f 1047//1047 2154//2154 2404//2404
f 1047//1047 2484//2484 2154//2154
f 384//384 59//59 1047//1047
f 59//59 2100//2100 1047//1047
f 2427//2427 1750//1750 59//59
f 2081//2081 1934//1934 2427//2427
f 2545//2545 1580//1580 2081//2081
f 1580//1580 1516//1516 2081//2081
f 1175//1175 1630//1630 1580//1580
f 1630//1630 64//64 1580//1580
f 87//87 2352//2352 1630//1630
f 2352//2352 2338//2338 1630//1630
f 1053//1053 1647//1647 2352//2352
f 2173//2173 1647//1647 1053//1053
f 2173//2173 615//615 1647//1647
f 247//247 2369//2369 2173//2173
f 2369//2369 1363//1363 2173//2173
f 1441//1441 404//404 2369//2369
f 404//404 1363//1363 2369//2369
f 404//404 561//561 1363//1363
f 825//825 1594//1594 404//404
f 939//939 1684//1684 825//825
f 1474//1474 1684//1684 939//939
f 1474//1474 134//134 1684//1684
f 1745//1745 266//266 1474//1474
f 266//266 1677//1677 1474//1474
f 680//680 1662//1662 266//266
f 1352//1352 1662//1662 680//680
f 1352//1352 722//722 1662//1662
f 1293//1293 735//735 1352//1352
f 735//735 670//670 1352//1352
f 74//74 795//795 735//735
f 795//795 670//670 735//735
f 795//795 2507//2507 670//670
f 839//839 817//817 795//795
f 1622//1622 253//253 839//839
f 1425//1425 2343//2343 1622//1622
f 2343//2343 281//281 1622//1622
f 507//507 1035//1035 2343//2343
f 1054//1054 1035//1035 507//507
f 1054//1054 436//436 1035//1035
f 2038//2038 48//48 1054//1054
f 1456//1456 48//48 2038//2038
f 1456//1456 285//285 48//48
f 2154//2154 285//285 1456//1456
f 2154//2154 1083//1083 285//285
f 2484//2484 1083//1083 2154//2154
f 2484//2484 1068//1068 1083//1083
f 1047//1047 2100//2100 2484//2484
f 2100//2100 1115//1115 2484//2484
f 59//59 1750//1750 2100//2100
f 1750//1750 748//748 2100//2100
f 2427//2427 1934//1934 1750//1750
f 1934//1934 1166//1166 1750//1750
f 2081//2081 1985//1985 1934//1934
f 1516//1516 1985//1985 2081//2081
f 1516//1516 292//292 1985//1985
f 1580//1580 64//64 1516//1516
f 64//64 292//292 1516//1516
f 64//64 1744//1744 292//292
f 1630//1630 2328//2328 64//64
f 2338//2338 2328//2328 1630//1630
f 2338//2338 356//356 2328//2328
f 2352//2352 310//310 2338//2338
f 1647//1647 2647//2647 2352//2352
f 615//615 2647//2647 1647//1647
f 615//615 2576//2576 2647//2647
f 2173//2173 2141//2141 615//615
f 1363//1363 2141//2141 2173//2173
f 1363//1363 804//804 2141//2141
f 561//561 804//804 1363//1363
f 561//561 2099//2099 804//804
f 404//404 836//836 561//561
f 1594//1594 836//836 404//404
f 1594//1594 1653//1653 836//836
f 825//825 1684//1684 1594//1594
f 1684//1684 1248//1248 1594//1594
f 134//134 1248//1248 1684//1684
f 134//134 812//812 1248//1248
f 1474//1474 776//776 134//134
f 1677//1677 776//776 1474//1474
f 1677//1677 2593//2593 776//776
f 266//266 2268//2268 1677//1677
f 1662//1662 2268//2268 266//266
f 1662//1662 722//722 2268//2268
f 722//722 1747//1747 2268//2268
f 1352//1352 670//670 722//722
f 670//670 160//160 722//722
f 2507//2507 160//160 670//670
f 2507//2507 770//770 160//160
f 795//795 502//502 2507//2507
f 817//817 502//502 795//795
f 817//817 587//587 502//502
f 839//839 253//253 817//817
f 253//253 391//391 817//817
f 1622//1622 281//281 253//253
f 281//281 2560//2560 253//253
f 2343//2343 552//552 281//281
f 1035//1035 436//436 2343//2343
f 436//436 552//552 2343//2343
f 436//436 2097//2097 552//552
f 1054//1054 48//48 436//436
f 48//48 1395//1395 436//436
f 285//285 1395//1395 48//48
f 285//285 785//785 1395//1395
f 1083//1083 297//297 285//285
f 1068//1068 2537//2537 1083//1083
f 2484//2484 1115//1115 1068//1068
f 1115//1115 43//43 1068//1068
f 2100//2100 748//748 1115//1115
f 748//748 876//876 1115//1115
f 1750//1750 1810//1810 748//748
f 1166//1166 1810//1810 1750//1750
f 1166//1166 767//767 1810//1810
f 1934//1934 1985//1985 1166//1166
f 1985//1985 2423//2423 1166//1166
f 292//292 24//24 1985//1985
f 1744//1744 620//620 292//292
f 64//64 2328//2328 1744//1744
f 2328//2328 889//889 1744//1744
f 356//356 889//889 2328//2328
f 356//356 1062//1062 889//889
f 2338//2338 310//310 356//356
f 310//310 117//117 356//356
f 2352//2352 2647//2647 310//310
f 2647//2647 2576//2576 310//310
f 2576//2576 1671//1671 310//310
f 615//615 179//179 2576//2576
f 2141//2141 179//179 615//615
f 2141//2141 2405//2405 179//179
f 804//804 1818//1818 2141//2141
f 2099//2099 1975//1975 804//804
f 561//561 2470//2470 2099//2099
f 836//836 972//972 561//561
f 1653//1653 972//972 836//836
f 1653//1653 1367//1367 972//972
f 1594//1594 1248//1248 1653//1653
f 1248//1248 812//812 1653//1653
f 812//812 943//943 1653//1653
f 134//134 497//497 812//812
f 776//776 497//497 134//134
f 776//776 2583//2583 497//497
f 2593//2593 2583//2583 776//776
f 2593//2593 1787//1787 2583//2583
f 1677//1677 2268//2268 2593//2593
f 2268//2268 1747//1747 2593//2593
f 1747//1747 1787//1787 2593//2593
f 1747//1747 291//291 1787//1787
f 722//722 160//160 1747//1747
f 160//160 184//184 1747//1747
f 770//770 112//112 160//160
f 2507//2507 556//556 770//770
f 502//502 671//671 2507//2507
f 587//587 671//671 502//502
f 587//587 511//511 671//671
f 817//817 391//391 587//587
f 391//391 2462//2462 587//587
f 253//253 2560//2560 391//391
f 2560//2560 635//635 391//391
f 281//281 1615//1615 2560//2560
f 552//552 1615//1615 281//281
f 552//552 952//952 1615//1615
f 2097//2097 1488//1488 552//552
f 436//436 1395//1395 2097//2097
f 1395//1395 713//713 2097//2097
f 785//785 151//151 1395//1395
f 285//285 297//297 785//785
f 297//297 702//702 785//785
f 1083//1083 807//807 297//297
f 2537//2537 807//807 1083//1083
f 2537//2537 465//465 807//807
f 1068//1068 1061//1061 2537//2537
f 43//43 1061//1061 1068//1068
f 43//43 1796//1796 1061//1061
f 1115//1115 876//876 43//43
f 876//876 1796//1796 43//43
f 876//876 1515//1515 1796//1796
f 748//748 1810//1810 876//876
f 1810//1810 381//381 876//876
f 767//767 381//381 1810//1810
f 767//767 2067//2067 381//381
f 1166//1166 2423//2423 767//767
f 2423//2423 1430//1430 767//767
f 1985//1985 24//24 2423//2423
f 24//24 2150//2150 2423//2423
f 292//292 620//620 24//24
f 620//620 1867//1867 24//24
f 1744//1744 641//641 620//620
f 889//889 641//641 1744//1744
f 889//889 1926//1926 641//641
f 1062//1062 123//123 889//889
f 356//356 117//117 1062//1062
f 117//117 254//254 1062//1062
f 310//310 1671//1671 117//117
f 1671//1671 254//254 117//117
f 1671//1671 1072//1072 254//254
f 2576//2576 179//179 1671//1671
f 179//179 2259//2259 1671//1671
f 2405//2405 2259//2259 179//179
f 2405//2405 2385//2385 2259//2259
f 2141//2141 1818//1818 2405//2405
f 1818//1818 322//322 2405//2405
f 804//804 1975//1975 1818//1818
f 1975//1975 171//171 1818//1818
f 2099//2099 2351//2351 1975//1975
f 2470//2470 1154//1154 2099//2099
f 561//561 972//972 2470//2470
f 972//972 1154//1154 2470//2470
f 972//972 1367//1367 1154//1154
f 1367//1367 1135//1135 1154//1154
f 1653//1653 943//943 1367//1367
f 943//943 520//520 1367//1367
f 812//812 272//272 943//943
f 497//497 272//272 812//812
f 497//497 1889//1889 272//272
f 2583//2583 1889//1889 497//497
f 2583//2583 1600//1600 1889//1889
f 1787//1787 401//401 2583//2583
f 291//291 149//149 1787//1787
f 1747//1747 184//184 291//291
f 184//184 23//23 291//291
f 160//160 112//112 184//184
f 112//112 1422//1422 184//184
f 770//770 6//6 112//112
f 556//556 1376//1376 770//770
f 2507//2507 671//671 556//556
f 671//671 1310//1310 556//556
f 511//511 1310//1310 671//671
f 511//511 126//126 1310//1310
f 587//587 2462//2462 511//511
f 2462//2462 1530//1530 511//511
f 391//391 635//635 2462//2462
f 635//635 1530//1530 2462//2462
f 635//635 959//959 1530//1530
f 2560//2560 1615//1615 635//635
f 1615//1615 959//959 635//635
f 1615//1615 1457//1457 959//959
f 952//952 2604//2604 1615//1615
f 552//552 1488//1488 952//952
f 1488//1488 2132//2132 952//952
f 2097//2097 713//713 1488//1488
f 713//713 1592//1592 1488//1488
f 1395//1395 151//151 713//713
f 151//151 2164//2164 713//713
f 785//785 403//403 151//151
f 702//702 403//403 785//785
f 702//702 1007//1007 403//403
f 297//297 807//807 702//702
f 807//807 794//794 702//702
f 465//465 794//794 807//807
f 465//465 2028//2028 794//794
f 2537//2537 1061//1061 465//465
f 1061//1061 1196//1196 465//465
f 1796//1796 1196//1196 1061//1061
f 1796//1796 1578//1578 1196//1196
f 1515//1515 1578//1578 1796//1796
f 1515//1515 827//827 1578//1578
f 876//876 381//381 1515//1515
f 381//381 2565//2565 1515//1515
f 2067//2067 2565//2565 381//381
f 2067//2067 2662//2662 2565//2565
f 767//767 2456//2456 2067//2067
f 1430//1430 2456//2456 767//767
f 1430//1430 2630//2630 2456//2456
f 2423//2423 2150//2150 1430//1430
f 2150//2150 2630//2630 1430//1430
f 2150//2150 1962//1962 2630//2630
f 24//24 1867//1867 2150//2150
f 1867//1867 113//113 2150//2150
f 620//620 1715//1715 1867//1867
f 641//641 1715//1715 620//620
f 641//641 1844//1844 1715//1715
f 1926//1926 922//922 641//641
f 889//889 123//123 1926//1926
f 123//123 983//983 1926//1926
f 1062//1062 254//254 123//123
f 254//254 984//984 123//123
f 1072//1072 984//984 254//254
f 1072//1072 1445//1445 984//984
f 1671//1671 2259//2259 1072//1072
f 2259//2259 491//491 1072//1072
f 2385//2385 491//491 2259//2259
f 2385//2385 566//566 491//491
f 2405//2405 2182//2182 2385//2385
f 322//322 2182//2182 2405//2405
f 322//322 171//171 2182//2182
f 171//171 322//322 1818//1818
f 1975//1975 1137//1137 171//171
f 2351//2351 1137//1137 1975//1975
f 2351//2351 241//241 1137//1137
f 2099//2099 526//526 2351//2351
f 1154//1154 526//526 2099//2099
f 1154//1154 2388//2388 526//526
f 1135//1135 2388//2388 1154//1154
f 1135//1135 2203//2203 2388//2388
f 1367//1367 520//520 1135//1135
f 520//520 2341//2341 1135//1135
f 943//943 427//427 520//520
f 272//272 427//427 943//943
f 272//272 1252//1252 427//427
f 1889//1889 1252//1252 272//272
f 1889//1889 1600//1600 1252//1252
f 1600//1600 788//788 1252//1252
f 2583//2583 401//401 1600//1600
f 401//401 692//692 1600//1600
f 1787//1787 149//149 401//401
f 149//149 692//692 401//401
f 149//149 1891//1891 692//692
f 291//291 23//23 149//149
f 23//23 1891//1891 149//149
f 23//23 433//433 1891//1891
f 184//184 1741//1741 23//23
f 1422//1422 1741//1741 184//184
f 1422//1422 1065//1065 1741//1741
f 112//112 2177//2177 1422//1422
f 6//6 2177//2177 112//112
f 6//6 1360//1360 2177//2177
f 770//770 1376//1376 6//6
f 1376//1376 1921//1921 6//6
f 556//556 1310//1310 1376//1376
f 1310//1310 1921//1921 1376//1376
f 1310//1310 1469//1469 1921//1921
f 126//126 1469//1469 1310//1310
f 126//126 1841//1841 1469//1469
f 511//511 1295//1295 126//126
f 1530//1530 1295//1295 511//511
f 1530//1530 2376//2376 1295//1295
f 959//959 2376//2376 1530//1530
f 959//959 1457//1457 2376//2376
f 1457//1457 2634//2634 2376//2376
f 1615//1615 2604//2604 1457//1457
f 2604//2604 2634//2634 1457//1457
f 2604//2604 2167//2167 2634//2634
f 952//952 2132//2132 2604//2604
f 2132//2132 2167//2167 2604//2604
f 2132//2132 706//706 2167//2167
f 1488//1488 1592//1592 2132//2132
f 1592//1592 706//706 2132//2132
f 1592//1592 1470//1470 706//706
f 713//713 1212//1212 1592//1592
f 2164//2164 1212//1212 713//713
f 2164//2164 1529//1529 1212//1212
f 151//151 403//403 2164//2164
f 403//403 1079//1079 2164//2164
f 1007//1007 1079//1079 403//403
f 1007//1007 2562//2562 1079//1079
f 702//702 794//794 1007//1007
f 794//794 872//872 1007//1007
f 2028//2028 872//872 794//794
f 2028//2028 1246//1246 872//872
f 465//465 2494//2494 2028//2028
f 1196//1196 2494//2494 465//465
f 1196//1196 108//108 2494//2494
f 1578//1578 108//108 1196//1196
f 1578//1578 2124//2124 108//108
f 827//827 172//172 1578//1578
f 1515//1515 2429//2429 827//827
f 2565//2565 2429//2429 1515//1515
f 2565//2565 2662//2662 2429//2429
f 2662//2662 2505//2505 2429//2429
f 2067//2067 1158//1158 2662//2662
f 2456//2456 1158//1158 2067//2067
f 2456//2456 676//676 1158//1158
f 2630//2630 676//676 2456//2456
f 2630//2630 1962//1962 676//676
f 1962//1962 779//779 676//676
f 2150//2150 113//113 1962//1962
f 113//113 1039//1039 1962//1962
f 1867//1867 1487//1487 113//113
f 1715//1715 1487//1487 1867//1867
f 1715//1715 1844//1844 1487//1487
f 1844//1844 982//982 1487//1487
f 641//641 922//922 1844//1844
f 922//922 1296//1296 1844//1844
f 1926//1926 983//983 922//922
f 983//983 1296//1296 922//922
f 983//983 2311//2311 1296//1296
f 123//123 912//912 983//983
f 984//984 912//912 123//123
f 984//984 2301//2301 912//912
f 1445//1445 2301//2301 984//984
f 1445//1445 1361//1361 2301//2301
f 1072//1072 491//491 1445//1445
f 491//491 566//566 1445//1445
f 566//566 1198//1198 1445//1445
f 2385//2385 2336//2336 566//566
f 2182//2182 2289//2289 2385//2385
f 171//171 1182//1182 2182//2182
f 1137//1137 125//125 171//171
f 241//241 125//125 1137//1137
f 241//241 188//188 125//125
f 2351//2351 509//509 241//241
f 526//526 509//509 2351//2351
f 526//526 2388//2388 509//509
f 2388//2388 2120//2120 509//509
f 2203//2203 2667//2667 2388//2388
f 1135//1135 2341//2341 2203//2203
f 2341//2341 868//868 2203//2203
f 520//520 2355//2355 2341//2341
f 427//427 2355//2355 520//520
f 427//427 2510//2510 2355//2355
f 1252//1252 2510//2510 427//427
f 1252//1252 1827//1827 2510//2510
f 788//788 1827//1827 1252//1252
f 788//788 244//244 1827//1827
f 1600//1600 692//692 788//788
f 692//692 244//244 788//788
f 692//692 871//871 244//244
f 1891//1891 871//871 692//692
f 1891//1891 1365//1365 871//871
f 433//433 598//598 1891//1891
f 23//23 1741//1741 433//433
f 1741//1741 1065//1065 433//433
f 1065//1065 973//973 433//433
f 1422//1422 2177//2177 1065//1065
f 2177//2177 830//830 1065//1065
f 1360//1360 830//830 2177//2177
f 1360//1360 2194//2194 830//830
f 6//6 1921//1921 1360//1360
f 1921//1921 852//852 1360//1360
f 1469//1469 549//549 1921//1921
f 1841//1841 549//549 1469//1469
f 1841//1841 1267//1267 549//549
f 126//126 801//801 1841//1841
f 1295//1295 801//801 126//126
f 1295//1295 624//624 801//801
f 2376//2376 624//624 1295//1295
f 2376//2376 2143//2143 624//624
f 2634//2634 2482//2482 2376//2376
f 2167//2167 2238//2238 2634//2634
f 706//706 1606//1606 2167//2167
f 1470//1470 489//489 706//706
f 1592//1592 1212//1212 1470//1470
f 1212//1212 1058//1058 1470//1470
f 1529//1529 1058//1058 1212//1212
f 1529//1529 189//189 1058//1058
f 2164//2164 1079//1079 1529//1529
f 1079//1079 189//189 1529//1529
f 1079//1079 2562//2562 189//189
f 2562//2562 2491//2491 189//189
f 1007//1007 872//872 2562//2562
f 872//872 1126//1126 2562//2562
f 1246//1246 1126//1126 872//872
f 1246//1246 730//730 1126//1126
f 2028//2028 2245//2245 1246//1246
f 2494//2494 2245//2245 2028//2028
f 2494//2494 108//108 2245//2245
f 108//108 200//200 2245//2245
f 2124//2124 197//197 108//108
f 1578//1578 172//172 2124//2124
f 172//172 1436//1436 2124//2124
f 827//827 1251//1251 172//172
f 2429//2429 633//633 827//827
f 2505//2505 1840//1840 2429//2429
f 2662//2662 1419//1419 2505//2505
f 1158//1158 1419//1419 2662//2662
f 1158//1158 834//834 1419//1419
f 676//676 834//834 1158//1158
f 676//676 779//779 834//834
f 779//779 1856//1856 834//834
f 1962//1962 1039//1039 779//779
f 1039//1039 557//557 779//779
f 113//113 1487//1487 1039//1039
f 1487//1487 557//557 1039//1039
f 1487//1487 131//131 557//557
f 982//982 131//131 1487//1487
f 982//982 708//708 131//131
f 1844//1844 1296//1296 982//982
f 1296//1296 204//204 982//982
f 2311//2311 204//204 1296//1296
f 2311//2311 720//720 204//204
f 983//983 912//912 2311//2311
f 912//912 1629//1629 2311//2311
f 2301//2301 1629//1629 912//912
f 2301//2301 1877//1877 1629//1629
f 1361//1361 1877//1877 2301//2301
f 1361//1361 2242//2242 1877//1877
f 1445//1445 1198//1198 1361//1361
f 1198//1198 699//699 1361//1361
f 566//566 586//586 1198//1198
f 2336//2336 586//586 566//566
f 2336//2336 2047//2047 586//586
f 2385//2385 2289//2289 2336//2336
f 2289//2289 2091//2091 2336//2336
f 2182//2182 1182//1182 2289//2289
f 1182//1182 863//863 2289//2289
f 171//171 125//125 1182//1182
f 125//125 705//705 1182//1182
f 188//188 705//705 125//125
f 188//188 1828//1828 705//705
f 241//241 1432//1432 188//188
f 509//509 1432//1432 241//241
f 509//509 2120//2120 1432//1432
f 2120//2120 1924//1924 1432//1432
f 2388//2388 2667//2667 2120//2120
f 2667//2667 1994//1994 2120//2120
f 2203//2203 2197//2197 2667//2667
f 868//868 2197//2197 2203//2203
f 868//868 2079//2079 2197//2197
f 2341//2341 2355//2355 868//868
f 2355//2355 2198//2198 868//868
f 2510//2510 1505//1505 2355//2355
f 1827//1827 2330//2330 2510//2510
f 244//244 2330//2330 1827//1827
f 244//244 1874//1874 2330//2330
f 871//871 859//859 244//244
f 1365//1365 1809//1809 871//871
f 1891//1891 598//598 1365//1365
f 598//598 2586//2586 1365//1365
f 433//433 973//973 598//598
f 973//973 640//640 598//598
f 1065//1065 1973//1973 973//973
f 830//830 1973//1973 1065//1065
f 830//830 810//810 1973//1973
f 2194//2194 810//810 830//830
f 2194//2194 323//323 810//810
f 1360//1360 852//852 2194//2194
f 852//852 1138//1138 2194//2194
f 1921//1921 549//549 852//852
f 549//549 1081//1081 852//852
f 1267//1267 2178//2178 549//549
f 1841//1841 801//801 1267//1267
f 801//801 120//120 1267//1267
f 624//624 120//120 801//801
f 624//624 377//377 120//120
f 2143//2143 377//377 624//624
f 2143//2143 1315//1315 377//377
f 2376//2376 2482//2482 2143//2143
f 2482//2482 2212//2212 2143//2143
f 2634//2634 2238//2238 2482//2482
f 2238//2238 2212//2212 2482//2482
f 2238//2238 1448//1448 2212//2212
f 2167//2167 1606//1606 2238//2238
f 1606//1606 2183//2183 2238//2238
f 706//706 967//967 1606//1606
f 489//489 967//967 706//706
f 489//489 2547//2547 967//967
f 1470//1470 2547//2547 489//489
f 1470//1470 2595//2595 2547//2547
f 1058//1058 2595//2595 1470//1470
f 1058//1058 1620//1620 2595//2595
f 189//189 1620//1620 1058//1058
f 189//189 2645//2645 1620//1620
f 2491//2491 2645//2645 189//189
f 2491//2491 2209//2209 2645//2645
f 2562//2562 1126//1126 2491//2491
f 1126//1126 2458//2458 2491//2491
f 730//730 2458//2458 1126//1126
f 730//730 553//553 2458//2458
f 1246//1246 1520//1520 730//730
f 2245//2245 200//200 1246//1246
f 200//200 1520//1520 1246//1246
f 200//200 2573//2573 1520//1520
f 108//108 197//197 200//200
f 197//197 2573//2573 200//200
f 197//197 766//766 2573//2573
f 2124//2124 1436//1436 197//197
f 1436//1436 2632//2632 197//197
f 172//172 1251//1251 1436//1436
f 1251//1251 2184//2184 1436//1436
f 827//827 633//633 1251//1251
f 633//633 86//86 1251//1251
f 2429//2429 1840//1840 633//633
f 1840//1840 86//86 633//633
f 1840//1840 435//435 86//86
f 2505//2505 1379//1379 1840//1840
f 1419//1419 443//443 2505//2505
f 834//834 1856//1856 1419//1419
f 1856//1856 2145//2145 1419//1419
f 779//779 453//453 1856//1856
f 557//557 2300//2300 779//779
f 131//131 1316//1316 557//557
f 708//708 1895//1895 131//131
f 982//982 204//204 708//708
f 204//204 2463//2463 708//708
f 720//720 477//477 204//204
f 2311//2311 828//828 720//720
f 1629//1629 828//828 2311//2311
f 1629//1629 1171//1171 828//828
f 1877//1877 1171//1171 1629//1629
f 1877//1877 376//376 1171//1171
f 2242//2242 376//376 1877//1877
f 2242//2242 60//60 376//376
f 1361//1361 699//699 2242//2242
f 699//699 1542//1542 2242//2242
f 1198//1198 586//586 699//699
f 586//586 645//645 699//699
f 2047//2047 645//645 586//586
f 2047//2047 2274//2274 645//645
f 2336//2336 2091//2091 2047//2047
f 2091//2091 2643//2643 2047//2047
f 2289//2289 863//863 2091//2091
f 863//863 2643//2643 2091//2091
f 863//863 338//338 2643//2643
f 1182//1182 705//705 863//863
f 705//705 338//338 863//863
f 705//705 1828//1828 338//338
f 1828//1828 1885//1885 338//338
f 188//188 2153//2153 1828//1828
f 1432//1432 2631//2631 188//188
f 1924//1924 1366//1366 1432//1432
f 2120//2120 1994//1994 1924//1924
f 1994//1994 317//317 1924//1924
f 2667//2667 2197//2197 1994//1994
f 2197//2197 1876//1876 1994//1994
f 2079//2079 2623//2623 2197//2197
f 868//868 958//958 2079//2079
f 2198//2198 958//958 868//868
f 2198//2198 800//800 958//958
f 2355//2355 1505//1505 2198//2198
f 1505//1505 800//800 2198//2198
f 1505//1505 1703//1703 800//800
f 2510//2510 2330//2330 1505//1505
f 2330//2330 1801//1801 1505//1505
f 1874//1874 1801//1801 2330//2330
f 1874//1874 1631//1631 1801//1801
f 244//244 859//859 1874//1874
f 859//859 2398//2398 1874//1874
f 871//871 1809//1809 859//859
f 1809//1809 2656//2656 859//859
f 1365//1365 847//847 1809//1809
f 2586//2586 847//847 1365//1365
f 2586//2586 2364//2364 847//847
f 598//598 640//640 2586//2586
f 640//640 22//22 2586//2586
f 973//973 2112//2112 640//640
f 1973//1973 2112//2112 973//973
f 1973//1973 2288//2288 2112//2112
f 810//810 2288//2288 1973//1973
f 810//810 1834//1834 2288//2288
f 323//323 1834//1834 810//810
f 323//323 1977//1977 1834//1834
f 2194//2194 1301//1301 323//323
f 1138//1138 1301//1301 2194//2194
f 1138//1138 2204//2204 1301//1301
f 852//852 1081//1081 1138//1138
f 1081//1081 2213//2213 1138//1138
f 549//549 2178//2178 1081//1081
f 2178//2178 2213//2213 1081//1081
f 2178//2178 1682//1682 2213//2213
f 1267//1267 2516//2516 2178//2178
f 120//120 2516//2516 1267//1267
f 120//120 1294//1294 2516//2516
f 377//377 1294//1294 120//120
f 377//377 510//510 1294//1294
f 1315//1315 1002//1002 377//377
f 2143//2143 2212//2212 1315//1315
f 2212//2212 2481//2481 1315//1315
f 1448//1448 2168//2168 2212//2212
f 2238//2238 2183//2183 1448//1448
f 2183//2183 1822//1822 1448//1448
f 1606//1606 967//967 2183//2183
f 967//967 1161//1161 2183//2183
f 2547//2547 1161//1161 967//967
f 2547//2547 1637//1637 1161//1161
f 2595//2595 781//781 2547//2547
f 1620//1620 1292//1292 2595//2595
f 2645//2645 2310//2310 1620//1620
f 2209//2209 2310//2310 2645//2645
f 2209//2209 1369//1369 2310//2310
f 2491//2491 2458//2458 2209//2209
f 2458//2458 1439//1439 2209//2209
f 553//553 1439//1439 2458//2458
f 553//553 58//58 1439//1439
f 730//730 1491//1491 553//553
f 1520//1520 1491//1491 730//730
f 1520//1520 430//430 1491//1491
f 2573//2573 430//430 1520//1520
f 2573//2573 2172//2172 430//430
f 766//766 2172//2172 2573//2573
f 766//766 942//942 2172//2172
f 197//197 2632//2632 766//766
f 2632//2632 1455//1455 766//766
f 1436//1436 2184//2184 2632//2632
f 2184//2184 1502//1502 2632//2632
f 1251//1251 86//86 2184//2184
f 86//86 1904//1904 2184//2184
f 435//435 263//263 86//86
f 1840//1840 1379//1379 435//435
f 1379//1379 1799//1799 435//435
f 2505//2505 443//443 1379//1379
f 443//443 1799//1799 1379//1379
f 443//443 716//716 1799//1799
f 1419//1419 2145//2145 443//443
f 2145//2145 716//716 443//443
f 2145//2145 2589//2589 716//716
f 1856//1856 2589//2589 2145//2145
f 1856//1856 1533//1533 2589//2589
f 453//453 1533//1533 1856//1856
f 453//453 1616//1616 1533//1533
f 779//779 2300//2300 453//453
f 2300//2300 1616//1616 453//453
f 2300//2300 1579//1579 1616//1616
f 557//557 1316//1316 2300//2300
f 1316//1316 1579//1579 2300//2300
f 1316//1316 1202//1202 1579//1579
f 131//131 1895//1895 1316//1316
f 1895//1895 2530//2530 1316//1316
f 708//708 2463//2463 1895//1895
f 2463//2463 840//840 1895//1895
f 204//204 477//477 2463//2463
f 477//477 1595//1595 2463//2463
f 720//720 954//954 477//477
f 828//828 954//954 720//720
f 828//828 1171//1171 954//954
f 1171//1171 330//330 954//954
f 376//376 60//60 1171//1171
f 60//60 330//330 1171//1171
f 60//60 187//187 330//330
f 2242//2242 1542//1542 60//60
f 1542//1542 571//571 60//60
f 699//699 684//684 1542//1542
f 645//645 684//684 699//699
f 645//645 2588//2588 684//684
f 2274//2274 2588//2588 645//645
f 2274//2274 1923//1923 2588//2588
f 2047//2047 1830//1830 2274//2274
f 2643//2643 1830//1830 2047//2047
f 2643//2643 1569//1569 1830//1830
f 338//338 2196//2196 2643//2643
f 1885//1885 2196//2196 338//338
f 1885//1885 1409//1409 2196//2196
f 1828//1828 2127//2127 1885//1885
f 2153//2153 2127//2127 1828//1828
f 2153//2153 2333//2333 2127//2127
f 188//188 2631//2631 2153//2153
f 2631//2631 2333//2333 2153//2153
f 2631//2631 1366//1366 2333//2333
f 1366//1366 2631//2631 1432//1432
f 1924//1924 317//317 1366//1366
f 317//317 419//419 1366//1366
f 1994//1994 16//16 317//317
f 1876//1876 16//16 1994//1994
f 1876//1876 1349//1349 16//16
f 2197//2197 2623//2623 1876//1876
f 2623//2623 1349//1349 1876//1876
f 2623//2623 725//725 1349//1349
f 2079//2079 73//73 2623//2623
f 958//958 73//73 2079//2079
f 958//958 417//417 73//73
f 800//800 747//747 958//958
f 1703//1703 747//747 800//800
f 1703//1703 1768//1768 747//747
f 1505//1505 1801//1801 1703//1703
f 1801//1801 2353//2353 1703//1703
f 1631//1631 2353//2353 1801//1801
f 1631//1631 79//79 2353//2353
f 1874//1874 2398//2398 1631//1631
f 2398//2398 296//296 1631//1631
f 859//859 2656//2656 2398//2398
f 2656//2656 1987//1987 2398//2398
f 1809//1809 847//847 2656//2656
f 847//847 1496//1496 2656//2656
f 2364//2364 551//551 847//847
f 2586//2586 22//22 2364//2364
f 22//22 667//667 2364//2364
f 640//640 2112//2112 22//22
f 2112//2112 2371//2371 22//22
f 2288//2288 1930//1930 2112//2112
f 1834//1834 1930//1930 2288//2288
f 1834//1834 1774//1774 1930//1930
f 1977//1977 1774//1774 1834//1834
f 1977//1977 1096//1096 1774//1774
f 323//323 1555//1555 1977//1977
f 1301//1301 1555//1555 323//323
f 1301//1301 2204//2204 1555//1555
f 2204//2204 2419//2419 1555//1555
f 1138//1138 432//432 2204//2204
f 2213//2213 432//432 1138//1138
f 2213//2213 1682//1682 432//432
f 1682//1682 904//904 432//432
f 2178//2178 2516//2516 1682//1682
f 2516//2516 1667//1667 1682//1682
f 1294//1294 1667//1667 2516//2516
f 1294//1294 510//510 1667//1667
f 510//510 1793//1793 1667//1667
f 377//377 1002//1002 510//510
f 1002//1002 2460//2460 510//510
f 1315//1315 2278//2278 1002//1002
f 2481//2481 2384//2384 1315//1315
f 2212//2212 2168//2168 2481//2481
f 2168//2168 1686//1686 2481//2481
f 1448//1448 1686//1686 2168//2168
f 1448//1448 1822//1822 1686//1686
f 1822//1822 2346//2346 1686//1686
f 2183//2183 1161//1161 1822//1822
f 1161//1161 858//858 1822//1822
f 1637//1637 685//685 1161//1161
f 2547//2547 781//781 1637//1637
f 781//781 29//29 1637//1637
f 2595//2595 1292//1292 781//781
f 1292//1292 29//29 781//781
f 1292//1292 1048//1048 29//29
f 1620//1620 2310//2310 1292//1292
f 2310//2310 1048//1048 1292//1292
f 2310//2310 114//114 1048//1048
f 1369//1369 114//114 2310//2310
f 1369//1369 337//337 114//114
f 2209//2209 1439//1439 1369//1369
f 1439//1439 58//58 1369//1369
f 58//58 2296//2296 1369//1369
f 553//553 2151//2151 58//58
f 1491//1491 2615//2615 553//553
f 430//430 2615//2615 1491//1491
f 430//430 1195//1195 2615//2615
f 2172//2172 1968//1968 430//430
f 942//942 1968//1968 2172//2172
f 942//942 1285//1285 1968//1968
f 766//766 1455//1455 942//942
f 1455//1455 31//31 942//942
f 2632//2632 1502//1502 1455//1455
f 1502//1502 280//280 1455//1455
f 2184//2184 1904//1904 1502//1502
f 1904//1904 280//280 1502//1502
f 1904//1904 1451//1451 280//280
f 86//86 905//905 1904//1904
f 263//263 905//905 86//86
f 263//263 971//971 905//905
f 435//435 1925//1925 263//263
f 1799//1799 1925//1925 435//435
f 1799//1799 1568//1568 1925//1925
f 716//716 1568//1568 1799//1799
f 716//716 96//96 1568//1568
f 2589//2589 96//96 716//716
f 2589//2589 1533//1533 96//96
f 1533//1533 820//820 96//96
f 1616//1616 1000//1000 1533//1533
f 1579//1579 1471//1471 1616//1616
f 1202//1202 1471//1471 1579//1579
f 1202//1202 2292//2292 1471//1471
f 1316//1316 2530//2530 1202//1202
f 2530//2530 2185//2185 1202//1202
f 1895//1895 840//840 2530//2530
f 840//840 2219//2219 2530//2530
f 2463//2463 1595//1595 840//840
f 1595//1595 1442//1442 840//840
f 477//477 1356//1356 1595//1595
f 954//954 1235//1235 477//477
f 330//330 1235//1235 954//954
f 330//330 1163//1163 1235//1235
f 187//187 1897//1897 330//330
f 60//60 571//571 187//187
f 571//571 1704//1704 187//187
f 1542//1542 778//778 571//571
f 684//684 778//778 1542//1542
f 684//684 911//911 778//778
f 2588//2588 911//911 684//684
f 2588//2588 2121//2121 911//911
f 1923//1923 2121//2121 2588//2588
f 1923//1923 2468//2468 2121//2121
f 2274//2274 1825//1825 1923//1923
f 1830//1830 1825//1825 2274//2274
f 1830//1830 519//519 1825//1825
f 1569//1569 519//519 1830//1830
f 1569//1569 307//307 519//519
f 2643//2643 2196//2196 1569//1569
f 2196//2196 307//307 1569//1569
f 2196//2196 1409//1409 307//307
f 1409//1409 628//628 307//307
f 1885//1885 1362//1362 1409//1409
f 2127//2127 1362//1362 1885//1885
f 2127//2127 2664//2664 1362//1362
f 2333//2333 2664//2664 2127//2127
f 2333//2333 2119//2119 2664//2664
f 1366//1366 1104//1104 2333//2333
f 419//419 1104//1104 1366//1366
f 419//419 835//835 1104//1104
f 317//317 16//16 419//419
f 16//16 1091//1091 419//419
f 1349//1349 1091//1091 16//16
f 1349//1349 901//901 1091//1091
f 725//725 901//901 1349//1349
f 725//725 2363//2363 901//901
f 2623//2623 73//73 725//725
f 73//73 1728//1728 725//725
f 417//417 1728//1728 73//73
f 417//417 917//917 1728//1728
f 958//958 747//747 417//417
f 747//747 917//917 417//417
f 747//747 650//650 917//917
f 1768//1768 650//650 747//747
f 1768//1768 2320//2320 650//650
f 1703//1703 2353//2353 1768//1768
f 2353//2353 1290//1290 1768//1768
f 79//79 1290//1290 2353//2353
f 79//79 2054//2054 1290//1290
f 1631//1631 296//296 79//79
f 296//296 1155//1155 79//79
f 2398//2398 1987//1987 296//296
f 1987//1987 2052//2052 296//296
f 2656//2656 1496//1496 1987//1987
f 1496//1496 1332//1332 1987//1987
f 847//847 551//551 1496//1496
f 551//551 1683//1683 1496//1496
f 2364//2364 667//667 551//551
f 667//667 278//278 551//551
f 22//22 393//393 667//667
f 2371//2371 393//393 22//22
f 2371//2371 67//67 393//393
f 2112//2112 1930//1930 2371//2371
f 1930//1930 583//583 2371//2371
f 1774//1774 583//583 1930//1930
f 1774//1774 1193//1193 583//583
f 1096//1096 1193//1193 1774//1774
f 1096//1096 923//923 1193//1193
f 1977//1977 1555//1555 1096//1096
f 1555//1555 2416//2416 1096//1096
f 2419//2419 2416//2416 1555//1555
f 2419//2419 2233//2233 2416//2416
f 2204//2204 487//487 2419//2419
f 432//432 487//487 2204//2204
f 432//432 707//707 487//487
f 904//904 707//707 432//432
f 904//904 596//596 707//707
f 1682//1682 1667//1667 904//904
f 1667//1667 1793//1793 904//904
f 1793//1793 596//596 904//904
f 1793//1793 665//665 596//596
f 510//510 2460//2460 1793//1793
f 2460//2460 2098//2098 1793//1793
f 1002//1002 2568//2568 2460//2460
f 2278//2278 2568//2568 1002//1002
f 2278//2278 1554//1554 2568//2568
f 1315//1315 2384//2384 2278//2278
f 2384//2384 569//569 2278//2278
f 2481//2481 2013//2013 2384//2384
f 1686//1686 2013//2013 2481//2481
f 1686//1686 2346//2346 2013//2013
f 2346//2346 2314//2314 2013//2013
f 1822//1822 2029//2029 2346//2346
f 858//858 2029//2029 1822//1822
f 858//858 1308//1308 2029//2029
f 1161//1161 685//685 858//858
f 685//685 1308//1308 858//858
f 685//685 346//346 1308//1308
f 1637//1637 978//978 685//685
f 29//29 978//978 1637//1637
f 29//29 1097//1097 978//978
f 1048//1048 1527//1527 29//29
f 114//114 1527//1527 1048//1048
f 114//114 337//337 1527//1527
f 337//337 1034//1034 1527//1527
f 1369//1369 2296//2296 337//337
f 2296//2296 848//848 337//337
f 58//58 368//368 2296//2296
f 2151//2151 368//368 58//58
f 2151//2151 2305//2305 368//368
f 553//553 2615//2615 2151//2151
f 2615//2615 2258//2258 2151//2151
f 1195//1195 2258//2258 2615//2615
f 1195//1195 1989//1989 2258//2258
f 430//430 1968//1968 1195//1195
f 1968//1968 1989//1989 1195//1195
f 1968//1968 1285//1285 1989//1989
f 1285//1285 1875//1875 1989//1989
f 942//942 988//988 1285//1285
f 31//31 988//988 942//942
f 31//31 886//886 988//988
f 1455//1455 280//280 31//31
f 280//280 2158//2158 31//31
f 1451//1451 472//472 280//280
f 1904//1904 905//905 1451//1451
f 905//905 971//971 1451//1451
f 971//971 1132//1132 1451//1451
f 263//263 927//927 971//971
f 1925//1925 927//927 263//263
f 1925//1925 2417//2417 927//927
f 1568//1568 2417//2417 1925//1925
f 1568//1568 1665//1665 2417//2417
f 96//96 2101//2101 1568//1568
f 820//820 2101//2101 96//96
f 820//820 1978//1978 2101//2101
f 1533//1533 1000//1000 820//820
f 1000//1000 774//774 820//820
f 1616//1616 1471//1471 1000//1000
f 1471//1471 1687//1687 1000//1000
f 2292//2292 1687//1687 1471//1471
f 2292//2292 1165//1165 1687//1687
f 1202//1202 2185//2185 2292//2292
f 2185//2185 1165//1165 2292//2292
f 2185//2185 2348//2348 1165//1165
f 2530//2530 2219//2219 2185//2185
f 2219//2219 88//88 2185//2185
f 840//840 1442//1442 2219//2219
f 1442//1442 2356//2356 2219//2219
f 1595//1595 1356//1356 1442//1442
f 1356//1356 970//970 1442//1442
f 477//477 1235//1235 1356//1356
f 1235//1235 1289//1289 1356//1356
f 1163//1163 1289//1289 1235//1235
f 1163//1163 1562//1562 1289//1289
f 330//330 1897//1897 1163//1163
f 1897//1897 1562//1562 1163//1163
f 1897//1897 541//541 1562//1562
f 187//187 1794//1794 1897//1897
f 1704//1704 1794//1794 187//187
f 1704//1704 2534//2534 1794//1794
f 571//571 778//778 1704//1704
f 778//778 857//857 1704//1704
f 911//911 857//857 778//778
f 911//911 300//300 857//857
f 2121//2121 300//300 911//911
f 2121//2121 1282//1282 300//300
f 2468//2468 563//563 2121//2121
f 1923//1923 1825//1825 2468//2468
f 1825//1825 366//366 2468//2468
f 519//519 366//366 1825//1825
f 519//519 307//307 366//366
f 307//307 390//390 366//366
f 628//628 390//390 307//307
f 628//628 1208//1208 390//390
f 1409//1409 537//537 628//628
f 1362//1362 537//537 1409//1409
f 1362//1362 1031//1031 537//537
f 2664//2664 1031//1031 1362//1362
f 2664//2664 2119//2119 1031//1031
f 2119//2119 2447//2447 1031//1031
f 2333//2333 269//269 2119//2119
f 1104//1104 269//269 2333//2333
f 1104//1104 835//835 269//269
f 835//835 860//860 269//269
f 419//419 1961//1961 835//835
f 1091//1091 1961//1961 419//419
f 1091//1091 636//636 1961//1961
f 901//901 636//636 1091//1091
f 901//901 2201//2201 636//636
f 2363//2363 2201//2201 901//901
f 2363//2363 558//558 2201//2201
f 725//725 1800//1800 2363//2363
f 1728//1728 1800//1800 725//725
f 1728//1728 646//646 1800//1800
f 917//917 75//75 1728//1728
f 650//650 75//75 917//917
f 650//650 1169//1169 75//75
f 2320//2320 1169//1169 650//650
f 2320//2320 1700//1700 1169//1169
f 1768//1768 1290//1290 2320//2320
f 1290//1290 1242//1242 2320//2320
f 2054//2054 1242//1242 1290//1290
f 2054//2054 1792//1792 1242//1242
f 79//79 1155//1155 2054//2054
f 1155//1155 2668//2668 2054//2054
f 296//296 2052//2052 1155//1155
f 2052//2052 2668//2668 1155//1155
f 2052//2052 2450//2450 2668//2668
f 1987//1987 306//306 2052//2052
f 1332//1332 306//306 1987//1987
f 1332//1332 1605//1605 306//306
f 1496//1496 1683//1683 1332//1332
f 1683//1683 2622//2622 1332//1332
f 551//551 278//278 1683//1683
f 278//278 1216//1216 1683//1683
f 667//667 2349//2349 278//278
f 393//393 2349//2349 667//667
f 393//393 2074//2074 2349//2349
f 67//67 2074//2074 393//393
f 67//67 260//260 2074//2074
f 2371//2371 583//583 67//67
f 583//583 260//260 67//67
f 583//583 1193//1193 260//260
f 1193//1193 1896//1896 260//260
f 923//923 122//122 1193//1193
f 1096//1096 2416//2416 923//923
f 2416//2416 400//400 923//923
f 2233//2233 400//400 2416//2416
f 2233//2233 1258//1258 400//400
f 2419//2419 1829//1829 2233//2233
f 487//487 1829//1829 2419//2419
f 487//487 1604//1604 1829//1829
f 707//707 1604//1604 487//487
f 707//707 379//379 1604//1604
f 596//596 379//379 707//707
f 596//596 1699//1699 379//379
f 665//665 1699//1699 596//596
f 665//665 842//842 1699//1699
f 1793//1793 2098//2098 665//665
f 2098//2098 842//842 665//665
f 2098//2098 268//268 842//842
f 2460//2460 2568//2568 2098//2098
f 2568//2568 268//268 2098//2098
f 2568//2568 488//488 268//268
f 1554//1554 488//488 2568//2568
f 1554//1554 1738//1738 488//488
f 2278//2278 569//569 1554//1554
f 569//569 1738//1738 1554//1554
f 569//569 1499//1499 1738//1738
f 2384//2384 1986//1986 569//569
f 2013//2013 1986//1986 2384//2384
f 2013//2013 2314//2314 1986//1986
f 2314//2314 441//441 1986//1986
f 2346//2346 2029//2029 2314//2314
f 2029//2029 1108//1108 2314//2314
f 1308//1308 1108//1108 2029//2029
f 1308//1308 326//326 1108//1108
f 346//346 326//326 1308//1308
f 346//346 1563//1563 326//326
f 685//685 978//978 346//346
f 978//978 1159//1159 346//346
f 1097//1097 1159//1159 978//978
f 1097//1097 1063//1063 1159//1159
f 29//29 1527//1527 1097//1097
f 1527//1527 1063//1063 1097//1097
f 1527//1527 1034//1034 1063//1063
f 1034//1034 2190//2190 1063//1063
f 337//337 848//848 1034//1034
f 848//848 2190//2190 1034//1034
f 848//848 2527//2527 2190//2190
f 2296//2296 1269//1269 848//848
f 368//368 1269//1269 2296//2296
f 368//368 679//679 1269//1269
f 2305//2305 679//679 368//368
f 2305//2305 2439//2439 679//679
f 2151//2151 2258//2258 2305//2305
f 2258//2258 2439//2439 2305//2305
f 2258//2258 2050//2050 2439//2439
f 1989//1989 2050//2050 2258//2258
f 1989//1989 1875//1875 2050//2050
f 1875//1875 2495//2495 2050//2050
f 1285//1285 988//988 1875//1875
f 988//988 219//219 1875//1875
f 886//886 219//219 988//988
f 886//886 69//69 219//219
f 31//31 2158//2158 886//886
f 2158//2158 38//38 886//886
f 280//280 472//472 2158//2158
f 472//472 2021//2021 2158//2158
f 1451//1451 1132//1132 472//472
f 1132//1132 1480//1480 472//472
f 971//971 387//387 1132//1132
f 927//927 387//387 971//971
f 927//927 2410//2410 387//387
f 2417//2417 2410//2410 927//927
f 2417//2417 1665//1665 2410//2410
f 1665//1665 395//395 2410//2410
f 1568//1568 2101//2101 1665//1665
f 2101//2101 2273//2273 1665//1665
f 1978//1978 2273//2273 2101//2101
f 1978//1978 89//89 2273//2273
f 820//820 774//774 1978//1978
f 774//774 689//689 1978//1978
f 1000//1000 1687//1687 774//774
f 1687//1687 576//576 774//774
f 1165//1165 535//535 1687//1687
f 2348//2348 1804//1804 1165//1165
f 2185//2185 691//691 2348//2348
f 88//88 691//691 2185//2185
f 88//88 701//701 691//691
f 2219//2219 2356//2356 88//88
f 2356//2356 701//701 88//88
f 2356//2356 789//789 701//701
f 1442//1442 970//970 2356//2356
f 970//970 789//789 2356//2356
f 970//970 637//637 789//789
f 1356//1356 1289//1289 970//970
f 1289//1289 637//637 970//970
f 1289//1289 329//329 637//637
f 1562//1562 329//329 1289//1289
f 1562//1562 1705//1705 329//329
f 541//541 1705//1705 1562//1562
f 541//541 1642//1642 1705//1705
f 1897//1897 1794//1794 541//541
f 1794//1794 2534//2534 541//541
f 2534//2534 1642//1642 541//541
f 2534//2534 1532//1532 1642//1642
f 1704//1704 232//232 2534//2534
f 857//857 1043//1043 1704//1704
f 300//300 505//505 857//857
f 1282//1282 505//505 300//300
f 1282//1282 1690//1690 505//505
f 2121//2121 563//563 1282//1282
f 563//563 1512//1512 1282//1282
f 2468//2468 2585//2585 563//563
f 366//366 1729//1729 2468//2468
f 390//390 1729//1729 366//366
f 390//390 1513//1513 1729//1729
f 1208//1208 1999//1999 390//390
f 628//628 367//367 1208//1208
f 537//537 367//367 628//628
f 537//537 164//164 367//367
f 1031//1031 164//164 537//537
f 1031//1031 2447//2447 164//164
f 2447//2447 367//367 164//164
f 2447//2447 1707//1707 367//367
f 2119//2119 1337//1337 2447//2447
f 269//269 860//860 2119//2119
f 860//860 1337//1337 2119//2119
f 860//860 1056//1056 1337//1337
f 835//835 2250//2250 860//860
f 1961//1961 445//445 835//835
f 636//636 445//445 1961//1961
f 636//636 2102//2102 445//445
f 2201//2201 2102//2102 636//636
f 2201//2201 2174//2174 2102//2102
f 558//558 2174//2174 2201//2201
f 558//558 1919//1919 2174//2174
f 2363//2363 651//651 558//558
f 1800//1800 651//651 2363//2363
f 1800//1800 1964//1964 651//651
f 646//646 1964//1964 1800//1800
f 646//646 1649//1649 1964//1964
f 1728//1728 75//75 646//646
f 75//75 1649//1649 646//646
f 75//75 228//228 1649//1649
f 1169//1169 228//228 75//75
f 1169//1169 924//924 228//228
f 1700//1700 924//924 1169//1169
f 1700//1700 2651//2651 924//924
f 2320//2320 1242//1242 1700//1700
f 1242//1242 1792//1792 1700//1700
f 1792//1792 2651//2651 1700//1700
f 1792//1792 461//461 2651//2651
f 2054//2054 2217//2217 1792//1792
f 2668//2668 2217//2217 2054//2054
f 2668//2668 2406//2406 2217//2217
f 2450//2450 2406//2406 2668//2668
f 2450//2450 1001//1001 2406//2406
f 2052//2052 306//306 2450//2450
f 306//306 1001//1001 2450//2450
f 306//306 1605//1605 1001//1001
f 1605//1605 1036//1036 1001//1001
f 1332//1332 2622//2622 1605//1605
f 2622//2622 614//614 1605//1605
f 1683//1683 1216//1216 2622//2622
f 1216//1216 102//102 2622//2622
f 278//278 1655//1655 1216//1216
f 2349//2349 1655//1655 278//278
f 2349//2349 1820//1820 1655//1655
f 2074//2074 2640//2640 2349//2349
f 260//260 2304//2304 2074//2074
f 1896//1896 2304//2304 260//260
f 1896//1896 953//953 2304//2304
f 1193//1193 122//122 1896//1896
f 122//122 1015//1015 1896//1896
f 923//923 400//400 122//122
f 400//400 1038//1038 122//122
f 1258//1258 246//246 400//400
f 2233//2233 1610//1610 1258//1258
f 1829//1829 1610//1610 2233//2233
f 1829//1829 1717//1717 1610//1610
f 1604//1604 1717//1717 1829//1829
f 1604//1604 1916//1916 1717//1717
f 379//379 1916//1916 1604//1604
f 379//379 1699//1699 1916//1916
f 1699//1699 1059//1059 1916//1916
f 842//842 1634//1634 1699//1699
f 268//268 1353//1353 842//842
f 488//488 1802//1802 268//268
f 1738//1738 1786//1786 488//488
f 1499//1499 1786//1786 1738//1738
f 1499//1499 2055//2055 1786//1786
f 569//569 1986//1986 1499//1499
f 1986//1986 441//441 1499//1499
f 441//441 1681//1681 1499//1499
f 2314//2314 718//718 441//441
f 1108//1108 718//718 2314//2314
f 1108//1108 326//326 718//718
f 326//326 1122//1122 718//718
f 1563//1563 657//657 326//326
f 346//346 2189//2189 1563//1563
f 1159//1159 2189//2189 346//346
f 1159//1159 1140//1140 2189//2189
f 1063//1063 1140//1140 1159//1159
f 1063//1063 696//696 1140//1140
f 2190//2190 696//696 1063//1063
f 2190//2190 2527//2527 696//696
f 2527//2527 1493//1493 696//696
f 848//848 1482//1482 2527//2527
f 1269//1269 1482//1482 848//848
f 1269//1269 1205//1205 1482//1482
f 679//679 1205//1205 1269//1269
f 679//679 412//412 1205//1205
f 2439//2439 2654//2654 679//679
f 2050//2050 2495//2495 2439//2439
f 2495//2495 2654//2654 2439//2439
f 2495//2495 1781//1781 2654//2654
f 1875//1875 892//892 2495//2495
f 219//219 892//892 1875//1875
f 219//219 2000//2000 892//892
f 69//69 808//808 219//219
f 886//886 38//38 69//69
f 38//38 2658//2658 69//69
f 2158//2158 21//21 38//38
f 2021//2021 21//21 2158//2158
f 2021//2021 2285//2285 21//21
f 472//472 1480//1480 2021//2021
f 1480//1480 2285//2285 2021//2021
f 1480//1480 2059//2059 2285//2285
f 1132//1132 2059//2059 1480//1480
f 1132//1132 387//387 2059//2059
f 387//387 1911//1911 2059//2059
f 2410//2410 1911//1911 387//387
f 2410//2410 532//532 1911//1911
f 395//395 532//532 2410//2410
f 395//395 543//543 532//532
f 1665//1665 2582//2582 395//395
f 2273//2273 2582//2582 1665//1665
f 2273//2273 2129//2129 2582//2582
f 89//89 2129//2129 2273//2273
f 89//89 1476//1476 2129//2129
f 1978//1978 2157//2157 89//89
f 689//689 2157//2157 1978//1978
f 689//689 1783//1783 2157//2157
f 774//774 576//576 689//689
f 576//576 1783//1783 689//689
f 576//576 1272//1272 1783//1783
f 1687//1687 535//535 576//576
f 535//535 1272//1272 576//576
f 535//535 1804//1804 1272//1272
f 1804//1804 535//535 1165//1165
f 2348//2348 2327//2327 1804//1804
f 691//691 2327//2327 2348//2348
f 691//691 439//439 2327//2327
f 701//701 439//439 691//691
f 701//701 163//163 439//439
f 789//789 1970//1970 701//701
f 637//637 1970//1970 789//789
f 637//637 2380//2380 1970//1970
f 329//329 1982//1982 637//637
f 1705//1705 1982//1982 329//329
f 1705//1705 1406//1406 1982//1982
f 1642//1642 320//320 1705//1705
f 1532//1532 320//320 1642//1642
f 1532//1532 711//711 320//320
f 2534//2534 232//232 1532//1532
f 232//232 1590//1590 1532//1532
f 1704//1704 1043//1043 232//232
f 1043//1043 1590//1590 232//232
f 1043//1043 2644//2644 1590//1590
f 857//857 505//505 1043//1043
f 505//505 1690//1690 1043//1043
f 1690//1690 2644//2644 1043//1043
f 1690//1690 1187//1187 2644//2644
f 1282//1282 1304//1304 1690//1690
f 1512//1512 1304//1304 1282//1282
f 1512//1512 884//884 1304//1304
f 563//563 2585//2585 1512//1512
f 2585//2585 2222//2222 1512//1512
f 2468//2468 1729//1729 2585//2585
f 1729//1729 2378//2378 2585//2585
f 1513//1513 2378//2378 1729//1729
f 1513//1513 796//796 2378//2378
f 390//390 1999//1999 1513//1513
f 1999//1999 2095//2095 1513//1513
f 1208//1208 133//133 1999//1999
f 367//367 1378//1378 1208//1208
f 1707//1707 1378//1378 367//367
f 1707//1707 1453//1453 1378//1378
f 2447//2447 1602//1602 1707//1707
f 1337//1337 1602//1602 2447//2447
f 1337//1337 1056//1056 1602//1602
f 1056//1056 1848//1848 1602//1602
f 860//860 325//325 1056//1056
f 2250//2250 325//325 860//860
f 2250//2250 2335//2335 325//325
f 835//835 445//445 2250//2250
f 445//445 2107//2107 2250//2250
f 2102//2102 2107//2107 445//445
f 2102//2102 2094//2094 2107//2107
f 2174//2174 2094//2094 2102//2102
f 2174//2174 2446//2446 2094//2094
f 1919//1919 2446//2446 2174//2174
f 1919//1919 2224//2224 2446//2446
f 558//558 651//651 1919//1919
f 651//651 764//764 1919//1919
f 1964//1964 764//764 651//651
f 1964//1964 20//20 764//764
f 1649//1649 2090//2090 1964//1964
f 228//228 2524//2524 1649//1649
f 924//924 2524//2524 228//228
f 924//924 2651//2651 2524//2524
f 2651//2651 991//991 2524//2524
f 461//461 1118//1118 2651//2651
f 1792//1792 2217//2217 461//461
f 2217//2217 1016//1016 461//461
f 2406//2406 1016//1016 2217//2217
f 2406//2406 518//518 1016//1016
f 1001//1001 1036//1036 2406//2406
f 1036//1036 518//518 2406//2406
f 1036//1036 597//597 518//518
f 1605//1605 614//614 1036//1036
f 614//614 597//597 1036//1036
f 614//614 2358//2358 597//597
f 2622//2622 102//102 614//614
f 102//102 599//599 614//614
f 1216//1216 762//762 102//102
f 1655//1655 762//762 1216//1216
f 1655//1655 1820//1820 762//762
f 1820//1820 1076//1076 762//762
f 2349//2349 2640//2640 1820//1820
f 2640//2640 1076//1076 1820//1820
f 2640//2640 1549//1549 1076//1076
f 2074//2074 2304//2304 2640//2640
f 2304//2304 1549//1549 2640//2640
f 2304//2304 953//953 1549//1549
f 953//953 2110//2110 1549//1549
f 1896//1896 1015//1015 953//953
f 1015//1015 2243//2243 953//953
f 122//122 1038//1038 1015//1015
f 1038//1038 132//132 1015//1015
f 400//400 246//246 1038//1038
f 246//246 1981//1981 1038//1038
f 1258//1258 1855//1855 246//246
f 1610//1610 155//155 1258//1258
f 1717//1717 1826//1826 1610//1610
f 1916//1916 2415//2415 1717//1717
f 1059//1059 2415//2415 1916//1916
f 1059//1059 2528//2528 2415//2415
f 1699//1699 1634//1634 1059//1059
f 1634//1634 2528//2528 1059//1059
f 1634//1634 1483//1483 2528//2528
f 842//842 1353//1353 1634//1634
f 1353//1353 1483//1483 1634//1634
f 1353//1353 1646//1646 1483//1483
f 268//268 1802//1802 1353//1353
f 1802//1802 1320//1320 1353//1353
f 488//488 2655//2655 1802//1802
f 1786//1786 2655//2655 488//488
f 1786//1786 2529//2529 2655//2655
f 2055//2055 2529//2529 1786//1786
f 2055//2055 245//245 2529//2529
f 1499//1499 1641//1641 2055//2055
f 1681//1681 1641//1641 1499//1499
f 1681//1681 530//530 1641//1641
f 441//441 530//530 1681//1681
f 441//441 718//718 530//530
f 718//718 1122//1122 530//530
f 1122//1122 1902//1902 530//530
f 326//326 838//838 1122//1122
f 657//657 838//838 326//326
f 657//657 1944//1944 838//838
f 1563//1563 1566//1566 657//657
f 2189//2189 1566//1566 1563//1563
f 2189//2189 1478//1478 1566//1566
f 1140//1140 1478//1478 2189//2189
f 1140//1140 696//696 1478//1478
f 696//696 7//7 1478//1478
f 1493//1493 7//7 696//696
f 1493//1493 454//454 7//7
f 2527//2527 1723//1723 1493//1493
f 1482//1482 1723//1723 2527//2527
f 1482//1482 152//152 1723//1723
f 1205//1205 152//152 1482//1482
f 1205//1205 412//412 152//152
f 412//412 2488//2488 152//152
f 679//679 2654//2654 412//412
f 2654//2654 1781//1781 412//412
f 1781//1781 2488//2488 412//412
f 1781//1781 1391//1391 2488//2488
f 2495//2495 694//694 1781//1781
f 892//892 694//694 2495//2495
f 892//892 2000//2000 694//694
f 2000//2000 2397//2397 694//694
f 219//219 808//808 2000//2000
f 808//808 1603//1603 2000//2000
f 69//69 2658//2658 808//808
f 2658//2658 2227//2227 808//808
f 38//38 1942//1942 2658//2658
f 21//21 1942//1942 38//38
f 21//21 1948//1948 1942//1942
f 2285//2285 1858//1858 21//21
f 2059//2059 2673//2673 2285//2285
f 1911//1911 2673//2673 2059//2059
f 1911//1911 222//222 2673//2673
f 532//532 222//222 1911//1911
f 532//532 543//543 222//222
f 543//543 444//444 222//222
f 395//395 2582//2582 543//543
f 2582//2582 1420//1420 543//543
f 2129//2129 1420//1420 2582//2582
f 2129//2129 536//536 1420//1420
f 1476//1476 111//111 2129//2129
f 89//89 2157//2157 1476//1476
f 2157//2157 459//459 1476//1476
f 1783//1783 459//459 2157//2157
f 1783//1783 533//533 459//459
f 1272//1272 533//533 1783//1783
f 1272//1272 2069//2069 533//533
f 1804//1804 2620//2620 1272//1272
f 2327//2327 2620//2620 1804//1804
f 2327//2327 941//941 2620//2620
f 439//439 941//941 2327//2327
f 439//439 1778//1778 941//941
f 163//163 334//334 439//439
f 701//701 1970//1970 163//163
f 1970//1970 2380//2380 163//163
f 2380//2380 729//729 163//163
f 637//637 1982//1982 2380//2380
f 1982//1982 15//15 2380//2380
f 1406//1406 15//15 1982//1982
f 1406//1406 1952//1952 15//15
f 1705//1705 320//320 1406//1406
f 320//320 1028//1028 1406//1406
f 711//711 4//4 320//320
f 1532//1532 1590//1590 711//711
f 1590//1590 349//349 711//711
f 2644//2644 349//349 1590//1590
f 2644//2644 1003//1003 349//349
f 1187//1187 1003//1003 2644//2644
f 1187//1187 1767//1767 1003//1003
f 1690//1690 1304//1304 1187//1187
f 1304//1304 2130//2130 1187//1187
f 884//884 2130//2130 1304//1304
f 884//884 2163//2163 2130//2130
f 1512//1512 2222//2222 884//884
f 2222//2222 1238//1238 884//884
f 2585//2585 2378//2378 2222//2222
f 2378//2378 796//796 2222//2222
f 796//796 1168//1168 2222//2222
f 1513//1513 2095//2095 796//796
f 2095//2095 457//457 796//796
f 1999//1999 626//626 2095//2095
f 133//133 626//626 1999//1999
f 133//133 2205//2205 626//626
f 1208//1208 1378//1378 133//133
f 1378//1378 2205//2205 133//133
f 1378//1378 1453//1453 2205//2205
f 1453//1453 666//666 2205//2205
f 1707//1707 1401//1401 1453//1453
f 1602//1602 1401//1401 1707//1707
f 1602//1602 1848//1848 1401//1401
f 1848//1848 1109//1109 1401//1401
f 1056//1056 761//761 1848//1848
f 325//325 1060//1060 1056//1056
f 2335//2335 1656//1656 325//325
f 2250//2250 2107//2107 2335//2335
f 2107//2107 382//382 2335//2335
f 2094//2094 382//382 2107//2107
f 2094//2094 1871//1871 382//382
f 2446//2446 1871//1871 2094//2094
f 2446//2446 2276//2276 1871//1871
f 2224//2224 2276//2276 2446//2446
f 2224//2224 1475//1475 2276//2276
f 1919//1919 2424//2424 2224//2224
f 764//764 2424//2424 1919//1919
f 764//764 234//234 2424//2424
f 20//20 234//234 764//764
f 20//20 1593//1593 234//234
f 1964//1964 2090//2090 20//20
f 2090//2090 1593//1593 20//20
f 2090//2090 1312//1312 1593//1593
f 1649//1649 1313//1313 2090//2090
f 2524//2524 1313//1313 1649//1649
f 2524//2524 2455//2455 1313//1313
f 991//991 2455//2455 2524//2524
f 991//991 687//687 2455//2455
f 2651//2651 1500//1500 991//991
f 1118//1118 1500//1500 2651//2651
f 1118//1118 899//899 1500//1500
f 461//461 1133//1133 1118//1118
f 1016//1016 1133//1133 461//461
f 1016//1016 1149//1149 1133//1133
f 518//518 1149//1149 1016//1016
f 518//518 1922//1922 1149//1149
f 597//597 739//739 518//518
f 2358//2358 581//581 597//597
f 614//614 599//599 2358//2358
f 599//599 2422//2422 2358//2358
f 102//102 402//402 599//599
f 762//762 402//402 102//102
f 762//762 1571//1571 402//402
f 1076//1076 1571//1571 762//762
f 1076//1076 170//170 1571//1571
f 1549//1549 170//170 1076//1076
f 1549//1549 2110//2110 170//170
f 2110//2110 392//392 170//170
f 953//953 734//734 2110//2110
f 2243//2243 734//734 953//953
f 2243//2243 148//148 734//734
f 1015//1015 132//132 2243//2243
f 132//132 148//148 2243//2243
f 132//132 861//861 148//148
f 1038//1038 1981//1981 132//132
f 1981//1981 861//861 132//132
f 1981//1981 806//806 861//861
f 246//246 1855//1855 1981//1981
f 1855//1855 806//806 1981//1981
f 1855//1855 1014//1014 806//806
f 1258//1258 155//155 1855//1855
f 155//155 832//832 1855//1855
f 1610//1610 1826//1826 155//155
f 1826//1826 832//832 155//155
f 1826//1826 2598//2598 832//832
f 1717//1717 2415//2415 1826//1826
f 2415//2415 1627//1627 1826//1826
f 2528//2528 1627//1627 2415//2415
f 2528//2528 1623//1623 1627//1627
f 1483//1483 470//470 2528//2528
f 1646//1646 342//342 1483//1483
f 1353//1353 1320//1320 1646//1646
f 1320//1320 2432//2432 1646//1646
f 1802//1802 2655//2655 1320//1320
f 2655//2655 2621//2621 1320//1320
f 2529//2529 1938//1938 2655//2655
f 245//245 1938//1938 2529//2529
f 245//245 2382//2382 1938//1938
f 2055//2055 1641//1641 245//245
f 1641//1641 110//110 245//245
f 530//530 110//110 1641//1641
f 530//530 370//370 110//110
f 1902//1902 370//370 530//530
f 1902//1902 1914//1914 370//370
f 1122//1122 838//838 1902//1902
f 838//838 2497//2497 1902//1902
f 1944//1944 2497//2497 838//838
f 1944//1944 1937//1937 2497//2497
f 657//657 1566//1566 1944//1944
f 1566//1566 935//935 1944//1944
f 1478//1478 935//935 1566//1566
f 1478//1478 2247//2247 935//935
f 7//7 2247//2247 1478//1478
f 7//7 688//688 2247//2247
f 454//454 688//688 7//7
f 454//454 1384//1384 688//688
f 1493//1493 1371//1371 454//454
f 1723//1723 1371//1371 1493//1493
f 1723//1723 1179//1179 1371//1371
f 152//152 1179//1179 1723//1723
f 152//152 816//816 1179//1179
f 2488//2488 816//816 152//152
f 2488//2488 1909//1909 816//816
f 1391//1391 1909//1909 2488//2488
f 1391//1391 546//546 1909//1909
f 1781//1781 694//694 1391//1391
f 694//694 546//546 1391//1391
f 694//694 2397//2397 546//546
f 2397//2397 28//28 546//546
f 2000//2000 1603//1603 2397//2397
f 1603//1603 2479//2479 2397//2397
f 808//808 2227//2227 1603//1603
f 2227//2227 136//136 1603//1603
f 2658//2658 1942//1942 2227//2227
f 1942//1942 1368//1368 2227//2227
f 1948//1948 1368//1368 1942//1942
f 1948//1948 2298//2298 1368//1368
f 21//21 1858//1858 1948//1948
f 1858//1858 1266//1266 1948//1948
f 2285//2285 1660//1660 1858//1858
f 2673//2673 1660//1660 2285//2285
f 2673//2673 2368//2368 1660//1660
f 222//222 2368//2368 2673//2673
f 222//222 444//444 2368//2368
f 444//444 559//559 2368//2368
f 543//543 1736//1736 444//444
f 1420//1420 1736//1736 543//543
f 1420//1420 536//536 1736//1736
f 536//536 1879//1879 1736//1736
f 2129//2129 111//111 536//536
f 111//111 1879//1879 536//536
f 111//111 2022//2022 1879//1879
f 1476//1476 1719//1719 111//111
f 459//459 1461//1461 1476//1476
f 533//533 1204//1204 459//459
f 2069//2069 744//744 533//533
f 1272//1272 2620//2620 2069//2069
f 2620//2620 1164//1164 2069//2069
f 941//941 1164//1164 2620//2620
f 941//941 2340//2340 1164//1164
f 1778//1778 2340//2340 941//941
f 1778//1778 1234//1234 2340//2340
f 439//439 334//334 1778//1778
f 334//334 1870//1870 1778//1778
f 163//163 729//729 334//334
f 729//729 1733//1733 334//334
f 2380//2380 783//783 729//729
f 15//15 783//783 2380//2380
f 15//15 1952//1952 783//783
f 1952//1952 2146//2146 783//783
f 1406//1406 1883//1883 1952//1952
f 1028//1028 1883//1883 1406//1406
f 1028//1028 1213//1213 1883//1883
f 320//320 4//4 1028//1028
f 4//4 475//475 1028//1028
f 711//711 2299//2299 4//4
f 349//349 2299//2299 711//711
f 349//349 2525//2525 2299//2299
f 1003//1003 2457//2457 349//349
f 1767//1767 2457//2457 1003//1003
f 1767//1767 1390//1390 2457//2457
f 1187//1187 2130//2130 1767//1767
f 2130//2130 2163//2163 1767//1767
f 2163//2163 710//710 1767//1767
f 884//884 1501//1501 2163//2163
f 1238//1238 1501//1501 884//884
f 1238//1238 1008//1008 1501//1501
f 2222//2222 1168//1168 1238//1238
f 1168//1168 690//690 1238//1238
f 796//796 457//457 1168//1168
f 457//457 169//169 1168//1168
f 2095//2095 626//626 457//457
f 626//626 314//314 457//457
f 2205//2205 2066//2066 626//626
f 666//666 2042//2042 2205//2205
f 1453//1453 1287//1287 666//666
f 1401//1401 1287//1287 1453//1453
f 1401//1401 1109//1109 1287//1287
f 1109//1109 1131//1131 1287//1287
f 1848//1848 2610//2610 1109//1109
f 761//761 1640//1640 1848//1848
f 1056//1056 1060//1060 761//761
f 1060//1060 1640//1640 761//761
f 1060//1060 896//896 1640//1640
f 325//325 1656//1656 1060//1060
f 1656//1656 1511//1511 1060//1060
f 2335//2335 1764//1764 1656//1656
f 382//382 2200//2200 2335//2335
f 1871//1871 2200//2200 382//382
f 1871//1871 458//458 2200//2200
f 2276//2276 458//458 1871//1871
f 2276//2276 1124//1124 458//458
f 1475//1475 1124//1124 2276//2276
f 1475//1475 610//610 1124//1124
f 2224//2224 2636//2636 1475//1475
f 2424//2424 2636//2636 2224//2224
f 2424//2424 234//234 2636//2636
f 234//234 661//661 2636//2636
f 1593//1593 661//661 234//234
f 1593//1593 2587//2587 661//661
f 1312//1312 2587//2587 1593//1593
f 1312//1312 264//264 2587//2587
f 2090//2090 1313//1313 1312//1312
f 1313//1313 2455//2455 1312//1312
f 2455//2455 2186//2186 1312//1312
f 687//687 2186//2186 2455//2455
f 687//687 150//150 2186//2186
f 991//991 899//899 687//687
f 899//899 991//991 1500//1500
f 1118//1118 2082//2082 899//899
f 1133//1133 2082//2082 1118//1118
f 1133//1133 103//103 2082//2082
f 1149//1149 103//103 1133//1133
f 1149//1149 1922//1922 103//103
f 1922//1922 2260//2260 103//103
f 518//518 739//739 1922//1922
f 739//739 2192//2192 1922//1922
f 597//597 581//581 739//739
f 581//581 93//93 739//739
f 2358//2358 492//492 581//581
f 2422//2422 492//492 2358//2358
f 2422//2422 1886//1886 492//492
f 599//599 2394//2394 2422//2422
f 402//402 2394//2394 599//599
f 402//402 1571//1571 2394//2394
f 1571//1571 1990//1990 2394//2394
f 170//170 392//392 1571//1571
f 392//392 1990//1990 1571//1571
f 392//392 1688//1688 1990//1990
f 2110//2110 335//335 392//392
f 734//734 335//335 2110//2110
f 734//734 523//523 335//335
f 148//148 523//523 734//734
f 148//148 385//385 523//523
f 861//861 471//471 148//148
f 806//806 2267//2267 861//861
f 1014//1014 1525//1525 806//806
f 1855//1855 832//832 1014//1014
f 832//832 1382//1382 1014//1014
f 2598//2598 1382//1382 832//832
f 2598//2598 2465//2465 1382//1382
f 1826//1826 1627//1627 2598//2598
f 1627//1627 2465//2465 2598//2598
f 1627//1627 1623//1623 2465//2465
f 1623//1623 1136//1136 2465//2465
f 2528//2528 1913//1913 1623//1623
f 470//470 1913//1913 2528//2528
f 470//470 2036//2036 1913//1913
f 1483//1483 342//342 470//470
f 342//342 2036//2036 470//470
f 342//342 2049//2049 2036//2036
f 1646//1646 2432//2432 342//342
f 2432//2432 1067//1067 342//342
f 1320//1320 2621//2621 2432//2432
f 2621//2621 2329//2329 2432//2432
f 2655//2655 1938//1938 2621//2621
f 1938//1938 2329//2329 2621//2621
f 1938//1938 522//522 2329//2329
f 2382//2382 944//944 1938//1938
f 245//245 974//974 2382//2382
f 110//110 974//974 245//245
f 110//110 1507//1507 974//974
f 370//370 1507//1507 110//110
f 370//370 568//568 1507//1507
f 1914//1914 754//754 370//370
f 1902//1902 2497//2497 1914//1914
f 2497//2497 2402//2402 1914//1914
f 1937//1937 2402//2402 2497//2497
f 1937//1937 2342//2342 2402//2402
f 1944//1944 62//62 1937//1937
f 935//935 62//62 1944//1944
f 935//935 2247//2247 62//62
f 2247//2247 1280//1280 62//62
f 688//688 1280//1280 2247//2247
f 688//688 1215//1215 1280//1280
f 1384//1384 315//315 688//688
f 454//454 2257//2257 1384//1384
f 1371//1371 2257//2257 454//454
f 1371//1371 1179//1179 2257//2257
f 1179//1179 574//574 2257//2257
f 816//816 574//574 1179//1179
f 816//816 862//862 574//574
f 1909//1909 2411//2411 816//816
f 546//546 28//28 1909//1909
f 28//28 1099//1099 1909//1909
f 2397//2397 1884//1884 28//28
f 2479//2479 1884//1884 2397//2397
f 2479//2479 1789//1789 1884//1884
f 1603//1603 2024//2024 2479//2479
f 136//136 2024//2024 1603//1603
f 136//136 2105//2105 2024//2024
f 2227//2227 180//180 136//136
f 1368//1368 180//180 2227//2227
f 1368//1368 2337//2337 180//180
f 2298//2298 2337//2337 1368//1368
f 2298//2298 1586//1586 2337//2337
f 1948//1948 1266//1266 2298//2298
f 1266//1266 1013//1013 2298//2298
f 1858//1858 1660//1660 1266//1266
f 1660//1660 2061//2061 1266//1266
f 2368//2368 2061//2061 1660//1660
f 2368//2368 559//559 2061//2061
f 559//559 66//66 2061//2061
f 444//444 1776//1776 559//559
f 1736//1736 826//826 444//444
f 1879//1879 826//826 1736//1736
f 1879//1879 279//279 826//826
f 2022//2022 279//279 1879//1879
f 2022//2022 284//284 279//279
f 111//111 1719//1719 2022//2022
f 1719//1719 284//284 2022//2022
f 1719//1719 414//414 284//284
f 1476//1476 1461//1461 1719//1719
f 1461//1461 1429//1429 1719//1719
f 459//459 1204//1204 1461//1461
f 1204//1204 1429//1429 1461//1461
f 1204//1204 745//745 1429//1429
f 533//533 744//744 1204//1204
f 744//744 2578//2578 1204//1204
f 2069//2069 1164//1164 744//744
f 1164//1164 339//339 744//744
f 2340//2340 1510//1510 1164//1164
f 1234//1234 1209//1209 2340//2340
f 1778//1778 1870//1870 1234//1234
f 1870//1870 887//887 1234//1234
f 334//334 1733//1733 1870//1870
f 1733//1733 887//887 1870//1870
f 1733//1733 2600//2600 887//887
f 729//729 783//783 1733//1733
f 783//783 2146//2146 1733//1733
f 2146//2146 2600//2600 1733//1733
f 2146//2146 55//55 2600//2600
f 1952//1952 55//55 2146//2146
f 1952//1952 1883//1883 55//55
f 1883//1883 42//42 55//55
f 1213//1213 42//42 1883//1883
f 1213//1213 1110//1110 42//42
f 1028//1028 475//475 1213//1213
f 475//475 100//100 1213//1213
f 4//4 2299//2299 475//475
f 2299//2299 2525//2525 475//475
f 2525//2525 1539//1539 475//475
f 349//349 2457//2457 2525//2525
f 2457//2457 1052//1052 2525//2525
f 1390//1390 1052//1052 2457//2457
f 1390//1390 2165//2165 1052//1052
f 1767//1767 710//710 1390//1390
f 710//710 213//213 1390//1390
f 2163//2163 2502//2502 710//710
f 1501//1501 2502//2502 2163//2163
f 1501//1501 2454//2454 2502//2502
f 1008//1008 2454//2454 1501//1501
f 1008//1008 2420//2420 2454//2454
f 1238//1238 690//690 1008//1008
f 690//690 540//540 1008//1008
f 1168//1168 169//169 690//690
f 169//169 1460//1460 690//690
f 457//457 314//314 169//169
f 314//314 874//874 169//169
f 626//626 2066//2066 314//314
f 2066//2066 2344//2344 314//314
f 2205//2205 2042//2042 2066//2066
f 2042//2042 534//534 2066//2066
f 666//666 1958//1958 2042//2042
f 1287//1287 1335//1335 666//666
f 1131//1131 1335//1335 1287//1287
f 1131//1131 1941//1941 1335//1335
f 1109//1109 2610//2610 1131//1131
f 2610//2610 793//793 1131//1131
f 1848//1848 1640//1640 2610//2610
f 1640//1640 1273//1273 2610//2610
f 896//896 937//937 1640//1640
f 1060//1060 1511//1511 896//896
f 1511//1511 1971//1971 896//896
f 1656//1656 1764//1764 1511//1511
f 1764//1764 1971//1971 1511//1511
f 1764//1764 880//880 1971//1971
f 2335//2335 2200//2200 1764//1764
f 2200//2200 880//880 1764//1764
f 2200//2200 458//458 880//880
f 458//458 525//525 880//880
f 1124//1124 961//961 458//458
f 610//610 57//57 1124//1124
f 1475//1475 2139//2139 610//610
f 2636//2636 2139//2139 1475//1475
f 2636//2636 661//661 2139//2139
f 661//661 669//669 2139//2139
f 2587//2587 1069//1069 661//661
f 264//264 2575//2575 2587//2587
f 1312//1312 2186//2186 264//264
f 2186//2186 1462//1462 264//264
f 150//150 1462//1462 2186//2186
f 150//150 345//345 1462//1462
f 687//687 2115//2115 150//150
f 899//899 579//579 687//687
f 2082//2082 539//539 899//899
f 103//103 2474//2474 2082//2082
f 2260//2260 1303//1303 103//103
f 1922//1922 2192//2192 2260//2260
f 2192//2192 2231//2231 2260//2260
f 739//739 93//93 2192//2192
f 93//93 394//394 2192//2192
f 581//581 492//492 93//93
f 492//492 1184//1184 93//93
f 1886//1886 1184//1184 492//492
f 1886//1886 1330//1330 1184//1184
f 2422//2422 2394//2394 1886//1886
f 2394//2394 1584//1584 1886//1886
f 1990//1990 1584//1584 2394//2394
f 1990//1990 1688//1688 1584//1584
f 1688//1688 68//68 1584//1584
f 392//392 957//957 1688//1688
f 335//335 957//957 392//392
f 335//335 996//996 957//957
f 523//523 996//996 335//335
f 523//523 2521//2521 996//996
f 385//385 2521//2521 523//523
f 385//385 374//374 2521//2521
f 148//148 471//471 385//385
f 471//471 51//51 385//385
f 861//861 2267//2267 471//471
f 2267//2267 2670//2670 471//471
f 806//806 1525//1525 2267//2267
f 1525//1525 2492//2492 2267//2267
f 1014//1014 1746//1746 1525//1525
f 1382//1382 1746//1746 1014//1014
f 1382//1382 2401//2401 1746//1746
f 2465//2465 2088//2088 1382//1382
f 1136//1136 2088//2088 2465//2465
f 1136//1136 1408//1408 2088//2088
f 1623//1623 1913//1913 1136//1136
f 1913//1913 1755//1755 1136//1136
f 2036//2036 1755//1755 1913//1913
f 2036//2036 2653//2653 1755//1755
f 2049//2049 2653//2653 2036//2036
f 2049//2049 955//955 2653//2653
f 342//342 1067//1067 2049//2049
f 1067//1067 2015//2015 2049//2049
f 2432//2432 2015//2015 1067//1067
f 2432//2432 2329//2329 2015//2015
f 2329//2329 1624//1624 2015//2015
f 522//522 1624//1624 2329//2329
f 522//522 421//421 1624//1624
f 1938//1938 944//944 522//522
f 944//944 118//118 522//522
f 2382//2382 2221//2221 944//944
f 974//974 2221//2221 2382//2382
f 974//974 2486//2486 2221//2221
f 1507//1507 568//568 974//974
f 568//568 2486//2486 974//974
f 568//568 2188//2188 2486//2486
f 370//370 754//754 568//568
f 754//754 760//760 568//568
f 1914//1914 2366//2366 754//754
f 2402//2402 2366//2366 1914//1914
f 2402//2402 2342//2342 2366//2366
f 2342//2342 1307//1307 2366//2366
f 1937//1937 2370//2370 2342//2342
f 62//62 2370//2370 1937//1937
f 62//62 1280//1280 2370//2370
f 1280//1280 1417//1417 2370//2370
f 1215//1215 1417//1417 1280//1280
f 1215//1215 2044//2044 1417//1417
f 688//688 315//315 1215//1215
f 315//315 2044//2044 1215//1215
f 315//315 544//544 2044//2044
f 1384//1384 1134//1134 315//315
f 2257//2257 1980//1980 1384//1384
f 574//574 1980//1980 2257//2257
f 574//574 137//137 1980//1980
f 862//862 137//137 574//574
f 862//862 844//844 137//137
f 816//816 2411//2411 862//862
f 2411//2411 242//242 862//862
f 1909//1909 1099//1099 2411//2411
f 1099//1099 1374//1374 2411//2411
f 28//28 1328//1328 1099//1099
f 1884//1884 1328//1328 28//28
f 1884//1884 27//27 1328//1328
f 1789//1789 27//27 1884//1884
f 1789//1789 1711//1711 27//27
f 2479//2479 294//294 1789//1789
f 2024//2024 294//294 2479//2479
f 2024//2024 52//52 294//294
f 2105//2105 52//52 2024//2024
f 2105//2105 1075//1075 52//52
f 136//136 528//528 2105//2105
f 180//180 528//528 136//136
f 180//180 2337//2337 528//528
f 2337//2337 2584//2584 528//528
f 1586//1586 2230//2230 2337//2337
f 2298//2298 1013//1013 1586//1586
f 1013//1013 529//529 1586//1586
f 1266//1266 66//66 1013//1013
f 66//66 1266//1266 2061//2061
f 559//559 1776//1776 66//66
f 1776//1776 32//32 66//66
f 444//444 826//826 1776//1776
f 826//826 2181//2181 1776//1776
f 279//279 1546//1546 826//826
f 284//284 2152//2152 279//279
f 414//414 501//501 284//284
f 1719//1719 1429//1429 414//414
f 1429//1429 745//745 414//414
f 745//745 1094//1094 414//414
f 1204//1204 166//166 745//745
f 2578//2578 166//166 1204//1204
f 2578//2578 1426//1426 166//166
f 744//744 339//339 2578//2578
f 339//339 2318//2318 2578//2578
f 1164//1164 1510//1510 339//339
f 1510//1510 2318//2318 339//339
f 1510//1510 654//654 2318//2318
f 2340//2340 1209//1209 1510//1510
f 1209//1209 654//654 1510//1510
f 1209//1209 1547//1547 654//654
f 1234//1234 2428//2428 1209//1209
f 887//887 195//195 1234//1234
f 2600//2600 2135//2135 887//887
f 55//55 1761//1761 2600//2600
f 42//42 1761//1761 55//55
f 42//42 2282//2282 1761//1761
f 1110//1110 2282//2282 42//42
f 1110//1110 2339//2339 2282//2282
f 1213//1213 100//100 1110//1110
f 100//100 1385//1385 1110//1110
f 475//475 1539//1539 100//100
f 1539//1539 1385//1385 100//100
f 1539//1539 2012//2012 1385//1385
f 2525//2525 763//763 1539//1539
f 1052//1052 763//763 2525//2525
f 1052//1052 1898//1898 763//763
f 2165//2165 1898//1898 1052//1052
f 2165//2165 2232//2232 1898//1898
f 1390//1390 2628//2628 2165//2165
f 213//213 2628//2628 1390//1390
f 213//213 1544//1544 2628//2628
f 710//710 2502//2502 213//213
f 2502//2502 135//135 213//213
f 2454//2454 135//135 2502//2502
f 2454//2454 1300//1300 135//135
f 2420//2420 1300//1300 2454//2454
f 2420//2420 2045//2045 1300//1300
f 1008//1008 540//540 2420//2420
f 540//540 1839//1839 2420//2420
f 690//690 1460//1460 540//540
f 1460//1460 2386//2386 540//540
f 169//169 874//874 1460//1460
f 874//874 2390//2390 1460//1460
f 314//314 2344//2344 874//874
f 2344//2344 508//508 874//874
f 2066//2066 534//534 2344//2344
f 534//534 703//703 2344//2344
f 2042//2042 1958//1958 534//534
f 1958//1958 1905//1905 534//534
f 666//666 1335//1335 1958//1958
f 1335//1335 630//630 1958//1958
f 1941//1941 630//630 1335//1335
f 1941//1941 2350//2350 630//630
f 1131//1131 793//793 1941//1941
f 793//793 1050//1050 1941//1941
f 2610//2610 1273//1273 793//793
f 1273//1273 1522//1522 793//793
f 1640//1640 937//937 1273//1273
f 937//937 129//129 1273//1273
f 896//896 201//201 937//937
f 1971//1971 201//201 896//896
f 1971//1971 752//752 201//201
f 880//880 1327//1327 1971//1971
f 525//525 890//890 880//880
f 458//458 961//961 525//525
f 961//961 831//831 525//525
f 1124//1124 57//57 961//961
f 57//57 831//831 961//961
f 57//57 463//463 831//831
f 610//610 1611//1611 57//57
f 2139//2139 2319//2319 610//610
f 669//669 2319//2319 2139//2139
f 669//669 2377//2377 2319//2319
f 661//661 1069//1069 669//669
f 1069//1069 178//178 669//669
f 2587//2587 1946//1946 1069//1069
f 2575//2575 1946//1946 2587//2587
f 2575//2575 1654//1654 1946//1946
f 264//264 1462//1462 2575//2575
f 1462//1462 1654//1654 2575//2575
f 1462//1462 1319//1319 1654//1654
f 345//345 1319//1319 1462//1462
f 345//345 1240//1240 1319//1319
f 150//150 2115//2115 345//345
f 2115//2115 84//84 345//345
f 687//687 579//579 2115//2115
f 579//579 964//964 2115//2115
f 899//899 539//539 579//579
f 539//539 964//964 579//579
f 539//539 2323//2323 964//964
f 2082//2082 2323//2323 539//539
f 2082//2082 2474//2474 2323//2323
f 2474//2474 162//162 2323//2323
f 103//103 1303//1303 2474//2474
f 1303//1303 2430//2430 2474//2474
f 2260//2260 1275//1275 1303//1303
f 2231//2231 966//966 2260//2260
f 2192//2192 394//394 2231//2231
f 394//394 2392//2392 2231//2231
f 93//93 841//841 394//394
f 1184//1184 841//841 93//93
f 1184//1184 2469//2469 841//841
f 1330//1330 2469//2469 1184//1184
f 1330//1330 1659//1659 2469//2469
f 1886//1886 1584//1584 1330//1330
f 1584//1584 68//68 1330//1330
f 68//68 1659//1659 1330//1330
f 68//68 797//797 1659//1659
f 1688//1688 2030//2030 68//68
f 957//957 2290//2290 1688//1688
f 996//996 2308//2308 957//957
f 2521//2521 1737//1737 996//996
f 374//374 1920//1920 2521//2521
f 385//385 51//51 374//374
f 51//51 1219//1219 374//374
f 471//471 1625//1625 51//51
f 2670//2670 1625//1625 471//471
f 2670//2670 2492//2492 1625//1625
f 2492//2492 2670//2670 2267//2267
f 1525//1525 282//282 2492//2492
f 1746//1746 282//282 1525//1525
f 1746//1746 2401//2401 282//282
f 2401//2401 2317//2317 282//282
f 1382//1382 2088//2088 2401//2401
f 2088//2088 1268//1268 2401//2401
f 1408//1408 932//932 2088//2088
f 1136//1136 1755//1755 1408//1408
f 1755//1755 1410//1410 1408//1408
f 2653//2653 2287//2287 1755//1755
f 955//955 2287//2287 2653//2653
f 955//955 1997//1997 2287//2287
f 2049//2049 799//799 955//955
f 2015//2015 799//799 2049//2049
f 2015//2015 2425//2425 799//799
f 1624//1624 421//421 2015//2015
f 421//421 2425//2425 2015//2015
f 421//421 1309//1309 2425//2425
f 522//522 118//118 421//421
f 118//118 611//611 421//421
f 944//944 2504//2504 118//118
f 2221//2221 2504//2504 944//944
f 2221//2221 1712//1712 2504//2504
f 2486//2486 1712//1712 2221//2221
f 2486//2486 2188//2188 1712//1712
f 2188//2188 1078//1078 1712//1712
f 568//568 760//760 2188//2188
f 760//760 1078//1078 2188//2188
f 760//760 1658//1658 1078//1078
f 754//754 1633//1633 760//760
f 2366//2366 2564//2564 754//754
f 1307//1307 2564//2564 2366//2366
f 1307//1307 837//837 2564//2564
f 2342//2342 2215//2215 1307//1307
f 2370//2370 2629//2629 2342//2342
f 1417//1417 2629//2629 2370//2370
f 1417//1417 2215//2215 2629//2629
f 2044//2044 677//677 1417//1417
f 544//544 209//209 2044//2044
f 315//315 1134//1134 544//544
f 1134//1134 1771//1771 544//544
f 1384//1384 1980//1980 1134//1134
f 1980//1980 1771//1771 1134//1134
f 1980//1980 2487//2487 1771//1771
f 137//137 2487//2487 1980//1980
f 137//137 2193//2193 2487//2487
f 844//844 2193//2193 137//137
f 844//844 999//999 2193//2193
f 862//862 242//242 844//844
f 242//242 999//999 844//844
f 242//242 2603//2603 999//999
f 2411//2411 1374//1374 242//242
f 1374//1374 2603//2603 242//242
f 1374//1374 948//948 2603//2603
f 1099//1099 1328//1328 1374//1374
f 1328//1328 948//948 1374//1374
f 1328//1328 27//27 948//948
f 27//27 2421//2421 948//948
f 1711//1711 77//77 27//27
f 1789//1789 236//236 1711//1711
f 294//294 236//236 1789//1789
f 294//294 52//52 236//236
f 52//52 480//480 236//236
f 1075//1075 480//480 52//52
f 1075//1075 2046//2046 480//480
f 2105//2105 528//528 1075//1075
f 528//528 2584//2584 1075//1075
f 2584//2584 2199//2199 1075//1075
f 2337//2337 2230//2230 2584//2584
f 2230//2230 2539//2539 2584//2584
f 1586//1586 1157//1157 2230//2230
f 529//529 1157//1157 1586//1586
f 529//529 185//185 1157//1157
f 1013//1013 66//66 529//529
f 66//66 32//32 529//529
f 32//32 185//185 529//529
f 32//32 92//92 185//185
f 1776//1776 2181//2181 32//32
f 2181//2181 211//211 32//32
f 826//826 41//41 2181//2181
f 1546//1546 41//41 826//826
f 1546//1546 495//495 41//41
f 279//279 2152//2152 1546//1546
f 2152//2152 2286//2286 1546//1546
f 284//284 501//501 2152//2152
f 501//501 2286//2286 2152//2152
f 501//501 1388//1388 2286//2286
f 414//414 1218//1218 501//501
f 1094//1094 1218//1218 414//414
f 1094//1094 352//352 1218//1218
f 745//745 166//166 1094//1094
f 166//166 115//115 1094//1094
f 1426//1426 115//115 166//166
f 1426//1426 1993//1993 115//115
f 2578//2578 2318//2318 1426//1426
f 2318//2318 1892//1892 1426//1426
f 654//654 1089//1089 2318//2318
f 1547//1547 1089//1089 654//654
f 1547//1547 527//527 1089//1089
f 1209//1209 2428//2428 1547//1547
f 2428//2428 1837//1837 1547//1547
f 1234//1234 195//195 2428//2428
f 195//195 1837//1837 2428//2428
f 195//195 1617//1617 1837//1837
f 887//887 1617//1617 195//195
f 887//887 2135//2135 1617//1617
f 2135//2135 1302//1302 1617//1617
f 2600//2600 1761//1761 2135//2135
f 1761//1761 2282//2282 2135//2135
f 2282//2282 1541//1541 2135//2135
f 2339//2339 2444//2444 2282//2282
f 1110//1110 321//321 2339//2339
f 1385//1385 321//321 1110//1110
f 1385//1385 2633//2633 321//321
f 2012//2012 1438//1438 1385//1385
f 1539//1539 156//156 2012//2012
f 763//763 156//156 1539//1539
f 763//763 1898//1898 156//156
f 1898//1898 205//205 156//156
f 2232//2232 1788//1788 1898//1898
f 2165//2165 2628//2628 2232//2232
f 2628//2628 2261//2261 2232//2232
f 1544//1544 2261//2261 2628//2628
f 1544//1544 2627//2627 2261//2261
f 213//213 741//741 1544//1544
f 135//135 741//741 213//213
f 135//135 223//223 741//741
f 1300//1300 223//223 135//135
f 1300//1300 1064//1064 223//223
f 2045//2045 1064//1064 1300//1300
f 2045//2045 1819//1819 1064//1064
f 2420//2420 1839//1839 2045//2045
f 1839//1839 1819//1819 2045//2045
f 1839//1839 1808//1808 1819//1819
f 540//540 2386//2386 1839//1839
f 2386//2386 1808//1808 1839//1839
f 2386//2386 1465//1465 1808//1808
f 1460//1460 2390//2390 2386//2386
f 2390//2390 2403//2403 2386//2386
f 874//874 508//508 2390//2390
f 508//508 2403//2403 2390//2390
f 508//508 703//703 2403//2403
f 703//703 508//508 2344//2344
f 534//534 2009//2009 703//703
f 1905//1905 2009//2009 534//534
f 1905//1905 2109//2109 2009//2009
f 1958//1958 630//630 1905//1905
f 630//630 2010//2010 1905//1905
f 2350//2350 259//259 630//630
f 1941//1941 1050//1050 2350//2350
f 1050//1050 2122//2122 2350//2350
f 793//793 1522//1522 1050//1050
f 1522//1522 2122//2122 1050//1050
f 1522//1522 1333//1333 2122//2122
f 1273//1273 129//129 1522//1522
f 129//129 499//499 1522//1522
f 937//937 420//420 129//129
f 201//201 420//420 937//937
f 201//201 752//752 420//420
f 752//752 918//918 420//420
f 1971//1971 1327//1327 752//752
f 1327//1327 397//397 752//752
f 880//880 890//890 1327//1327
f 890//890 715//715 1327//1327
f 525//525 831//831 890//890
f 831//831 715//715 890//890
f 831//831 893//893 715//715
f 463//463 893//893 831//831
f 463//463 1473//1473 893//893
f 57//57 612//612 463//463
f 1611//1611 1607//1607 57//57
f 610//610 2319//2319 1611//1611
f 2319//2319 649//649 1611//1611
f 2377//2377 649//649 2319//2319
f 2377//2377 2220//2220 649//649
f 669//669 178//178 2377//2377
f 178//178 2413//2413 2377//2377
f 1069//1069 1946//1946 178//178
f 1946//1946 1754//1754 178//178
f 1654//1654 1754//1754 1946//1946
f 1654//1654 1354//1354 1754//1754
f 1319//1319 1354//1354 1654//1654
f 1319//1319 1334//1334 1354//1354
f 1240//1240 1334//1334 1319//1319
f 1240//1240 1010//1010 1334//1334
f 345//345 84//84 1240//1240
f 84//84 2501//2501 1240//1240
f 2115//2115 141//141 84//84
f 964//964 141//141 2115//2115
f 964//964 1174//1174 141//141
f 2323//2323 162//162 964//964
f 162//162 1174//1174 964//964
f 162//162 2252//2252 1174//1174
f 2474//2474 2430//2430 162//162
f 2430//2430 2033//2033 162//162
f 1303//1303 1275//1275 2430//2430
f 1275//1275 919//919 2430//2430
f 2260//2260 966//966 1275//1275
f 966//966 869//869 1275//1275
f 2231//2231 2669//2669 966//966
f 2392//2392 2669//2669 2231//2231
f 2392//2392 2519//2519 2669//2669
f 394//394 841//841 2392//2392
f 841//841 1664//1664 2392//2392
f 2469//2469 2471//2471 841//841
f 1659//1659 1963//1963 2469//2469
f 797//797 2475//2475 1659//1659
f 68//68 2030//2030 797//797
f 2030//2030 2596//2596 797//797
f 1688//1688 2290//2290 2030//2030
f 2290//2290 2596//2596 2030//2030
f 2290//2290 2308//2308 2596//2596
f 2308//2308 2290//2290 957//957
f 996//996 1737//1737 2308//2308
f 1737//1737 2596//2596 2308//2308
f 1737//1737 1428//1428 2596//2596
f 2521//2521 1920//1920 1737//1737
f 1920//1920 1428//1428 1737//1737
f 1920//1920 2053//2053 1428//1428
f 374//374 144//144 1920//1920
f 1219//1219 144//144 374//374
f 1219//1219 1405//1405 144//144
f 51//51 1625//1625 1219//1219
f 1625//1625 1943//1943 1219//1219
f 2492//2492 1943//1943 1625//1625
f 2492//2492 2602//2602 1943//1943
f 282//282 946//946 2492//2492
f 2317//2317 1552//1552 282//282
f 2401//2401 383//383 2317//2317
f 1268//1268 383//383 2401//2401
f 1268//1268 932//932 383//383
f 932//932 1268//1268 2088//2088
f 1408//1408 883//883 932//932
f 1410//1410 883//883 1408//1408
f 1410//1410 468//468 883//883
f 1755//1755 2287//2287 1410//1410
f 2287//2287 468//468 1410//1410
f 2287//2287 1997//1997 468//468
f 1997//1997 1910//1910 468//468
f 955//955 980//980 1997//1997
f 799//799 980//980 955//955
f 799//799 2478//2478 980//980
f 2425//2425 2478//2478 799//799
f 2425//2425 1854//1854 2478//2478
f 1309//1309 1854//1854 2425//2425
f 1309//1309 97//97 1854//1854
f 421//421 611//611 1309//1309
f 611//611 97//97 1309//1309
f 611//611 2532//2532 97//97
f 118//118 286//286 611//611
f 2504//2504 514//514 118//118
f 1712//1712 514//514 2504//2504
f 1712//1712 2316//2316 514//514
f 1078//1078 2316//2316 1712//1712
f 1078//1078 1250//1250 2316//2316
f 1658//1658 601//601 1078//1078
f 760//760 1633//1633 1658//1658
f 1633//1633 1734//1734 1658//1658
f 754//754 2564//2564 1633//1633
f 2564//2564 837//837 1633//1633
f 837//837 1734//1734 1633//1633
f 837//837 460//460 1734//1734
f 1307//1307 1288//1288 837//837
f 2215//2215 1288//1288 1307//1307
f 2215//2215 1680//1680 1288//1288
f 2342//2342 2629//2629 2215//2215
f 1417//1417 1680//1680 2215//2215
f 1417//1417 677//677 1680//1680
f 677//677 2452//2452 1680//1680
f 2044//2044 209//209 677//677
f 209//209 124//124 677//677
f 544//544 627//627 209//209
f 1771//1771 627//627 544//544
f 1771//1771 732//732 627//627
f 2487//2487 732//732 1771//1771
f 2487//2487 434//434 732//732
f 2193//2193 434//434 2487//2487
f 2193//2193 721//721 434//434
f 999//999 721//721 2193//2193
f 999//999 550//550 721//721
f 2603//2603 2499//2499 999//999
f 948//948 1851//1851 2603//2603
f 2421//2421 1851//1851 948//948
f 2421//2421 273//273 1851//1851
f 27//27 77//77 2421//2421
f 77//77 753//753 2421//2421
f 1711//1711 1364//1364 77//77
f 236//236 1364//1364 1711//1711
f 236//236 480//480 1364//1364
f 480//480 1277//1277 1364//1364
f 2046//2046 1277//1277 480//480
f 2046//2046 486//486 1277//1277
f 1075//1075 2199//2199 2046//2046
f 2199//2199 1372//1372 2046//2046
f 2584//2584 2539//2539 2199//2199
f 2539//2539 1423//1423 2199//2199
f 2230//2230 1157//1157 2539//2539
f 1157//1157 926//926 2539//2539
f 185//185 926//926 1157//1157
f 185//185 2535//2535 926//926
f 92//92 217//217 185//185
f 32//32 211//211 92//92
f 211//211 2449//2449 92//92
f 2181//2181 41//41 211//211
f 41//41 968//968 211//211
f 495//495 968//968 41//41
f 495//495 1019//1019 968//968
f 1546//1546 2286//2286 495//495
f 2286//2286 1019//1019 495//495
f 2286//2286 1388//1388 1019//1019
f 1388//1388 2134//2134 1019//1019
f 501//501 2418//2418 1388//1388
f 1218//1218 2418//2418 501//501
f 1218//1218 352//352 2418//2418
f 352//352 1305//1305 2418//2418
f 1094//1094 115//115 352//352
f 115//115 822//822 352//352
f 1993//1993 1613//1613 115//115
f 1426//1426 1892//1892 1993//1993
f 1892//1892 578//578 1993//1993
f 2318//2318 1089//1089 1892//1892
f 1089//1089 1548//1548 1892//1892
f 527//527 1548//1548 1089//1089
f 527//527 521//521 1548//1548
f 1547//1547 1837//1837 527//527
f 1837//1837 2294//2294 527//527
f 1617//1617 2294//2294 1837//1837
f 1617//1617 1077//1077 2294//2294
f 1302//1302 1077//1077 1617//1617
f 1302//1302 1674//1674 1077//1077
f 2135//2135 1541//1541 1302//1302
f 1541//1541 2108//2108 1302//1302
f 2282//2282 2444//2444 1541//1541
f 2444//2444 2108//2108 1541//1541
f 2444//2444 1485//1485 2108//2108
f 2339//2339 1128//1128 2444//2444
f 321//321 2633//2633 2339//2339
f 2633//2633 2072//2072 2339//2339
f 1385//1385 1438//1438 2633//2633
f 1438//1438 1644//1644 2633//2633
f 2012//2012 1049//1049 1438//1438
f 156//156 1049//1049 2012//2012
f 156//156 205//205 1049//1049
f 205//205 147//147 1049//1049
f 1898//1898 1788//1788 205//205
f 1788//1788 1489//1489 205//205
f 2232//2232 1387//1387 1788//1788
f 2261//2261 1387//1387 2232//2232
f 2261//2261 2627//2627 1387//1387
f 2627//2627 1672//1672 1387//1387
f 1544//1544 1261//1261 2627//2627
f 741//741 1261//1261 1544//1544
f 741//741 63//63 1261//1261
f 223//223 442//442 741//741
f 1064//1064 442//442 223//223
f 1064//1064 572//572 442//442
f 1819//1819 1220//1220 1064//1064
f 1808//1808 1351//1351 1819//1819
f 1465//1465 2026//2026 1808//1808
f 2386//2386 573//573 1465//1465
f 2403//2403 573//573 2386//2386
f 2403//2403 1123//1123 573//573
f 703//703 1123//1123 2403//2403
f 703//703 2009//2009 1123//1123
f 2009//2009 2109//2109 1123//1123
f 2109//2109 1279//1279 1123//1123
f 1905//1905 2010//2010 2109//2109
f 2010//2010 2646//2646 2109//2109
f 630//630 259//259 2010//2010
f 259//259 714//714 2010//2010
f 2350//2350 283//283 259//259
f 2122//2122 1306//1306 2350//2350
f 1333//1333 791//791 2122//2122
f 1522//1522 499//499 1333//1333
f 499//499 496//496 1333//1333
f 129//129 420//420 499//499
f 420//420 1838//1838 499//499
f 918//918 1838//1838 420//420
f 918//918 1887//1887 1838//1838
f 752//752 1199//1199 918//918
f 397//397 1199//1199 752//752
f 397//397 1051//1051 1199//1199
f 1327//1327 715//715 397//397
f 715//715 1051//1051 397//397
f 715//715 333//333 1051//1051
f 893//893 1666//1666 715//715
f 1473//1473 1666//1666 893//893
f 1473//1473 1996//1996 1666//1666
f 463//463 476//476 1473//1473
f 612//612 476//476 463//463
f 612//612 1607//1607 476//476
f 1607//1607 612//612 57//57
f 1611//1611 649//649 1607//1607
f 649//649 344//344 1607//1607
f 2220//2220 1400//1400 649//649
f 2377//2377 2413//2413 2220//2220
f 2413//2413 230//230 2220//2220
f 178//178 1754//1754 2413//2413
f 1754//1754 1398//1398 2413//2413
f 1354//1354 56//56 1754//1754
f 1334//1334 56//56 1354//1354
f 1334//1334 575//575 56//56
f 1010//1010 225//225 1334//1334
f 1240//1240 2501//2501 1010//1010
f 2501//2501 2084//2084 1010//1010
f 84//84 504//504 2501//2501
f 141//141 504//504 84//84
f 141//141 604//604 504//504
f 1174//1174 604//604 141//141
f 1174//1174 936//936 604//604
f 2252//2252 936//936 1174//1174
f 2252//2252 157//157 936//936
f 162//162 2033//2033 2252//2252
f 2033//2033 157//157 2252//2252
f 2033//2033 359//359 157//157
f 2430//2430 919//919 2033//2033
f 919//919 359//359 2033//2033
f 919//919 869//869 359//359
f 869//869 919//919 1275//1275
f 966//966 2669//2669 869//869
f 2669//2669 168//168 869//869
f 2519//2519 1720//1720 2669//2669
f 2392//2392 1664//1664 2519//2519
f 1664//1664 1806//1806 2519//2519
f 841//841 2471//2471 1664//1664
f 2471//2471 1452//1452 1664//1664
f 2469//2469 1963//1963 2471//2471
f 1963//1963 1452//1452 2471//2471
f 1963//1963 2649//2649 1452//1452
f 1659//1659 1260//1260 1963//1963
f 2475//2475 594//594 1659//1659
f 797//797 1428//1428 2475//2475
f 1428//1428 797//797 2596//2596
f 2053//2053 607//607 1428//1428
f 1920//1920 603//603 2053//2053
f 144//144 603//603 1920//1920
f 144//144 1103//1103 603//603
f 1405//1405 1103//1103 144//144
f 1405//1405 931//931 1103//1103
f 1219//1219 1943//1943 1405//1405
f 1943//1943 1440//1440 1405//1405
f 2602//2602 1440//1440 1943//1943
f 2602//2602 1181//1181 1440//1440
f 2492//2492 946//946 2602//2602
f 946//946 1181//1181 2602//2602
f 946//946 906//906 1181//1181
f 282//282 1552//1552 946//946
f 1552//1552 2503//2503 946//946
f 2317//2317 2179//2179 1552//1552
f 383//383 723//723 2317//2317
f 932//932 1960//1960 383//383
f 883//883 1960//1960 932//932
f 883//883 2552//2552 1960//1960
f 468//468 2552//2552 883//883
f 468//468 643//643 2552//2552
f 1910//1910 643//643 468//468
f 1910//1910 875//875 643//643
f 1997//1997 980//980 1910//1910
f 980//980 866//866 1910//1910
f 2478//2478 1338//1338 980//980
f 1854//1854 1338//1338 2478//2478
f 1854//1854 1698//1698 1338//1338
f 97//97 1698//1698 1854//1854
f 97//97 1928//1928 1698//1698
f 2532//2532 1928//1928 97//97
f 2532//2532 698//698 1928//1928
f 611//611 286//286 2532//2532
f 286//286 698//698 2532//2532
f 286//286 1412//1412 698//698
f 118//118 514//514 286//286
f 514//514 2316//2316 286//286
f 2316//2316 1412//1412 286//286
f 2316//2316 1250//1250 1412//1412
f 1250//1250 332//332 1412//1412
f 1078//1078 601//601 1250//1250
f 601//601 216//216 1250//1250
f 1658//1658 2087//2087 601//601
f 1734//1734 2087//2087 1658//1658
f 1734//1734 642//642 2087//2087
f 460//460 642//642 1734//1734
f 460//460 2031//2031 642//642
f 837//837 2170//2170 460//460
f 1288//1288 2170//2170 837//837
f 1288//1288 2665//2665 2170//2170
f 1680//1680 2452//2452 1288//1288
f 2452//2452 2665//2665 1288//1288
f 2452//2452 2169//2169 2665//2665
f 677//677 124//124 2452//2452
f 124//124 2624//2624 2452//2452
f 209//209 727//727 124//124
f 627//627 727//727 209//209
f 627//627 784//784 727//727
f 732//732 784//784 627//627
f 732//732 434//434 784//784
f 434//434 1543//1543 784//784
f 721//721 1995//1995 434//434
f 550//550 493//493 721//721
f 999//999 2499//2499 550//550
f 2499//2499 354//354 550//550
f 2603//2603 1851//1851 2499//2499
f 1851//1851 997//997 2499//2499
f 273//273 997//997 1851//1851
f 273//273 1751//1751 997//997
f 2421//2421 753//753 273//273
f 753//753 2236//2236 273//273
f 77//77 1894//1894 753//753
f 1364//1364 1894//1894 77//77
f 1364//1364 1277//1277 1894//1894
f 1277//1277 287//287 1894//1894
f 486//486 287//287 1277//1277
f 486//486 1040//1040 287//287
f 2046//2046 2436//2436 486//486
f 1372//1372 2436//2436 2046//2046
f 1372//1372 2540//2540 2436//2436
f 2199//2199 1423//1423 1372//1372
f 1423//1423 719//719 1372//1372
f 2539//2539 2365//2365 1423//1423
f 926//926 2365//2365 2539//2539
f 926//926 2535//2535 2365//2365
f 2535//2535 786//786 2365//2365
f 185//185 217//217 2535//2535
f 217//217 1321//1321 2535//2535
f 92//92 704//704 217//217
f 2449//2449 704//704 92//92
f 2449//2449 617//617 704//704
f 211//211 968//968 2449//2449
f 968//968 1324//1324 2449//2449
f 1019//1019 1324//1324 968//968
f 1019//1019 2134//2134 1324//1324
f 2134//2134 1636//1636 1324//1324
f 1388//1388 1397//1397 2134//2134
f 2418//2418 1397//1397 1388//1388
f 2418//2418 1305//1305 1397//1397
f 1305//1305 305//305 1397//1397
f 352//352 822//822 1305//1305
f 822//822 2597//2597 1305//1305
f 115//115 1613//1613 822//822
f 1613//1613 423//423 822//822
f 1993//1993 578//578 1613//1613
f 578//578 1444//1444 1613//1613
f 1892//1892 1548//1548 578//578
f 1548//1548 1116//1116 578//578
f 521//521 1807//1807 1548//1548
f 527//527 2294//2294 521//521
f 2294//2294 940//940 521//521
f 1077//1077 588//588 2294//2294
f 1674//1674 1092//1092 1077//1077
f 1302//1302 2108//2108 1674//1674
f 2108//2108 1576//1576 1674//1674
f 1485//1485 1576//1576 2108//2108
f 1485//1485 2638//2638 1576//1576
f 2444//2444 1128//1128 1485//1485
f 1128//1128 183//183 1485//1485
f 2339//2339 2072//2072 1128//1128
f 2072//2072 373//373 1128//1128
f 2633//2633 1888//1888 2072//2072
f 1644//1644 1888//1888 2633//2633
f 1644//1644 591//591 1888//1888
f 1438//1438 147//147 1644//1644
f 147//147 1438//1438 1049//1049
f 205//205 1489//1489 147//147
f 1489//1489 591//591 147//147
f 1788//1788 99//99 1489//1489
f 1387//1387 99//99 1788//1788
f 1387//1387 1672//1672 99//99
f 1672//1672 452//452 99//99
f 2627//2627 2500//2500 1672//1672
f 1261//1261 2500//2500 2627//2627
f 1261//1261 2123//2123 2500//2500
f 63//63 2123//2123 1261//1261
f 63//63 1931//1931 2123//2123
f 741//741 442//442 63//63
f 442//442 399//399 63//63
f 572//572 399//399 442//442
f 572//572 2187//2187 399//399
f 1064//1064 1220//1220 572//572
f 1220//1220 1004//1004 572//572
f 1819//1819 1351//1351 1220//1220
f 1351//1351 1927//1927 1220//1220
f 1808//1808 951//951 1351//1351
f 2026//2026 951//951 1808//1808
f 2026//2026 252//252 951//951
f 1465//1465 573//573 2026//2026
f 573//573 2263//2263 2026//2026
f 1123//1123 1279//1279 573//573
f 1279//1279 2263//2263 573//573
f 1279//1279 483//483 2263//2263
f 2109//2109 1628//1628 1279//1279
f 2646//2646 1628//1628 2109//2109
f 2646//2646 2574//2574 1628//1628
f 2010//2010 207//207 2646//2646
f 714//714 207//207 2010//2010
f 714//714 1572//1572 207//207
f 259//259 283//283 714//714
f 283//283 910//910 714//714
f 2350//2350 1306//1306 283//283
f 1306//1306 1433//1433 283//283
f 2122//2122 791//791 1306//1306
f 791//791 1433//1433 1306//1306
f 791//791 2058//2058 1433//1433
f 1333//1333 726//726 791//791
f 496//496 2359//2359 1333//1333
f 499//499 1838//1838 496//496
f 1838//1838 1887//1887 496//496
f 1887//1887 977//977 496//496
f 918//918 2254//2254 1887//1887
f 1199//1199 2254//2254 918//918
f 1199//1199 742//742 2254//2254
f 1051//1051 11//11 1199//1199
f 333//333 11//11 1051//1051
f 333//333 1156//1156 11//11
f 715//715 1666//1666 333//333
f 1666//1666 1156//1156 333//333
f 1666//1666 1996//1996 1156//1156
f 1996//1996 1183//1183 1156//1156
f 1473//1473 916//916 1996//1996
f 476//476 271//271 1473//1473
f 1607//1607 1954//1954 476//476
f 344//344 1815//1815 1607//1607
f 649//649 1400//1400 344//344
f 1400//1400 1775//1775 344//344
f 2220//2220 230//230 1400//1400
f 230//230 1775//1775 1400//1400
f 230//230 1323//1323 1775//1775
f 2413//2413 2451//2451 230//230
f 1398//1398 2451//2451 2413//2413
f 1398//1398 2324//2324 2451//2451
f 1754//1754 56//56 1398//1398
f 56//56 2324//2324 1398//1398
f 56//56 575//575 2324//2324
f 575//575 1534//1534 2324//2324
f 1334//1334 1540//1540 575//575
f 225//225 1540//1540 1334//1334
f 225//225 1190//1190 1540//1540
f 1010//1010 2084//2084 225//225
f 2084//2084 1742//1742 225//225
f 2501//2501 1557//1557 2084//2084
f 504//504 1557//1557 2501//2501
f 504//504 604//604 1557//1557
f 604//604 1404//1404 1557//1557
f 936//936 1404//1404 604//604
f 936//936 243//243 1404//1404
f 157//157 1694//1694 936//936
f 359//359 590//590 157//157
f 869//869 168//168 359//359
f 168//168 270//270 359//359
f 2669//2669 1720//1720 168//168
f 1720//1720 270//270 168//168
f 1720//1720 293//293 270//270
f 2519//2519 609//609 1720//1720
f 1806//1806 609//609 2519//2519
f 1806//1806 1211//1211 609//609
f 1664//1664 1452//1452 1806//1806
f 1452//1452 1211//1211 1806//1806
f 1452//1452 2649//2649 1211//1211
f 2649//2649 2608//2608 1211//1211
f 1963//1963 1260//1260 2649//2649
f 1260//1260 1663//1663 2649//2649
f 1659//1659 594//594 1260//1260
f 594//594 1222//1222 1260//1260
f 2475//2475 607//607 594//594
f 607//607 2475//2475 1428//1428
f 2053//2053 2140//2140 607//607
f 603//603 2216//2216 2053//2053
f 1103//1103 2027//2027 603//603
f 931//931 94//94 1103//1103
f 1405//1405 1440//1440 931//931
f 1440//1440 65//65 931//931
f 1181//1181 65//65 1440//1440
f 1181//1181 913//913 65//65
f 906//906 913//913 1181//1181
f 906//906 1087//1087 913//913
f 946//946 2503//2503 906//906
f 2503//2503 221//221 906//906
f 1552//1552 2179//2179 2503//2503
f 2179//2179 221//221 2503//2503
f 2179//2179 723//723 221//221
f 723//723 2179//2179 2317//2317
f 383//383 1217//1217 723//723
f 1960//1960 1217//1217 383//383
f 1960//1960 1299//1299 1217//1217
f 2552//2552 1299//1299 1960//1960
f 2552//2552 818//818 1299//1299
f 643//643 818//818 2552//2552
f 643//643 1618//1618 818//818
f 875//875 1618//1618 643//643
f 875//875 1697//1697 1618//1618
f 1910//1910 866//866 875//875
f 866//866 907//907 875//875
f 980//980 1338//1338 866//866
f 1338//1338 907//907 866//866
f 1338//1338 2591//2591 907//907
f 1698//1698 2591//2591 1338//1338
f 1698//1698 738//738 2591//2591
f 1928//1928 738//738 1698//1698
f 1928//1928 1348//1348 738//738
f 698//698 2083//2083 1928//1928
f 1412//1412 2083//2083 698//698
f 1412//1412 362//362 2083//2083
f 332//332 362//362 1412//1412
f 332//332 2155//2155 362//362
f 1250//1250 216//216 332//332
f 216//216 542//542 332//332
f 601//601 2087//2087 216//216
f 2087//2087 203//203 216//216
f 642//642 203//203 2087//2087
f 642//642 1521//1521 203//203
f 2031//2031 1521//1521 642//642
f 2031//2031 990//990 1521//1521
f 460//460 1026//1026 2031//2031
f 2170//2170 1026//1026 460//460
f 2170//2170 2665//2665 1026//1026
f 2665//2665 2169//2169 1026//1026
f 2169//2169 2607//2607 1026//1026
f 2452//2452 2624//2624 2169//2169
f 2624//2624 1358//1358 2169//2169
f 124//124 1373//1373 2624//2624
f 727//727 1373//1373 124//124
f 727//727 2590//2590 1373//1373
f 784//784 107//107 727//727
f 1543//1543 107//107 784//784
f 1543//1543 2159//2159 107//107
f 434//434 1995//1995 1543//1543
f 1995//1995 2159//2159 1543//1543
f 1995//1995 1073//1073 2159//2159
f 721//721 493//493 1995//1995
f 493//493 1073//1073 1995//1995
f 493//493 406//406 1073//1073
f 550//550 354//354 493//493
f 354//354 406//406 493//493
f 354//354 663//663 406//406
f 2499//2499 104//104 354//354
f 997//997 104//104 2499//2499
f 997//997 775//775 104//104
f 1751//1751 775//775 997//997
f 1751//1751 1311//1311 775//775
f 273//273 2236//2236 1751//1751
f 2236//2236 2526//2526 1751//1751
f 753//753 2136//2136 2236//2236
f 1894//1894 2136//2136 753//753
f 1894//1894 287//287 2136//2136
f 287//287 947//947 2136//2136
f 1040//1040 947//947 287//287
f 1040//1040 82//82 947//947
f 486//486 365//365 1040//1040
f 2436//2436 365//365 486//486
f 2436//2436 613//613 365//365
f 2540//2540 613//613 2436//2436
f 2540//2540 447//447 613//613
f 1372//1372 719//719 2540//2540
f 719//719 447//447 2540//2540
f 719//719 372//372 447//447
f 1423//1423 786//786 719//719
f 786//786 1423//1423 2365//2365
f 2535//2535 2549//2549 786//786
f 1321//1321 2549//2549 2535//2535
f 1321//1321 1560//1560 2549//2549
f 217//217 704//704 1321//1321
f 704//704 617//617 1321//1321
f 617//617 618//618 1321//1321
f 2449//2449 1636//1636 617//617
f 1636//1636 2449//2449 1324//1324
f 2134//2134 2441//2441 1636//1636
f 1397//1397 109//109 2134//2134
f 305//305 109//109 1397//1397
f 305//305 289//289 109//109
f 1305//1305 1386//1386 305//305
f 2597//2597 1386//1386 1305//1305
f 2597//2597 91//91 1386//1386
f 822//822 423//423 2597//2597
f 423//423 91//91 2597//2597
f 423//423 1915//1915 91//91
f 1613//1613 1444//1444 423//423
f 1444//1444 1531//1531 423//423
f 578//578 1116//1116 1444//1444
f 1116//1116 1531//1531 1444//1444
f 1116//1116 8//8 1531//1531
f 1548//1548 1807//1807 1116//1116
f 1807//1807 8//8 1116//1116
f 1807//1807 2272//2272 8//8
f 521//521 940//940 1807//1807
f 940//940 2272//2272 1807//1807
f 940//940 2144//2144 2272//2272
f 2294//2294 588//588 940//940
f 588//588 2144//2144 940//940
f 588//588 2162//2162 2144//2144
f 1077//1077 1092//1092 588//588
f 1092//1092 2162//2162 588//588
f 1092//1092 2116//2116 2162//2162
f 1674//1674 1576//1576 1092//1092
f 1576//1576 2116//2116 1092//1092
f 1576//1576 1523//1523 2116//2116
f 2638//2638 1523//1523 1576//1576
f 2638//2638 2361//2361 1523//1523
f 1485//1485 183//183 2638//2638
f 183//183 2271//2271 2638//2638
f 1128//1128 373//373 183//183
f 373//373 2271//2271 183//183
f 373//373 960//960 2271//2271
f 2072//2072 1888//1888 373//373
f 1888//1888 960//960 373//373
f 1888//1888 1678//1678 960//960
f 591//591 1678//1678 1888//1888
f 591//591 10//10 1678//1678
f 1644//1644 147//147 591//591
f 1489//1489 1463//1463 591//591
f 99//99 1713//1713 1489//1489
f 452//452 1713//1713 99//99
f 452//452 2362//2362 1713//1713
f 1672//1672 823//823 452//452
f 2500//2500 1735//1735 1672//1672
f 2123//2123 1735//1735 2500//2500
f 2123//2123 1582//1582 1735//1735
f 1931//1931 891//891 2123//2123
f 63//63 399//399 1931//1931
f 399//399 1259//1259 1931//1931
f 2187//2187 1259//1259 399//399
f 2187//2187 1945//1945 1259//1259
f 572//572 1004//1004 2187//2187
f 1004//1004 2605//2605 2187//2187
f 1220//1220 1927//1927 1004//1004
f 1927//1927 1336//1336 1004//1004
f 1351//1351 951//951 1927//1927
f 951//951 1170//1170 1927//1927
f 252//252 1170//1170 951//951
f 252//252 1816//1816 1170//1170
f 2026//2026 199//199 252//252
f 2263//2263 1797//1797 2026//2026
f 483//483 1797//1797 2263//2263
f 483//483 994//994 1797//1797
f 1279//1279 1628//1628 483//483
f 1628//1628 1974//1974 483//483
f 2574//2574 1974//1974 1628//1628
f 2574//2574 17//17 1974//1974
f 2646//2646 207//207 2574//2574
f 207//207 17//17 2574//2574
f 207//207 562//562 17//17
f 1572//1572 562//562 207//207
f 1572//1572 790//790 562//562
f 714//714 910//910 1572//1572
f 910//910 1847//1847 1572//1572
f 283//283 1433//1433 910//910
f 1433//1433 2058//2058 910//910
f 2058//2058 885//885 910//910
f 791//791 1490//1490 2058//2058
f 726//726 1490//1490 791//791
f 726//726 1113//1113 1490//1490
f 1333//1333 2359//2359 726//726
f 2359//2359 1113//1113 726//726
f 2359//2359 2672//2672 1113//1113
f 496//496 2672//2672 2359//2359
f 496//496 977//977 2672//2672
f 977//977 2017//2017 2672//2672
f 1887//1887 2543//2543 977//977
f 2254//2254 2543//2543 1887//1887
f 2254//2254 2265//2265 2543//2543
f 742//742 2265//2265 2254//2254
f 742//742 1508//1508 2265//2265
f 1199//1199 11//11 742//742
f 11//11 2592//2592 742//742
f 1156//1156 1183//1183 11//11
f 1183//1183 2592//2592 11//11
f 1183//1183 1311//1311 2592//2592
f 1996//1996 192//192 1183//1183
f 916//916 424//424 1996//1996
f 1473//1473 271//271 916//916
f 271//271 1233//1233 916//916
f 476//476 1954//1954 271//271
f 1954//1954 1359//1359 271//271
f 1607//1607 1815//1815 1954//1954
f 1815//1815 83//83 1954//1954
f 344//344 1424//1424 1815//1815
f 1775//1775 1424//1424 344//344
f 1775//1775 464//464 1424//1424
f 1323//1323 464//464 1775//1775
f 1323//1323 1450//1450 464//464
f 230//230 2451//2451 1323//1323
f 2451//2451 1350//1350 1323//1323
f 2324//2324 845//845 2451//2451
f 1534//1534 1832//1832 2324//2324
f 575//575 1540//1540 1534//1534
f 1540//1540 1190//1190 1534//1534
f 1190//1190 606//606 1534//1534
f 225//225 127//127 1190//1190
f 1742//1742 127//127 225//225
f 1742//1742 1030//1030 127//127
f 2084//2084 1464//1464 1742//1742
f 1557//1557 1464//1464 2084//2084
f 1557//1557 2641//2641 1464//1464
f 1404//1404 2641//2641 1557//1557
f 1404//1404 1685//1685 2641//2641
f 243//243 1685//1685 1404//1404
f 243//243 1519//1519 1685//1685
f 936//936 1694//1694 243//243
f 1694//1694 1519//1519 243//243
f 1694//1694 1959//1959 1519//1519
f 157//157 590//590 1694//1694
f 590//590 1959//1959 1694//1694
f 590//590 1907//1907 1959//1959
f 359//359 733//733 590//590
f 270//270 733//733 359//359
f 270//270 198//198 733//733
f 293//293 1139//1139 270//270
f 1720//1720 609//609 293//293
f 609//609 1957//1957 293//293
f 1211//1211 1147//1147 609//609
f 2608//2608 2383//2383 1211//1211
f 2649//2649 1663//1663 2608//2608
f 1663//1663 1093//1093 2608//2608
f 1260//1260 1222//1222 1663//1663
f 1222//1222 1093//1093 1663//1663
f 1222//1222 341//341 1093//1093
f 594//594 607//607 1222//1222
f 607//607 2140//2140 1222//1222
f 2140//2140 2011//2011 1222//1222
f 2053//2053 2216//2216 2140//2140
f 2216//2216 2291//2291 2140//2140
f 603//603 290//290 2216//2216
f 2027//2027 290//290 603//603
f 2027//2027 1503//1503 290//290
f 1103//1103 94//94 2027//2027
f 94//94 50//50 2027//2027
f 931//931 65//65 94//94
f 65//65 1229//1229 94//94
f 913//913 1229//1229 65//65
f 913//913 2125//2125 1229//1229
f 1087//1087 206//206 913//913
f 906//906 221//221 1087//1087
f 221//221 1265//1265 1087//1087
f 723//723 2180//2180 221//221
f 1217//1217 1868//1868 723//723
f 1299//1299 1868//1868 1217//1217
f 1299//1299 1992//1992 1868//1868
f 818//818 1992//1992 1299//1299
f 818//818 2128//2128 1992//1992
f 1618//1618 347//347 818//818
f 1697//1697 2635//2635 1618//1618
f 875//875 907//907 1697//1697
f 907//907 1245//1245 1697//1697
f 2591//2591 1245//1245 907//907
f 2591//2591 1551//1551 1245//1245
f 738//738 1551//1551 2591//2591
f 738//738 1348//1348 1551//1551
f 1348//1348 1446//1446 1551//1551
f 1928//1928 2063//2063 1348//1348
f 2083//2083 2063//2063 1928//1928
f 2083//2083 146//146 2063//2063
f 362//362 146//146 2083//2083
f 362//362 2155//2155 146//146
f 2155//2155 2277//2277 146//146
f 332//332 542//542 2155//2155
f 542//542 1121//1121 2155//2155
f 216//216 203//203 542//542
f 203//203 962//962 542//542
f 1521//1521 962//962 203//203
f 1521//1521 1042//1042 962//962
f 990//990 1042//1042 1521//1521
f 990//990 154//154 1042//1042
f 2031//2031 2171//2171 990//990
f 1026//1026 2607//2607 2031//2031
f 2607//2607 2171//2171 2031//2031
f 2607//2607 2244//2244 2171//2171
f 2169//2169 2244//2244 2607//2607
f 2169//2169 1358//1358 2244//2244
f 1358//1358 1264//1264 2244//2244
f 2624//2624 1373//1373 1358//1358
f 1373//1373 987//987 1358//1358
f 2590//2590 987//987 1373//1373
f 2590//2590 1575//1575 987//987
f 727//727 107//107 2590//2590
f 107//107 1575//1575 2590//2590
f 107//107 695//695 1575//1575
f 2159//2159 695//695 107//107
f 2159//2159 1073//1073 695//695
f 1073//1073 1233//1233 695//695
f 406//406 1976//1976 1073//1073
f 663//663 424//424 406//406
f 354//354 104//104 663//663
f 104//104 775//775 663//663
f 775//775 2208//2208 663//663
f 1311//1311 2208//2208 775//775
f 1311//1311 1183//1183 2208//2208
f 1183//1183 192//192 2208//2208
f 192//192 663//663 2208//2208
f 1751//1751 668//668 1311//1311
f 2526//2526 668//668 1751//1751
f 2526//2526 18//18 668//668
f 2236//2236 947//947 2526//2526
f 947//947 2236//2236 2136//2136
f 82//82 2526//2526 947//947
f 82//82 18//18 2526//2526
f 82//82 1244//1244 18//18
f 1040//1040 2043//2043 82//82
f 365//365 1708//1708 1040//1040
f 613//613 1708//1708 365//365
f 613//613 1836//1836 1708//1708
f 447//447 61//61 613//613
f 372//372 673//673 447//447
f 719//719 786//786 372//372
f 786//786 2549//2549 372//372
f 2549//2549 1560//1560 372//372
f 1560//1560 1784//1784 372//372
f 1321//1321 618//618 1560//1560
f 618//618 2005//2005 1560//1560
f 617//617 386//386 618//618
f 1636//1636 1339//1339 617//617
f 2441//2441 1339//1339 1636//1636
f 2441//2441 1150//1150 1339//1339
f 2134//2134 109//109 2441//2441
f 109//109 289//289 2441//2441
f 289//289 1150//1150 2441//2441
f 289//289 993//993 1150//1150
f 305//305 589//589 289//289
f 1386//1386 589//589 305//305
f 1386//1386 2246//2246 589//589
f 91//91 2246//2246 1386//1386
f 91//91 227//227 2246//2246
f 1915//1915 227//227 91//91
f 1915//1915 2354//2354 227//227
f 423//423 1531//1531 1915//1915
f 1531//1531 1760//1760 1915//1915
f 8//8 12//12 1531//1531
f 2272//2272 12//12 8//8
f 2272//2272 70//70 12//12
f 2144//2144 70//70 2272//2272
f 2144//2144 1033//1033 70//70
f 2162//2162 1033//1033 2144//2144
f 2162//2162 1117//1117 1033//1033
f 2116//2116 462//462 2162//2162
f 1523//1523 25//25 2116//2116
f 2361//2361 592//592 1523//1523
f 2638//2638 2271//2271 2361//2361
f 2271//2271 2426//2426 2361//2361
f 960//960 2367//2367 2271//2271
f 1678//1678 1023//1023 960//960
f 10//10 1484//1484 1678//1678
f 591//591 1463//1463 10//10
f 1463//1463 1564//1564 10//10
f 1489//1489 1713//1713 1463//1463
f 1713//1713 1564//1564 1463//1463
f 1713//1713 2362//2362 1564//1564
f 2362//2362 224//224 1564//1564
f 452//452 175//175 2362//2362
f 823//823 175//175 452//452
f 823//823 71//71 175//175
f 1672//1672 1735//1735 823//823
f 1735//1735 1582//1582 823//823
f 1582//1582 1022//1022 823//823
f 2123//2123 891//891 1582//1582
f 891//891 1111//1111 1582//1582
f 1931//1931 2558//2558 891//891
f 1259//1259 2558//2558 1931//1931
f 1259//1259 1945//1945 2558//2558
f 1945//1945 248//248 2558//2558
f 2187//2187 2605//2605 1945//1945
f 2605//2605 1210//1210 1945//1945
f 1004//1004 1336//1336 2605//2605
f 1336//1336 1291//1291 2605//2605
f 1927//1927 500//500 1336//1336
f 1170//1170 500//500 1927//1927
f 1170//1170 898//898 500//500
f 1816//1816 2131//2131 1170//1170
f 252//252 199//199 1816//1816
f 199//199 1231//1231 1816//1816
f 2026//2026 1797//1797 199//199
f 1797//1797 994//994 199//199
f 994//994 1231//1231 199//199
f 994//994 2448//2448 1231//1231
f 483//483 1756//1756 994//994
f 1974//1974 1756//1756 483//483
f 1974//1974 1581//1581 1756//1756
f 17//17 1255//1255 1974//1974
f 562//562 1831//1831 17//17
f 790//790 1831//1831 562//562
f 790//790 1435//1435 1831//1831
f 1572//1572 1847//1847 790//790
f 1847//1847 1813//1813 790//790
f 910//910 885//885 1847//1847
f 885//885 363//363 1847//1847
f 2058//2058 846//846 885//885
f 1490//1490 846//846 2058//2058
f 1490//1490 145//145 846//846
f 1113//1113 145//145 1490//1490
f 1113//1113 602//602 145//145
f 2672//2672 2389//2389 1113//1113
f 2017//2017 2389//2389 2672//2672
f 2017//2017 437//437 2389//2389
f 977//977 2543//2543 2017//2017
f 2543//2543 1100//1100 2017//2017
f 2265//2265 1100//1100 2543//2543
f 2265//2265 668//668 1100//1100
f 742//742 2592//2592 1508//1508
f 2592//2592 1311//1311 1508//1508
f 424//424 192//192 1996//1996
f 424//424 663//663 192//192
f 916//916 1976//1976 424//424
f 271//271 161//161 1233//1233
f 1359//1359 161//161 271//271
f 1359//1359 1342//1342 161//161
f 1954//1954 83//83 1359//1359
f 83//83 1342//1342 1359//1359
f 83//83 231//231 1342//1342
f 1815//1815 570//570 83//83
f 1424//1424 570//570 1815//1815
f 1424//1424 464//464 570//570
f 464//464 250//250 570//570
f 1450//1450 250//250 464//464
f 1450//1450 1598//1598 250//250
f 1323//1323 1495//1495 1450//1450
f 1350//1350 1495//1495 1323//1323
f 1350//1350 1188//1188 1495//1495
f 2451//2451 845//845 1350//1350
f 845//845 1832//1832 1350//1350
f 1832//1832 845//845 2324//2324
f 1534//1534 606//606 1832//1832
f 606//606 1403//1403 1832//1832
f 1190//1190 1177//1177 606//606
f 127//127 1504//1504 1190//1190
f 1030//1030 2020//2020 127//127
f 1742//1742 1464//1464 1030//1030
f 1464//1464 1798//1798 1030//1030
f 2641//2641 1951//1951 1464//1464
f 1685//1685 1951//1951 2641//2641
f 1685//1685 1821//1821 1951//1951
f 1519//1519 1821//1821 1685//1685
f 1519//1519 2270//2270 1821//1821
f 1959//1959 343//343 1519//1519
f 1907//1907 1029//1029 1959//1959
f 590//590 733//733 1907//1907
f 733//733 198//198 1907//1907
f 198//198 265//265 1907//1907
f 270//270 1139//1139 198//198
f 1139//1139 870//870 198//198
f 293//293 1957//1957 1139//1139
f 1957//1957 2472//2472 1139//1139
f 609//609 1147//1147 1957//1957
f 1147//1147 95//95 1957//1957
f 1211//1211 2383//2383 1147//1147
f 2383//2383 675//675 1147//1147
f 2608//2608 2007//2007 2383//2383
f 1093//1093 2007//2007 2608//2608
f 1093//1093 934//934 2007//2007
f 341//341 934//934 1093//1093
f 341//341 2332//2332 934//934
f 1222//1222 2011//2011 341//341
f 2011//2011 2561//2561 341//341
f 2140//2140 2291//2291 2011//2011
f 2291//2291 2561//2561 2011//2011
f 2291//2291 2395//2395 2561//2561
f 2216//2216 1679//1679 2291//2291
f 290//290 1679//1679 2216//2216
f 290//290 1503//1503 1679//1679
f 1503//1503 456//456 1679//1679
f 2027//2027 50//50 1503//1503
f 94//94 319//319 50//50
f 1229//1229 319//319 94//94
f 1229//1229 2125//2125 319//319
f 913//913 206//206 2125//2125
f 1087//1087 1730//1730 206//206
f 1265//1265 1730//1730 1087//1087
f 1265//1265 2466//2466 1730//1730
f 221//221 2180//2180 1265//1265
f 2180//2180 2666//2666 1265//1265
f 723//723 1868//1868 2180//2180
f 1868//1868 2666//2666 2180//2180
f 1868//1868 2509//2509 2666//2666
f 1992//1992 2509//2509 1868//1868
f 1992//1992 1536//1536 2509//2509
f 2128//2128 1536//1536 1992//1992
f 2128//2128 1020//1020 1536//1536
f 818//818 347//347 2128//2128
f 347//347 2515//2515 2128//2128
f 1618//1618 2138//2138 347//347
f 2635//2635 2126//2126 1618//1618
f 1697//1697 1245//1245 2635//2635
f 1245//1245 1468//1468 2635//2635
f 1551//1551 1468//1468 1245//1245
f 1551//1551 2003//2003 1468//1468
f 1446//1446 438//438 1551//1551
f 1348//1348 513//513 1446//1446
f 2063//2063 513//513 1348//1348
f 2063//2063 2096//2096 513//513
f 146//146 2096//2096 2063//2063
f 146//146 2277//2277 2096//2096
f 2277//2277 2399//2399 2096//2096
f 2155//2155 1045//1045 2277//2277
f 1121//1121 1045//1045 2155//2155
f 1121//1121 1772//1772 1045//1045
f 542//542 962//962 1121//1121
f 962//962 1042//1042 1121//1121
f 1042//1042 1772//1772 1121//1121
f 1042//1042 1101//1101 1772//1772
f 154//154 1101//1101 1042//1042
f 154//154 1882//1882 1101//1101
f 990//990 2171//2171 154//154
f 2171//2171 1236//1236 154//154
f 2244//2244 1669//1669 2171//2171
f 1264//1264 1669//1669 2244//2244
f 1264//1264 1477//1477 1669//1669
f 1358//1358 969//969 1264//1264
f 987//987 969//969 1358//1358
f 987//987 3//3 969//969
f 1575//1575 2498//2498 987//987
f 695//695 2498//2498 1575//1575
f 695//695 1342//1342 2498//2498
f 1233//1233 161//161 695//695
f 1976//1976 1233//1233 1073//1073
f 1976//1976 916//916 1233//1233
f 406//406 424//424 1976//1976
f 668//668 1508//1508 1311//1311
f 668//668 2265//2265 1508//1508
f 18//18 1100//1100 668//668
f 18//18 1244//1244 1100//1100
f 1244//1244 2017//2017 1100//1100
f 1244//1244 437//437 2017//2017
f 1244//1244 2321//2321 437//437
f 82//82 2043//2043 1244//1244
f 2043//2043 2321//2321 1244//1244
f 2043//2043 2056//2056 2321//2321
f 1040//1040 2056//2056 2043//2043
f 1040//1040 1708//1708 2056//2056
f 1708//1708 2381//2381 2056//2056
f 1836//1836 2381//2381 1708//1708
f 1836//1836 262//262 2381//2381
f 613//613 262//262 1836//1836
f 613//613 61//61 262//262
f 61//61 1176//1176 262//262
f 447//447 673//673 61//61
f 673//673 2160//2160 61//61
f 372//372 1740//1740 673//673
f 1784//1784 1740//1740 372//372
f 1784//1784 40//40 1740//1740
f 1560//1560 2005//2005 1784//1784
f 2005//2005 40//40 1784//1784
f 2005//2005 1472//1472 40//40
f 618//618 1701//1701 2005//2005
f 386//386 1701//1701 618//618
f 386//386 1339//1339 1701//1701
f 1339//1339 386//386 617//617
f 1150//1150 1701//1701 1339//1339
f 1150//1150 1071//1071 1701//1701
f 993//993 2434//2434 1150//1150
f 289//289 771//771 993//993
f 589//589 771//771 289//289
f 589//589 2246//2246 771//771
f 2246//2246 1322//1322 771//771
f 227//227 1322//1322 2246//2246
f 227//227 2473//2473 1322//1322
f 2354//2354 2473//2473 227//227
f 2354//2354 301//301 2473//2473
f 1915//1915 1760//1760 2354//2354
f 1760//1760 1626//1626 2354//2354
f 1531//1531 12//12 1760//1760
f 12//12 1492//1492 1760//1760
f 70//70 348//348 12//12
f 1033//1033 348//348 70//70
f 1033//1033 1597//1597 348//348
f 1117//1117 1597//1597 1033//1033
f 1117//1117 2103//2103 1597//1597
f 2162//2162 462//462 1117//1117
f 462//462 2103//2103 1117//1117
f 462//462 2166//2166 2103//2103
f 2116//2116 25//25 462//462
f 25//25 2166//2166 462//462
f 25//25 592//592 2166//2166
f 592//592 25//25 1523//1523
f 2361//2361 299//299 592//592
f 2426//2426 299//299 2361//2361
f 2426//2426 1454//1454 299//299
f 2271//2271 2367//2367 2426//2426
f 2367//2367 1454//1454 2426//2426
f 2367//2367 1900//1900 1454//1454
f 960//960 1023//1023 2367//2367
f 1023//1023 1900//1900 2367//2367
f 1023//1023 1484//1484 1900//1900
f 1484//1484 1023//1023 1678//1678
f 10//10 2357//2357 1484//1484
f 1564//1564 2357//2357 10//10
f 1564//1564 2078//2078 2357//2357
f 224//224 2078//2078 1564//1564
f 224//224 1608//1608 2078//2078
f 2362//2362 175//175 224//224
f 175//175 71//71 224//224
f 71//71 396//396 224//224
f 823//823 1022//1022 71//71
f 1022//1022 2062//2062 71//71
f 1582//1582 1111//1111 1022//1022
f 1111//1111 1791//1791 1022//1022
f 891//891 369//369 1111//1111
f 2558//2558 369//369 891//891
f 2558//2558 1357//1357 369//369
f 248//248 1357//1357 2558//2558
f 248//248 2//2 1357//1357
f 1945//1945 1210//1210 248//248
f 1210//1210 467//467 248//248
f 2605//2605 1291//1291 1210//1210
f 1291//1291 1967//1967 1210//1210
f 1336//1336 47//47 1291//1291
f 500//500 47//47 1336//1336
f 500//500 898//898 47//47
f 898//898 90//90 47//47
f 1170//1170 2131//2131 898//898
f 2131//2131 1189//1189 898//898
f 1816//1816 1231//1231 2131//2131
f 1231//1231 1189//1189 2131//2131
f 1231//1231 1814//1814 1189//1189
f 2448//2448 1814//1814 1231//1231
f 2448//2448 2400//2400 1814//1814
f 994//994 2467//2467 2448//2448
f 1756//1756 2467//2467 994//994
f 1756//1756 1581//1581 2467//2467
f 1581//1581 1443//1443 2467//2467
f 1974//1974 428//428 1581//1581
f 1255//1255 428//428 1974//1974
f 1255//1255 1709//1709 428//428
f 17//17 1831//1831 1255//1255
f 1831//1831 1709//1709 1255//1255
f 1831//1831 1435//1435 1709//1709
f 1435//1435 995//995 1709//1709
f 790//790 1421//1421 1435//1435
f 1813//1813 1421//1421 790//790
f 1813//1813 1066//1066 1421//1421
f 1847//1847 363//363 1813//1813
f 363//363 1066//1066 1813//1813
f 363//363 902//902 1066//1066
f 885//885 846//846 363//363
f 846//846 194//194 363//363
f 145//145 1912//1912 846//846
f 602//602 177//177 145//145
f 1113//1113 2389//2389 602//602
f 2389//2389 1167//1167 602//602
f 437//437 1167//1167 2389//2389
f 437//437 2321//2321 1167//1167
f 2321//2321 1949//1949 1167//1167
f 1342//1342 695//695 161//161
f 231//231 186//186 1342//1342
f 83//83 570//570 231//231
f 570//570 250//250 231//231
f 250//250 1237//1237 231//231
f 1598//1598 1237//1237 250//250
f 1598//1598 1518//1518 1237//1237
f 1450//1450 2409//2409 1598//1598
f 1495//1495 2409//2409 1450//1450
f 1495//1495 1188//1188 2409//2409
f 1188//1188 802//802 2409//2409
f 1350//1350 1832//1832 1188//1188
f 1832//1832 1403//1403 1188//1188
f 1403//1403 1935//1935 1188//1188
f 606//606 1599//1599 1403//1403
f 1177//1177 1599//1599 606//606
f 1177//1177 938//938 1599//1599
f 1190//1190 1504//1504 1177//1177
f 1504//1504 780//780 1177//1177
f 127//127 2020//2020 1504//1504
f 2020//2020 780//780 1504//1504
f 2020//2020 2594//2594 780//780
f 1030//1030 76//76 2020//2020
f 1798//1798 824//824 1030//1030
f 1464//1464 1951//1951 1798//1798
f 1951//1951 945//945 1798//1798
f 1821//1821 945//945 1951//1951
f 1821//1821 261//261 945//945
f 2270//2270 1249//1249 1821//1821
f 1519//1519 343//343 2270//2270
f 343//343 2256//2256 2270//2270
f 1959//1959 1029//1029 343//343
f 1029//1029 1725//1725 343//343
f 1907//1907 1080//1080 1029//1029
f 265//265 1080//1080 1907//1907
f 265//265 2284//2284 1080//1080
f 198//198 870//870 265//265
f 870//870 2284//2284 265//265
f 870//870 1185//1185 2284//2284
f 1139//1139 1185//1185 870//870
f 1139//1139 2472//2472 1185//1185
f 2472//2472 2080//2080 1185//1185
f 1957//1957 95//95 2472//2472
f 95//95 2080//2080 2472//2472
f 95//95 1691//1691 2080//2080
f 1147//1147 675//675 95//95
f 675//675 1232//1232 95//95
f 2383//2383 2007//2007 675//675
f 2007//2007 1232//1232 675//675
f 2007//2007 2438//2438 1232//1232
f 934//934 516//516 2007//2007
f 2332//2332 516//516 934//934
f 341//341 2561//2561 2332//2332
f 2291//2291 1679//1679 2395//2395
f 1679//1679 456//456 2395//2395
f 2466//2466 2249//2249 1730//1730
f 1265//1265 2666//2666 2466//2466
f 2666//2666 1329//1329 2466//2466
f 2509//2509 1329//1329 2666//2666
f 2509//2509 1536//1536 1329//1329
f 1536//1536 582//582 1329//1329
f 1020//1020 1953//1953 1536//1536
f 2128//2128 2515//2515 1020//1020
f 2515//2515 593//593 1020//1020
f 347//347 2138//2138 2515//2515
f 2138//2138 593//593 2515//2515
f 2138//2138 2229//2229 593//593
f 1618//1618 2126//2126 2138//2138
f 2126//2126 2229//2229 2138//2138
f 2126//2126 736//736 2229//2229
f 2635//2635 1468//1468 2126//2126
f 1468//1468 736//736 2126//2126
f 1468//1468 2003//2003 736//736
f 2003//2003 897//897 736//736
f 1551//1551 438//438 2003//2003
f 438//438 312//312 2003//2003
f 1446//1446 1864//1864 438//438
f 513//513 1864//1864 1446//1446
f 513//513 1041//1041 1864//1864
f 2096//2096 1041//1041 513//513
f 2096//2096 2399//2399 1041//1041
f 2399//2399 2071//2071 1041//1041
f 2277//2277 2255//2255 2399//2399
f 1045//1045 2255//2255 2277//2277
f 1045//1045 351//351 2255//2255
f 1772//1772 351//351 1045//1045
f 1772//1772 1817//1817 351//351
f 1101//1101 1375//1375 1772//1772
f 1882//1882 1375//1375 1101//1101
f 1882//1882 1021//1021 1375//1375
f 154//154 1236//1236 1882//1882
f 1236//1236 1318//1318 1882//1882
f 2171//2171 1669//1669 1236//1236
f 1669//1669 1477//1477 1236//1236
f 1477//1477 1318//1318 1236//1236
f 1477//1477 1518//1518 1318//1318
f 1264//1264 854//854 1477//1477
f 969//969 3//3 1264//1264
f 3//3 854//854 1264//1264
f 3//3 231//231 854//854
f 987//987 2498//2498 3//3
f 2498//2498 186//186 3//3
f 2056//2056 1949//1949 2321//2321
f 2056//2056 2347//2347 1949//1949
f 2381//2381 2347//2347 2056//2056
f 2381//2381 2025//2025 2347//2347
f 262//262 2025//2025 2381//2381
f 262//262 1176//1176 2025//2025
f 1176//1176 1782//1782 2025//2025
f 61//61 2160//2160 1176//1176
f 2160//2160 538//538 1176//1176
f 673//673 1740//1740 2160//2160
f 1740//1740 515//515 2160//2160
f 40//40 410//410 1740//1740
f 1472//1472 2293//2293 40//40
f 2005//2005 1701//1701 1472//1472
f 1701//1701 1071//1071 1472//1472
f 1071//1071 888//888 1472//1472
f 1150//1150 1899//1899 1071//1071
f 2434//2434 1899//1899 1150//1150
f 2434//2434 1254//1254 1899//1899
f 993//993 2523//2523 2434//2434
f 771//771 2523//2523 993//993
f 771//771 1322//1322 2523//2523
f 1322//1322 2536//2536 2523//2523
f 2473//2473 1872//1872 1322//1322
f 301//301 1055//1055 2473//2473
f 2354//2354 1626//1626 301//301
f 1626//1626 2075//2075 301//301
f 1760//1760 1492//1492 1626//1626
f 1492//1492 2075//2075 1626//1626
f 1492//1492 2070//2070 2075//2075
f 12//12 348//348 1492//1492
f 348//348 2070//2070 1492//1492
f 348//348 1597//1597 2070//2070
f 1597//1597 1714//1714 2070//2070
f 2103//2103 1714//1714 1597//1597
f 2103//2103 1381//1381 1714//1714
f 2166//2166 2663//2663 2103//2103
f 592//592 1017//1017 2166//2166
f 299//299 879//879 592//592
f 1454//1454 879//879 299//299
f 1454//1454 1559//1559 879//879
f 1900//1900 1243//1243 1454//1454
f 1484//1484 2248//2248 1900//1900
f 2357//2357 2248//2248 1484//1484
f 2357//2357 1710//1710 2248//2248
f 2078//2078 1044//1044 2357//2357
f 1608//1608 1044//1044 2078//2078
f 1608//1608 240//240 1044//1044
f 224//224 233//233 1608//1608
f 396//396 233//233 224//224
f 396//396 1880//1880 233//233
f 71//71 2062//2062 396//396
f 2062//2062 455//455 396//396
f 1022//1022 1791//1791 2062//2062
f 1791//1791 1878//1878 2062//2062
f 1111//1111 369//369 1791//1791
f 369//369 1481//1481 1791//1791
f 1357//1357 1481//1481 369//369
f 1357//1357 2//2 1481//1481
f 2//2 2489//2489 1481//1481
f 248//248 467//467 2//2
f 467//467 2225//2225 2//2
f 1210//1210 531//531 467//467
f 1967//1967 531//531 1210//1210
f 1967//1967 2214//2214 531//531
f 1291//1291 47//47 1967//1967
f 47//47 751//751 1967//1967
f 90//90 751//751 47//47
f 90//90 672//672 751//751
f 898//898 258//258 90//90
f 1189//1189 258//258 898//898
f 1189//1189 565//565 258//258
f 1814//1814 193//193 1189//1189
f 2400//2400 2202//2202 1814//1814
f 2448//2448 2467//2467 2400//2400
f 2467//2467 1443//1443 2400//2400
f 1443//1443 2569//2569 2400//2400
f 1581//1581 428//428 1443//1443
f 428//428 364//364 1443//1443
f 1709//1709 1162//1162 428//428
f 995//995 1162//1162 1709//1709
f 995//995 2113//2113 1162//1162
f 1435//1435 803//803 995//995
f 1421//1421 2435//2435 1435//1435
f 1066//1066 106//106 1421//1421
f 902//902 106//106 1066//1066
f 902//902 1271//1271 106//106
f 363//363 2241//2241 902//902
f 194//194 2241//2241 363//363
f 194//194 2060//2060 2241//2241
f 846//846 1912//1912 194//194
f 1912//1912 2060//2060 194//194
f 1912//1912 2459//2459 2060//2060
f 145//145 2117//2117 1912//1912
f 177//177 2117//2117 145//145
f 177//177 1843//1843 2117//2117
f 602//602 1167//1167 177//177
f 1167//1167 631//631 177//177
f 1949//1949 2347//2347 1167//1167
f 2347//2347 631//631 1167//1167
f 2347//2347 2025//2025 631//631
f 2025//2025 1722//1722 631//631
f 186//186 2498//2498 1342//1342
f 231//231 3//3 186//186
f 1237//1237 854//854 231//231
f 1518//1518 854//854 1237//1237
f 1518//1518 1477//1477 854//854
f 1598//1598 2618//2618 1518//1518
f 2409//2409 2618//2618 1598//1598
f 2409//2409 2550//2550 2618//2618
f 802//802 2550//2550 2409//2409
f 802//802 758//758 2550//2550
f 1188//1188 1935//1935 802//802
f 1935//1935 758//758 802//802
f 1935//1935 1969//1969 758//758
f 1403//1403 1599//1599 1935//1935
f 1599//1599 1383//1383 1935//1935
f 938//938 1383//1383 1599//1599
f 938//938 1506//1506 1383//1383
f 1177//1177 780//780 938//938
f 780//780 2556//2556 938//938
f 2594//2594 2556//2556 780//780
f 2594//2594 1706//1706 2556//2556
f 2020//2020 2275//2275 2594//2594
f 76//76 2275//2275 2020//2020
f 76//76 824//824 2275//2275
f 824//824 76//76 1030//1030
f 1798//1798 945//945 824//824
f 945//945 975//975 824//824
f 261//261 975//975 945//945
f 261//261 469//469 975//975
f 1821//1821 1249//1249 261//261
f 1249//1249 2496//2496 261//261
f 2270//2270 2256//2256 1249//1249
f 2256//2256 2496//2496 1249//1249
f 2256//2256 2506//2506 2496//2496
f 343//343 1725//1725 2256//2256
f 1725//1725 564//564 2256//2256
f 1029//1029 1270//1270 1725//1725
f 1080//1080 1270//1270 1029//1029
f 1080//1080 2295//2295 1270//1270
f 2284//2284 2295//2295 1080//1080
f 2284//2284 1852//1852 2295//2295
f 1185//1185 288//288 2284//2284
f 2080//2080 288//288 1185//1185
f 2080//2080 1691//1691 288//288
f 95//95 1232//1232 1691//1691
f 1232//1232 2438//2438 1691//1691
f 2007//2007 516//516 2438//2438
f 2466//2466 1329//1329 2249//2249
f 1329//1329 582//582 2249//2249
f 1536//1536 1953//1953 582//582
f 1020//1020 2280//2280 1953//1953
f 593//593 2280//2280 1020//1020
f 593//593 577//577 2280//2280
f 2229//2229 1721//1721 593//593
f 736//736 2283//2283 2229//2229
f 897//897 2283//2283 736//736
f 897//897 1573//1573 2283//2283
f 2003//2003 312//312 897//897
f 312//312 1090//1090 897//897
f 438//438 474//474 312//312
f 1864//1864 474//474 438//438
f 1864//1864 2071//2071 474//474
f 2071//2071 1864//1864 1041//1041
f 2399//2399 2601//2601 2071//2071
f 2255//2255 1861//1861 2399//2399
f 351//351 656//656 2255//2255
f 1817//1817 656//656 351//351
f 1817//1817 328//328 656//656
f 1772//1772 2626//2626 1817//1817
f 1375//1375 2626//2626 1772//1772
f 1375//1375 1770//1770 2626//2626
f 1021//1021 1770//1770 1375//1375
f 1021//1021 805//805 1770//1770
f 1882//1882 697//697 1021//1021
f 1318//1318 697//697 1882//1882
f 1318//1318 378//378 697//697
f 1518//1518 378//378 1318//1318
f 1518//1518 2618//2618 378//378
f 2618//2618 1228//1228 378//378
f 1782//1782 2563//2563 2025//2025
f 1176//1176 538//538 1782//1782
f 538//538 1724//1724 1782//1782
f 2160//2160 515//515 538//538
f 515//515 418//418 538//538
f 1740//1740 410//410 515//515
f 410//410 418//418 515//515
f 410//410 632//632 418//418
f 40//40 2293//2293 410//410
f 2293//2293 632//632 410//410
f 2293//2293 2579//2579 632//632
f 1472//1472 2149//2149 2293//2293
f 888//888 2149//2149 1472//1472
f 888//888 2533//2533 2149//2149
f 1071//1071 1899//1899 888//888
f 1899//1899 2068//2068 888//888
f 1254//1254 2068//2068 1899//1899
f 1254//1254 2614//2614 2068//2068
f 2434//2434 2076//2076 1254//1254
f 2523//2523 2076//2076 2434//2434
f 2523//2523 2536//2536 2076//2076
f 2536//2536 1988//1988 2076//2076
f 1322//1322 1872//1872 2536//2536
f 1872//1872 865//865 2536//2536
f 2473//2473 1389//1389 1872//1872
f 1055//1055 1389//1389 2473//2473
f 1055//1055 2599//2599 1389//1389
f 301//301 81//81 1055//1055
f 2075//2075 81//81 301//301
f 2075//2075 2570//2570 81//81
f 2070//2070 2570//2570 2075//2075
f 2070//2070 1714//1714 2570//2570
f 1714//1714 85//85 2570//2570
f 1381//1381 202//202 1714//1714
f 2103//2103 2663//2663 1381//1381
f 2663//2663 2480//2480 1381//1381
f 2166//2166 1795//1795 2663//2663
f 1017//1017 1795//1795 2166//2166
f 1017//1017 36//36 1795//1795
f 592//592 879//879 1017//1017
f 879//879 36//36 1017//1017
f 879//879 1559//1559 36//36
f 1559//1559 1143//1143 36//36
f 1454//1454 1243//1243 1559//1559
f 1243//1243 623//623 1559//1559
f 1900//1900 1673//1673 1243//1243
f 2248//2248 1673//1673 1900//1900
f 2248//2248 1710//1710 1673//1673
f 1710//1710 1413//1413 1673//1673
f 2357//2357 1044//1044 1710//1710
f 1044//1044 1224//1224 1710//1710
f 240//240 1224//1224 1044//1044
f 240//240 1095//1095 1224//1224
f 1608//1608 233//233 240//240
f 233//233 1763//1763 240//240
f 1880//1880 1763//1763 233//233
f 1880//1880 2616//2616 1763//1763
f 396//396 455//455 1880//1880
f 455//455 2642//2642 1880//1880
f 2062//2062 1878//1878 455//455
f 1878//1878 2234//2234 455//455
f 1791//1791 1846//1846 1878//1878
f 1481//1481 2489//2489 1791//1791
f 2489//2489 1846//1846 1791//1791
f 2489//2489 2408//2408 1846//1846
f 2//2 929//929 2489//2489
f 2225//2225 2223//2223 2//2
f 467//467 531//531 2225//2225
f 531//531 2433//2433 2225//2225
f 2214//2214 2433//2433 531//531
f 2214//2214 2306//2306 2433//2433
f 1967//1967 2306//2306 2214//2214
f 1967//1967 751//751 2306//2306
f 751//751 1396//1396 2306//2306
f 672//672 1396//1396 751//751
f 672//672 709//709 1396//1396
f 90//90 258//258 672//672
f 258//258 1037//1037 672//672
f 565//565 1037//1037 258//258
f 565//565 1863//1863 1037//1037
f 1189//1189 193//193 565//565
f 193//193 2228//2228 565//565
f 1814//1814 1866//1866 193//193
f 2202//2202 1866//1866 1814//1814
f 2202//2202 1120//1120 1866//1866
f 2400//2400 2569//2569 2202//2202
f 2569//2569 1120//1120 2202//2202
f 2569//2569 1105//1105 1120//1120
f 1443//1443 364//364 2569//2569
f 364//364 1105//1105 2569//2569
f 364//364 2113//2113 1105//1105
f 428//428 1162//1162 364//364
f 2113//2113 364//364 1162//1162
f 995//995 2325//2325 2113//2113
f 803//803 2016//2016 995//995
f 1435//1435 2218//2218 803//803
f 2435//2435 2218//2218 1435//1435
f 2435//2435 1849//1849 2218//2218
f 1421//1421 106//106 2435//2435
f 106//106 1849//1849 2435//2435
f 106//106 986//986 1849//1849
f 1271//1271 986//986 106//106
f 1271//1271 408//408 986//986
f 902//902 2241//2241 1271//1271
f 2241//2241 2619//2619 1271//1271
f 2060//2060 2619//2619 2241//2241
f 2060//2060 1393//1393 2619//2619
f 2459//2459 548//548 2060//2060
f 1912//1912 2279//2279 2459//2459
f 2117//2117 2279//2279 1912//1912
f 2117//2117 1843//1843 2279//2279
f 1843//1843 693//693 2279//2279
f 177//177 631//631 1843//1843
f 631//631 1722//1722 1843//1843
f 1722//1722 693//693 1843//1843
f 1722//1722 928//928 693//693
f 2025//2025 2563//2563 1722//1722
f 2563//2563 928//928 1722//1722
f 2563//2563 2266//2266 928//928
f 2550//2550 1228//1228 2618//2618
f 2550//2550 758//758 1228//1228
f 758//758 239//239 1228//1228
f 1969//1969 215//215 758//758
f 1935//1935 1383//1383 1969//1969
f 1383//1383 1057//1057 1969//1969
f 1506//1506 1057//1057 1383//1383
f 1506//1506 895//895 1057//1057
f 938//938 2556//2556 1506//1506
f 2556//2556 35//35 1506//1506
f 1706//1706 1749//1749 2556//2556
f 2594//2594 2275//2275 1706//1706
f 2275//2275 1263//1263 1706//1706
f 824//824 218//218 2275//2275
f 975//975 218//218 824//824
f 975//975 469//469 218//218
f 469//469 190//190 218//218
f 261//261 2483//2483 469//469
f 2496//2496 2483//2483 261//261
f 2496//2496 2522//2522 2483//2483
f 2506//2506 2522//2522 2496//2496
f 2506//2506 1427//1427 2522//2522
f 2256//2256 564//564 2506//2506
f 564//564 13//13 2506//2506
f 1725//1725 1011//1011 564//564
f 1270//1270 1011//1011 1725//1725
f 1270//1270 1726//1726 1011//1011
f 2295//2295 1726//1726 1270//1270
f 2295//2295 1852//1852 1726//1726
f 2284//2284 288//288 1852//1852
f 577//577 2322//2322 2280//2280
f 593//593 1721//1721 577//577
f 1721//1721 1380//1380 577//577
f 2229//2229 2283//2283 1721//1721
f 2283//2283 1573//1573 1721//1721
f 1573//1573 2612//2612 1721//1721
f 897//897 1090//1090 1573//1573
f 1090//1090 1152//1152 1573//1573
f 312//312 2372//2372 1090//1090
f 474//474 2372//2372 312//312
f 474//474 1281//1281 2372//2372
f 2071//2071 2520//2520 474//474
f 2601//2601 2520//2520 2071//2071
f 2601//2601 1102//1102 2520//2520
f 2399//2399 1861//1861 2601//2601
f 1861//1861 914//914 2601//2601
f 2255//2255 656//656 1861//1861
f 656//656 143//143 1861//1861
f 328//328 143//143 656//656
f 328//328 2379//2379 143//143
f 1817//1817 361//361 328//328
f 2626//2626 361//361 1817//1817
f 2626//2626 1770//1770 361//361
f 1770//1770 1790//1790 361//361
f 805//805 1645//1645 1770//1770
f 1021//1021 239//239 805//805
f 378//378 1228//1228 697//697
f 1782//1782 2266//2266 2563//2563
f 1782//1782 1724//1724 2266//2266
f 1724//1724 930//930 2266//2266
f 538//538 418//418 1724//1724
f 418//418 930//930 1724//1724
f 418//418 632//632 930//930
f 632//632 1757//1757 930//930
f 2579//2579 1955//1955 632//632
f 2293//2293 2149//2149 2579//2579
f 2149//2149 350//350 2579//2579
f 2533//2533 350//350 2149//2149
f 2533//2533 894//894 350//350
f 888//888 2068//2068 2533//2533
f 2068//2068 2614//2614 2533//2533
f 2614//2614 894//894 2533//2533
f 2614//2614 1191//1191 894//894
f 1254//1254 1178//1178 2614//2614
f 2076//2076 1178//1178 1254//1254
f 2076//2076 1988//1988 1178//1178
f 1988//1988 1025//1025 1178//1178
f 2536//2536 865//865 1988//1988
f 865//865 600//600 1988//1988
f 1872//1872 1389//1389 865//865
f 1389//1389 2599//2599 865//865
f 2599//2599 1130//1130 865//865
f 1055//1055 678//678 2599//2599
f 81//81 678//678 1055//1055
f 81//81 1325//1325 678//678
f 2570//2570 1325//1325 81//81
f 2570//2570 85//85 1325//1325
f 85//85 1207//1207 1325//1325
f 1714//1714 202//202 85//85
f 202//202 1207//1207 85//85
f 202//202 1517//1517 1207//1207
f 1381//1381 2039//2039 202//202
f 2480//2480 2039//2039 1381//1381
f 2480//2480 2661//2661 2039//2039
f 2663//2663 1795//1795 2480//2480
f 1795//1795 647//647 2480//2480
f 36//36 647//647 1795//1795
f 36//36 1143//1143 647//647
f 1143//1143 1762//1762 647//647
f 1559//1559 750//750 1143//1143
f 623//623 750//750 1559//1559
f 623//623 700//700 750//750
f 1243//1243 1413//1413 623//623
f 1413//1413 1243//1243 1673//1673
f 1710//1710 1224//1224 1413//1413
f 1224//1224 503//503 1413//1413
f 1095//1095 503//503 1224//1224
f 1095//1095 1890//1890 503//503
f 240//240 1763//1763 1095//1095
f 1763//1763 1936//1936 1095//1095
f 2616//2616 1936//1936 1763//1763
f 2616//2616 1200//1200 1936//1936
f 1880//1880 2642//2642 2616//2616
f 2642//2642 482//482 2616//2616
f 455//455 1570//1570 2642//2642
f 2234//2234 1570//1570 455//455
f 2234//2234 1526//1526 1570//1570
f 1878//1878 1846//1846 2234//2234
f 1846//1846 878//878 2234//2234
f 2408//2408 878//878 1846//1846
f 2408//2408 929//929 878//878
f 929//929 2408//2408 2489//2489
f 2//2 2223//2223 929//929
f 2223//2223 173//173 929//929
f 2225//2225 728//728 2223//2223
f 2433//2433 728//728 2225//2225
f 2433//2433 1538//1538 728//728
f 2306//2306 1565//1565 2433//2433
f 1396//1396 2161//2161 2306//2306
f 709//709 1862//1862 1396//1396
f 672//672 1037//1037 709//709
f 1037//1037 1284//1284 709//709
f 1863//1863 2237//2237 1037//1037
f 565//565 585//585 1863//1863
f 2228//2228 585//585 565//565
f 2228//2228 1418//1418 585//585
f 193//193 1866//1866 2228//2228
f 1866//1866 989//989 2228//2228
f 1120//1120 989//989 1866//1866
f 1120//1120 2414//2414 989//989
f 1105//1105 1377//1377 1120//1120
f 2113//2113 2580//2580 1105//1105
f 2325//2325 2580//2580 2113//2113
f 2325//2325 371//371 2580//2580
f 995//995 2016//2016 2325//2325
f 2016//2016 371//371 2325//2325
f 2016//2016 1695//1695 371//371
f 803//803 1343//1343 2016//2016
f 2218//2218 1849//1849 803//803
f 1849//1849 1824//1824 803//803
f 986//986 1918//1918 1849//1849
f 408//408 451//451 986//986
f 1271//1271 9//9 408//408
f 2619//2619 9//9 1271//1271
f 2619//2619 1393//1393 9//9
f 1393//1393 1416//1416 9//9
f 2060//2060 548//548 1393//1393
f 548//548 2309//2309 1393//1393
f 2459//2459 309//309 548//548
f 2279//2279 309//309 2459//2459
f 2279//2279 693//693 309//309
f 693//693 928//928 309//309
f 928//928 595//595 309//309
f 2266//2266 2542//2542 928//928
f 239//239 697//697 1228//1228
f 239//239 1021//1021 697//697
f 758//758 215//215 239//239
f 215//215 805//805 239//239
f 215//215 555//555 805//805
f 1969//1969 2675//2675 215//215
f 1057//1057 2675//2675 1969//1969
f 1057//1057 2477//2477 2675//2675
f 895//895 2477//2477 1057//1057
f 895//895 1082//1082 2477//2477
f 1506//1506 35//35 895//895
f 35//35 1933//1933 895//895
f 2556//2556 2023//2023 35//35
f 1749//1749 2023//2023 2556//2556
f 1749//1749 1256//1256 2023//2023
f 1706//1706 1180//1180 1749//1749
f 1263//1263 1180//1180 1706//1706
f 1263//1263 965//965 1180//1180
f 2275//2275 218//218 1263//1263
f 218//218 190//190 1263//1263
f 190//190 1012//1012 1263//1263
f 469//469 1661//1661 190//190
f 2483//2483 1661//1661 469//469
f 2483//2483 1583//1583 1661//1661
f 2522//2522 1583//1583 2483//2483
f 2522//2522 1427//1427 1583//1583
f 1427//1427 855//855 1583//1583
f 2506//2506 13//13 1427//1427
f 564//564 2571//2571 13//13
f 1011//1011 2571//2571 564//564
f 1011//1011 1726//1726 2571//2571
f 577//577 1380//1380 2322//2322
f 1721//1721 2612//2612 1380//1380
f 2612//2612 2625//2625 1380//1380
f 1573//1573 1152//1152 2612//2612
f 1152//1152 159//159 2612//2612
f 1090//1090 867//867 1152//1152
f 2372//2372 1005//1005 1090//1090
f 1281//1281 1005//1005 2372//2372
f 1281//1281 1652//1652 1005//1005
f 474//474 2520//2520 1281//1281
f 2520//2520 2513//2513 1281//1281
f 1102//1102 2517//2517 2520//2520
f 2601//2601 914//914 1102//1102
f 914//914 682//682 1102//1102
f 1861//1861 143//143 914//914
f 143//143 682//682 914//914
f 143//143 2040//2040 682//682
f 2379//2379 2040//2040 143//143
f 2379//2379 450//450 2040//2040
f 328//328 2302//2302 2379//2379
f 361//361 2302//2302 328//328
f 361//361 1790//1790 2302//2302
f 1790//1790 2431//2431 2302//2302
f 1770//1770 1645//1645 1790//1790
f 1645//1645 2431//2431 1790//1790
f 1645//1645 555//555 2431//2431
f 930//930 2092//2092 2266//2266
f 1757//1757 2092//2092 930//930
f 1757//1757 196//196 2092//2092
f 632//632 1955//1955 1757//1757
f 1955//1955 196//196 1757//1757
f 1955//1955 1524//1524 196//196
f 2579//2579 350//350 1955//1955
f 350//350 1142//1142 1955//1955
f 894//894 1142//1142 350//350
f 894//894 2142//2142 1142//1142
f 1191//1191 2142//2142 894//894
f 1191//1191 933//933 2142//2142
f 2614//2614 1178//1178 1191//1191
f 1178//1178 1025//1025 1191//1191
f 1025//1025 238//238 1191//1191
f 1988//1988 1141//1141 1025//1025
f 600//600 1141//1141 1988//1988
f 600//600 1561//1561 1141//1141
f 865//865 1130//1130 600//600
f 1130//1130 853//853 600//600
f 2599//2599 956//956 1130//1130
f 678//678 956//956 2599//2599
f 678//678 130//130 956//956
f 1325//1325 130//130 678//678
f 1325//1325 318//318 130//130
f 1207//1207 318//318 1325//1325
f 1207//1207 1355//1355 318//318
f 1517//1517 1355//1355 1207//1207
f 1517//1517 2334//2334 1355//1355
f 202//202 2039//2039 1517//1517
f 2039//2039 1668//1668 1517//1517
f 2661//2661 1668//1668 2039//2039
f 2661//2661 749//749 1668//1668
f 2480//2480 647//647 2661//2661
f 647//647 2551//2551 2661//2661
f 1762//1762 2551//2551 647//647
f 1762//1762 2269//2269 2551//2551
f 1143//1143 251//251 1762//1762
f 750//750 251//251 1143//1143
f 750//750 700//700 251//251
f 700//700 1009//1009 251//251
f 623//623 422//422 700//700
f 1413//1413 638//638 623//623
f 503//503 638//638 1413//1413
f 503//503 449//449 638//638
f 1890//1890 449//449 503//503
f 1890//1890 1297//1297 449//449
f 1095//1095 1936//1936 1890//1890
f 1936//1936 298//298 1890//1890
f 1200//1200 2093//2093 1936//1936
f 2616//2616 482//482 1200//1200
f 482//482 843//843 1200//1200
f 2642//2642 1526//1526 482//482
f 1526//1526 2642//2642 1570//1570
f 2234//2234 2207//2207 1526//1526
f 878//878 2207//2207 2234//2234
f 878//878 1979//1979 2207//2207
f 929//929 580//580 878//878
f 173//173 580//580 929//929
f 173//173 446//446 580//580
f 2223//2223 728//728 173//173
f 728//728 431//431 173//173
f 1538//1538 466//466 728//728
f 2433//2433 1565//1565 1538//1538
f 1565//1565 1966//1966 1538//1538
f 2306//2306 2161//2161 1565//1565
f 2161//2161 1966//1966 1565//1565
f 2161//2161 1223//1223 1966//1966
f 1396//1396 1862//1862 2161//2161
f 1862//1862 1223//1223 2161//2161
f 1862//1862 2156//2156 1223//1223
f 709//709 1284//1284 1862//1862
f 1284//1284 1865//1865 1862//1862
f 1037//1037 2237//2237 1284//1284
f 2237//2237 1865//1865 1284//1284
f 2237//2237 1567//1567 1865//1865
f 1863//1863 429//429 2237//2237
f 585//585 429//429 1863//1863
f 585//585 2464//2464 429//429
f 1418//1418 2464//2464 585//585
f 1418//1418 34//34 2464//2464
f 2228//2228 989//989 1418//1418
f 989//989 220//220 1418//1418
f 2414//2414 220//220 989//989
f 2414//2414 473//473 220//220
f 1120//1120 1377//1377 2414//2414
f 1377//1377 1731//1731 2414//2414
f 1105//1105 2580//2580 1377//1377
f 2580//2580 371//371 1377//1377
f 371//371 1731//1731 1377//1377
f 371//371 1695//1695 1731//1731
f 1695//1695 1230//1230 1731//1731
f 2016//2016 494//494 1695//1695
f 1343//1343 494//494 2016//2016
f 1343//1343 782//782 494//494
f 803//803 1824//1824 1343//1343
f 1824//1824 782//782 1343//1343
f 1824//1824 1226//1226 782//782
f 1849//1849 1918//1918 1824//1824
f 1918//1918 2676//2676 1824//1824
f 986//986 2557//2557 1918//1918
f 451//451 2557//2557 986//986
f 451//451 1648//1648 2557//2557
f 408//408 1153//1153 451//451
f 9//9 625//625 408//408
f 1416//1416 625//625 9//9
f 1416//1416 1893//1893 625//625
f 1393//1393 2309//2309 1416//1416
f 2309//2309 2315//2315 1416//1416
f 548//548 309//309 2309//2309
f 309//309 595//595 2309//2309
f 595//595 2315//2315 2309//2309
f 595//595 2137//2137 2315//2315
f 928//928 2542//2542 595//595
f 2542//2542 2137//2137 595//595
f 2542//2542 833//833 2137//2137
f 2266//2266 2092//2092 2542//2542
f 2092//2092 833//833 2542//2542
f 2092//2092 196//196 833//833
f 196//196 14//14 833//833
f 555//555 1645//1645 805//805
f 215//215 2675//2675 555//555
f 2675//2675 142//142 555//555
f 2477//2477 142//142 2675//2675
f 2477//2477 2118//2118 142//142
f 1082//1082 2118//2118 2477//2477
f 1082//1082 1591//1591 2118//2118
f 895//895 1933//1933 1082//1082
f 1933//1933 1591//1591 1082//1082
f 1933//1933 2637//2637 1591//1591
f 35//35 2023//2023 1933//1933
f 2023//2023 2637//2637 1933//1933
f 2023//2023 1256//1256 2637//2637
f 1256//1256 1498//1498 2637//2637
f 1749//1749 1180//1180 1256//1256
f 1180//1180 965//965 1256//1256
f 965//965 1498//1498 1256//1256
f 965//965 380//380 1498//1498
f 1263//1263 1903//1903 965//965
f 1012//1012 1903//1903 1263//1263
f 1012//1012 1643//1643 1903//1903
f 190//190 2553//2553 1012//1012
f 1661//1661 2553//2553 190//190
f 1661//1661 2407//2407 2553//2553
f 1583//1583 2407//2407 1661//1661
f 1583//1583 855//855 2407//2407
f 855//855 1088//1088 2407//2407
f 2612//2612 159//159 2625//2625
f 1152//1152 867//867 159//159
f 867//867 1314//1314 159//159
f 1090//1090 1005//1005 867//867
f 1005//1005 210//210 867//867
f 1652//1652 210//210 1005//1005
f 1652//1652 2606//2606 210//210
f 1281//1281 2513//2513 1652//1652
f 2513//2513 1545//1545 1652//1652
f 2520//2520 2517//2517 2513//2513
f 2517//2517 1545//1545 2513//2513
f 2517//2517 1431//1431 1545//1545
f 1102//1102 682//682 2517//2517
f 682//682 1823//1823 2517//2517
f 2040//2040 1823//1823 682//682
f 2040//2040 517//517 1823//1823
f 450//450 517//517 2040//2040
f 450//450 2476//2476 517//517
f 2379//2379 2302//2302 450//450
f 2302//2302 731//731 450//450
f 2431//2431 731//731 2302//2302
f 2431//2431 512//512 731//731
f 555//555 142//142 2431//2431
f 142//142 512//512 2431//2431
f 142//142 2118//2118 512//512
f 2118//2118 105//105 512//512
f 1524//1524 313//313 196//196
f 1955//1955 1142//1142 1524//1524
f 1142//1142 1194//1194 1524//1524
f 2142//2142 1146//1146 1142//1142
f 933//933 1146//1146 2142//2142
f 933//933 1214//1214 1146//1146
f 1191//1191 238//238 933//933
f 238//238 1274//1274 933//933
f 1025//1025 1141//1141 238//238
f 1141//1141 1274//1274 238//238
f 1141//1141 1812//1812 1274//1274
f 1561//1561 1812//1812 1141//1141
f 1561//1561 1853//1853 1812//1812
f 600//600 853//853 1561//1561
f 853//853 416//416 1561//1561
f 1130//1130 956//956 853//853
f 956//956 416//416 853//853
f 956//956 1458//1458 416//416
f 130//130 2490//2490 956//956
f 318//318 2490//2490 130//130
f 318//318 1917//1917 2490//2490
f 1355//1355 1917//1917 318//318
f 1355//1355 792//792 1917//1917
f 2334//2334 755//755 1355//1355
f 1517//1517 1668//1668 2334//2334
f 1668//1668 2566//2566 2334//2334
f 749//749 2566//2566 1668//1668
f 749//749 1779//1779 2566//2566
f 2661//2661 2551//2551 749//749
f 2551//2551 2269//2269 749//749
f 2269//2269 2004//2004 749//749
f 1762//1762 251//251 2269//2269
f 251//251 1932//1932 2269//2269
f 1009//1009 1873//1873 251//251
f 700//700 422//422 1009//1009
f 422//422 1621//1621 1009//1009
f 623//623 638//638 422//422
f 638//638 449//449 422//422
f 449//449 2671//2671 422//422
f 1297//1297 2345//2345 449//449
f 1890//1890 298//298 1297//1297
f 298//298 1434//1434 1297//1297
f 1936//1936 2093//2093 298//298
f 2093//2093 1286//1286 298//298
f 1200//1200 843//843 2093//2093
f 843//843 255//255 2093//2093
f 482//482 353//353 843//843
f 1526//1526 353//353 482//482
f 1526//1526 1657//1657 353//353
f 2207//2207 659//659 1526//1526
f 1979//1979 1411//1411 2207//2207
f 878//878 580//580 1979//1979
f 580//580 229//229 1979//1979
f 446//446 229//229 580//580
f 446//446 979//979 229//229
f 173//173 431//431 446//446
f 431//431 1257//1257 446//446
f 728//728 466//466 431//431
f 466//466 1257//1257 431//431
f 466//466 769//769 1257//1257
f 1538//1538 1127//1127 466//466
f 1966//1966 1127//1127 1538//1538
f 1966//1966 768//768 1127//1127
f 1223//1223 768//768 1966//1966
f 1223//1223 72//72 768//768
f 2156//2156 72//72 1223//1223
f 2156//2156 1447//1447 72//72
f 1862//1862 1865//1865 2156//2156
f 1865//1865 1835//1835 2156//2156
f 1567//1567 1835//1835 1865//1865
f 1567//1567 411//411 1835//1835
f 2237//2237 998//998 1567//1567
f 429//429 998//998 2237//2237
f 429//429 327//327 998//998
f 2464//2464 925//925 429//429
f 34//34 2034//2034 2464//2464
f 1418//1418 220//220 34//34
f 220//220 473//473 34//34
f 473//473 1803//1803 34//34
f 2414//2414 1881//1881 473//473
f 1731//1731 1881//1881 2414//2414
f 1731//1731 2206//2206 1881//1881
f 1230//1230 2206//2206 1731//1731
f 1230//1230 167//167 2206//2206
f 1695//1695 494//494 1230//1230
f 494//494 1114//1114 1230//1230
f 782//782 1486//1486 494//494
f 1226//1226 1486//1486 782//782
f 1226//1226 2396//2396 1486//1486
f 1824//1824 2676//2676 1226//1226
f 2676//2676 746//746 1226//1226
f 1918//1918 2557//2557 2676//2676
f 2557//2557 746//746 2676//2676
f 2557//2557 1648//1648 746//746
f 1648//1648 2514//2514 746//746
f 451//451 2106//2106 1648//1648
f 1153//1153 2106//2106 451//451
f 1153//1153 850//850 2106//2106
f 408//408 625//625 1153//1153
f 625//625 850//850 1153//1153
f 625//625 1893//1893 850//850
f 1893//1893 1018//1018 850//850
f 1416//1416 2315//2315 1893//1893
f 2315//2315 1479//1479 1893//1893
f 2137//2137 1479//1479 2315//2315
f 2137//2137 833//833 1479//1479
f 833//833 14//14 1479//1479
f 14//14 1908//1908 1479//1479
f 196//196 313//313 14//14
f 313//313 1106//1106 14//14
f 1591//1591 105//105 2118//2118
f 1591//1591 1702//1702 105//105
f 2637//2637 567//567 1591//1591
f 1498//1498 567//567 2637//2637
f 1498//1498 2307//2307 567//567
f 380//380 2307//2307 1498//1498
f 380//380 1206//1206 2307//2307
f 965//965 49//49 380//380
f 1903//1903 49//49 965//965
f 1903//1903 1670//1670 49//49
f 1643//1643 1670//1670 1903//1903
f 1643//1643 560//560 1670//1670
f 1012//1012 2553//2553 1643//1643
f 2553//2553 560//560 1643//1643
f 2553//2553 1088//1088 560//560
f 1088//1088 2553//2553 2407//2407
f 867//867 210//210 1314//1314
f 210//210 181//181 1314//1314
f 2606//2606 181//181 210//210
f 2606//2606 1006//1006 181//181
f 1652//1652 1545//1545 2606//2606
f 1545//1545 1006//1006 2606//2606
f 1545//1545 1431//1431 1006//1006
f 1431//1431 864//864 1006//1006
f 2517//2517 1823//1823 1431//1431
f 1823//1823 740//740 1431//1431
f 517//517 740//740 1823//1823
f 517//517 1732//1732 740//740
f 2476//2476 1732//1732 517//517
f 2476//2476 276//276 1732//1732
f 450//450 814//814 2476//2476
f 731//731 1577//1577 450//450
f 512//512 105//105 731//731
f 105//105 963//963 731//731
f 1524//1524 1194//1194 313//313
f 1194//1194 1106//1106 313//313
f 1194//1194 819//819 1106//1106
f 1142//1142 1146//1146 1194//1194
f 1146//1146 1639//1639 1194//1194
f 1214//1214 1639//1639 1146//1146
f 1214//1214 2511//2511 1639//1639
f 933//933 1274//1274 1214//1214
f 1274//1274 622//622 1214//1214
f 1812//1812 2572//2572 1274//1274
f 1853//1853 2572//2572 1812//1812
f 1853//1853 2677//2677 2572//2572
f 1561//1561 724//724 1853//1853
f 416//416 724//724 1561//1561
f 416//416 1458//1458 724//724
f 1458//1458 485//485 724//724
f 956//956 2490//2490 1458//1458
f 2490//2490 2008//2008 1458//1458
f 1917//1917 2008//2008 2490//2490
f 1917//1917 792//792 2008//2008
f 792//792 54//54 2008//2008
f 1355//1355 755//755 792//792
f 755//755 54//54 792//792
f 755//755 407//407 54//54
f 2334//2334 2566//2566 755//755
f 2566//2566 407//407 755//755
f 2566//2566 1241//1241 407//407
f 1779//1779 413//413 2566//2566
f 749//749 2004//2004 1779//1779
f 2004//2004 877//877 1779//1779
f 2269//2269 1932//1932 2004//2004
f 1932//1932 2006//2006 2004//2004
f 251//251 1873//1873 1932//1932
f 1873//1873 2051//2051 1932//1932
f 1009//1009 1556//1556 1873//1873
f 1621//1621 1556//1556 1009//1009
f 1621//1621 2210//2210 1556//1556
f 422//422 2671//2671 1621//1621
f 2671//2671 2210//2210 1621//1621
f 2671//2671 2303//2303 2210//2210
f 449//449 2345//2345 2671//2671
f 2345//2345 2303//2303 2671//2671
f 2345//2345 1434//1434 2303//2303
f 1434//1434 2345//2345 1297//1297
f 298//298 2195//2195 1434//1434
f 1286//1286 2195//2195 298//298
f 1286//1286 1326//1326 2195//2195
f 2093//2093 255//255 1286//1286
f 255//255 1965//1965 1286//1286
f 843//843 1950//1950 255//255
f 353//353 1950//1950 843//843
f 353//353 1657//1657 1950//1950
f 1657//1657 53//53 1950//1950
f 1526//1526 659//659 1657//1657
f 659//659 409//409 1657//1657
f 2207//2207 1411//1411 659//659
f 1411//1411 409//409 659//659
f 1411//1411 2387//2387 409//409
f 1979//1979 2387//2387 1411//1411
f 1979//1979 2461//2461 2387//2387
f 229//229 2461//2461 1979//1979
f 229//229 2313//2313 2461//2461
f 979//979 2313//2313 229//229
f 979//979 275//275 2313//2313
f 446//446 1257//1257 979//979
f 1257//1257 275//275 979//979
f 1257//1257 358//358 275//275
f 769//769 1718//1718 1257//1257
f 466//466 1127//1127 769//769
f 1127//1127 768//768 769//769
f 768//768 813//813 769//769
f 72//72 140//140 768//768
f 1447//1447 140//140 72//72
f 1447//1447 1587//1587 140//140
f 2156//2156 1835//1835 1447//1447
f 1835//1835 1587//1587 1447//1447
f 1835//1835 1278//1278 1587//1587
f 411//411 1278//1278 1835//1835
f 411//411 1262//1262 1278//1278
f 1567//1567 998//998 411//411
f 998//998 327//327 411//411
f 327//327 773//773 411//411
f 429//429 925//925 327//327
f 925//925 295//295 327//327
f 2464//2464 2034//2034 925//925
f 2034//2034 295//295 925//925
f 2034//2034 426//426 295//295
f 34//34 1803//1803 2034//2034
f 1803//1803 426//426 2034//2034
f 1803//1803 1173//1173 426//426
f 473//473 2657//2657 1803//1803
f 1881//1881 2657//2657 473//473
f 1881//1881 2548//2548 2657//2657
f 2206//2206 2548//2548 1881//1881
f 2206//2206 683//683 2548//2548
f 167//167 683//683 2206//2206
f 167//167 1956//1956 683//683
f 1230//1230 1114//1114 167//167
f 1114//1114 1537//1537 167//167
f 494//494 1486//1486 1114//1114
f 1486//1486 2453//2453 1114//1114
f 2396//2396 1651//1651 1486//1486
f 1226//1226 746//746 2396//2396
f 746//746 2514//2514 2396//2396
f 2514//2514 1399//1399 2396//2396
f 1648//1648 2531//2531 2514//2514
f 2106//2106 2531//2531 1648//1648
f 2106//2106 1984//1984 2531//2531
f 850//850 1939//1939 2106//2106
f 1018//1018 1939//1939 850//850
f 1018//1018 1024//1024 1939//1939
f 1893//1893 1317//1317 1018//1018
f 1479//1479 1317//1317 1893//1893
f 1479//1479 1908//1908 1317//1317
f 1908//1908 30//30 1317//1317
f 14//14 1106//1106 1908//1908
f 1106//1106 644//644 1908//1908
f 1702//1702 1612//1612 105//105
f 1591//1591 567//567 1702//1702
f 567//567 2659//2659 1702//1702
f 2307//2307 2659//2659 567//567
f 2307//2307 1766//1766 2659//2659
f 1206//1206 1766//1766 2307//2307
f 1206//1206 340//340 1766//1766
f 380//380 2581//2581 1206//1206
f 49//49 2581//2581 380//380
f 49//49 1765//1765 2581//2581
f 1670//1670 1765//1765 49//49
f 1006//1006 864//864 181//181
f 1431//1431 740//740 864//864
f 740//740 2518//2518 864//864
f 1732//1732 2518//2518 740//740
f 1732//1732 2297//2297 2518//2518
f 276//276 2617//2617 1732//1732
f 2476//2476 814//814 276//276
f 814//814 1298//1298 276//276
f 450//450 1577//1577 814//814
f 1577//1577 963//963 814//814
f 963//963 1577//1577 731//731
f 105//105 1612//1612 963//963
f 1612//1612 1298//1298 963//963
f 819//819 644//644 1106//1106
f 819//819 757//757 644//644
f 1194//1194 1639//1639 819//819
f 1639//1639 757//757 819//819
f 1639//1639 2511//2511 757//757
f 2511//2511 311//311 757//757
f 1214//1214 622//622 2511//2511
f 622//622 316//316 2511//2511
f 1274//1274 2572//2572 622//622
f 2572//2572 375//375 622//622
f 2677//2677 375//375 2572//2572
f 2677//2677 1601//1601 375//375
f 1853//1853 2508//2508 2677//2677
f 724//724 485//485 1853//1853
f 485//485 2508//2508 1853//1853
f 485//485 772//772 2508//2508
f 1458//1458 664//664 485//485
f 2008//2008 664//664 1458//1458
f 2008//2008 547//547 664//664
f 54//54 547//547 2008//2008
f 54//54 1650//1650 547//547
f 407//407 506//506 54//54
f 1241//1241 98//98 407//407
f 2566//2566 413//413 1241//1241
f 413//413 1331//1331 1241//1241
f 1779//1779 877//877 413//413
f 877//877 1331//1331 413//413
f 877//877 138//138 1331//1331
f 2004//2004 2006//2006 877//877
f 2006//2006 1186//1186 877//877
f 1932//1932 2051//2051 2006//2006
f 2051//2051 2613//2613 2006//2006
f 1873//1873 809//809 2051//2051
f 1556//1556 809//809 1873//1873
f 1556//1556 128//128 809//809
f 2210//2210 128//128 1556//1556
f 2210//2210 873//873 128//128
f 2303//2303 1027//1027 2210//2210
f 1434//1434 2195//2195 2303//2303
f 2195//2195 1027//1027 2303//2303
f 2195//2195 2104//2104 1027//1027
f 1326//1326 2104//2104 2195//2195
f 1326//1326 1940//1940 2104//2104
f 1286//1286 1172//1172 1326//1326
f 1965//1965 1172//1172 1286//1286
f 1965//1965 787//787 1172//1172
f 255//255 45//45 1965//1965
f 1950//1950 45//45 255//255
f 1950//1950 53//53 45//45
f 53//53 759//759 45//45
f 1657//1657 743//743 53//53
f 409//409 743//743 1657//1657
f 409//409 2251//2251 743//743
f 2387//2387 2251//2251 409//409
f 2387//2387 1084//1084 2251//2251
f 2461//2461 2609//2609 2387//2387
f 2313//2313 2609//2609 2461//2461
f 2313//2313 1497//1497 2609//2609
f 275//275 1497//1497 2313//2313
f 1257//1257 1718//1718 358//358
f 1718//1718 851//851 358//358
f 769//769 813//813 1718//1718
f 813//813 1340//1340 1718//1718
f 768//768 140//140 813//813
f 140//140 1748//1748 813//813
f 1587//1587 2148//2148 140//140
f 1278//1278 2493//2493 1587//1587
f 1262//1262 1119//1119 1278//1278
f 411//411 773//773 1262//1262
f 773//773 1588//1588 1262//1262
f 327//327 1098//1098 773//773
f 295//295 1098//1098 327//327
f 295//295 39//39 1098//1098
f 426//426 39//39 295//295
f 426//426 1074//1074 39//39
f 1173//1173 1074//1074 426//426
f 1173//1173 1125//1125 1074//1074
f 1803//1803 2331//2331 1173//1173
f 2657//2657 2331//2331 1803//1803
f 2657//2657 2548//2548 2331//2331
f 2548//2548 1346//1346 2331//2331
f 683//683 1346//1346 2548//2548
f 683//683 1956//1956 1346//1346
f 1956//1956 1528//1528 1346//1346
f 167//167 2660//2660 1956//1956
f 1537//1537 2660//2660 167//167
f 1537//1537 2443//2443 2660//2660
f 1114//1114 2453//2453 1537//1537
f 2453//2453 2674//2674 1537//1537
f 1486//1486 1651//1651 2453//2453
f 1651//1651 2554//2554 2453//2453
f 2396//2396 1399//1399 1651//1651
f 1399//1399 2554//2554 1651//1651
f 1399//1399 1614//1614 2554//2554
f 2514//2514 2262//2262 1399//1399
f 2531//2531 921//921 2514//2514
f 1984//1984 921//921 2531//2531
f 1984//1984 1449//1449 921//921
f 2106//2106 1939//1939 1984//1984
f 1939//1939 1449//1449 1984//1984
f 1939//1939 1024//1024 1449//1449
f 1024//1024 849//849 1449//1449
f 1018//1018 30//30 1024//1024
f 30//30 1018//1018 1317//1317
f 1908//1908 644//644 30//30
f 644//644 2240//2240 30//30
f 1702//1702 1947//1947 1612//1612
f 2659//2659 1947//1947 1702//1702
f 2659//2659 881//881 1947//1947
f 1766//1766 881//881 2659//2659
f 1766//1766 658//658 881//881
f 340//340 658//658 1766//1766
f 1206//1206 2544//2544 340//340
f 2581//2581 2544//2544 1206//1206
f 2581//2581 1765//1765 2544//2544
f 1732//1732 2617//2617 2297//2297
f 2617//2617 1203//1203 2297//2297
f 276//276 1514//1514 2617//2617
f 1298//1298 1514//1514 276//276
f 1298//1298 1467//1467 1514//1514
f 814//814 963//963 1298//1298
f 1612//1612 1947//1947 1298//1298
f 1947//1947 1467//1467 1298//1298
f 1947//1947 881//881 1467//1467
f 881//881 2611//2611 1467//1467
f 757//757 2240//2240 644//644
f 757//757 1676//1676 2240//2240
f 311//311 1676//1676 757//757
f 311//311 1107//1107 1676//1676
f 2511//2511 316//316 311//311
f 316//316 900//900 311//311
f 622//622 375//375 316//316
f 375//375 900//900 316//316
f 375//375 1601//1601 900//900
f 1601//1601 257//257 900//900
f 2677//2677 2508//2508 1601//1601
f 2508//2508 909//909 1601//1601
f 772//772 909//909 2508//2508
f 772//772 1459//1459 909//909
f 485//485 664//664 772//772
f 664//664 547//547 772//772
f 547//547 949//949 772//772
f 1650//1650 2648//2648 547//547
f 54//54 506//506 1650//1650
f 506//506 2442//2442 1650//1650
f 407//407 98//98 506//506
f 98//98 2442//2442 506//506
f 98//98 981//981 2442//2442
f 1241//1241 1331//1331 98//98
f 1331//1331 634//634 98//98
f 138//138 634//634 1331//1331
f 138//138 1574//1574 634//634
f 877//877 1186//1186 138//138
f 1186//1186 208//208 138//138
f 2006//2006 2613//2613 1186//1186
f 2613//2613 798//798 1186//1186
f 2051//2051 2485//2485 2613//2613
f 809//809 2485//2485 2051//2051
f 809//809 128//128 2485//2485
f 128//128 1253//1253 2485//2485
f 873//873 415//415 128//128
f 2210//2210 1027//1027 873//873
f 1027//1027 415//415 873//873
f 1027//1027 1785//1785 415//415
f 2104//2104 1609//1609 1027//1027
f 1940//1940 267//267 2104//2104
f 1326//1326 1172//1172 1940//1940
f 1172//1172 1743//1743 1940//1940
f 787//787 153//153 1172//1172
f 1965//1965 45//45 787//787
f 45//45 119//119 787//787
f 759//759 119//119 45//45
f 759//759 777//777 119//119
f 53//53 777//777 759//759
f 53//53 743//743 777//777
f 743//743 1739//1739 777//777
f 2251//2251 1739//1739 743//743
f 2251//2251 1084//1084 1739//1739
f 1084//1084 101//101 1739//1739
f 2387//2387 2609//2609 1084//1084
f 2609//2609 1160//1160 1084//1084
f 1497//1497 1160//1160 2609//2609
f 1718//1718 1340//1340 851//851
f 813//813 1748//1748 1340//1340
f 140//140 2148//2148 1748//1748
f 1587//1587 2493//2493 2148//2148
f 1278//1278 1119//1119 2493//2493
f 1262//1262 1588//1588 1119//1119
f 773//773 2360//2360 1588//1588
f 1098//1098 2360//2360 773//773
f 1098//1098 1759//1759 2360//2360
f 39//39 1759//1759 1098//1098
f 39//39 1906//1906 1759//1759
f 1074//1074 1906//1906 39//39
f 1074//1074 498//498 1906//1906
f 1125//1125 498//498 1074//1074
f 1125//1125 388//388 498//498
f 1173//1173 1692//1692 1125//1125
f 2331//2331 1692//1692 1173//1173
f 2331//2331 1346//1346 1692//1692
f 1346//1346 1528//1528 1692//1692
f 1528//1528 856//856 1692//1692
f 1956//1956 1929//1929 1528//1528
f 2660//2660 2041//2041 1956//1956
f 2443//2443 2041//2041 2660//2660
f 2443//2443 584//584 2041//2041
f 1537//1537 2674//2674 2443//2443
f 2674//2674 1638//1638 2443//2443
f 2453//2453 2554//2554 2674//2674
f 2554//2554 1638//1638 2674//2674
f 2554//2554 1614//1614 1638//1638
f 1614//1614 249//249 1638//1638
f 1399//1399 2262//2262 1614//1614
f 2262//2262 2086//2086 1614//1614
f 2514//2514 357//357 2262//2262
f 921//921 357//357 2514//2514
f 921//921 655//655 357//357
f 1449//1449 655//655 921//921
f 1449//1449 37//37 655//655
f 849//849 37//37 1449//1449
f 849//849 2445//2445 37//37
f 1024//1024 2240//2240 849//849
f 2240//2240 1024//1024 30//30
f 658//658 756//756 881//881
f 2617//2617 1514//1514 1203//1203
f 1514//1514 1144//1144 1203//1203
f 1467//1467 2611//2611 1514//1514
f 2611//2611 1144//1144 1514//1514
f 2611//2611 756//756 1144//1144
f 1676//1676 2445//2445 2240//2240
f 1107//1107 1085//1085 1676//1676
f 311//311 900//900 1107//1107
f 900//900 257//257 1107//1107
f 257//257 481//481 1107//1107
f 1601//1601 2538//2538 257//257
f 909//909 2538//2538 1601//1601
f 909//909 2577//2577 2538//2538
f 1459//1459 2577//2577 909//909
f 1459//1459 336//336 2577//2577
f 772//772 949//949 1459//1459
f 949//949 1716//1716 1459//1459
f 547//547 2648//2648 949//949
f 2648//2648 1716//1716 949//949
f 2648//2648 915//915 1716//1716
f 1650//1650 2442//2442 2648//2648
f 2442//2442 915//915 2648//2648
f 2442//2442 674//674 915//915
f 981//981 674//674 2442//2442
f 981//981 524//524 674//674
f 98//98 634//634 981//981
f 634//634 78//78 981//981
f 1574//1574 78//78 634//634
f 1574//1574 116//116 78//78
f 138//138 208//208 1574//1574
f 208//208 116//116 1574//1574
f 208//208 798//798 116//116
f 798//798 208//208 1186//1186
f 2613//2613 1850//1850 798//798
f 2485//2485 1850//1850 2613//2613
f 2485//2485 1253//1253 1850//1850
f 1253//1253 1696//1696 1850//1850
f 128//128 415//415 1253//1253
f 415//415 1086//1086 1253//1253
f 1785//1785 1086//1086 415//415
f 1785//1785 121//121 1086//1086
f 1027//1027 1609//1609 1785//1785
f 1609//1609 1283//1283 1785//1785
f 2104//2104 1283//1283 1609//1609
f 2104//2104 267//267 1283//1283
f 267//267 2175//2175 1283//1283
f 1940//1940 1743//1743 267//267
f 1743//1743 1777//1777 267//267
f 1172//1172 153//153 1743//1743
f 153//153 1466//1466 1743//1743
f 787//787 2147//2147 153//153
f 119//119 2147//2147 787//787
f 119//119 815//815 2147//2147
f 777//777 554//554 119//119
f 1739//1739 448//448 777//777
f 101//101 448//448 1739//1739
f 1084//1084 1160//1160 101//101
f 1125//1125 2114//2114 388//388
f 1692//1692 856//856 1125//1125
f 856//856 1553//1553 1125//1125
f 1528//1528 653//653 856//856
f 1929//1929 653//653 1528//1528
f 1929//1929 1129//1129 653//653
f 1956//1956 2041//2041 1929//1929
f 2041//2041 360//360 1929//1929
f 584//584 1998//1998 2041//2041
f 2443//2443 2235//2235 584//584
f 1638//1638 2235//2235 2443//2443
f 1638//1638 249//249 2235//2235
f 249//249 2281//2281 2235//2235
f 1614//1614 2086//2086 249//249
f 2086//2086 1415//1415 249//249
f 2262//2262 357//357 2086//2086
f 357//357 662//662 2086//2086
f 655//655 662//662 357//357
f 655//655 19//19 662//662
f 37//37 19//19 655//655
f 37//37 2650//2650 19//19
f 2445//2445 2650//2650 37//37
f 2445//2445 1676//1676 2650//2650
f 1676//1676 1085//1085 2650//2650
f 1085//1085 2133//2133 2650//2650
f 849//849 2240//2240 2445//2445
f 756//756 2611//2611 881//881
f 1107//1107 481//481 1085//1085
f 481//481 165//165 1085//1085
f 257//257 235//235 481//481
f 2538//2538 235//235 257//257
f 2538//2538 304//304 235//235
f 2577//2577 304//304 2538//2538
f 2577//2577 1901//1901 304//304
f 336//336 1901//1901 2577//2577
f 336//336 1589//1589 1901//1901
f 1459//1459 1716//1716 336//336
f 1716//1716 915//915 336//336
f 915//915 1589//1589 336//336
f 915//915 1596//1596 1589//1589
f 674//674 80//80 915//915
f 524//524 256//256 674//674
f 981//981 78//78 524//524
f 78//78 1151//1151 524//524
f 116//116 2073//2073 78//78
f 798//798 1972//1972 116//116
f 1850//1850 1972//1972 798//798
f 1850//1850 1696//1696 1972//1972
f 1696//1696 2032//2032 1972//1972
f 1253//1253 1086//1086 1696//1696
f 1086//1086 2239//2239 1696//1696
f 121//121 2239//2239 1086//1086
f 121//121 829//829 2239//2239
f 1785//1785 1283//1283 121//121
f 1283//1283 2175//2175 121//121
f 2175//2175 26//26 121//121
f 267//267 2014//2014 2175//2175
f 1777//1777 2014//2014 267//267
f 1777//1777 2374//2374 2014//2014
f 1743//1743 1466//1466 1777//1777
f 1466//1466 2374//2374 1777//1777
f 1466//1466 1197//1197 2374//2374
f 153//153 1197//1197 1466//1466
f 153//153 2147//2147 1197//1197
f 119//119 554//554 815//815
f 777//777 448//448 554//554
f 1125//1125 1553//1553 2114//2114
f 1553//1553 2512//2512 2114//2114
f 856//856 653//653 1553//1553
f 653//653 1632//1632 1553//1553
f 1129//1129 1632//1632 653//653
f 1129//1129 478//478 1632//1632
f 1929//1929 360//360 1129//1129
f 360//360 1585//1585 1129//1129
f 2041//2041 1998//1998 360//360
f 1998//1998 1585//1585 360//360
f 1998//1998 1392//1392 1585//1585
f 584//584 1758//1758 1998//1998
f 2235//2235 712//712 584//584
f 2281//2281 1509//1509 2235//2235
f 249//249 1415//1415 2281//2281
f 1415//1415 2652//2652 2281//2281
f 2086//2086 662//662 1415//1415
f 662//662 191//191 1415//1415
f 19//19 191//191 662//662
f 19//19 681//681 191//191
f 2650//2650 2133//2133 19//19
f 2133//2133 681//681 19//19
f 2133//2133 2253//2253 681//681
f 1085//1085 2253//2253 2133//2133
f 1085//1085 165//165 2253//2253
f 165//165 1345//1345 2253//2253
f 481//481 235//235 165//165
f 235//235 331//331 165//165
f 304//304 331//331 235//235
f 304//304 1675//1675 331//331
f 1901//1901 1675//1675 304//304
f 1901//1901 1805//1805 1675//1675
f 1589//1589 1805//1805 1901//1901
f 1589//1589 1596//1596 1805//1805
f 1596//1596 717//717 1805//1805
f 915//915 80//80 1596//1596
f 80//80 717//717 1596//1596
f 80//80 5//5 717//717
f 674//674 256//256 80//80
f 256//256 5//5 80//80
f 256//256 274//274 5//5
f 524//524 1151//1151 256//256
f 1151//1151 274//274 256//256
f 1151//1151 1752//1752 274//274
f 78//78 2073//2073 1151//1151
f 2073//2073 1752//1752 1151//1151
f 2073//2073 1201//1201 1752//1752
f 116//116 1407//1407 2073//2073
f 1972//1972 686//686 116//116
f 2032//2032 686//686 1972//1972
f 2032//2032 2373//2373 686//686
f 1696//1696 2239//2239 2032//2032
f 2239//2239 2037//2037 2032//2032
f 829//829 2037//2037 2239//2239
f 829//829 1227//1227 2037//2037
f 121//121 26//26 829//829
f 26//26 1227//1227 829//829
f 26//26 303//303 1227//1227
f 2175//2175 660//660 26//26
f 2014//2014 660//660 2175//2175
f 1553//1553 1632//1632 2512//2512
f 1632//1632 478//478 2512//2512
f 1129//1129 1585//1585 478//478
f 1585//1585 1247//1247 478//478
f 1392//1392 1247//1247 1585//1585
f 1392//1392 545//545 1247//1247
f 1998//1998 1758//1758 1392//1392
f 1758//1758 639//639 1392//1392
f 584//584 712//712 1758//1758
f 712//712 605//605 1758//1758
f 2235//2235 1509//1509 712//712
f 1509//1509 605//605 712//712
f 1509//1509 1344//1344 605//605
f 2281//2281 1344//1344 1509//1509
f 2281//2281 2652//2652 1344//1344
f 2652//2652 608//608 1344//1344
f 1415//1415 1727//1727 2652//2652
f 191//191 1727//1727 1415//1415
f 191//191 811//811 1727//1727
f 681//681 302//302 191//191
f 2253//2253 302//302 681//681
f 2253//2253 1345//1345 302//302
f 1345//1345 2211//2211 302//302
f 165//165 331//331 1345//1345
f 331//331 648//648 1345//1345
f 1675//1675 46//46 331//331
f 1805//1805 2326//2326 1675//1675
f 717//717 2065//2065 1805//1805
f 5//5 2085//2085 717//717
f 274//274 33//33 5//5
f 1752//1752 1860//1860 274//274
f 1201//1201 908//908 1752//1752
f 2073//2073 1407//1407 1201//1201
f 1407//1407 158//158 1201//1201
f 116//116 686//686 1407//1407
f 686//686 158//158 1407//1407
f 686//686 212//212 158//158
f 2373//2373 212//212 686//686
f 2373//2373 1833//1833 212//212
f 2032//2032 2037//2037 2373//2373
f 2037//2037 1833//1833 2373//2373
f 2037//2037 1070//1070 1833//1833
f 1227//1227 1070//1070 2037//2037
f 1227//1227 882//882 1070//1070
f 303//303 882//882 1227//1227
f 26//26 660//660 303//303
f 545//545 1437//1437 1247//1247
f 545//545 308//308 1437//1437
f 1392//1392 639//639 545//545
f 639//639 976//976 545//545
f 1758//1758 605//605 639//639
f 605//605 976//976 639//639
f 605//605 277//277 976//976
f 1344//1344 277//277 605//605
f 1344//1344 608//608 277//277
f 608//608 2019//2019 277//277
f 2652//2652 1727//1727 608//608
f 1727//1727 765//765 608//608
f 811//811 765//765 1727//1727
f 811//811 652//652 765//765
f 191//191 302//302 811//811
f 302//302 2211//2211 811//811
f 2211//2211 652//652 811//811
f 2211//2211 1550//1550 652//652
f 1345//1345 648//648 2211//2211
f 648//648 1550//1550 2211//2211
f 648//648 44//44 1550//1550
f 331//331 46//46 648//648
f 46//46 44//44 648//648
f 46//46 2326//2326 44//44
f 2326//2326 46//46 1675//1675
f 1805//1805 2065//2065 2326//2326
f 2065//2065 2191//2191 2326//2326
f 717//717 2085//2085 2065//2065
f 2085//2085 2191//2191 2065//2065
f 2085//2085 1693//1693 2191//2191
f 5//5 33//33 2085//2085
f 33//33 1402//1402 2085//2085
f 274//274 1845//1845 33//33
f 1860//1860 1845//1845 274//274
f 1860//1860 2440//2440 1845//1845
f 1752//1752 908//908 1860//1860
f 908//908 2440//2440 1860//1860
f 908//908 182//182 2440//2440
f 1201//1201 1145//1145 908//908
f 158//158 1145//1145 1201//1201
f 158//158 212//212 1145//1145
f 212//212 2001//2001 1145//1145
f 1833//1833 2001//2001 212//212
f 1833//1833 1991//1991 2001//2001
f 1070//1070 440//440 1833//1833
f 882//882 440//440 1070//1070
f 545//545 1869//1869 308//308
f 976//976 1869//1869 545//545
f 976//976 1414//1414 1869//1869
f 277//277 174//174 976//976
f 2019//2019 174//174 277//277
f 2019//2019 903//903 174//174
f 608//608 765//765 2019//2019
f 765//765 1347//1347 2019//2019
f 652//652 1347//1347 765//765
f 652//652 2089//2089 1347//1347
f 1550//1550 2089//2089 652//652
f 1550//1550 1811//1811 2089//2089
f 44//44 920//920 1550//1550
f 2326//2326 2176//2176 44//44
f 2191//2191 2176//2176 2326//2326
f 2191//2191 1046//1046 2176//2176
f 1693//1693 1046//1046 2191//2191
f 1693//1693 1276//1276 1046//1046
f 2085//2085 1402//1402 1693//1693
f 1402//1402 2391//2391 1693//1693
f 33//33 490//490 1402//1402
f 1845//1845 490//490 33//33
f 1845//1845 1619//1619 490//490
f 2440//2440 237//237 1845//1845
f 182//182 2555//2555 2440//2440
f 908//908 1145//1145 182//182
f 1145//1145 2001//2001 182//182
f 2001//2001 1991//1991 182//182
f 1991//1991 616//616 182//182
f 1833//1833 2312//2312 1991//1991
f 440//440 2312//2312 1833//1833
f 440//440 139//139 2312//2312
f 1869//1869 226//226 308//308
f 1869//1869 484//484 226//226
f 1414//1414 484//484 1869//1869
f 1414//1414 1239//1239 484//484
f 976//976 174//174 1414//1414
f 174//174 903//903 1414//1414
f 903//903 1239//1239 1414//1414
f 903//903 1689//1689 1239//1239
f 2019//2019 1347//1347 903//903
f 1347//1347 1689//1689 903//903
f 1347//1347 2089//2089 1689//1689
f 2089//2089 2226//2226 1689//1689
f 1811//1811 2226//2226 2089//2089
f 1811//1811 2002//2002 2226//2226
f 1550//1550 920//920 1811//1811
f 920//920 2002//2002 1811//1811
f 920//920 2064//2064 2002//2002
f 44//44 2176//2176 920//920
f 2176//2176 2064//2064 920//920
f 2176//2176 1046//1046 2064//2064
f 1046//1046 1276//1276 2064//2064
f 1276//1276 389//389 2064//2064
f 1693//1693 2391//2391 1276//1276
f 2391//2391 2077//2077 1276//1276
f 1402//1402 2437//2437 2391//2391
f 490//490 2437//2437 1402//1402
f 490//490 1619//1619 2437//2437
f 1619//1619 2546//2546 2437//2437
f 1845//1845 237//237 1619//1619
f 237//237 1032//1032 1619//1619
f 2440//2440 2555//2555 237//237
f 2555//2555 1032//1032 237//237
f 2555//2555 1983//1983 1032//1032
f 182//182 616//616 2555//2555
f 616//616 1983//1983 2555//2555
f 616//616 1370//1370 1983//1983
f 1991//1991 1859//1859 616//616
f 2312//2312 1859//1859 1991//1991
f 2312//2312 139//139 1859//1859
f 1239//1239 1635//1635 484//484
f 1689//1689 425//425 1239//1239
f 2226//2226 737//737 1689//1689
f 2002//2002 737//737 2226//2226
f 2002//2002 389//389 737//737
f 389//389 2002//2002 2064//2064
f 1276//1276 2048//2048 389//389
f 2077//2077 2048//2048 1276//1276
f 2077//2077 1773//1773 2048//2048
f 2391//2391 2437//2437 2077//2077
f 2437//2437 2546//2546 2077//2077
f 2546//2546 2567//2567 2077//2077
f 1619//1619 2393//2393 2546//2546
f 1032//1032 2393//2393 1619//1619
f 1032//1032 2264//2264 2393//2393
f 1983//1983 2264//2264 1032//1032
f 616//616 1859//1859 1370//1370
f 1239//1239 425//425 1635//1635
f 425//425 405//405 1635//1635
f 1689//1689 737//737 425//425
f 737//737 324//324 425//425
f 389//389 324//324 737//737
f 389//389 1112//1112 324//324
f 2048//2048 1112//1112 389//389
f 2048//2048 1773//1773 1112//1112
f 1773//1773 621//621 1112//1112
f 2077//2077 2567//2567 1773//1773
f 2567//2567 1558//1558 1773//1773
f 2546//2546 2057//2057 2567//2567
f 2393//2393 2057//2057 2546//2546
f 2393//2393 2264//2264 2057//2057
f 1635//1635 405//405 1769//1769
f 405//405 1842//1842 1769//1769
f 405//405 324//324 1842//1842
f 324//324 405//405 425//425
f 1112//1112 1842//1842 324//324
f 1112//1112 621//621 1842//1842
f 1773//1773 1558//1558 621//621
f 2567//2567 1753//1753 1558//1558
f 2057//2057 1753//1753 2567//2567
# 5261 faces, 0 coords texture

# End of File
